filename,women-related target,harm_type,harm_category,rationale
img00001.jpg,female shoppers,Implicit-Harm,Sexual-Harassment,"The meme implies that female shoppers take longer to shop at Gap compared to males, suggesting a stereotype about their shopping habits."
img00002.png,influencer,Non-Harmful,NULL,The image includes an influencer but does not target them for abuse or harassment.
img00003.jpg,Earth,Non-Harmful,NULL,The image discusses debunking the globe theory without targeting women.
img00004.jpg,woman,Non-Harmful,NULL,"The meme uses a grandparent praising a man's attractiveness as a humorous context, which is not harmful to women."
img00005.png,mother,Non-Harmful,NULL,"The image depicts a gorilla with a humorous expression, unrelated to any specific harm towards women."
img00006.jpg,women,Non-Harmful,NULL,"The image shows three women smiling and appears to be part of a meme context, but there is no explicit or implicit harm towards women."
img00007.jpg,woman in red dress,Non-Harmful,NULL,The image depicts a humorous misunderstanding without targeting women for abuse or degradation.
img00008.jpg,woman's appearance,Non-Harmful,NULL,"The image uses a humorous but non-harmful depiction of a large dinosaur on a truck, which is not directed at women."
img00009.jpg,female relationship,Non-Harmful,NULL,The image humorously depicts different stages of relationships without targeting women for abuse or degradation.
img00010.png,woman's appearance,Non-Harmful,NULL,The image depicts a humorous scenario without targeting women for abuse or harassment.
img00011.jpg,woman with gun,Non-Harmful,NULL,"The image depicts a scene from a cartoon where a woman is holding a gun, which is part of the narrative context but does not target women for abuse or harassment."
img00012.jpg,woman's appearance,Implicit-Harm,Misogyny,The meme uses a harmful stereotype about a woman's age and appearance to criticize her.
img00013.jpg,girls,Non-Harmful,NULL,The meme uses gender stereotypes but does not explicitly harm or degrade women.
img00014.jpg,woman,Non-Harmful,NULL,"The image depicts a group of men, but there is no specific targeting of women for harm."
img00015.jpg,man,Non-Harmful,NULL,"The image humorously depicts a man's dilemma without a girlfriend, but it does not target women for abuse or harassment."
img00016.jpg,woman,Non-Harmful,NULL,The meme uses SpongeBob to discuss a niche gaming community without targeting women for abuse.
img00017.jpg,woman,Non-Harmful,NULL,The meme uses a neutral observation about clothing to make a humorous comparison between two individuals.
img00018.png,woman sitting on bench,Non-Harmful,NULL,"The comic uses a common scenario to humorously reveal the man's girlfriend, but it does not target women for abuse or harassment."
img00019.jpg,woman,Non-Harmful,NULL,The meme uses a humorous context to discuss legal age of consent without targeting women for abuse or harassment.
img00020.jpg,woman's appearance,Non-Harmful,NULL,"The image shows a woman in a professional setting, but there is no indication of harm or negative portrayal."
img00021.png,woman standing among football players,Non-Harmful,NULL,The image uses a humorous juxtaposition without targeting women for abuse or degradation.
img00022.jpg,woman,Non-Harmful,NULL,"The image shows a man hugging a puppet, which is a playful interaction and not harmful to women."
img00023.jpg,woman's anger,Implicit-Harm,Sexual-Harassment,"The meme uses a derogatory comparison to describe women's anger as unpredictable and unfixable, which is a form of sexual harassment."
img00024.jpg,woman,Non-Harmful,NULL,"The image compares men's reactions to women based on age and height, which is a neutral observation."
img00025.jpg,Neanderthal woman reconstruction,Non-Harmful,NULL,The image compares a Neanderthal woman to a modern woman without implying any negative stereotypes.
img00026.jpg,woman,Non-Harmful,NULL,The image shows age differences between couples but does not imply any form of harm towards the women.
img00027.jpg,woman,Non-Harmful,NULL,The image is a meme referencing a historical context but does not target women for abuse or harassment.
img00028.png,woman,Implicit-Harm,Sexual-Harassment,The meme implies a negative stereotype about women's dating preferences.
img00029.png,woman character,Non-Harmful,NULL,"The image depicts a scene from an animated movie where characters are engaging in playful antics, but there is no explicit or implicit harm towards women."
img00030.jpg,Bo-Katan,Non-Harmful,NULL,The meme does not target Bo-Katan for abuse or harassment.
img00031.jpg,woman cooking,Implicit-Harm,Sexual-Harassment,"The meme implies that women who can cook are exceptional, suggesting that cooking is a rare skill among women."
img00032.png,wife,Explicit-Harm,Sexual-Harassment,"The meme suggests that getting married leads to unwanted physical changes, which is a form of sexual harassment."
img00033.jpg,woman passenger,Implicit-Harm,Misogyny,"The meme suggests that women are responsible for car accidents, promoting a harmful stereotype."
img00034.jpg,coffee cup,Non-Harmful,NULL,"The image shows a coffee cup with latte art, which is a common and non-harmful activity."
img00035.jpg,woman in swimsuit,Implicit-Harm,Sexual-Harassment,"The meme implies a sexualized interaction between the characters, which can be seen as objectifying the woman."
img00036.jpg,man wearing bandana,Non-Harmful,NULL,The image does not depict any harmful content towards women.
img00037.jpg,woman,Non-Harmful,NULL,The image celebrates women's contributions to science without any negative connotations.
img00038.png,woman receiving gifts,Non-Harmful,NULL,The image depicts a humorous scenario without any explicit or implicit harm towards women.
img00039.jpg,woman being called fat,Explicit-Harm,Appearance-Attack,"The comment uses a derogatory term 'fat bitch' to insult the woman, targeting her physical appearance."
img00040.jpg,woman's appearance,Non-Harmful,NULL,The image depicts a romantic gesture without targeting women for abuse or harassment.
img00041.png,man wearing dragon head,Non-Harmful,NULL,"The image depicts a man with a dragon head, which is a creative and humorous transformation but does not target women for abuse or harassment."
img00042.jpg,woman,Non-Harmful,NULL,The meme discusses banning TikTok but does not target women for abuse or harassment.
img00043.png,woman playing with pet goat,Non-Harmful,NULL,The meme uses a humorous scenario to depict police overreaction without targeting women for abuse or harassment.
img00044.jpg,woman,Non-Harmful,NULL,The image uses a humorous context to discuss a health issue among friends without targeting women for abuse or degradation.
img00045.jpg,woman,Explicit-Harm,Sexual-Harassment,"The meme suggests a desire for a woman with a low body count, which is a form of sexual harassment."
img00046.jpg,woman,Explicit-Harm,Sexual-Harassment,The meme includes a suggestive and inappropriate comment about a woman's ability to do men's jobs.
img00047.png,woman,Non-Harmful,NULL,The image discusses a cultural issue unrelated to women.
img00048.jpg,woman,Explicit-Harm,Sexual-Harassment,The post contains derogatory language and stereotypes about women's worth based on physical attractiveness.
img00049.png,OnlyFans girls,Non-Harmful,NULL,The meme uses a general term 'OnlyFans girls' without targeting any specific individual or group.
img00050.jpg,woman's appearance,Explicit-Harm,Appearance-Attack,"The meme suggests that men should learn about makeup to judge women's attractiveness, which implies that women's appearances are a means to an end."
img00051.jpg,woman in the background,Explicit-Harm,Sexual-Harassment,"The meme uses derogatory language to describe the woman as 'chick', which is a form of sexual harassment."
img00052.jpg,woman,Non-Harmful,NULL,The meme does not directly target women for abuse or harassment.
img00053.jpg,man's face,Non-Harmful,NULL,The image uses a humorous comparison to depict a common experience without targeting women.
img00054.jpg,woman,Implicit-Harm,Sexual-Harassment,"The meme uses a derogatory term 'FISHERmen' to exclude women from fishing, promoting gender-based discrimination."
img00055.jpg,woman's appearance,Non-Harmful,NULL,The meme uses a 'Bad Luck Brian' character to humorously depict a common scenario without targeting women for abuse or harassment.
img00056.png,woman's appearance,Non-Harmful,NULL,"The image compares two versions of a character, but there is no explicit or implicit harm towards women."
img00057.jpg,woman's appearance,Non-Harmful,NULL,The image depicts a humorous scenario but does not target women for abuse or harassment.
img00058.png,woman's dress,Implicit-Harm,Appearance-Attack,"The meme uses a woman's dress as a basis for a humorous comparison, which can be seen as an attack on her appearance."
img00059.jpg,woman,Explicit-Harm,Sexual-Harassment,"The meme uses derogatory language and objectifies the woman by focusing on her thighs and comparing her to a dog, which is a form of sexual harassment."
img00060.jpg,female officer,Explicit-Harm,Violence,"The image depicts a violent act against a female officer, which directly harms her."
img00061.jpg,woman in pink robe,Explicit-Harm,Violence,A man is threatening the woman with a gun while she is in the bathroom.
img00062.jpg,mother,Non-Harmful,NULL,"The image shows a mother multitasking in a kitchen, which is a common and respectful depiction of maternal responsibility."
img00063.jpg,woman's appearance,Non-Harmful,NULL,The image does not depict any women or gender-related harm.
img00064.jpg,woman in trunk,Implicit-Harm,Sexual-Harassment,"The meme uses a provocative scenario to question the loyalty of a wife versus a dog, which could be seen as degrading towards women."
img00065.jpg,woman student,Non-Harmful,NULL,The comic depicts a conversation between two students without any explicit or implicit harm towards the woman.
img00066.png,woman,Non-Harmful,NULL,"The image is a humorous take on ancient Greek philosophy, not targeting women for abuse or harassment."
img00067.png,woman in Human Resources,Non-Harmful,NULL,The interaction between the characters is humorous but does not target women for abuse or harassment.
img00068.jpg,woman's appearance,Non-Harmful,NULL,"The image depicts a meme featuring a character with exaggerated features, but there is no explicit or implicit harm towards women."
img00069.png,woman named Makeup Tutorials,Non-Harmful,NULL,"The meme uses a name to make a joke about a sister, which is a neutral observation without targeting women for abuse or harassment."
img00070.png,woman in the audience,Non-Harmful,NULL,The meme does not target women for abuse or harassment.
img00071.png,woman's appearance,Non-Harmful,NULL,The image uses a neutral context to discuss personal preferences without targeting women for abuse or harassment.
img00072.jpg,woman's appearance,Non-Harmful,NULL,The image uses a violent video game theme but does not target women for abuse or harassment.
img00073.jpg,woman passenger,Non-Harmful,NULL,The meme uses a humorous exchange about wealth and relationships without targeting women for abuse or degradation.
img00074.jpg,woman,Implicit-Harm,Sexual-Harassment,"The meme suggests that mistreating women can make someone attractive to women, which is a form of sexual harassment."
img00075.jpg,woman's appearance,Explicit-Harm,Sexual-Harassment,The image uses a provocative and degrading question about a woman's anatomy to make a humorous but offensive statement.
img00076.png,The Owner's Wife,Non-Harmful,NULL,"The meme describes her as critical of dress codes but wearing capris against them, which is a humorous observation rather than an attack."
img00077.jpg,woman,Explicit-Harm,Sexual-Harassment,"The meme depicts a man planning to teach a woman to talk, which implies a harmful assumption about her ability and value."
img00078.jpg,woman,Non-Harmful,NULL,"The meme uses 'Girlisten' as a term to mock or trivialize women's contributions, which is a form of gender-based humor."
img00079.png,Black Widow,Non-Harmful,NULL,The meme uses a comparison between two scenarios involving Black Widow but does not target her for abuse or harassment.
img00080.jpg,woman,Non-Harmful,NULL,"The image depicts an abandoned car covered in vegetation, which is unrelated to any harm towards women."
img00081.png,woman's appearance,Non-Harmful,NULL,"The image depicts a character with an angry expression, but there is no explicit or implicit harm towards women."
img00082.png,fat girls,Implicit-Harm,Misogyny,"The meme uses a derogatory term to describe women, promoting negative stereotypes."
img00083.jpg,woman,Non-Harmful,NULL,The meme does not target women for abuse or harassment.
img00084.jpg,Mother's Day meal,Non-Harmful,NULL,"The image compares a fancy Mother's Day meal to a simple Father's Day meal, which is a neutral comparison."
img00085.jpg,women shoppers,Non-Harmful,NULL,The meme depicts a humorous interaction between two women in a grocery store without any explicit or implicit harm towards them.
img00086.jpg,shirtless men,Non-Harmful,NULL,"The image depicts shirtless men, but there is no indication of harm towards them."
img00087.jpg,woman driver,Explicit-Harm,Sexual-Harassment,The meme includes a sexual harassment comment directed at the woman driver.
img00088.jpg,woman in bed,Explicit-Harm,Sexual-Harassment,"The image depicts a man aggressively penetrating a woman in bed, which is a form of sexual assault."
img00089.png,history teacher,Non-Harmful,NULL,The image does not target women for abuse or harassment.
img00090.png,woman,Non-Harmful,NULL,The meme does not target women for abuse or harassment.
img00091.png,woman's appearance,Non-Harmful,NULL,"The image showcases different shirt cuts on a character, focusing on the character's body rather than portraying any harmful or degrading content."
img00092.jpg,chicken,Non-Harmful,NULL,"The image shows a chicken, which is not related to women or gender."
img00093.jpg,Harrison Ford,Non-Harmful,NULL,The image does not target women for abuse or harassment.
img00094.png,woman,Non-Harmful,NULL,"The image depicts a humorous scenario involving primitive humans, but there is no explicit or implicit harm towards women."
img00095.jpg,police officer,Non-Harmful,NULL,"The meme compares a police officer to a high-tech scientific product, which is not harmful."
img00096.jpg,woman in wedding dress,Explicit-Harm,Sexual-Harassment,"The meme uses derogatory language to degrade the woman's role as a bride, suggesting she should do menial tasks instead."
img00097.jpg,woman holding baby,Non-Harmful,NULL,The image humorously highlights a common parental reaction without targeting women for abuse or harassment.
img00098.jpg,grandmas,Implicit-Harm,Misogyny,The meme uses outdated stereotypes to mock grandmothers as if they are young and fashionable.
img00099.jpg,woman,Non-Harmful,NULL,"The image uses a humorous scenario involving a woman driving at high speed, but it does not target her for abuse or harassment."
img00100.jpg,nose piercing,Implicit-Harm,Appearance-Attack,"The meme criticizes nose piercings as unattractive, targeting women's physical appearance."
img00101.jpg,blind person,Non-Harmful,NULL,"The meme uses a scenario involving blindness to humorously critique drive-through service, but it does not target women for abuse or harassment."
img00102.jpg,woman's appearance,Implicit-Harm,Misogyny,The meme uses exaggerated and unrealistic depictions of women's appearances across decades to humorously critique changing beauty standards.
img00103.jpg,woman,Non-Harmful,NULL,The meme uses a humorous scenario without targeting women for abuse or degradation.
img00104.jpg,woman's appearance,Implicit-Harm,Sexual-Harassment,"The meme implies that a woman's attractiveness is contingent on her husband's behavior, which is a form of sexual harassment."
img00105.jpg,woman transitioning to men,Non-Harmful,NULL,The meme does not target women for abuse or harassment but rather makes a general observation about gender transition.
img00106.jpg,woman realtor,Non-Harmful,NULL,"The image is a collection of items related to a realtor's career, including an award and a 'Just Listed' sign, without any harmful content."
img00107.png,woman,Non-Harmful,NULL,The image uses historical figures to make a political statement without targeting women.
img00108.jpg,man,Non-Harmful,NULL,"The image is a meme expressing shame about asking a question, which is a personal sentiment and not directed at women."
img00109.jpg,woman weightlifter,Explicit-Harm,Sexual-Harassment,The comment suggests a sexualized and objectifying view of the woman's physical capabilities.
img00110.jpg,wife,Non-Harmful,NULL,"The meme uses a cat to humorously depict a reaction to a school report card, which is not directed at women."
img00111.png,woman in the 'Barbie' movie poster,Non-Harmful,NULL,"The image is a meme comparing reactions to 'Oppenheimer' and '9/11' memes, which does not target women for abuse or harassment."
img00112.jpg,woman's appearance,Non-Harmful,NULL,The meme uses exaggerated visuals to humorously contrast the reactions to different follower counts on Instagram.
img00113.jpg,woman,Explicit-Harm,Sexual-Harassment,"The meme uses a derogatory term 'DICK' to refer to a man's shoulder, which is a form of sexual harassment."
img00114.png,woman,Non-Harmful,NULL,The meme does not target women for abuse or harassment.
img00115.jpg,woman standing behind man,Non-Harmful,NULL,"The image depicts a common scenario where a woman is standing behind a man, which is a neutral depiction without any harmful connotations."
img00116.jpg,women drivers,Non-Harmful,NULL,"The image is a meme asking women to notice parking barriers, which is a neutral observation."
img00117.png,woman,Non-Harmful,NULL,The image praises a man's marital silence without addressing the woman's perspective or experiences.
img00118.jpg,woman's appearance,Non-Harmful,NULL,The image does not directly target women for abuse or harassment.
img00119.jpg,male characters,Non-Harmful,NULL,The meme uses a humorous exchange about a 'meme run' without targeting women for abuse or degradation.
img00120.png,woman,Non-Harmful,NULL,"The image depicts a humorous scenario involving a married man, but there is no explicit or implicit harm towards women."
img00121.jpg,woman on life raft,Explicit-Harm,Violence,"The man is holding a saw near the woman on the life raft, suggesting an intent to harm her."
img00122.jpg,woman,Implicit-Harm,Sexual-Harassment,"The meme implies that serving trout first will keep the woman quiet, which is a form of sexual harassment."
img00123.jpg,Steve Harvey,Non-Harmful,NULL,The meme uses a humorous exchange to comment on a trivial topic without targeting women for abuse or degradation.
img00124.jpg,woman,Non-Harmful,NULL,The meme uses a neutral scenario to highlight a common experience without targeting women for abuse or harassment.
img00125.jpg,women,Implicit-Harm,Sexual-Harassment,"The meme suggests that women live longer because they don't have a wife, which implies that marriage is detrimental to longevity."
img00126.jpg,woman's appearance,Non-Harmful,NULL,The image uses a comparison to humorously suggest that having a girlfriend leads to a more financially secure situation.
img00127.jpg,woman's appearance,Non-Harmful,NULL,The image does not directly target women for abuse or harassment.
img00128.jpg,woman,Non-Harmful,NULL,"The meme uses a灯(lamp) as a metaphor for a woman, which is a form of degrading humor."
img00129.jpg,woman soldier,Non-Harmful,NULL,"The image depicts a woman in military attire holding a weapon, which is not inherently harmful."
img00130.jpg,woman's appearance,Non-Harmful,NULL,The image uses a meme format to reference a historical incident without targeting women for abuse or harassment.
img00131.jpg,woman,Non-Harmful,NULL,The meme celebrates diverse interests and characteristics of women without promoting harmful stereotypes.
img00132.jpg,female hostess,Non-Harmful,NULL,"The image depicts a scene where friends and family members assist a hostess in cleaning after a meal, which is a common social expectation."
img00133.jpg,woman,Non-Harmful,NULL,The meme uses a humorous scenario to highlight a common social interaction without targeting women for abuse or degradation.
img00134.png,woman in armor,Non-Harmful,NULL,The meme uses a playful question about gender roles without targeting women for abuse or degradation.
img00135.jpg,Kermit the Frog,Implicit-Harm,Sexual-Harassment,"The meme uses a derogatory term 'manly' to describe sleeping on the couch, implying it's a masculine activity, which can be seen as degrading towards women."
img00136.png,mother,Non-Harmful,NULL,"The image presents a collection of positive depictions of mothers and their interactions with children, without any negative connotations."
img00137.jpg,Astrid from 'How to Train Your Dragon',Non-Harmful,NULL,"The meme uses a character from a children's movie to make a political point about race swapping, which is not directly harmful to women."
img00138.jpg,male character,Non-Harmful,NULL,"The image is a humorous meme involving a male character, not targeting women."
img00139.jpg,woman in dress,Implicit-Harm,Appearance-Attack,"The meme criticizes unrealistic body expectations by comparing them to a Disney princess, which can be seen as degrading."
img00140.jpg,woman's legs,Non-Harmful,NULL,The image uses a humorous context to reference a meme format without targeting women for abuse.
img00141.jpg,woman in underwear,Non-Harmful,NULL,The image depicts a romantic interaction between two characters without any explicit or implicit harm to the woman.
img00142.jpg,woman,Implicit-Harm,Misogyny,"The meme uses a negative descriptor ('crazy and annoying') to characterize the woman, which can be seen as degrading."
img00143.jpg,woman,Implicit-Harm,Sexual-Harassment,"The meme uses a derogatory term 'womanace' to mock feminists, which is a form of sexual harassment."
img00144.png,woman,Non-Harmful,NULL,The meme does not target women for abuse or harassment.
img00145.jpg,woman's appearance,Non-Harmful,NULL,"The image uses a historical figure to discuss urban development, which is unrelated to women."
img00146.png,woman cashier,Explicit-Harm,Violence,"The woman cashier is depicted holding a knife, which implies she is threatening the cashier."
img00147.png,Black & brown girls,Non-Harmful,NULL,The meme lists various interests and beliefs without targeting or degrading any specific group.
img00148.jpg,woman,Non-Harmful,NULL,"The image uses a comparison between 'Witches' and 'Wizards' in media, which is a generalization rather than targeting women."
img00149.png,woman in dress,Non-Harmful,NULL,The image depicts a humorous scenario without targeting women for abuse or degradation.
img00151.jpg,woman,Non-Harmful,NULL,"The image depicts a woman interacting with a mechanic in a car repair shop, which is a neutral scenario."
img00152.png,woman's appearance,Non-Harmful,NULL,The image does not directly target women for abuse or harassment.
img00153.jpg,woman's head,Non-Harmful,NULL,"The image uses a humorous brain diagram to represent thoughts, which is a common meme format but does not target women for abuse or harassment."
img00154.jpg,woman screaming,Explicit-Harm,Sexual-Harassment,"The meme depicts a woman being forced into pregnancy, which is a form of sexual harassment."
img00155.jpg,mermaid,Non-Harmful,NULL,"The meme uses a mermaid as an example to discuss racial representation, which is a neutral topic."
img00156.jpg,woman,Non-Harmful,NULL,The meme does not directly target or harm women.
img00157.png,woman,Non-Harmful,NULL,The meme uses a humorous comparison without targeting women for abuse or degradation.
img00158.jpg,Jada Pinkett Smith,Non-Harmful,NULL,The image uses Jada Pinkett Smith's name as part of a meme format without any apparent harm to her.
img00159.jpg,woman in Superman costume,Implicit-Harm,Sexual-Harassment,The meme uses a sexualized question about menstruation to make a joke about a woman in a superhero costume.
img00160.jpg,Teenage Girls,Non-Harmful,NULL,"The meme uses a hyperbolic comparison to criticize the comment section, which is unrelated to the women depicted."
img00161.jpg,woman's appearance,Non-Harmful,NULL,"The image depicts a humorous scenario involving a man and his dog, but there is no explicit or implicit harm towards women."
img00162.jpg,bird,Non-Harmful,NULL,"The image shows a bird lying on the ground, which is a neutral observation without targeting women."
img00163.jpg,woman,Non-Harmful,NULL,The meme uses a humorous scenario but does not target women for abuse or harassment.
img00164.png,Halloween decorations,Non-Harmful,NULL,The image uses a humorous but non-harmful reference to Halloween decorations without targeting women.
img00165.png,woman character,Non-Harmful,NULL,"The meme uses a cartoon character to express opinions about a game, which is a neutral discussion."
img00166.jpg,woman's appearance,Non-Harmful,NULL,The meme uses a dress emoji to humorously suggest the meme isn't about potholes.
img00167.jpg,woman in store,Explicit-Harm,Sexual-Harassment,The meme uses a suggestive image of a woman in a store to make a racist joke about Asians.
img00168.jpg,average disney princess,Non-Harmful,NULL,"The image compares Disney princesses with animals, but it does not target women for abuse or harassment."
img00169.jpg,woman in boat,Non-Harmful,NULL,The meme uses a humorous scenario without targeting women for abuse or degradation.
img00170.jpg,woman in green coat,Non-Harmful,NULL,The meme depicts a humorous interaction without any harmful intent towards the woman.
img00171.jpg,man wearing a hard hat,Non-Harmful,NULL,"The image depicts a man in a hard hat, which is unrelated to women and does not target them for abuse or harassment."
img00172.jpg,woman,Non-Harmful,NULL,The tweet does not target women for abuse or harassment.
img00173.png,woman,Implicit-Harm,Sexual-Harassment,"The meme suggests that unsolicited diptychs are disliked by women, which implies a sexualized interaction."
img00174.jpg,woman's profession,Non-Harmful,NULL,The meme does not target women for abuse or harassment but rather makes a factual statement about a woman's professional role.
img00175.jpg,woman,Non-Harmful,NULL,The meme uses a humorous scenario without targeting women for abuse or degradation.
img00176.png,unaware women and children,Explicit-Harm,Sexual-Harassment,"The meme discusses the creation of fake pornography using AI, which can lead to sexual exploitation and harm to unaware individuals."
img00177.jpg,woman mechanic,Explicit-Harm,Sexual-Harassment,"The meme suggests that women are incapable of working as mechanics due to their anatomy, which is a form of sexual harassment."
img00178.jpg,woman's appearance,Non-Harmful,NULL,The image uses a humorous comparison to highlight the beauty of a woman without implying any negative stereotypes.
img00179.jpg,women,Implicit-Harm,Sexual-Harassment,"The meme uses a metaphor comparing women to a pizza, which is round but eaten as a triangle, suggesting an inappropriate comparison."
img00180.jpg,woman,Non-Harmful,NULL,"The image compares the parents' aspirations to the individual's current lifestyle, but it does not target women for abuse or harassment."
img00181.jpg,women bringing gifts,Implicit-Harm,Sexual-Harassment,"The meme implies that women should be judged based on their ability to bring practical gifts, which is a form of sexual harassment."
img00182.jpg,woman,Implicit-Harm,Sexual-Harassment,"The meme suggests a gendered double standard by implying that understanding men requires a full edition, while understanding women is part 1."
img00183.jpg,woman,Implicit-Harm,Sexual-Harassment,The meme implies that women are less desirable romantic partners due to their gender.
img00184.jpg,female characters,Non-Harmful,NULL,The meme uses different expressions to represent various levels of gender role subversion without explicitly harming or degrading the characters.
img00185.jpg,woman,Non-Harmful,NULL,The meme uses a transphobic joke without targeting women for abuse or harassment.
img00186.png,woman,Non-Harmful,NULL,"The image contains a typo in the text 'Wemen are best', which is grammatically incorrect but does not target women for abuse or harassment."
img00187.jpg,man with exaggerated muscles,Non-Harmful,NULL,"The image uses hyperbolic imagery to make a point about strength, unrelated to women."
img00188.jpg,man with hearts,Non-Harmful,NULL,"The image uses heart emojis to express admiration, which is a positive gesture."
img00189.jpg,woman,Explicit-Harm,Violence,"The meme implies physical abuse against women, which is explicitly harmful."
img00190.jpg,woman Cortez,Non-Harmful,NULL,The image depicts a humorous interaction without targeting women for abuse or degradation.
img00191.jpg,woman Gladys,Non-Harmful,NULL,The comic depicts a humorous but non-harmful scenario about a couple meeting in heaven.
img00192.jpg,woman,Implicit-Harm,Sexual-Harassment,"The meme uses derogatory language to describe women on dating apps, promoting negative stereotypes."
img00193.jpg,Yoshi,Non-Harmful,NULL,The meme uses Yoshi to promote body positivity without targeting women for abuse or harassment.
img00194.jpg,man in military uniform,Non-Harmful,NULL,The meme does not target women for abuse or harassment.
img00195.jpg,woman in dress,Non-Harmful,NULL,The meme uses a humorous scenario without targeting women for abuse or degradation.
img00196.png,pear,Non-Harmful,NULL,The image uses a humorous comparison between two pears without targeting women for abuse or harassment.
img00197.jpg,woman stretching,Implicit-Harm,Sexual-Harassment,The meme uses a suggestive outline to imply inappropriate attention towards the woman's body while she is stretching.
img00198.jpg,blonde woman,Non-Harmful,NULL,The image depicts a humorous scenario without targeting women for abuse or harassment.
img00199.jpg,woman,Non-Harmful,NULL,The image does not depict any harm towards women.
img00200.jpg,fish character,Implicit-Harm,Misogyny,"The meme criticizes misogynistic content, suggesting it is not just a joke but a serious issue."
img00201.jpg,daughter,Explicit-Harm,Sexual-Harassment,"The meme suggests the daughter is involved in prostitution, which is a form of sexual exploitation."
img00202.jpg,woman,Non-Harmful,NULL,The meme uses a humorous exchange to highlight a common social dynamic but does not target women for abuse or harassment.
img00203.png,woman's appearance,Explicit-Harm,Appearance-Attack,The meme uses a visual of a person with exaggerated eyes to humorously attack the wife's weight gain.
img00204.jpg,woman's boyfriend,Non-Harmful,NULL,"The tweet humorously depicts a man's controlling behavior towards his girlfriend, which is not explicitly harmful but can be seen as a form of gender-based control."
img00205.jpg,woman,Non-Harmful,NULL,The meme uses a humorous comparison to highlight generational differences without targeting women for abuse.
img00206.jpg,woman model,Non-Harmful,NULL,The image compares two women but does not imply any form of harm or discrimination.
img00207.jpg,woman,Non-Harmful,NULL,"The image depicts a humorous interaction between two men, but there is no explicit or implicit harm towards women."
img00208.jpg,woman in bikini,Implicit-Harm,Sexual-Harassment,"The meme uses a woman in a bikini to make a humorous but objectifying comparison about logic, which can be seen as sexualizing her."
img00209.jpg,woman archaeologist,Non-Harmful,NULL,The meme uses a stereotype about women's natural ability to dig up the past without targeting any specific harm.
img00210.png,woman,Non-Harmful,NULL,The meme uses a humorous question about women's desires without targeting them for abuse or degradation.
img00211.jpg,woman,Explicit-Harm,Sexual-Harassment,The meme uses a transphobic slur ('wolves') to dehumanize transgender individuals.
img00212.jpg,woman's appearance,Non-Harmful,NULL,The meme uses age regression humor without targeting women for abuse or degradation.
img00213.png,women shoppers,Implicit-Harm,Sexual-Harassment,"The meme implies women shoppers are more distracted and less efficient than men, which can be seen as a form of sexual harassment."
img00214.jpg,wife,Non-Harmful,NULL,The meme uses a humorous but non-harmful statement about a wise man's wife.
img00215.jpg,white woman,Explicit-Harm,Misogyny,"The meme uses a harmful comparison to imply that being a white, unvaccinated child is as dangerous as polio, targeting women through a racialized lens."
img00216.jpg,woman's appearance,Non-Harmful,NULL,The image depicts a humorous scenario but does not target women for abuse or harassment.
img00217.jpg,woman,Implicit-Harm,Sexual-Harassment,The meme uses a stereotype about women's speech patterns to make a humorous but potentially offensive comment.
img00218.jpg,woman lying down,Non-Harmful,NULL,The meme does not target women for abuse or harassment.
img00219.jpg,woman holding child,Non-Harmful,NULL,The image contrasts traditional family roles with modern feminist activism without targeting women for abuse.
img00220.jpg,Captain Janeway,Non-Harmful,NULL,The meme celebrates Captain Janeway as a role model without targeting her for abuse or degradation.
img00221.jpg,woman taking a photo,Non-Harmful,NULL,"The image depicts a woman taking a photo of a lion, which is a neutral activity and not intended to harm or stereotype women."
img00222.jpg,man hugging bear,Non-Harmful,NULL,"The image depicts a man hugging a bear, which is a humorous and non-offensive scenario."
img00223.jpg,woman lying in bed,Implicit-Harm,Sexual-Harassment,"The meme implies the woman is suspicious about her partner's thoughts, which can be seen as a form of sexual harassment."
img00224.jpg,woman,Implicit-Harm,Sexual-Harassment,"The meme implies the man is thinking about other women due to a minor inconvenience at McDonald's, which is a form of sexual harassment."
img00225.jpg,woman holding baby,Non-Harmful,NULL,The image compares different roles and their associated pay rates without implying any negative stereotypes.
img00226.png,woman in uniform,Non-Harmful,NULL,"The comic uses humor to discuss fear of men versus bears, without targeting women for abuse or degradation."
img00227.jpg,woman,Implicit-Harm,Sexual-Harassment,"The meme uses a biblical scene to imply women are responsible for humanity's downfall, which is a form of sexual harassment."
img00228.jpg,waitress,Non-Harmful,NULL,The comic portrays a typical interaction between a customer and a waitress without any harmful or offensive content.
img00229.jpg,woman's appearance,Implicit-Harm,Appearance-Attack,"The meme contrasts an idealized version of a woman's appearance on Instagram with her more mundane reality, attacking her physical appearance."
img00230.jpg,older woman,Implicit-Harm,Sexual-Harassment,"The meme portrays an older woman making inappropriate comments about a teenager's interest in her, which is a form of sexual harassment."
img00231.jpg,bride,Non-Harmful,NULL,"The image uses a humorous twist on a wedding ceremony, but it does not target women for abuse or harassment."
img00232.jpg,kitchen,Non-Harmful,NULL,The meme uses a neutral term 'kitchen' without targeting women for abuse or harassment.
img00233.jpg,woman sitting,Implicit-Harm,Sexual-Harassment,"The meme portrays a woman lounging carelessly while ignoring household chores, which can be interpreted as a stereotype of women being lazy or uninterested in domestic tasks."
img00234.jpg,woman,Non-Harmful,NULL,The image depicts a humorous conversation between two individuals without any explicit or implicit harm towards women.
img00235.jpg,woman,Non-Harmful,NULL,The meme uses a humorous scenario without targeting women for abuse or degradation.
img00236.jpg,woman passenger,Implicit-Harm,Misogyny,The meme uses a sexist stereotype to imply that women are more likely to cause car accidents.
img00237.jpg,woman,Non-Harmful,NULL,The interaction between the characters is humorous but does not target women for abuse or harassment.
img00238.jpg,woman walking,Implicit-Harm,Sexual-Harassment,"The meme depicts men whistling at a woman as she walks, which is a form of sexual harassment."
img00239.jpg,woman's appearance,Non-Harmful,NULL,The image uses SpongeBob characters to depict a humorous scenario without targeting women for abuse or harassment.
img00240.jpg,man in suit,Non-Harmful,NULL,The image does not target women for abuse or harassment.
img00241.png,hair style,Non-Harmful,NULL,The meme uses a binary categorization to humorously contrast hairstyles without targeting women for abuse or harassment.
img00242.jpg,woman,Non-Harmful,NULL,"The meme uses a comparison to highlight a humorous contrast between spending on video game skins versus personal grooming, without targeting women for abuse or degradation."
img00243.jpg,woman,Non-Harmful,NULL,The meme does not target women for abuse or harassment.
img00244.jpg,woman's shoes,Implicit-Harm,Sexual-Harassment,"The meme uses a sign directing to 'Women's Shoes' as a metaphor for a sexualized environment, which can be seen as objectifying women."
img00245.jpg,woman cooking,Non-Harmful,NULL,The meme uses a humorous context to depict a common household scenario without targeting the woman for abuse or harassment.
img00246.jpg,woman,Non-Harmful,NULL,The meme depicts a humorous scenario without targeting women for abuse or degradation.
img00247.jpg,woman,Explicit-Harm,Sexual-Harassment,"The meme uses a derogatory term to describe a woman's sexual history, which is harmful."
img00248.jpg,Asian women,Implicit-Harm,Sexual-Harassment,"The meme portrays Asian women as saviors, which can be seen as objectifying them."
img00249.jpg,woman,Explicit-Harm,Sexual-Harassment,"The meme depicts a man being harassed by a woman touching his back, which is an explicit form of sexual harassment."
img00250.png,married woman,Implicit-Harm,Sexual-Harassment,"The meme implies that married women should not be invited out, which perpetuates the idea that their relationships are irrelevant to social interactions."
img00251.jpg,fat girls,Explicit-Harm,Appearance-Attack,"The meme uses derogatory language to describe 'fat girls' as 'gross,' which attacks their appearance."
img00252.jpg,woman,Implicit-Harm,Sexual-Harassment,The meme perpetuates a harmful stereotype about women being argumentative and potentially aggressive.
img00253.jpg,woman,Non-Harmful,NULL,The image uses a humorous and exaggerated depiction to highlight personal issues rather than targeting women.
img00254.jpg,woman,Explicit-Harm,Misogyny,"The meme lists numerous restrictive and limiting characteristics for an 'ideal' woman, promoting harmful stereotypes."
img00255.jpg,woman,Non-Harmful,NULL,The meme does not directly target or harm women.
img00256.jpg,Kermit the Frog,Non-Harmful,NULL,The meme does not target women for abuse or harassment.
img00257.jpg,woman,Non-Harmful,NULL,"The image is a humorous meme involving a man and an ostrich, not targeting women for abuse or harassment."
img00258.jpg,woman,Implicit-Harm,Sexual-Harassment,The meme uses a derogatory comparison to suggest that arguing with a woman is as tedious as reading a software license agreement.
img00259.jpg,woman holding signs,Non-Harmful,NULL,The image uses a humorous comparison without targeting women for abuse or degradation.
img00260.png,woman's appearance,Non-Harmful,NULL,The image uses a humorous context without targeting women for abuse or degradation.
img00261.jpg,woman's appearance,Non-Harmful,NULL,The meme humorously comments on the durability of jeans without targeting women for abuse or degradation.
img00262.jpg,woman,Non-Harmful,NULL,The meme depicts a humorous interaction without targeting women for abuse or degradation.
img00263.jpg,woman's appearance,Non-Harmful,NULL,The image uses a meme format to discuss dating experiences without targeting women for abuse or degradation.
img00264.jpg,woman's appearance,Implicit-Harm,Misogyny,"The meme uses a large book titled 'Understanding women volume 1' to imply that women need to be studied and understood, which perpetuates a harmful stereotype."
img00265.jpg,woman hunter,Non-Harmful,NULL,The image humorously depicts a hunting scenario without targeting women for abuse or degradation.
img00266.png,woman's appearance,Non-Harmful,NULL,The image uses a meme format to announce a personal relationship change without targeting women for abuse or degradation.
img00267.jpg,woman at desk,Explicit-Harm,Sexual-Harassment,The character on the left is depicted as making inappropriate sexual advances towards the woman at the desk.
img00268.png,woman,Non-Harmful,NULL,"The meme uses a humorous scenario involving a train and a school bus to depict a 'relaxing Sunday' and 'wife planning whatever she wants', without targeting women for abuse or harassment."
img00269.png,woman in women's room,Non-Harmful,NULL,The image uses a transphobic joke without targeting women for abuse.
img00270.jpg,woman's role,Implicit-Harm,Misogyny,"The meme suggests that men should marry multiple women to help their wives, perpetuating the idea that women are solely responsible for household work."
img00271.png,woman,Explicit-Harm,Sexual-Harassment,"The meme suggests that playing as a woman in RPGs is solely for the purpose of objectifying her, which is a form of sexual harassment."
img00272.jpg,woman in labor,Implicit-Harm,Misogyny,"The meme compares the pain of childbirth to the stress of working in IT, perpetuating a harmful stereotype about women's experiences."
img00273.jpg,Cinderella doll,Non-Harmful,NULL,"The image shows dolls with makeup applied, which is a playful activity and not harmful."
img00274.jpg,woman's appearance,Implicit-Harm,Appearance-Attack,"The meme uses exaggerated visuals to critique women's appearances, which can be objectifying."
img00275.jpg,woman,Non-Harmful,NULL,The image depicts a humorous conversation without targeting women for abuse or harassment.
img00276.png,man,Non-Harmful,NULL,The meme does not target women for abuse or harassment.
img00277.jpg,Dr. Allison Wiltz,Non-Harmful,NULL,The tweet discusses a political issue without targeting women for abuse or degradation.
img00278.png,woman's appearance,Non-Harmful,NULL,The image uses a meme format to reference a fictional character without targeting women for abuse or harassment.
img00279.jpg,my wife,Non-Harmful,NULL,The meme uses a humorous scenario involving a wife trying on jeans without explicitly targeting her for harm.
img00280.jpg,wife,Implicit-Harm,Misogyny,"The tweet suggests a rigid gender role where the wife stays in the kitchen, reinforcing traditional domestic stereotypes."
img00281.jpg,swastikas on vehicles,Non-Harmful,NULL,"The image shows swastikas spray-painted on vehicles, which is a historical symbol associated with Nazi Germany and is often used to make political statements. However, there is no direct harm to women depicted."
img00282.png,woman's appearance,Non-Harmful,NULL,The image uses a comparison between formal attire and casual clothing without implying any negative stereotype.
img00284.jpg,woman,Non-Harmful,NULL,The meme uses humor to depict a situation without targeting women for abuse or harassment.
img00285.jpg,woman's appearance,Non-Harmful,NULL,"The image uses a man with exaggerated features to humorously comment on 'horny' behavior, which is not directed at women."
img00286.jpg,woman,Non-Harmful,NULL,"The meme uses a humorous approach to suggest different levels of interest based on a man's body count, which is a common trope but not harmful."
img00287.jpg,woman with wings,Non-Harmful,NULL,"The image shows a character with angelic wings, which is a positive and non-harmful depiction."
img00289.jpg,woman,Non-Harmful,NULL,"The meme uses a 'Damn Shawty' character to deliver a message about relationships, which is not explicitly harmful towards women."
img00290.jpg,woman's appearance,Non-Harmful,NULL,The image depicts a humorous scenario without targeting women for abuse or harassment.
img00291.jpg,woman,Non-Harmful,NULL,The image does not target women for abuse or harassment.
img00293.jpg,woman's appearance,Non-Harmful,NULL,"The comic uses a humorous scenario to depict a mother's reaction to her daughter's dating life, which is a common theme but does not target women for abuse or harassment."
img00294.jpg,dog,Non-Harmful,NULL,The image uses a 'This Is Fine' meme format to convey a humorous situation without targeting women.
img00295.jpg,woman's appearance,Non-Harmful,NULL,The image uses a historical Nazi symbol without targeting women for abuse or harassment.
img00296.png,woman,Implicit-Harm,Sexual-Harassment,"The meme uses a sexist joke about a wife asking about TV content, implying she is interested in entertainment."
img00297.jpg,woman as girlfriend,Non-Harmful,NULL,The image uses a humorous and playful approach to describe different types of girlfriends without targeting women negatively.
img00299.png,woman,Non-Harmful,NULL,The meme does not target women for abuse or harassment.
img00300.jpg,woman,Non-Harmful,NULL,The image discusses historical development plans without targeting women for abuse or degradation.
img00301.png,man speaking,Non-Harmful,NULL,The image is a discussion about a TV show and does not target women for abuse or harassment.
img00302.jpg,Spider-Gwen,Non-Harmful,NULL,The meme expresses disappointment with Spider-Gwen but does not target women for abuse or harassment.
img00303.png,women voters,Non-Harmful,NULL,The meme does not target women for abuse or harassment but discusses political consequences.
img00304.jpg,woman's appearance,Non-Harmful,NULL,The image uses a humorous reference to 'reptile dysfunction' without targeting women for abuse or degradation.
img00305.jpg,woman as mother,Non-Harmful,NULL,"The meme uses a trope about motherhood as a solution to men's issues, which can be seen as a form of character assassination."
img00306.jpg,woman,Explicit-Harm,Sexual-Harassment,"The meme uses a rape joke, which is an explicit form of sexual harassment."
img00307.jpg,woman,Non-Harmful,NULL,The meme uses a humorous comparison between egalitarian and patriarchal husbands without targeting women for abuse or degradation.
img00308.jpg,two women,Explicit-Harm,Sexual-Harassment,"The tweet depicts a scenario where one woman is being sexually harassed by another, asking about her relationship with the first woman's husband."
img00309.png,woman,Non-Harmful,NULL,The comic does not target the woman for abuse or harassment.
img00310.jpg,woman's appearance,Implicit-Harm,Misogyny,The meme uses contrasting images to imply that a woman's appearance changes based on her relationship status.
img00311.jpg,woman driver,Non-Harmful,NULL,"The image is a meme referencing a character from Star Wars, not targeting women for abuse or harassment."
img00312.png,donut holes,Non-Harmful,NULL,The image shows donut holes without any reference to women or gender stereotypes.
img00313.jpg,King David,Non-Harmful,NULL,The meme uses historical figures to make a humorous statement about cultural knowledge without targeting women.
img00314.jpg,woman with angel wings,Non-Harmful,NULL,The image is a positive portrayal of a 'Smol Angel Girlfriend' with no negative connotations.
img00315.jpg,woman's appearance,Non-Harmful,NULL,The image contains explicit sexual content but does not target women for abuse or harassment.
img00316.jpg,woman,Implicit-Harm,Sexual-Harassment,"The meme uses a sexualized interaction to prompt an inappropriate question about fantasies, which is a form of sexual harassment."
img00317.jpg,trans women,Non-Harmful,NULL,The post discusses trans identities but does not target women for abuse or harassment.
img00318.jpg,Padmé Amidala,Non-Harmful,NULL,The meme uses a historical context to discuss fashion choices without targeting Padmé for abuse or harassment.
img00319.jpg,man,Non-Harmful,NULL,"The meme uses a character to make a humorous statement about age, which is not directed at women."
img00320.jpg,woman,Explicit-Harm,Sexual-Harassment,"The text describes a scenario where a woman uses her height as an excuse to engage in sexual behavior, which is a form of sexual harassment."
img00321.png,female role,Non-Harmful,NULL,The image depicts animals interacting without targeting women for abuse or harassment.
img00322.jpg,woman's appearance,Non-Harmful,NULL,The meme does not target women for abuse or harassment.
img00323.jpg,female support,Explicit-Harm,Sexual-Harassment,The image depicts supportive comments as containing sexualized and degrading language towards women.
img00324.png,Jesus figure,Non-Harmful,NULL,The image uses a religious figure to promote a political stance without targeting women for abuse or harassment.
img00325.jpg,female voters,Non-Harmful,NULL,"The tweet does not directly target women but discusses political voting choices, which is a neutral topic."
img00326.jpg,woman's appearance,Non-Harmful,NULL,The meme uses a humorous reference to age without targeting women for abuse or degradation.
img00327.png,coleslaw Popsicles,Non-Harmful,NULL,The image depicts a creative food item without any negative connotations towards women.
img00328.jpg,woman,Non-Harmful,NULL,The meme uses a humorous scenario to discuss equality in relationships without targeting women for abuse or degradation.
img00329.jpg,woman,Non-Harmful,NULL,The message is supportive and congratulatory towards the woman about her baby.
img00330.jpg,woman,Non-Harmful,NULL,"The meme uses different terms to address individuals from various backgrounds, which is a neutral observation."
img00331.png,female characters,Non-Harmful,NULL,"The image shows a game project seeking voice actors for female characters, which is a neutral request for participation."
img00332.png,woman in historical attire,Implicit-Harm,Sexual-Harassment,"The meme uses a historical figure to make a suggestive comment about women's clothing and behavior, which can be seen as objectifying."
img00333.jpg,clown,Non-Harmful,NULL,The image uses clown imagery to humorously depict mental health issues without targeting women specifically.
img00334.jpg,Rep. Kat Cammack,Non-Harmful,NULL,The tweet discusses political opinions without targeting women personally.
img00335.jpg,woman,Non-Harmful,NULL,The meme does not target women for abuse or harassment.
img00336.jpg,woman,Non-Harmful,NULL,The meme uses a humorous context from 'Bee Movie' to highlight a character's dedication without implying any negative stereotypes.
img00337.jpg,woman,Non-Harmful,NULL,"The image shows a social media interaction where a comment about domestic violence is addressed, but the context suggests it's part of a larger conversation about parenting."
img00338.jpg,Nancy Mace,Non-Harmful,NULL,The tweet discusses a personal experience without targeting Nancy Mace for abuse or harassment.
img00339.jpg,woman,Non-Harmful,NULL,The image does not depict any harmful content towards women.
img00340.jpg,wife,Non-Harmful,NULL,"The meme uses a humorous scenario involving a wife's credit card bill, which is a common topic but does not target women for abuse or harassment."
img00341.jpg,woman,Non-Harmful,NULL,The image does not target women for abuse or harassment.
img00343.jpg,woman's appearance,Non-Harmful,NULL,The meme humorously suggests a product combo for women without any negative connotations.
img00344.png,fat girls,Explicit-Harm,Misogyny,"The post criticizes individuals who do not like fat girls, promoting a harmful stereotype about body size preferences."
img00345.jpg,woman's appearance,Implicit-Harm,Sexual-Harassment,"The image uses a suggestive pose to make a point about gender roles, which can be seen as objectifying."
img00346.jpg,male wrestlers holding championship belts,Non-Harmful,NULL,The image shows two male wrestlers celebrating their victories without any negative connotations towards women.
img00347.jpg,woman,Non-Harmful,NULL,"The image depicts a group of people having fun at what appears to be a party, with no specific targeting or harm towards women."
img00348.jpg,woman's behavior,Non-Harmful,NULL,"The meme humorously contrasts the wife's reactions to watching her favorite show versus his, without targeting her behavior as harmful."
img00349.jpg,female,Non-Harmful,NULL,"The image uses a metaphorical depiction to express a protective stance towards a girlfriend, which is not harmful."
img00350.png,women,Non-Harmful,NULL,The meme does not target women for abuse or harassment.
img00351.jpg,tall woman,Non-Harmful,NULL,The meme uses a humorous context to discuss a tall woman without targeting her for abuse or degradation.
img00352.jpg,woman holding photo,Non-Harmful,NULL,The image is a meme supporting a cause but does not target women for abuse or harassment.
img00353.jpg,women shoppers,Non-Harmful,NULL,"The image shows two men drinking beer at a table, but there are no women shoppers present."
img00354.png,female character,Non-Harmful,NULL,The image discusses various types of Isekai genres without targeting women for abuse or degradation.
img00355.jpg,woman,Explicit-Harm,Sexual-Harassment,"The meme uses offensive language to degrade women as 'bitches' and 'plush women', promoting harmful stereotypes."
img00356.png,woman,Non-Harmful,NULL,The image does not contain any visual or textual elements targeting women for abuse or harassment.
img00357.jpg,woman's appearance,Non-Harmful,NULL,"The image depicts a woman being physically assaulted, but the context is a humorous meme about a man forgetting his wife's anniversary, not targeting women for abuse."
img00358.jpg,woman,Non-Harmful,NULL,The meme references a public figure without targeting women for abuse or harassment.
img00359.jpg,Sydney Sweeney,Non-Harmful,NULL,"The meme compares Stephen Colbert's financial impact to Sydney Sweeney's, highlighting their different roles without implying harm."
img00360.png,woman wearing crown,Non-Harmful,NULL,"The image depicts a child wearing a crown, which is a playful and non-harmful representation."
img00361.png,woman contestant,Non-Harmful,NULL,"The meme uses a beauty contest scenario to discuss marriage, which is a neutral topic."
img00362.jpg,woman barista,Non-Harmful,NULL,The meme does not target women for abuse or harassment.
img00363.jpg,Marjorie Taylor Greene,Non-Harmful,NULL,The image contains a political discussion but does not depict any harmful actions towards Marjorie Taylor Greene.
img00364.png,mermaid statue,Non-Harmful,NULL,The image depicts a mermaid statue without any explicit or implicit harm towards women.
img00365.jpg,Muslim woman,Non-Harmful,NULL,The image discusses different perspectives on trans women but does not explicitly harm or degrade the Muslim woman.
img00366.jpg,android girl,Non-Harmful,NULL,The image depicts an android girl in a humorous context without targeting her for abuse or harassment.
img00367.png,woman,Non-Harmful,NULL,The comic uses a humorous scenario to discuss men's egos without targeting women for abuse or harassment.
img00368.jpg,woman,Non-Harmful,NULL,The conversation does not target women for abuse or harassment.
img00369.jpg,woman,Implicit-Harm,Sexual-Harassment,"The meme uses a derogatory term to describe a woman, which is a form of sexual harassment."
img00370.jpg,woman's appearance,Non-Harmful,NULL,"The image shows a Facebook post featuring a woman's face, but there is no indication of harm towards her."
img00371.jpg,woman driver,Non-Harmful,NULL,The meme uses a neutral scenario to highlight a common situation without targeting women for abuse or harassment.
img00372.png,female role,Non-Harmful,NULL,The image uses stereotypes but does not target women for abuse or harassment.
img00373.jpg,woman in the crowd,Non-Harmful,NULL,"The image is a humorous meme about a concert tour, which does not target women for abuse or harassment."
img00374.png,man in suit,Non-Harmful,NULL,"The image depicts a man in a suit, but there is no direct targeting of women for abuse or harassment."
img00376.jpg,woman,Implicit-Harm,Sexual-Harassment,The meme uses a suggestive gesture towards a woman to make a point about men's emotional responses.
img00377.png,monkey,Non-Harmful,NULL,"The image uses a monkey to represent a person, but there is no specific targeting of women."
img00378.png,woman's appearance,Non-Harmful,NULL,"The image depicts a character with an unusual, geometric shape, which is not meant to represent a real person."
img00379.jpg,pregnant woman,Non-Harmful,NULL,The meme uses a humorous scenario to address a common societal expectation without targeting the pregnant woman personally.
img00380.jpg,woman,Non-Harmful,NULL,The meme does not target women for abuse or harassment.
img00381.jpg,cashier,Non-Harmful,NULL,The meme does not target women for abuse or harassment.
img00382.jpg,woman in OnlyFans profile,Non-Harmful,NULL,"The meme uses a cartoon character to represent users reacting to a suggestive video, which is a common online scenario but does not target women for abuse."
img00383.jpg,female role,Non-Harmful,NULL,The image depicts muscle anatomy without targeting women for abuse or degradation.
img00384.jpg,trans women,Explicit-Harm,Misogyny,"The meme uses derogatory language and stereotypes about trans women, promoting harmful attitudes."
img00385.png,woman,Non-Harmful,NULL,The image does not depict any explicit or implicit harm towards women.
img00386.jpg,man in business attire,Non-Harmful,NULL,The meme does not target women for abuse or harassment.
img00387.jpg,none,Non-Harmful,NULL,The image contains a political discussion but does not target women for abuse or harassment.
img00388.jpg,women,Implicit-Harm,Sexual-Harassment,"The meme implies that women are responsible for the closure of a nightclub due to their behavior, which is a form of sexual harassment."
img00389.jpg,woman driver,Non-Harmful,NULL,The meme uses a humorous scenario without targeting women for abuse or degradation.
img00390.jpg,woman in historical attire,Explicit-Harm,Sexual-Harassment,The meme promotes a harmful stereotype about women's purity and men's sexual experiences.
img00391.jpg,woman sleeping,Implicit-Harm,Sexual-Harassment,The meme perpetuates a harmful stereotype about women's behavior and emotions.
img00392.jpg,woman in regal attire,Non-Harmful,NULL,"The image depicts a scene where a woman is offering advice to a man, which is a common trope in dating memes but does not inherently harm or stereotype women."
img00394.jpg,woman holding American flag,Non-Harmful,NULL,The image does not target women for abuse or harassment.
img00395.png,woman with cat ears,Non-Harmful,NULL,"The image depicts a humorous scenario involving a woman with cat ears, but there is no explicit or implicit harm towards her."
img00396.jpg,women,Non-Harmful,NULL,"The image uses a map to divide regions into 'Men', 'Women', and 'Buffer zone' without targeting women for abuse or harassment."
img00397.jpg,woman archaeologist,Non-Harmful,NULL,The meme uses a playful pun to highlight the presence of women in archaeology without implying any negative stereotypes.
img00398.jpg,woman in the background,Non-Harmful,NULL,The image depicts a humorous scenario without targeting women for abuse or harassment.
img00399.png,woman,Explicit-Harm,Sexual-Harassment,"The meme promotes harmful stereotypes about women and their relationships, suggesting they should be submissive."
img00400.png,woman,Non-Harmful,NULL,The image does not contain any content targeting women for abuse or harassment.
img00401.jpg,woman,Non-Harmful,NULL,The meme uses a humorous scenario involving a woman without targeting her for abuse or harassment.
img00402.jpg,skeleton with OnlyFans sign,Non-Harmful,NULL,"The image uses a skeleton to humorously depict future findings, which is a neutral observation."
img00403.png,woman,Non-Harmful,NULL,The meme uses a neutral context to discuss a specific group without targeting women for abuse.
img00404.png,future ex-wife,Non-Harmful,NULL,"The meme uses a humorous exaggeration to express frustration about past romantic relationships, without targeting women for abuse or degradation."
img00405.jpg,female character,Non-Harmful,NULL,The image depicts a Minecraft character without any explicit or implicit harm towards women.
img00406.jpg,woman wearing an Antifa shirt,Non-Harmful,NULL,The image does not target women for abuse or harassment.
img00407.jpg,female role,Non-Harmful,NULL,The image depicts a government shutdown without targeting women for abuse or harassment.
img00408.jpg,woman,Explicit-Harm,Sexual-Harassment,"The meme uses a derogatory term ('bitchen') to advise men on how to control their partners, which is a form of sexual harassment."
img00409.jpg,woman,Non-Harmful,NULL,The meme uses a neutral scenario to highlight a common situation without targeting women for abuse or harassment.
img00410.png,woman's appearance,Non-Harmful,NULL,The meme promotes body positivity and self-acceptance regarding hairiness.
img00411.jpg,single mom,Non-Harmful,NULL,The tweet does not target women for abuse or harassment.
img00412.jpg,woman,Non-Harmful,NULL,The meme uses a neutral scenario to express frustration without targeting women for abuse or harassment.
img00413.jpg,woman,Non-Harmful,NULL,The meme uses a humorous observation about the room temperature to avoid directly addressing the woman's smoking.
img00414.png,protesters holding signs,Explicit-Harm,Sexual-Harassment,"The sign promotes a harmful narrative that minimizes rape as a crime against men, which can lead to victim-blaming."
img00415.jpg,single mother,Non-Harmful,NULL,The meme does not target women for abuse or harassment.
img00416.png,Elisha Cuthbert,Non-Harmful,NULL,The meme uses a humorous reference to a celebrity without targeting women for abuse or harassment.
img00417.jpg,woman in the pool,Non-Harmful,NULL,The image does not target women for abuse or harassment.
img00418.png,woman,Explicit-Harm,Sexual-Harassment,"The meme uses a sexualized threat against a woman, which is an example of sexual harassment."
img00419.jpg,Anne Hathaway,Non-Harmful,NULL,The meme uses a neutral observation about the individuals' appearances without targeting them for abuse or harassment.
img00420.jpg,woman's appearance,Non-Harmful,NULL,"The image focuses on a man, not a woman, and there is no indication of harm towards women."
img00421.png,female employee,Explicit-Harm,Sexual-Harassment,"The meme depicts a boss making a sexually inappropriate joke to a female employee, which constitutes explicit sexual harassment."
img00422.jpg,female writer,Non-Harmful,NULL,"The image shows a newspaper article with a suggestion to create a 'snappier' version, which is a neutral observation about improving content style."
img00423.png,Whitney Houston,Non-Harmful,NULL,The image uses Whitney Houston as a neutral example to represent women without targeting her for abuse or harassment.
img00424.jpg,woman,Non-Harmful,NULL,"The image uses a humorous comparison between mothers teaching daughters about puberty and fathers teaching sons, but it does not target women for abuse or harassment."
img00425.png,female rappers,Non-Harmful,NULL,"The image humorously depicts female rappers struggling to write songs without inappropriate words, which is a common challenge but not harmful."
img00426.jpg,woman's appearance,Explicit-Harm,Appearance-Attack,The meme uses derogatory language to distinguish between 'real' and 'not real' women based on their appearance.
img00427.jpg,woman's appearance,Non-Harmful,NULL,The meme uses a humorous reference to a character's appearance without targeting women for abuse or degradation.
img00428.jpg,Mirko,Non-Harmful,NULL,The tweet discusses Mirko's strength without implying any negative stereotypes about her.
img00429.png,woman golfer,Non-Harmful,NULL,"The image depicts a humorous scenario involving a dog playing golf, which does not target women for abuse or harassment."
img00430.jpg,woman,Non-Harmful,NULL,"The image depicts a humorous scenario involving a swimming pool on an island, which is not harmful to the depicted woman."
img00431.jpg,woman's appearance,Non-Harmful,NULL,The meme does not directly target women for abuse or harassment.
img00432.jpg,women in yoga class,Implicit-Harm,Sexual-Harassment,"The meme uses a yoga class setting to make a generalization about women, which can be seen as objectifying."
img00433.jpg,man's appearance,Non-Harmful,NULL,"The meme uses a comparison between expectation and reality to highlight the contrast in physical appearance, which is a neutral observation."
img00434.jpg,football player,Non-Harmful,NULL,The image focuses on a football player without targeting women for abuse or harassment.
img00435.png,female role,Non-Harmful,NULL,The image is a humorous take on different types of friends without targeting any specific gender.
img00436.jpg,woman,Non-Harmful,NULL,"The image is a humorous comparison between the front and back of Christmas presents wrapped by Homer Simpson, which does not target women for abuse or harassment."
img00437.jpg,woman,Non-Harmful,NULL,"The image depicts a man speaking to a group of people, but there is no evidence of harm towards women."
img00438.jpg,woman in the pool,Non-Harmful,NULL,"The image uses a meme format to contrast 'Manic Pixie Dream Girls' and 'Society', which is a common form of gendered humor but does not target women for abuse or harassment."
img00439.jpg,woman,Non-Harmful,NULL,The meme does not target women for abuse or harassment.
img00440.jpg,woman in high heels,Non-Harmful,NULL,The image depicts a humorous scenario without targeting women for abuse or harassment.
img00441.jpg,woman,Non-Harmful,NULL,The image does not target women for abuse or harassment.
img00442.jpg,woman's appearance,Implicit-Harm,Appearance-Attack,"The meme questions whether women naturally have glitter on their cheeks, implying a negative stereotype about women's natural appearance."
img00443.jpg,man holding beer,Non-Harmful,NULL,"The meme is a humorous suggestion about taking a break from social media, not targeting women."
img00445.jpg,woman character,Non-Harmful,NULL,The meme does not target women for abuse or harassment.
img00446.jpg,woman,Non-Harmful,NULL,The meme humorously mentions the wife but does not target her for abuse or degradation.
img00447.jpg,woman,Non-Harmful,NULL,"The meme uses a common trope to humorously comment on workplace stress, without targeting the woman for abuse or harassment."
img00448.jpg,woman,Non-Harmful,NULL,The meme uses a neutral observation about societal issues to express frustration without targeting women for abuse.
img00449.jpg,woman mechanic,Explicit-Harm,Sexual-Harassment,"The image depicts a woman in a suggestive pose under a car, implying sexualization of her role as a mechanic."
img00450.png,woman's appearance,Non-Harmful,NULL,The image focuses on a man's self-portrait and does not target women for abuse or harassment.
img00451.jpg,trans women,Explicit-Harm,Sexual-Harassment,The meme uses derogatory language and stereotypes to degrade trans women.
img00452.jpg,skull character,Non-Harmful,NULL,"The image features a skull character, which is a common representation of death, but there is no explicit or implicit harm towards women."
img00453.png,woman,Non-Harmful,NULL,The image is a meme referencing dark romance tropes without directly targeting or harming women.
img00454.jpg,woman performing acrobatics,Non-Harmful,NULL,The image depicts a physical activity without any negative connotations towards women.
img00455.jpg,female characters,Non-Harmful,NULL,"The image showcases various book covers and anime-style characters, focusing on diverse representations without targeting women for abuse or harassment."
img00456.png,woman,Non-Harmful,NULL,The meme uses a humorous exaggeration about bathroom size to highlight a practical issue without targeting women.
img00457.png,woman,Implicit-Harm,Sexual-Harassment,"The meme portrays women as closed off due to fear of sexual harassment from men, promoting a harmful stereotype."
img00458.png,woman electrical worker,Implicit-Harm,Sexual-Harassment,"The meme uses a sexualized joke about a woman electrical worker, which could be seen as objectifying her."
img00460.png,NFL referee,Non-Harmful,NULL,"The image depicts a humorous meme about an NFL referee, but there is no explicit or implicit harm towards women."
img00461.jpg,woman's appearance,Non-Harmful,NULL,The image does not depict any explicit or implicit harm towards women.
img00462.jpg,woman,Non-Harmful,NULL,The meme uses a humorous comparison without targeting women for abuse or degradation.
img00464.png,woman holding sign,Explicit-Harm,Sexual-Harassment,The sign promotes a sexually objectifying message towards women.
img00465.jpg,woman's appearance,Non-Harmful,NULL,The meme uses a woman's appearance as a visual element without targeting her for abuse or harassment.
img00466.png,woman holding baby,Explicit-Harm,Appearance-Attack,"The meme uses a derogatory term to describe the baby, which is harmful to the mother."
img00467.png,woman,Explicit-Harm,Sexual-Harassment,"The meme includes lyrics from 'Cool, Daddy Cool' by Kid Rock, which contain explicit sexual content targeting young women."
img00468.jpg,woman,Non-Harmful,NULL,The meme uses a humorous scenario to depict a relationship dynamic without targeting women for abuse or harassment.
img00469.jpg,woman,Explicit-Harm,Sexual-Harassment,"The meme depicts a woman being harassed by a robot labeled 'Perverted Men', which implies sexual harassment."
img00470.jpg,woman,Non-Harmful,NULL,"The image is a humorous exchange about a sister's name, which is not directed at women."
img00471.jpg,female character,Non-Harmful,NULL,The image contains a humorous exchange between characters without targeting women for abuse or degradation.
img00472.jpg,woman in red dress,Non-Harmful,NULL,"The tweet discusses weight loss and body image, but does not target women for abuse or harassment."
img00473.jpg,woman in purple dress,Non-Harmful,NULL,"The image features two women and two men, but there is no indication of harm towards the women."
img00474.jpg,woman struggling,Non-Harmful,NULL,The meme uses a metaphorical struggle to represent a complex social issue without directly targeting women.
img00475.jpg,woman,Non-Harmful,NULL,The meme uses a humorous exchange without targeting women for abuse or degradation.
img00476.jpg,woman's appearance,Non-Harmful,NULL,The meme uses stereotypes about modern women's fashion and behavior to create a humorous scenario.
img00477.jpg,woman,Non-Harmful,NULL,The image does not target women for abuse or harassment.
img00478.jpg,weather girl,Implicit-Harm,Sexual-Harassment,"The meme uses a weather girl as a target for sexual innuendo, suggesting she is wrong most of the time."
img00479.png,woman,Non-Harmful,NULL,"The meme uses a humorous calculation to highlight the speaker's past sexist jokes, which is not directed at women themselves."
img00480.jpg,Cinderella,Implicit-Harm,Misogyny,"The meme suggests Cinderella should have preferred her animals over a man who valued her appearance, promoting a harmful stereotype about women's worth."
img00481.png,woman's appearance,Non-Harmful,NULL,The image does not directly target women for abuse or harassment.
img00482.jpg,man with foreskin,Non-Harmful,NULL,The meme uses a humorous reference to a religious practice without targeting women.
img00483.jpg,cars,Non-Harmful,NULL,The image compares two cars humorously without targeting women for abuse or harassment.
img00484.jpg,woman with alopecia,Non-Harmful,NULL,The image celebrates a supportive act without targeting the woman for any form of harm.
img00485.jpg,female role,Non-Harmful,NULL,"The image shows four male characters from different video games, none of whom are depicted as being harmed."
img00486.png,male musicians,Non-Harmful,NULL,The meme compares male musicians playing different instruments without targeting women for abuse or degradation.
img00487.jpg,woman holding turkey,Non-Harmful,NULL,The image uses a historical context to discuss women's roles but does not depict any harmful actions towards women.
img00488.jpg,woman in money dress,Non-Harmful,NULL,The image depicts a family dressed creatively but does not target women for abuse or harassment.
img00489.jpg,female character,Non-Harmful,NULL,The image discusses the themes of the game 'Elden Ring' without targeting women for abuse or degradation.
img00490.png,woman,Non-Harmful,NULL,The meme uses a humorous scenario to discuss marriage issues without targeting women for abuse or degradation.
img00491.png,female character,Non-Harmful,NULL,"The image is a humorous bingo card about 'Love Sick Starter Bingo,' which does not target women for abuse or harassment."
img00492.jpg,feminist,Non-Harmful,NULL,"The image uses a feminist character to advocate for ending violence against women, which is a positive message."
img00493.png,woman,Implicit-Harm,Sexual-Harassment,"The meme compares a woman's contributions to a relationship unfavorably to fast food consumption, promoting a harmful stereotype about women's value."
img00494.jpg,woman character,Non-Harmful,NULL,The image is a meme referencing Disney Jr. characters without targeting women for abuse or harassment.
img00495.jpg,woman wearing apron,Non-Harmful,NULL,The image depicts a family scene without any explicit or implicit harm towards women.
img00496.png,woman,Non-Harmful,NULL,The image uses a humorous context without targeting women for abuse or degradation.
img00497.png,man on the left,Explicit-Harm,Misogyny,"The meme uses derogatory labels like 'evil inkwell' to describe the man on the left, which is a form of explicit harm."
img00498.jpg,woman's appearance,Non-Harmful,NULL,"The image depicts a framed photograph of a woman, but there is no indication of harm towards her."
img00499.jpg,woman being screamed at,Explicit-Harm,Sexual-Harassment,The woman is being verbally assaulted and her distress is evident.
img00500.jpg,woman,Explicit-Harm,Sexual-Harassment,"The meme includes a comment about the woman's hair color potentially affecting her children, which is a form of sexual harassment."
img00501.png,man with colorful hair,Non-Harmful,NULL,The image uses exaggerated hair color to humorously contrast generations without targeting women.
img00502.png,female character,Non-Harmful,NULL,The meme humorously depicts a common gaming scenario without targeting women for abuse or harassment.
img00503.jpg,woman,Non-Harmful,NULL,The image does not target women for abuse or harassment.
img00504.jpg,women in uniform,Non-Harmful,NULL,The tweet expresses gratitude for military personnel without targeting women for abuse or harassment.
img00505.jpg,woman's appearance,Non-Harmful,NULL,"The image uses a meme format to reference past memes, which is a neutral observation."
img00506.png,woman,Non-Harmful,NULL,The image does not target women for abuse or harassment.
img00507.png,woman's appearance,Implicit-Harm,Sexual-Harassment,"The image uses a woman's body as a visual metaphor for the 'grocery store' scenario, which is a form of objectification."
img00510.jpg,woman walking with a cane,Non-Harmful,NULL,"The image depicts a woman walking with a cane, which is a neutral depiction of a person with mobility issues."
img00511.png,female monkey,Non-Harmful,NULL,The meme uses a humorous comparison to a famous character but does not target women for abuse or harassment.
img00512.png,woman in traditional attire,Non-Harmful,NULL,The image is a meme discussing various scenes from a show without targeting any specific women for abuse or degradation.
img00513.png,woman in white robe,Non-Harmful,NULL,"The image depicts a scene involving individuals in robes, but there is no direct harm to women depicted."
img00514.png,woman,Implicit-Harm,Sexual-Harassment,"The meme uses derogatory language to describe women who discuss feminist films, implying they are overly sensitive and prone to complaining."
img00515.jpg,woman,Explicit-Harm,Sexual-Harassment,"The meme uses a disturbing image to associate 'girls with mommy issues' with a grotesque creature, which is an explicit form of sexual harassment."
img00516.jpg,woman wearing witch hat,Implicit-Harm,Misogyny,"The image uses a derogatory label 'THE MOST RACIST DWARF ALIVE' to describe the dwarf character, while the woman is labeled as his girlfriend ('HIS GF'), suggesting she is associated with the negative trait."
img00517.png,woman,Non-Harmful,NULL,The meme uses a humorous and relatable scenario about breastfeeding to make a light-hearted joke.
img00518.png,woman,Explicit-Harm,Sexual-Harassment,"The meme depicts a scenario where a man suggests putting duct tape over a woman's mouth as part of a fantasy, which is a form of sexual harassment."
img00519.png,woman,Non-Harmful,NULL,"The meme uses SpongeBob to discuss sexual trauma and consensual sex, which is a neutral topic."
img00520.jpg,woman's appearance,Explicit-Harm,Sexual-Harassment,The image objectifies women based on their physical attractiveness and uses them as objects of desire.
img00521.jpg,female character,Non-Harmful,NULL,The image compares customization options for a male and female character without implying any harm.
img00522.jpg,woman,Non-Harmful,NULL,The image does not depict any explicit or implicit harm towards women.
img00523.jpg,woman carrying wood,Non-Harmful,NULL,The image shows a woman engaged in a common rural activity without any indication of harm towards her.
img00525.jpg,woman pointing,Non-Harmful,NULL,The meme uses a cat to mock the woman's argument without targeting her personally.
img00527.jpg,single mother,Non-Harmful,NULL,The meme uses a humorous scenario to highlight the financial burden on banks rather than targeting women.
img00528.jpg,woman,Non-Harmful,NULL,The image contains a tweet discussing a moderator's actions but does not depict any explicit or implicit harm towards women.
img00529.png,woman on Tinder,Non-Harmful,NULL,The meme humorously depicts a scenario where a person's expectations are dashed upon meeting someone they find attractive but who has an undesirable trait.
img00530.jpg,woman,Non-Harmful,NULL,The meme does not target women for abuse or harassment.
img00531.png,woman as homemaker,Implicit-Harm,Misogyny,"The meme portrays a homemaker as a 'slave' to her husband, promoting a degrading stereotype."
img00532.jpg,woman,Non-Harmful,NULL,The meme does not target women for abuse or harassment.
img00533.jpg,tomatoes,Non-Harmful,NULL,The image compares two types of tomatoes without any gender-related content or implications.
img00534.jpg,woman's appearance,Non-Harmful,NULL,"The image uses fruit imagery to compare women's anatomy to fruits, which is a neutral comparison."
img00535.jpg,woman in white coat,Non-Harmful,NULL,The image depicts a humorous scenario without targeting women for abuse or harassment.
img00536.png,woman,Non-Harmful,NULL,The meme does not target women for abuse or harassment.
img00537.jpg,woman in wedding dress,Non-Harmful,NULL,The image depicts a wedding scene without any negative connotations towards the woman.
img00538.png,wooden figure,Non-Harmful,NULL,"The image features a wooden figure holding a baseball bat, but there is no indication of harm towards women."
img00539.png,female astronaut,Non-Harmful,NULL,The image depicts a woman in an astronaut suit without any negative connotations.
img00540.jpg,princess,Non-Harmful,NULL,The meme contrasts two scenarios but does not target women for abuse or harassment.
img00541.png,man,Non-Harmful,NULL,The image does not target women for abuse or harassment.
img00542.jpg,woman's appearance,Non-Harmful,NULL,"The image juxtaposes comic book panels with a person reacting to them, but there is no direct harm to women depicted."
img00543.png,woman,Non-Harmful,NULL,The meme uses a humorous scenario without targeting women for abuse or degradation.
img00544.png,woman's appearance,Implicit-Harm,Sexual-Harassment,The meme uses a suggestive question about a woman's location to imply inappropriate behavior.
img00545.jpg,woman,Non-Harmful,NULL,"The meme uses a humorous scenario to make a point about internet dating, but it does not target women for abuse or harassment."
img00546.png,woman's appearance,Non-Harmful,NULL,The image does not depict any explicit or implicit harm towards a woman.
img00547.jpg,man in uniform,Non-Harmful,NULL,"The image shows a man in uniform standing outdoors, which does not target women for abuse or harassment."
img00548.jpg,woman in uniform,Non-Harmful,NULL,The meme does not target women for abuse or harassment.
img00549.png,woman's profession,Non-Harmful,NULL,The meme does not target women for abuse or harassment.
img00550.jpg,woman's appearance,Non-Harmful,NULL,The image depicts a creature with an unusual appearance but does not target women for abuse or harassment.
img00551.jpg,woman sitting on the ground,Explicit-Harm,Sexual-Harassment,"The meme depicts a woman being dismissed as a 'deranged asocial schizoid,' which is a derogatory characterization."
img00552.jpg,woman,Implicit-Harm,Sexual-Harassment,"The meme portrays women as being treated more leniently than men when cheating, which can be seen as implicitly promoting double standards."
img00553.png,woman's appearance,Non-Harmful,NULL,"The image features anime-style characters with exaggerated features, which is common in manga and anime but does not target women for abuse or harassment."
img00554.jpg,branch measurement,Non-Harmful,NULL,The image is a neutral educational content about measuring a branch.
img00555.jpg,woman,Explicit-Harm,Sexual-Harassment,"The meme uses derogatory language to describe women based on their age and number of children, promoting harmful stereotypes."
img00556.jpg,woman,Non-Harmful,NULL,The image presents statistics about arrests related to pregnancy and Epstein files without targeting women for abuse or harassment.
img00557.jpg,Marx,Non-Harmful,NULL,"The image is a humorous meme about Marx, not targeting women for abuse or harassment."
img00558.jpg,woman wearing a niqab,Explicit-Harm,Sexual-Harassment,"The meme uses derogatory language to describe the woman on the left as a 'proper housewife material' and 'worst wife material', which is a form of sexual harassment."
img00559.jpg,women,Non-Harmful,NULL,The image discusses rights differences between men and women across states without targeting women for abuse or harassment.
img00560.png,man with beard,Non-Harmful,NULL,"The image shows a man with a beard, but there is no indication of harm towards women."
img00561.png,woman,Non-Harmful,NULL,The image discusses IQ scores and percentages but does not target women for abuse or harassment.
img00562.png,woman,Explicit-Harm,Sexual-Harassment,"The meme uses a woman to make a derogatory statement about men's reproductive roles, which is a form of sexual harassment."
img00563.jpg,woman,Non-Harmful,NULL,"The meme uses a humorous scenario involving a warehouse of candles, which is unrelated to women."
img00564.jpg,woman's appearance,Explicit-Harm,Appearance-Attack,"The meme criticizes a woman's body shape and clothing choices, promoting negative body image."
img00565.jpg,woman,Non-Harmful,NULL,The meme discusses personal choices related to gender identity without targeting women for abuse or harassment.
img00566.png,woman,Non-Harmful,NULL,The image focuses on a man lying amidst various elements related to financial distress but does not target women for abuse or harassment.
img00567.jpg,woman,Non-Harmful,NULL,The meme does not target women for abuse or harassment.
img00568.jpg,woman,Non-Harmful,NULL,The meme uses a common internet joke format without targeting women for abuse or degradation.
img00569.jpg,cis girls,Non-Harmful,NULL,The meme uses gender labels as descriptors without implying harm.
img00570.jpg,suicidal women,Implicit-Harm,Misogyny,"The meme uses statistics to imply that women are more likely to attempt suicide but less likely to succeed, which can be seen as degrading towards women."
img00572.jpg,woman holding a perfect score,Non-Harmful,NULL,The image depicts a woman celebrating her perfect score without any negative connotations towards her.
img00573.jpg,woman's appearance,Non-Harmful,NULL,The meme uses a neutral example to discuss preferences without targeting women for abuse.
img00574.png,barbie,Implicit-Harm,Appearance-Attack,The meme uses the term 'average' to imply a negative standard for Barbie's appearance.
img00575.jpg,Mary Austin,Non-Harmful,NULL,"The image depicts a personal statement about Freddie Mercury's will, which is a factual account without any harmful intent towards Mary Austin."
img00577.jpg,woman's appearance,Explicit-Harm,Sexual-Harassment,The image depicts a woman being physically assaulted and degraded through explicit sexual content.
img00578.png,moderator,Non-Harmful,NULL,The image does not target women for abuse or harassment.
img00579.jpg,Sabrina Carpenter,Non-Harmful,NULL,"The meme compares Sabrina Carpenter's appearance with and without makeup, which is a neutral comparison."
img00580.png,male superhero,Implicit-Harm,Sexual-Harassment,"The meme uses a male superhero to question whether Wonder Woman is a woman, implying a lack of respect for her identity."
img00582.jpg,woman,Non-Harmful,NULL,"The meme uses a humorous scenario involving a man's family, but it does not target women for abuse or harassment."
img00583.jpg,female character,Non-Harmful,NULL,"The image depicts a group of characters in a dynamic scene, but there is no explicit or implicit harm towards women."
img00584.png,man wearing sock,Non-Harmful,NULL,The image humorously depicts a man reacting to a sock on his face without targeting women.
img00585.jpg,woman,Implicit-Harm,Sexual-Harassment,"The meme uses a derogatory term 'gold digger' to describe a woman, which is a form of sexual harassment."
img00586.jpg,woman,Non-Harmful,NULL,The image uses a factual statement about age without any harmful connotations.
img00587.jpg,woman writer,Non-Harmful,NULL,The meme humorously depicts a writer's intense concentration without targeting women for abuse or degradation.
img00588.png,female character,Non-Harmful,NULL,The image uses characters to represent different personality types but does not target women for abuse or harassment.
img00589.jpg,woman,Non-Harmful,NULL,"The image uses a wave metaphor to represent different operating systems, which is a neutral comparison."
img00590.png,man in underwear,Non-Harmful,NULL,"The image is a humorous appreciation for someone who dresses up as characters, not targeting women."
img00591.jpg,man speaking,Non-Harmful,NULL,The meme uses a humorous tone to critique overthinking without targeting women specifically.
img00592.jpg,woman,Non-Harmful,NULL,The meme does not target women for abuse or harassment.
img00593.jpg,male soldiers,Non-Harmful,NULL,"The meme uses a comparison between two scenarios involving men, but it does not target women for abuse or harassment."
img00594.png,woman,Explicit-Harm,Sexual-Harassment,"The meme uses a transphobic joke to mock a woman's perceived behavior, which is harmful."
img00595.png,woman's appearance,Non-Harmful,NULL,The image depicts a woman's face without any explicit or implicit harm towards her.
img00596.jpg,women,Non-Harmful,NULL,The image depicts a group of men in a tense situation but does not target women for abuse or harassment.
img00597.png,woman,Explicit-Harm,Violence,The woman is depicted being physically attacked by another character.
img00598.png,trans women,Explicit-Harm,Sexual-Harassment,"The tweet includes a derogatory statement about trans women, which is an explicit form of sexual harassment."
img00599.jpg,woman on the left,Non-Harmful,NULL,"The image contrasts natural femininity with an artificial, hyper-masculine aesthetic, but does not explicitly harm or degrade the women depicted."
img00600.jpg,woman in the kitchen,Non-Harmful,NULL,The image uses a stereotype about women's roles in the kitchen without any specific harm.
img00601.jpg,woman,Explicit-Harm,Sexual-Harassment,"The meme includes a statement suggesting women would be at a disadvantage in a historical context, which perpetuates harmful stereotypes about women's capabilities."
img00602.png,woman's appearance,Non-Harmful,NULL,The image does not target women for abuse or harassment.
img00603.jpg,woman,Non-Harmful,NULL,The image does not target women for abuse or harassment.
img00604.jpg,woman's appearance,Explicit-Harm,Appearance-Attack,"The meme uses derogatory language to describe a baby, which can be seen as an attack on the mother's appearance."
img00605.jpg,DJ,Non-Harmful,NULL,The meme uses a humorous comparison between DJs from different eras but does not target women for abuse or harassment.
img00606.jpg,woman baking,Non-Harmful,NULL,The meme uses a humorous scenario to critique pro-abortion views without targeting women personally.
img00607.jpg,woman's appearance,Non-Harmful,NULL,The image contrasts two women's appearances but does not target either for abuse or harassment.
img00609.jpg,female warrior,Non-Harmful,NULL,The image contrasts exaggerated and realistic portrayals of a female warrior without targeting women for abuse or degradation.
img00610.jpg,female role,Non-Harmful,NULL,The meme uses a humorous comparison between two scenarios but does not target women for abuse or harassment.
img00611.jpg,woman applying makeup,Non-Harmful,NULL,"The meme uses a study to make a statement about women's attractiveness, which is a neutral observation."
img00613.jpg,man eating burger,Non-Harmful,NULL,"The image depicts a man eating a burger, which is a neutral activity and does not target women for abuse or harassment."
img00614.jpg,woman,Non-Harmful,NULL,The meme uses a humorous tone to discuss menopause but does not target women for abuse or harassment.
img00615.jpg,woman musician,Non-Harmful,NULL,"The image depicts a woman playing a lute, which is a neutral activity unrelated to harmful content."
img00616.jpg,woman,Implicit-Harm,Sexual-Harassment,"The meme uses a derogatory statement about women being men to make a humorous point, which can be seen as degrading."
img00617.jpg,birds,Non-Harmful,NULL,The image uses birds to represent virtues without targeting women for abuse or degradation.
img00618.jpg,male model,Non-Harmful,NULL,"The image uses a male model to represent 'Bosnians', which is a generalization and not harmful."
img00619.jpg,woman's appearance,Non-Harmful,NULL,The image does not directly target women for abuse or harassment.
img00620.png,woman in nun attire,Non-Harmful,NULL,The image depicts a character in nun attire but does not contain any explicit or implicit harm towards women.
img00621.jpg,man wearing ballet attire,Non-Harmful,NULL,"The image depicts a man in ballet attire in a children's playroom, which is a humorous and non-harmful scenario."
img00622.jpg,students,Non-Harmful,NULL,The image depicts students in a classroom setting without any explicit or implicit harm towards women.
img00624.jpg,woman reclining,Non-Harmful,NULL,The image uses a classical painting to humorously express a personal preference without targeting women for abuse or degradation.
img00625.jpg,food,Non-Harmful,NULL,"The image shows a plate of food, which does not target women for abuse or harassment."
img00626.jpg,Housewife,Non-Harmful,NULL,The table shows statistics on suicides by profession but does not depict any harmful content towards housewives.
img00627.png,director Honey Trehan,Non-Harmful,NULL,The image is an interview about a film project and does not contain any content targeting women for abuse or harassment.
img00628.png,female characters,Non-Harmful,NULL,The image categorizes characters into different groups but does not depict any harmful content towards women.
img00629.jpg,woman's appearance,Non-Harmful,NULL,The image features a cartoon character with exaggerated features but does not target women for abuse or harassment.
img00630.png,male figure,Non-Harmful,NULL,The image features a male figure without any depiction of harm towards women.
img00631.jpg,water elemental Aeon,Non-Harmful,NULL,"The meme uses a water elemental character as an example of a mythical figure, which is not harmful."
img00632.jpg,women,Non-Harmful,NULL,"The image contrasts stereotypes of bullies from movies and TV shows with real-life bullies, focusing on men."
img00633.jpg,woman being kissed,Explicit-Harm,Sexual-Harassment,"The image depicts a woman being kissed without consent, which is a form of sexual harassment."
img00634.jpg,woman,Implicit-Harm,Sexual-Harassment,"The meme implies the man is thinking about other women, which could be seen as a form of sexual harassment."
img00635.jpg,woman's appearance,Implicit-Harm,Sexual-Harassment,"The meme implies that a girlfriend should ride motorcycles, which is a form of sexual harassment."
img00636.jpg,woman,Non-Harmful,NULL,The meme does not target women for abuse or harassment.
img00637.jpg,woman's diary,Non-Harmful,NULL,The meme references a diary without targeting women for abuse or harassment.
img00638.png,woman,Non-Harmful,NULL,The meme uses a math joke unrelated to women.
img00639.png,woman,Non-Harmful,NULL,"The image depicts a woman being supported by her ex-husband, which is a positive portrayal of their relationship."
img00640.jpg,woman's appearance,Explicit-Harm,Sexual-Harassment,The meme uses a derogatory term 'cheese tits' to describe a woman's appearance.
img00641.jpg,man speaking,Non-Harmful,NULL,The image contains a man speaking but does not depict any harmful content towards women.
img00642.png,woman,Non-Harmful,NULL,The meme uses a humorous but non-harmful comparison to describe the orca's behavior.
img00643.jpg,woman,Non-Harmful,NULL,"The image contains a meme referencing men cheating on their partners, which is a general observation rather than targeting women for abuse."
img00644.jpg,woman's appearance,Non-Harmful,NULL,The meme uses a humorous context to discuss career choices without targeting women for abuse or degradation.
img00645.png,woman's reaction,Non-Harmful,NULL,"The meme uses a man's reaction to depict a woman's hypothetical response, which is a common trope in memes but does not directly harm or stereotype women."
img00646.jpg,woman,Non-Harmful,NULL,The meme does not target women for abuse or harassment.
img00647.png,woman,Non-Harmful,NULL,The meme uses a gendered term 'ONE SEX PLEASE' without targeting women for abuse or degradation.
img00648.jpg,woman's request,Non-Harmful,NULL,"The meme humorously depicts a scenario involving a woman's request, which is a neutral interaction without targeting women for abuse or harassment."
img00649.jpg,woman's appearance,Non-Harmful,NULL,The image uses a meme format to discuss a personal experience without targeting women for abuse or degradation.
img00650.png,woman's appearance,Non-Harmful,NULL,The meme does not directly target or harm women.
img00651.png,woman,Non-Harmful,NULL,The meme does not target women for abuse or harassment.
img00652.png,woman babysitting,Non-Harmful,NULL,"The meme humorously depicts a scenario involving a woman babysitting a dog, which is a common and neutral activity."
img00653.png,woman's appearance,Non-Harmful,NULL,The image does not depict any explicit or implicit harm towards women.
img00654.jpg,woman,Implicit-Harm,Sexual-Harassment,"The meme implies a sexualized and objectifying interaction between the characters, suggesting the woman is being treated as a means to an end rather than a person."
img00655.jpg,woman's wisdom teeth,Non-Harmful,NULL,The meme humorously discusses a personal experience without targeting women for abuse or degradation.
img00656.png,cookie,Non-Harmful,NULL,The meme uses a cookie as a generic placeholder without targeting women for abuse or degradation.
img00657.jpg,waitress,Non-Harmful,NULL,The meme humorously depicts a positive interaction without targeting women for abuse or degradation.
img00658.png,woman,Non-Harmful,NULL,The meme does not target women for abuse or harassment.
img00659.png,man at desk,Non-Harmful,NULL,The meme uses a humorous context without targeting women for abuse or degradation.
img00660.jpg,woman's address,Non-Harmful,NULL,The meme does not directly target women for abuse or harassment.
img00661.png,woman,Implicit-Harm,Sexual-Harassment,"The meme implies a sexual double standard, suggesting that men have more sex than women, which is a form of sexual harassment."
img00662.png,woman,Non-Harmful,NULL,The meme uses a humorous scenario to highlight a common frustration without targeting women for abuse or harassment.
img00663.png,woman,Non-Harmful,NULL,The image uses a humorous slogan about birth control pills without targeting women for abuse or degradation.
img00664.png,Futurama character,Non-Harmful,NULL,"The meme uses Futurama character to express a humorous self-doubt about sexual orientation, which is not targeted at women."
img00665.jpg,female relationship,Non-Harmful,NULL,The meme uses a non-sexist context to highlight the importance of privacy in online interactions.
img00666.png,woman's appearance,Non-Harmful,NULL,The image uses a well-known character to make a statement about feminism and gender equality without targeting women for abuse or harassment.
img00667.png,woman's appearance,Non-Harmful,NULL,The meme uses a generic reference to 'sexist content' without targeting any specific women.
img00668.jpg,female character,Non-Harmful,NULL,"The image shows a lollipop designed to resemble a female character, which is a playful and non-harmful depiction."
img00669.jpg,woman wearing glasses,Non-Harmful,NULL,The meme does not target women for abuse or harassment.
img00670.jpg,woman's appearance,Non-Harmful,NULL,The meme does not target women for abuse or harassment.
img00671.jpg,woman,Explicit-Harm,Sexual-Harassment,The meme makes a sexualized and offensive proposition about a woman's transition to identify as a woman.
img00672.jpg,woman,Non-Harmful,NULL,The meme uses a humorous exchange between two characters without targeting women for abuse or harassment.
img00673.png,woman,Non-Harmful,NULL,The meme does not target women for abuse or harassment.
img00674.png,wife,Non-Harmful,NULL,The meme uses a humorous scenario without targeting women for abuse or degradation.
img00675.jpg,woman,Non-Harmful,NULL,"The meme uses a hyperbolic threat to express frustration, which is not directed at women as a group."
img00676.jpg,cute girls,Non-Harmful,NULL,The meme uses a humorous but non-harmful reference to 'cute girls' without targeting them for abuse or degradation.
img00677.png,Barbie,Non-Harmful,NULL,"The image depicts a humorous scenario involving Barbie learning about technology, which is not harmful."
img00678.jpg,woman,Non-Harmful,NULL,The meme does not target women for abuse or harassment.
img00679.jpg,woman's appearance,Non-Harmful,NULL,"The meme uses a humorous statement about clothes being startled, which is a common trope but does not target women for abuse or harassment."
img00680.jpg,female characters,Non-Harmful,NULL,The meme uses a humorous exchange between two characters without targeting women for abuse or degradation.
img00681.jpg,woman,Non-Harmful,NULL,"The meme uses a humorous statement about time allocation between a boyfriend and sex, which is a common trope but does not target women for abuse or harassment."
img00682.jpg,dog,Non-Harmful,NULL,"The meme uses a dog to represent 'guys' rather than 'girls', which is a neutral example."
img00683.png,woman,Non-Harmful,NULL,The meme does not target the woman for abuse or harassment.
img00684.png,woman,Non-Harmful,NULL,The meme uses a confrontational tone but does not target women for abuse or harassment.
img00685.jpg,woman,Non-Harmful,NULL,The meme does not target women for abuse or harassment.
img00686.jpg,woman digging through purse,Non-Harmful,NULL,The meme uses a humorous scenario without targeting women for abuse or degradation.
img00687.jpg,woman's appearance,Non-Harmful,NULL,The image focuses on a man's actions without mentioning or depicting a woman.
img00688.jpg,woman in pink top,Non-Harmful,NULL,The meme uses a humorous scenario without targeting the woman for abuse or degradation.
img00689.png,girlfriend,Non-Harmful,NULL,"The meme humorously depicts a scenario where the penguin character protects his girlfriend in a dream, which is a common trope in memes but does not target women for abuse or harassment."
img00690.jpg,woman,Non-Harmful,NULL,"The meme uses a bear to humorously express a desire for peace away from family, which is a neutral statement."
img00691.jpg,man's expression,Non-Harmful,NULL,"The image contains a man expressing frustration, but there is no direct targeting or harm towards women."
img00692.png,woman,Implicit-Harm,Sexual-Harassment,"The meme uses a derogatory term 'bitch' to describe a woman, which is a form of sexual harassment."
img00693.png,woman,Non-Harmful,NULL,"The meme uses a humorous context involving a plastic surgeon to make a joke about eyebrows, which is not directed at women."
img00694.jpg,woman wearing dreadlocks,Non-Harmful,NULL,The meme does not target women for abuse or harassment.
img00695.png,wife,Non-Harmful,NULL,The meme uses a humorous but non-harmful scenario to discuss a relationship dynamic.
img00696.jpg,wolf,Non-Harmful,NULL,"The image features a wolf with a distorted face, which is not directly related to women or their actions."
img00697.png,Reddit friends,Non-Harmful,NULL,"The meme suggests asking Reddit friends to vote, which is a common practice but does not target women for abuse or harassment."
img00698.jpg,man in suit,Non-Harmful,NULL,"The image is a humorous tribute to a Direct TV technician, not targeting women."
img00699.png,woman,Non-Harmful,NULL,"The meme uses a metaphor comparing a nap to an appetizer for sleep, which is a neutral observation."
img00700.jpg,man's appearance,Non-Harmful,NULL,The meme uses a man as a placeholder for a woman without targeting him for abuse or harassment.
img00701.png,woman's behavior,Non-Harmful,NULL,The meme humorously depicts a scenario without targeting women for abuse or degradation.
img00702.jpg,woman smiling,Non-Harmful,NULL,The meme uses a positive portrayal of a woman to promote feminism without any negative connotations towards women.
img00703.jpg,woman standing behind man,Non-Harmful,NULL,The image depicts a humorous scenario without targeting women for abuse or harassment.
img00704.png,man in suit,Non-Harmful,NULL,The meme uses a humorous but non-abusive tone to make a point about relationships.
img00705.jpg,woman,Non-Harmful,NULL,The meme does not target women for abuse or harassment.
img00706.jpg,woman's appearance,Non-Harmful,NULL,"The meme uses a cartoon character to humorously suggest tightening 'lids', which is a playful reference and not directed at any specific gender."
img00707.jpg,woman,Non-Harmful,NULL,"The meme uses a humorous statement about a scar as a memory aid, which is not directed at women."
img00708.png,man wearing sunglasses,Non-Harmful,NULL,The meme uses a man as a placeholder for a woman without targeting her for abuse or harassment.
img00709.jpg,woman,Non-Harmful,NULL,The meme does not directly target women for abuse or harassment.
img00710.jpg,woman's appearance,Non-Harmful,NULL,The image humorously depicts a bear mimicking a human behavior without targeting women for abuse or degradation.
img00711.png,fitness-obsessed girl,Non-Harmful,NULL,"The meme uses a fitness-obsessed individual as a means to indirectly criticize another person's weight, which is not directly harmful but can be seen as a form of subtle criticism."
img00712.jpg,Peter Griffin,Non-Harmful,NULL,The meme uses Peter Griffin to express a personal opinion without targeting women for abuse or degradation.
img00713.png,woman,Non-Harmful,NULL,"The meme uses a humorous exaggeration to depict a scenario involving a man and children, without targeting women for abuse or degradation."
img00714.png,seal,Non-Harmful,NULL,"The image uses a seal to deliver a humorous message about smell, which is not directed at women."
img00715.jpg,woman,Non-Harmful,NULL,The meme humorously lists extravagant desires without targeting women for abuse or degradation.
img00716.jpg,woman,Non-Harmful,NULL,"The meme uses a tiger to humorously depict a man's perception of his girlfriend, but it does not target women for abuse or harassment."
img00717.jpg,farts,Non-Harmful,NULL,The meme uses a comparison to teenagers without targeting women for abuse or harassment.
img00718.jpg,woman's appearance,Non-Harmful,NULL,The meme uses a humorous context without targeting women for abuse or degradation.
img00719.png,woman's appearance,Non-Harmful,NULL,The image uses a man wearing a mask to represent a 'woman's appearance' without any harmful intent.
img00720.jpg,crazy ex-girlfriends,Implicit-Harm,Sexual-Harassment,The meme uses a derogatory term 'crazy ex-girlfriends' to make a generalization about their behavior.
img00721.png,man,Non-Harmful,NULL,The meme uses a humorous context without targeting women for abuse or degradation.
img00722.jpg,woman,Non-Harmful,NULL,The meme does not target women for abuse or harassment.
img00723.jpg,man wearing sunglasses,Non-Harmful,NULL,"The meme uses a man to make a humorous statement about avoiding fines, which is not targeted at women."
img00724.jpg,woman,Non-Harmful,NULL,"The meme uses a humorous scenario involving a bear to critique a partner's behavior, but it does not target women for abuse or harassment."
img00725.png,woman,Non-Harmful,NULL,The meme advises against weight-loss pills and wraps without addressing underlying issues or providing alternatives.
img00726.png,man,Non-Harmful,NULL,"The image features a man in a leather jacket, but there is no indication of harm towards women."
img00727.png,house,Non-Harmful,NULL,The meme uses a humorous statement about housekeeping without targeting women.
img00728.jpg,woman's age,Non-Harmful,NULL,The meme uses a factual statement about age to make a humorous point without targeting women for abuse or harassment.
img00729.png,woman's appearance,Non-Harmful,NULL,"The meme uses a seal to represent a girlfriend reacting to criticism, which is a common trope but does not target women for abuse or harassment."
img00730.png,woman,Non-Harmful,NULL,The meme uses a Star Wars reference to 'It's a Trap' without any explicit or implicit harm towards women.
img00731.png,woman on date,Implicit-Harm,Sexual-Harassment,The meme portrays an inappropriate and disrespectful interaction between a man and a woman.
img00732.jpg,woman's appearance,Non-Harmful,NULL,The meme humorously suggests a desire for a jacket without addressing any harmful stereotypes.
img00733.jpg,woman's appearance,Non-Harmful,NULL,The meme uses a humorous reference to 'morning wank' without targeting or degrading women.
img00734.jpg,woman,Non-Harmful,NULL,The meme uses a common trope to highlight the perceived imbalance in household chores.
img00735.png,woman,Non-Harmful,NULL,The meme discusses gender roles but does not target women for abuse or harassment.
img00736.jpg,woman,Non-Harmful,NULL,The image does not depict any harm towards women.
img00737.jpg,man's muscular arm,Non-Harmful,NULL,The image uses a muscular man as a visual element but does not target women for abuse or harassment.
img00738.png,woman,Non-Harmful,NULL,The image discusses wage gaps and career choices but does not explicitly harm or stereotype women.
img00739.png,girlfriend,Implicit-Harm,Sexual-Harassment,The meme promotes a harmful stereotype about relationships and family dynamics.
img00740.jpg,ex-girlfriend,Non-Harmful,NULL,The meme does not target women for abuse or harassment.
img00741.png,woman,Non-Harmful,NULL,"The meme uses a common trope about a 'perfect' partner, which is often used to mock or degrade real women."
img00742.png,woman's relationship,Non-Harmful,NULL,The meme humorously discusses a personal relationship issue without targeting women for abuse or degradation.
img00743.png,woman holding knife,Explicit-Harm,Violence,"The woman is depicted holding a knife and accusing Rob of cheating, which escalates into physical violence."
img00744.png,woman,Non-Harmful,NULL,"The image is a humorous meme about cancer recovery, not targeting women for abuse or harassment."
img00745.jpg,woman wearing Nirvana shirt,Non-Harmful,NULL,The meme is a compliment about clothing preference and does not target women for abuse or harassment.
img00746.png,woman,Non-Harmful,NULL,The meme does not target women for abuse or harassment.
img00747.png,woman wearing ice pop print top,Non-Harmful,NULL,The image shows a woman in a casual setting without any harmful content.
img00748.jpg,woman,Non-Harmful,NULL,The meme does not target the woman for abuse or harassment.
img00749.jpg,man,Non-Harmful,NULL,The meme uses a popular cultural reference to express frustration without targeting women.
img00750.jpg,woman,Non-Harmful,NULL,The meme does not target women for abuse or harassment.
img00751.jpg,woman,Non-Harmful,NULL,"The image is a humorous meme about CPR instructions, which do not target women for abuse or harassment."
img00752.png,female bestfriend,Non-Harmful,NULL,The meme depicts a humorous scenario without targeting women for abuse or degradation.
img00753.jpg,woman's appearance,Non-Harmful,NULL,The meme does not target women for abuse or harassment.
img00754.png,wife,Non-Harmful,NULL,The meme uses a humorous scenario to highlight a common experience without targeting the wife for abuse or harassment.
img00755.png,woman holding sign,Non-Harmful,NULL,The image uses a meme format to highlight the importance of grammar without targeting women for abuse or harassment.
img00756.jpg,woman,Non-Harmful,NULL,The meme does not target women for abuse or harassment.
img00757.jpg,woman,Non-Harmful,NULL,The meme uses a humorous context to discuss behavior without targeting women for abuse or degradation.
img00758.jpg,man wearing gloves,Non-Harmful,NULL,"The image features a man in a glamorous outfit, but there is no direct targeting of women or any form of harm."
img00759.jpg,tourists,Non-Harmful,NULL,The meme does not target women for abuse or harassment.
img00760.jpg,woman,Non-Harmful,NULL,The meme does not target women for abuse or harassment.
img00761.png,women's association with Skittles,Non-Harmful,NULL,"The meme uses a comparison between Skittles and M&Ms to make a political point about refugees, which feminists might find offensive."
img00762.jpg,woman,Non-Harmful,NULL,The meme uses a humorous scenario involving a separation without targeting women for abuse or degradation.
img00763.png,woman,Non-Harmful,NULL,The meme humorously depicts a common household scenario without targeting women for abuse or degradation.
img00764.jpg,woman,Non-Harmful,NULL,The meme does not target women for abuse or harassment.
img00765.jpg,woman,Non-Harmful,NULL,The meme uses a humorous but non-harmful scenario involving a man's preference for Thai food and his wife's compromise.
img00766.jpg,woman,Non-Harmful,NULL,"The meme uses a 'First World Problems' format to express frustration about weather conditions, which is a common meme genre."
img00767.jpg,woman,Non-Harmful,NULL,The meme uses a seal to humorously depict a relatable situation without targeting women for abuse or degradation.
img00768.jpg,woman,Explicit-Harm,Violence,"The woman is depicted as physically aggressive towards the man, which constitutes explicit harm."
img00769.jpg,girlfriend's dad,Non-Harmful,NULL,The meme humorously depicts a common scenario without targeting women for abuse or degradation.
img00770.jpg,woman wearing glasses,Implicit-Harm,Sexual-Harassment,"The meme suggests that dating a woman who wears glasses is like dating two girls when she takes them off, which implies a double standard."
img00771.jpg,wolf,Non-Harmful,NULL,"The image features a wolf with a threatening expression, but there is no indication of harm towards women."
img00772.jpg,wife,Non-Harmful,NULL,The meme uses a humorous context without targeting the wife for abuse or degradation.
img00773.png,woman,Non-Harmful,NULL,"The meme uses a character to make a statement about gender identity, which is a personal choice and not harmful."
img00774.jpg,man with long hair and beard,Non-Harmful,NULL,The image is a meme expressing self-reflection without targeting women.
img00775.jpg,Britney Spears,Non-Harmful,NULL,"The meme uses Britney Spears as a vehicle for a historical anecdote about a boy who later became Adolf Hitler, which is unrelated to her."
img00776.png,woman,Non-Harmful,NULL,"The meme uses a playful suggestion to name a borough after a woman, which is a lighthearted reference rather than an attack on women."
img00777.png,woman,Non-Harmful,NULL,The image uses a bear to humorously depict a situation without targeting women for abuse or degradation.
img00778.jpg,woman,Implicit-Harm,Sexual-Harassment,"The meme suggests a harmful and manipulative approach to relationships, implying that cheating on a previous partner is acceptable."
img00779.jpg,mother,Non-Harmful,NULL,The meme uses a humorous but non-harmful comparison to highlight the mother's competence.
img00780.jpg,woman on couch,Explicit-Harm,Sexual-Harassment,"The meme uses derogatory language directed at the woman, implying she is a 'sl*t', which is a form of sexual harassment."
img00781.jpg,woman at bar,Implicit-Harm,Sexual-Harassment,"The meme implies that women are often propositioned for drinks, which can be seen as sexual harassment."
img00782.jpg,woman,Non-Harmful,NULL,The meme uses a factual statement to make a humorous point without targeting women for abuse or degradation.
img00783.png,woman character,Explicit-Harm,Sexual-Harassment,The meme uses derogatory language to describe women as 'crazy bitches' and implies they have better memory than MacBooks.
img00784.jpg,woman's appearance,Non-Harmful,NULL,The meme uses a humorous comparison involving Harry Potter but does not target women for abuse or harassment.
img00785.jpg,woman in a car,Non-Harmful,NULL,The meme uses a neutral scenario to make a point about Facebook memes without targeting women.
img00786.jpg,woman,Implicit-Harm,Sexual-Harassment,The meme implies a sexual harassment scenario where a man sends inappropriate content expecting a sexual response.
img00787.jpg,woman,Non-Harmful,NULL,"The meme uses a cartoon character to depict a humorous reaction to a situation involving a woman, but it does not target women for abuse or harassment."
img00788.jpg,brain,Non-Harmful,NULL,The image uses a brain to represent mental effort without targeting women for abuse or harassment.
img00789.jpg,man in office,Non-Harmful,NULL,The meme uses a humorous context without targeting women for abuse or degradation.
img00790.jpg,woman,Non-Harmful,NULL,"The meme uses a juxtaposition of a woman's hopeful anticipation with a sniper aiming at her, but it does not explicitly harm or degrade the woman."
img00791.jpg,pregnant woman,Non-Harmful,NULL,The meme uses a neutral scenario to make a humorous observation about parking spaces.
img00792.jpg,woman singing,Non-Harmful,NULL,The meme does not target women for abuse or harassment.
img00793.jpg,Wonder Woman,Non-Harmful,NULL,"The image uses playful wordplay to rename Wonder Woman as 'Wonder Whomman', 'Wonder Whomstman', and 'Wonder Man', which is a harmless pun."
img00794.jpg,Apricots,Non-Harmful,NULL,"The image uses a play on words to humorously confuse 'apricots' with 'apri thots', but it does not target women for abuse or harassment."
img00795.jpg,green-haired woman,Non-Harmful,NULL,The image uses a humorous scenario involving a green-haired woman without any harmful intent.
img00796.jpg,woman in purple dress,Non-Harmful,NULL,The meme uses a neutral tone to make a humorous observation about the longevity of the world.
img00797.jpg,woman,Explicit-Harm,Sexual-Harassment,The image uses derogatory language and stereotypes to degrade women.
img00798.jpg,woman's appearance,Non-Harmful,NULL,The image uses a cartoon character to depict a humorous scenario without targeting women for abuse or harassment.
img00799.jpg,woman,Explicit-Harm,Violence,The meme depicts physical violence against a woman as a solution to a relationship issue.
img00800.jpg,woman being kissed,Non-Harmful,NULL,"The image depicts a man reacting to a kiss, which is a common scenario but does not involve any explicit or implicit harm towards women."
img00801.jpg,woman's appearance,Non-Harmful,NULL,"The image uses a meme format to make a humorous comparison between sending 'dick pics' and 'Wiener Art', which is a type of food. There is no direct harm to women."
img00802.png,nurse,Non-Harmful,NULL,"The image depicts a nurse interacting with a patient, which is a neutral medical scenario."
img00803.jpg,woman's appearance,Non-Harmful,NULL,The meme uses a humorous scenario to highlight the boss's reaction to the employee's appearance without makeup.
img00804.jpg,man's expression,Non-Harmful,NULL,The image uses a dramatic expression to convey a message but does not target women for abuse or harassment.
img00805.jpg,woman,Non-Harmful,NULL,The tweet is a general motivational message and does not target women for abuse or harassment.
img00806.png,male interaction,Non-Harmful,NULL,The interaction between the two men does not target women for abuse or harassment.
img00807.jpg,teachers,Non-Harmful,NULL,The meme does not target teachers for abuse or harassment.
img00808.jpg,woman's appearance,Non-Harmful,NULL,The meme uses a visual metaphor to comment on a common social scenario without targeting women for abuse or harassment.
img00809.jpg,female relationship,Non-Harmful,NULL,"The image depicts a frog protecting another frog, which is a cute and non-harmful scenario."
img00810.png,female characters,Non-Harmful,NULL,The image showcases diverse female characters from sci-fi movies without any negative connotations.
img00811.jpg,woman's appearance,Non-Harmful,NULL,"The image depicts a humorous anthropomorphized goldfish with a human-like body, which is not harmful to women."
img00812.png,woman,Explicit-Harm,Violence,"The image depicts a woman in a mugshot, suggesting she is involved in a violent act, which is harmful."
img00813.jpg,woman patient,Explicit-Harm,Sexual-Harassment,"The meme uses a sexualized and disrespectful tone towards the woman patient, implying she is being asked about her pregnancy status in an inappropriate manner."
img00814.jpg,woman driving,Implicit-Harm,Sexual-Harassment,"The meme uses a child's expression to mock men's reactions to women driving, which can be seen as objectifying their responses."
img00815.jpg,woman,Non-Harmful,NULL,The meme does not target women for abuse or harassment.
img00816.jpg,woman,Non-Harmful,NULL,The meme does not target women for abuse or harassment.
img00817.jpg,naked girl,Non-Harmful,NULL,"The image humorously compares the number of likes a naked girl can get to the number of likes veterans can get from a meme war, without targeting women for abuse."
img00818.jpg,woman,Non-Harmful,NULL,"The meme uses a humorous statement about losing items, which is not directed at women."
img00819.jpg,woman's appearance,Non-Harmful,NULL,"The image shows a couple kissing, but there is no explicit or implicit harm towards the woman's appearance or behavior."
img00820.jpg,woman,Non-Harmful,NULL,The meme uses a scene from 'Game of Thrones' to promote a respectful interaction between characters.
img00821.jpg,woman sleeping,Non-Harmful,NULL,The meme uses a humorous scenario without targeting women for abuse or degradation.
img00822.png,woman,Implicit-Harm,Sexual-Harassment,"The meme uses a joke about a girlfriend to imply that women are the source of humor, which can be seen as degrading."
img00823.jpg,woman,Non-Harmful,NULL,The meme uses a social awkwardness scenario to humorously discuss dating dynamics without targeting women for abuse or degradation.
img00824.jpg,man in suit,Non-Harmful,NULL,"The image shows two men in a professional setting, but there is no indication of harm towards women."
img00825.jpg,man in tie,Non-Harmful,NULL,"The image depicts a humorous scenario involving a man in a tie, but there is no explicit or implicit harm towards women."
img00826.jpg,man in group text,Non-Harmful,NULL,The meme humorously references a common social situation without targeting women for abuse or degradation.
img00827.jpg,woman,Non-Harmful,NULL,The tweet describes a situation without any negative portrayal or harm towards the woman.
img00828.jpg,woman,Non-Harmful,NULL,"The image shows a YouTube video discussing food hacks, which is unrelated to any harm towards women."
img00829.jpg,female role,Non-Harmful,NULL,The meme uses a Star Wars reference to discuss a fictional conflict without targeting women for abuse or harassment.
img00830.jpg,man in costume,Non-Harmful,NULL,"The meme uses a man in a costume to represent a serious medical condition, which is not harmful."
img00831.jpg,woman as girlfriend,Implicit-Harm,Sexual-Harassment,"The meme uses a stereotypical and objectifying description of a girlfriend, suggesting she is primarily valued for cuddles and massages."
img00832.jpg,women victims,Non-Harmful,NULL,The image compares rape statistics without targeting women for abuse or harassment.
img00833.jpg,woman's secret,Implicit-Harm,Sexual-Harassment,"The meme uses a suggestive tone about a woman's body and her ability to hide Pokéballs, which is a form of sexual harassment."
img00834.jpg,woman,Non-Harmful,NULL,The meme uses a humorous scenario involving spam messages without targeting women for abuse or degradation.
img00835.png,woman,Non-Harmful,NULL,The meme uses a neutral scenario to highlight a positive action towards a woman.
img00836.jpg,CNN logo,Non-Harmful,NULL,The CNN logo is used as a placeholder without any negative connotations towards women.
img00837.png,woman,Non-Harmful,NULL,The meme uses a humorous scenario without targeting or degrading women.
img00838.jpg,women shoppers,Non-Harmful,NULL,The image uses a humorous comparison between 'Equality' and 'Equity' without targeting women for abuse or harassment.
img00839.png,squidward's appearance,Non-Harmful,NULL,"The image uses Squidward's exaggerated facial expressions to convey frustration, which is a common trope in memes but does not target women for abuse or harassment."
img00840.jpg,woman,Non-Harmful,NULL,The meme does not target women for abuse or harassment.
img00841.jpg,woman passenger,Non-Harmful,NULL,"The image depicts a humorous scenario involving a passenger's discomfort, but there is no explicit or implicit harm towards the woman."
img00842.jpg,woman,Implicit-Harm,Sexual-Harassment,"The logic gate implies that women are always right, which perpetuates a harmful stereotype about women's roles."
img00843.jpg,female hand,Non-Harmful,NULL,"The image uses fruit to demonstrate a technique, which is not intended as harmful."
img00845.jpg,woman,Non-Harmful,NULL,"The image depicts a conversation about relaxation and memes, which is a neutral interaction."
img00846.jpg,woman,Non-Harmful,NULL,The conversation does not target women for abuse or harassment.
img00847.jpg,a Woman,Implicit-Harm,Sexual-Harassment,The meme promotes a harmful stereotype by suggesting that understanding women requires a separate guide compared to men.
img00848.png,woman,Non-Harmful,NULL,The meme does not target women for abuse or harassment.
img00849.jpg,woman,Explicit-Harm,Sexual-Harassment,"The meme uses offensive language and a derogatory term to refer to a group of women, promoting sexual harassment."
img00850.png,women gossiping,Implicit-Harm,Misogyny,"The meme implies that women are always gossiping, which perpetuates a stereotype about their constant chatter."
img00851.jpg,woman's appearance,Non-Harmful,NULL,The meme uses a humorous but non-abusive tone to comment on the relationship dynamics.
img00852.jpg,woman wearing a feminist shirt,Explicit-Harm,Sexual-Harassment,The meme depicts a woman being harassed and belittled for her identity as a feminist.
img00853.jpg,woman,Implicit-Harm,Sexual-Harassment,The meme makes a sexual assumption about women's desires based on their physical state.
img00854.jpg,female lab partner,Non-Harmful,NULL,The meme uses a humorous comparison to highlight the enduring nature of lab partnerships without targeting women for abuse or degradation.
img00855.jpg,man's appearance,Implicit-Harm,Misogyny,"The meme uses a man's appearance to make a generalization about his social prospects, which can be seen as a form of gender-based discrimination."
img00856.jpg,woman,Explicit-Harm,Sexual-Harassment,"The meme uses derogatory language to describe a woman as 'b*tch' and suggests using chocolate as a means to control her, which is sexually objectifying."
img00857.jpg,woman,Non-Harmful,NULL,"The meme humorously depicts a bear's perspective on a quiet morning, which does not target women for abuse or harassment."
img00858.jpg,woman,Non-Harmful,NULL,The meme uses a humorous context to discuss a wife's driving habits without targeting her negatively.
img00859.jpg,woman,Explicit-Harm,Sexual-Harassment,"The meme suggests that impressing a woman requires physical affection and support, which can be seen as degrading."
img00860.jpg,Nike tagline,Non-Harmful,NULL,"The meme uses humor to question the origin of Nike's tagline, but it does not target women for abuse or harassment."
img00861.png,aunts,Non-Harmful,NULL,"The meme uses a playful, non-offensive language to ask about aunts, without targeting women for abuse or degradation."
img00862.png,girl's hand,Non-Harmful,NULL,The meme humorously depicts a common social scenario without targeting women for abuse or harassment.
img00863.jpg,woman,Explicit-Harm,Sexual-Harassment,"The meme depicts a man aggressively confronting a woman, which is a form of sexual harassment."
img00864.jpg,woman's appearance,Implicit-Harm,Appearance-Attack,"The image assigns 'selfies' to women, suggesting they prioritize appearance over STEM contributions."
img00865.jpg,man using laptop,Non-Harmful,NULL,"The image shows a man using a laptop with the word 'chungus' displayed, which is a reference to a popular internet meme but does not target women for abuse or harassment."
img00866.jpg,woman,Non-Harmful,NULL,The image contains offensive language targeting specific groups but does not directly harm or degrade women.
img00867.jpg,woman,Non-Harmful,NULL,The image is a humorous crossover reference and does not target women for abuse or harassment.
img00868.jpg,woman in pink shirt,Non-Harmful,NULL,"The image shows two women in pink shirts, but there is no indication of harm or negative connotation towards them."
img00869.jpg,women empowerment conference,Non-Harmful,NULL,The image depicts a conference promoting women's empowerment without any negative connotations.
img00870.jpg,woman,Explicit-Harm,Sexual-Harassment,"The meme presents a scenario involving false accusations of rape, which is a form of sexual harassment."
img00871.jpg,man with pearl necklace,Non-Harmful,NULL,"The meme uses a man wearing a pearl necklace as an example of gender stereotypes, but it does not target women for abuse or harassment."
img00872.jpg,man speaking,Non-Harmful,NULL,"The image shows a YouTube video thumbnail and a man speaking, but there is no explicit or implicit harm towards women."
img00873.jpg,woman cooking,Non-Harmful,NULL,The meme uses a humorous scenario without targeting women for abuse or degradation.
img00874.jpg,woman,Non-Harmful,NULL,The meme does not target women for abuse or harassment.
img00875.jpg,woman in a police interaction,Explicit-Harm,Sexual-Harassment,"The image depicts a woman being involved in a scenario where she is attempting to manipulate a police officer into a potentially dangerous situation, which could be interpreted as sexual harassment."
img00876.jpg,woman,Non-Harmful,NULL,"The meme expresses affection towards a girlfriend regardless of her astrological sign, which is a positive statement."
img00877.jpg,nurses,Explicit-Harm,Sexual-Harassment,"The nurses are depicted engaging in sexual activity with a deceased man, which is inappropriate and disrespectful."
img00878.jpg,woman,Explicit-Harm,Sexual-Harassment,The comment 'Damn she’s one ugly bitch' is a derogatory and insulting statement directed at the woman.
img00879.jpg,woman's appearance,Non-Harmful,NULL,"The image shows a dating app profile with a woman's photo, but there is no explicit or implicit harm towards her."
img00880.jpg,woman driver,Non-Harmful,NULL,"The image is a neutral depiction of a couple moments before a tragic event, without targeting women for abuse or harassment."
img00881.png,woman,Explicit-Harm,Sexual-Harassment,The meme includes derogatory language and violent imagery directed at a woman.
img00882.jpg,woman being cut in half,Explicit-Harm,Violence,The image depicts a violent act of cutting a woman in half as part of a magic trick.
img00883.jpg,woman's appearance,Non-Harmful,NULL,The meme uses a frog to humorously depict a situation without targeting women for abuse or degradation.
img00884.jpg,woman,Non-Harmful,NULL,"The image uses 'W' to represent 'wife', which is a neutral term."
img00885.png,woman,Non-Harmful,NULL,"The image is a meme referencing RiceGum's actions, which are not directly targeting women but rather depicting a controversial situation involving a sexual assault victim."
img00886.jpg,women associated with political figures,Non-Harmful,NULL,The image compares accusations of sexual assault/harassment among political figures but does not target women themselves.
img00887.jpg,woman,Non-Harmful,NULL,The image discusses a legal case involving a woman but does not depict any harmful content towards her.
img00888.jpg,woman,Non-Harmful,NULL,The meme uses a neutral statement about respecting opinions without targeting women for abuse.
img00889.jpg,woman's appearance,Non-Harmful,NULL,The image uses a humorous but non-harmful depiction of a woman's body to illustrate a relatable scenario.
img00890.jpg,woman,Explicit-Harm,Sexual-Harassment,"The meme depicts a woman receiving a naked photo from a man, which is a form of sexual harassment."
img00891.jpg,woman's appearance,Non-Harmful,NULL,"The image is a YouTube video thumbnail and comments section, which do not contain any explicit or implicit harm towards women."
img00892.jpg,woman's appearance,Non-Harmful,NULL,The image focuses on male characters in various conflicts without targeting women.
img00893.jpg,woman,Explicit-Harm,Sexual-Harassment,"The meme uses derogatory language ('White Bitch') to attack a woman, promoting harmful stereotypes."
img00894.jpg,woman's day,Implicit-Harm,Sexual-Harassment,The meme uses a variety of emojis to depict a 'woman's day' that includes negative and degrading expressions.
img00895.jpg,woman speaking,Implicit-Harm,Sexual-Harassment,"The meme implies that women speak higher pitched when attracted to men, which is a form of sexual harassment."
img00896.jpg,female character,Non-Harmful,NULL,"The image depicts a Star Wars clone trooper, which is not related to women and does not target them for abuse or harassment."
img00897.png,Skeletor,Non-Harmful,NULL,The image uses Skeletor as a meme character without any specific targeting or harm towards women.
img00898.png,woman wearing a hat,Non-Harmful,NULL,The image depicts a humorous exchange about work and childcare responsibilities without targeting women for abuse or degradation.
img00899.jpg,woman,Explicit-Harm,Appearance-Attack,"The meme suggests a doctor recommending breast implants to a young girl, which is inappropriate and focuses on her physical appearance."
img00900.jpg,none,Non-Harmful,NULL,The image does not contain any content targeting women or related to women.
img00901.jpg,blind wife,Non-Harmful,NULL,The image depicts a touching act of care and love without any negative connotations towards the woman.
img00902.jpg,female Thor,Non-Harmful,NULL,The meme uses a playful and imaginative scenario to explore the concept of Thor as a Disney princess without any negative connotations.
img00903.jpg,woman,Explicit-Harm,Sexual-Harassment,"The meme depicts a man aggressively touching a woman's face, which is a form of sexual harassment."
img00904.jpg,woman,Non-Harmful,NULL,The meme uses a sensational headline to create a humorous scenario without targeting women for abuse or harassment.
img00905.jpg,woman,Non-Harmful,NULL,"The image contains a humorous anecdote about a child asking questions, but there is no content targeting women for abuse or harassment."
img00906.jpg,woman,Non-Harmful,NULL,"The image uses a family photo to convey a message about peace, but the green tape on the children's mouths suggests silence or suppression, which is not directly related to the women."
img00907.jpg,woman,Implicit-Harm,Sexual-Harassment,"The meme suggests a patronizing approach to women's issues, implying that fixing their problems is more effective than listening to them."
img00908.jpg,woman,Non-Harmful,NULL,The meme uses a humorous juxtaposition to highlight the contrast between the woman's intention to advocate for gender equality and her own lack of action.
img00909.jpg,woman,Non-Harmful,NULL,The meme suggests equality but uses a dated and unrealistic scenario to imply progress.
img00910.jpg,woman,Non-Harmful,NULL,The meme does not target women for abuse or harassment.
img00911.jpg,woman,Implicit-Harm,Sexual-Harassment,"The meme uses a sexualized interaction to mock the woman's activities, implying she is trivializing her own actions."
img00912.jpg,woman,Non-Harmful,NULL,The meme uses a scenario involving a woman but does not target her for abuse or harassment.
img00914.jpg,woman's appearance,Non-Harmful,NULL,The image uses a meme format to reference a scene from 'Star Wars' but does not target women for abuse or harassment.
img00915.jpg,woman,Explicit-Harm,Sexual-Harassment,The meme depicts a man sexually harassing a woman during a holiday celebration.
img00916.jpg,woman's ID,Non-Harmful,NULL,The meme does not target women for abuse or harassment.
img00917.jpg,woman's appearance,Implicit-Harm,Appearance-Attack,"The image uses exaggerated and unrealistic features to define the 'perfect woman,' which can be harmful as it promotes unrealistic beauty standards."
img00918.jpg,female appearance,Implicit-Harm,Misogyny,The meme uses exaggerated and unrealistic depictions of women to stereotype their attractiveness based on phone brand preferences.
img00919.jpg,woman,Non-Harmful,NULL,The meme uses a derogatory term 'dick' which is not directed at a specific woman but rather as part of a general insult.
img00920.jpg,woman holding sign,Implicit-Harm,Misogyny,The meme uses stereotypes to imply that women must have certain characteristics based on their identity.
img00921.jpg,woman,Explicit-Harm,Sexual-Harassment,"The meme includes a suggestive text message about 'kisses from thots', which is a derogatory term for women."
img00922.jpg,woman,Implicit-Harm,Sexual-Harassment,The meme uses a child's innocent question to make a sexual joke about women's hair length.
img00923.jpg,woman being harassed,Explicit-Harm,Sexual-Harassment,"The man is depicted as aggressively pursuing the woman, which is a form of sexual harassment."
img00924.jpg,woman driving,Non-Harmful,NULL,"The meme uses a child's playful interaction to comment on the mother's hair, which is a non-harmful observation."
img00925.jpg,fashion models,Explicit-Harm,Appearance-Attack,"The meme uses a derogatory term to describe fashion models, attacking their appearance."
img00926.jpg,woman's appearance,Implicit-Harm,Appearance-Attack,"The meme uses high-heeled shoes to symbolize femininity, suggesting that men should aspire to wear them."
img00927.png,duck,Non-Harmful,NULL,"The image uses a duck as a metaphor for a peer HR representative, which is a neutral example."
img00928.png,woman,Implicit-Harm,Sexual-Harassment,"The meme implies that women are inherently more interesting than empowering women, which is a form of sexual harassment."
img00929.jpg,woman's appearance,Non-Harmful,NULL,The image uses a meme format to discuss Reddit's presence but does not target women for abuse or harassment.
img00930.jpg,woman,Non-Harmful,NULL,The meme uses a humorous scenario without targeting women for abuse or degradation.
img00931.jpg,wife,Non-Harmful,NULL,"The meme uses a humorous exchange about a wife's reaction to a husband's job training, which is not directed at women as a group."
img00932.jpg,bride,Non-Harmful,NULL,"The image depicts a wedding cake topper with a bride and groom, but the groom is holding a PlayStation controller, suggesting a humorous take on gaming preferences rather than any form of harm."
img00933.jpg,woman's appearance,Implicit-Harm,Misogyny,"The meme uses a derogatory term to describe a woman's appearance, promoting a negative stereotype about beauty."
img00934.jpg,female driver,Implicit-Harm,Sexual-Harassment,The meme uses a sexualized and objectifying language to describe the perspective of female drivers.
img00935.jpg,Minion wearing cow print,Non-Harmful,NULL,The image uses a humorous and lighthearted tone to promote coffee consumption without targeting women for abuse or harassment.
img00936.jpg,woman,Non-Harmful,NULL,The meme does not target women for abuse or harassment.
img00937.jpg,man standing on stool,Non-Harmful,NULL,The image depicts a humorous situation but does not target women for abuse or harassment.
img00938.jpg,woman in horror film,Non-Harmful,NULL,The image promotes a horror film without targeting women for abuse or degradation.
img00939.jpg,woman at the gym,Implicit-Harm,Sexual-Harassment,"The meme implies that women at the gym are sensitive to male attention, which can be seen as degrading."
img00940.png,woman's appearance,Non-Harmful,NULL,The image depicts a humorous scenario without targeting women for abuse or harassment.
img00941.png,female brain,Non-Harmful,NULL,"The image uses a brain metaphor to express negative sentiments towards individuals identified as 'thot', 'gay', and 'queer', but it does not directly harm or degrade women."
img00942.jpg,minions,Non-Harmful,NULL,The image uses minions as a vehicle for humor without targeting women for abuse or harassment.
img00943.jpg,woman sitting on bench,Non-Harmful,NULL,The comic uses a relatable scenario to discuss conflict without targeting women negatively.
img00944.jpg,woman's appearance,Non-Harmful,NULL,"The image uses a man to represent 'my girlfriend,' which is a humorous but non-harmful depiction."
img00945.png,woman,Non-Harmful,NULL,"The image uses a military context to express love and respect, which is not harmful."
img00946.jpg,pregnant woman,Explicit-Harm,Sexual-Harassment,The meme depicts a man making a sexualized comment about the pregnant woman's car ownership.
img00947.jpg,woman's appearance,Implicit-Harm,Appearance-Attack,The meme criticizes women based on their appearance and makeup choices.
img00949.jpg,woman,Implicit-Harm,Sexual-Harassment,The meme uses a sexual double entendre to make a humorous comment about a woman's appearance.
img00950.jpg,woman's appearance,Non-Harmful,NULL,The image uses a meme format to reference a character's actions without directly targeting women.
img00951.jpg,woman's appearance,Non-Harmful,NULL,The image uses a humorous context to depict a scenario without targeting women for abuse or degradation.
img00952.jpg,woman's appearance,Non-Harmful,NULL,"The meme uses a cat wearing a shirt to humorously depict a mother's approval of her child's appearance, which is a common and non-harmful scenario."
img00953.png,woman,Explicit-Harm,Sexual-Harassment,The meme contains a harmful statement equating physical characteristics to gender identity.
img00954.jpg,woman,Non-Harmful,NULL,"The image uses a visual of a woman appearing to hit a man, but the context suggests it is meant as a humorous critique rather than an attack on women."
img00955.jpg,woman,Non-Harmful,NULL,"The meme humorously suggests a 'crisis' where women are no longer found in kitchens, which is a neutral observation without targeting women for abuse or harassment."
img00956.png,women drivers,Implicit-Harm,Misogyny,"The meme uses a humorous but sexist premise to suggest that women drivers cause accidents, perpetuating a harmful stereotype."
img00957.jpg,woman in bathroom,Non-Harmful,NULL,The image depicts a humorous scenario without targeting women for abuse or harassment.
img00958.jpg,women at a table,Implicit-Harm,Misogyny,"The meme suggests a world without men would be safer for women, implying men cause chaos."
img00959.jpg,woman,Explicit-Harm,Sexual-Harassment,The meme uses offensive language to degrade women's worth.
img00960.jpg,woman driving,Non-Harmful,NULL,The meme uses a humorous scenario to highlight the woman's confidence in her driving skills.
img00961.jpg,Michelle Obama,Implicit-Harm,Sexual-Harassment,"The meme uses a derogatory term 'bitch' to describe Michelle Obama, which is a form of sexual harassment."
img00962.jpg,woman,Non-Harmful,NULL,"The meme uses a humorous but neutral comparison between Mother's Day and Father's Day, without targeting women for abuse or harassment."
img00963.jpg,woman,Non-Harmful,NULL,"The meme humorously depicts a man's attempt to make his wife laugh, which is a common and non-harmful interaction."
img00964.jpg,elderly woman,Non-Harmful,NULL,The image uses a humorous juxtaposition without targeting the elderly woman for abuse or harassment.
img00965.jpg,woman wearing glasses,Non-Harmful,NULL,"The image presents two contrasting statements about gun control and abortion rights, but it does not target women for abuse or harassment."
img00966.jpg,woman patient,Explicit-Harm,Sexual-Harassment,The meme depicts a doctor making a suggestive comment about a woman's appearance.
img00967.jpg,waitress,Non-Harmful,NULL,The meme uses a humorous scenario without targeting the waitress for abuse or harassment.
img00969.jpg,woman,Implicit-Harm,Sexual-Harassment,"The meme portrays a man as dependent on a woman, which can be interpreted as objectifying her."
img00970.jpg,woman,Explicit-Harm,Violence,The text suggests a threat of physical harm towards the woman.
img00971.png,woman passenger,Implicit-Harm,Misogyny,"The meme implies that women are more likely to cause car accidents, promoting a sexist stereotype."
img00972.jpg,woman,Implicit-Harm,Sexual-Harassment,"The logic gate implies that women are inherently right, which can be seen as a form of sexual harassment."
img00973.jpg,woman sitting on couch,Non-Harmful,NULL,"The image depicts a humorous interaction between a couple, but there is no explicit or implicit harm towards the woman."
img00974.jpg,woman,Implicit-Harm,Sexual-Harassment,"The meme implies that women should conform to traditional beauty standards, which is a form of sexual harassment."
img00976.png,woman's appearance,Non-Harmful,NULL,"The image uses a metaphorical 'hard to swallow pills' to discuss subreddit changes, which is a neutral discussion about online communities."
img00977.png,woman on death row,Non-Harmful,NULL,The meme uses a neutral scenario to make a point about the death penalty without targeting women for abuse.
img00978.jpg,woman's appearance,Non-Harmful,NULL,"The image depicts a man lying on the ground in mud, with text indicating 'My girlfriend' and 'My love and affection', but there is no explicit or implicit harm towards women."
img00979.png,girlfriend,Explicit-Harm,Misogyny,"The meme uses derogatory language to describe a girlfriend as 'domesticated thots', which is a form of dehumanization and derogatory labeling."
img00980.png,woman,Non-Harmful,NULL,"The meme uses a humorous and exaggerated list to make a point about LGBT culture, which does not target women for abuse or harassment."
img00981.jpg,woman as girlfriend,Explicit-Harm,Sexual-Harassment,"The meme uses derogatory language to describe girlfriends as 'Domesticated THOTS', which is a form of sexual harassment."
img00982.jpg,woman,Non-Harmful,NULL,The meme does not target women for abuse or harassment.
img00983.jpg,man wearing red jacket,Non-Harmful,NULL,"The image contains a meme comparing men's penises, which is a non-harmful comparison."
img00984.jpg,woman,Non-Harmful,NULL,The meme uses a humorous comparison without targeting women for abuse or degradation.
img00985.jpg,woman on movie poster,Non-Harmful,NULL,"The image is a meme referencing a movie poster, which is not directly related to the lottery win scenario."
img00986.jpg,woman passenger,Explicit-Harm,Sexual-Harassment,"The woman is gagged while wearing a seatbelt, suggesting she is being silenced or controlled."
img00987.jpg,woman construction worker,Implicit-Harm,Sexual-Harassment,"The meme uses a suggestive caption about a 'sandwich' being built, implying sexual innuendo."
img00988.jpg,female referee,Non-Harmful,NULL,The image celebrates a milestone without implying any negative stereotypes or harm towards women.
img00989.jpg,woman,Non-Harmful,NULL,The meme uses a humorous scenario without targeting women for abuse or degradation.
img00990.jpg,female fashion items,Non-Harmful,NULL,The image uses stereotypes to categorize women based on their fashion choices.
img00991.jpg,woman,Non-Harmful,NULL,"The image uses a Minion character to deliver a humorous message about family support, without targeting women for abuse or harassment."
img00992.jpg,woman wearing tight clothing,Implicit-Harm,Appearance-Attack,The meme uses a woman's body as a target for ridicule about her weight and clothing choice.
img00994.png,woman's appearance,Non-Harmful,NULL,The image does not target women for abuse or harassment.
img00995.jpg,EU flag,Non-Harmful,NULL,The image uses the EU flag as a backdrop without any specific targeting of women.
img00996.png,man,Non-Harmful,NULL,"The meme uses a man to illustrate a point about depression, which is not targeted at women."
img00997.jpg,female绣者,Non-Harmful,NULL,"The image depicts a cross-stitch project with a humorous statement about patience, which does not target women for abuse or harassment."
img00998.png,woman's appearance,Explicit-Harm,Sexual-Harassment,"The meme uses derogatory language to describe women, promoting harmful stereotypes."
img00999.jpg,woman,Implicit-Harm,Sexual-Harassment,"The meme implies that women are more likely to break glasses, which perpetuates a harmful stereotype about their behavior."
img01000.jpg,woman,Non-Harmful,NULL,"The meme uses exaggerated reactions to depict common interactions between partners, which is a form of humor rather than targeting women for abuse."
img01001.jpg,women joggers,Explicit-Harm,Sexual-Harassment,"The meme implies that women are dangerous to men while jogging, which can lead to sexual harassment."
img01002.png,woman's appearance,Explicit-Harm,Appearance-Attack,"The meme uses derogatory language to comment on the woman's body, which is harmful."
img01003.jpg,woman,Non-Harmful,NULL,The meme does not target women for abuse or harassment.
img01004.png,woman,Non-Harmful,NULL,"The meme uses a generalization about Google, which is not specific to women."
img01005.jpg,woman,Non-Harmful,NULL,The meme does not target women for abuse or harassment.
img01006.jpg,woman wearing a hat,Non-Harmful,NULL,The meme uses a humorous scenario without targeting women for abuse or degradation.
img01007.jpg,woman at grave,Non-Harmful,NULL,The meme uses a humorous scenario without targeting women for abuse or degradation.
img01008.jpg,woman,Non-Harmful,NULL,"The image depicts a crowded escalator with people labeled 'Everyone else' and 'Me', but there is no explicit or implicit harm towards women."
img01009.jpg,woman lying on train tracks,Non-Harmful,NULL,"The image depicts a scene where a woman is lying on train tracks, but there is no indication of harm towards her."
img01010.jpg,elderly woman,Non-Harmful,NULL,"The image depicts a respectful interaction between two women, likely a caregiver assisting an elderly person."
img01011.jpg,woman,Non-Harmful,NULL,The image does not depict any explicit or implicit harm towards women.
img01012.jpg,Poland,Non-Harmful,NULL,"The image uses Poland as a neutral entity to represent a country, not targeting women for abuse or harassment."
img01013.jpg,woman's pants,Explicit-Harm,Sexual-Harassment,The meme uses a sexualized and objectifying description of a woman's body part to make a political statement.
img01014.jpg,woman,Non-Harmful,NULL,"The meme uses exaggerated emotional reactions to humorously depict a trivial situation, which is not harmful."
img01015.jpg,woman's appearance,Non-Harmful,NULL,The image uses a woman's appearance as a visual element but does not target her for abuse or harassment.
img01016.jpg,woman,Explicit-Harm,Sexual-Harassment,"The meme depicts a degrading scenario where a man is told his semen is 'golden' due to his wealth, which is a form of sexual harassment."
img01018.jpg,man in Jedi robe,Non-Harmful,NULL,"The image uses a Star Wars character to make a political statement, which is not directly related to women."
img01019.jpg,woman,Non-Harmful,NULL,"The image shows a woman expressing frustration about her partner's lack of communication, which is a relatable personal issue but does not target women for abuse or harassment."
img01020.jpg,woman,Non-Harmful,NULL,The meme does not target women for abuse or harassment.
img01021.jpg,woman's appearance,Explicit-Harm,Sexual-Harassment,The meme uses a suggestive and disrespectful comment about a woman's appearance.
img01022.jpg,woman,Non-Harmful,NULL,"The image depicts a humorous interaction between a couple and a therapist, but there is no explicit or implicit harm towards the woman."
img01023.jpg,wife,Non-Harmful,NULL,The meme does not target the wife for abuse or harassment.
img01024.jpg,girl sitting on couch,Explicit-Harm,Sexual-Harassment,The meme uses a young girl as a target for sexual harassment by surrounding her with men in suggestive poses.
img01025.jpg,woman driving,Non-Harmful,NULL,The meme uses a humorous scenario to highlight a common situation without targeting women for abuse or harassment.
img01026.jpg,potato characters,Non-Harmful,NULL,The image depicts two potato characters engaging in a humorous dialogue without any explicit or implicit harm towards women.
img01027.jpg,woman,Non-Harmful,NULL,The image does not depict any harm towards women.
img01028.jpg,penguin chick,Non-Harmful,NULL,The image uses a cute penguin chick to humorously depict a common experience without targeting women.
img01029.jpg,woman,Non-Harmful,NULL,The image uses a humorous context without targeting women for abuse or degradation.
img01030.jpg,woman's dress,Non-Harmful,NULL,"The meme uses a humorous scenario to highlight the frustration of shopping with a girlfriend, but it does not target women for abuse or harassment."
img01031.png,woman's appearance,Non-Harmful,NULL,The image does not directly target women for abuse or harassment.
img01032.jpg,woman,Explicit-Harm,Sexual-Harassment,The meme uses derogatory language and implies sexual harassment towards women.
img01033.jpg,woman holding baby,Non-Harmful,NULL,The image is a humorous meme referencing a popular internet meme format without targeting women for abuse or degradation.
img01034.jpg,female workers,Non-Harmful,NULL,The meme uses a repetitive format to highlight the identity and work ethic of female workers without any negative connotations.
img01035.jpg,woman in bee costume,Explicit-Harm,Sexual-Harassment,"The image depicts a woman in a bee costume being physically attacked, which is an explicit form of sexual harassment."
img01036.jpg,child crying,Non-Harmful,NULL,"The image depicts a child crying surrounded by toy dinosaurs, which is a neutral scene without targeting women for abuse or harassment."
img01037.jpg,woman in wedding dress,Implicit-Harm,Sexual-Harassment,"The image uses a wedding photo to imply the wife is providing leftovers, which could be seen as degrading."
img01038.png,woman,Implicit-Harm,Sexual-Harassment,"The meme advises against allowing a woman to discuss her problems with another man, which implies a possessive attitude towards her."
img01039.jpg,woman being sucked,Explicit-Harm,Sexual-Harassment,"The image depicts a woman being sucked, which is a form of sexual assault."
img01040.jpg,woman's appearance,Non-Harmful,NULL,The image does not depict any explicit or implicit harm towards women.
img01041.jpg,dog,Non-Harmful,NULL,"The meme uses a dog as an example to make a point about dealing with problems, which is not directed at women."
img01042.jpg,Yennefer,Non-Harmful,NULL,The meme references Yennefer without any negative connotations.
img01043.jpg,birds,Non-Harmful,NULL,The image uses a humorous observation about bird sex ratios without targeting women for abuse or degradation.
img01044.jpg,man working on computer,Non-Harmful,NULL,"The image depicts a man working on a computer, which is unrelated to any form of harm towards women."
img01045.jpg,woman,Non-Harmful,NULL,The image does not directly target women for abuse or harassment.
img01046.jpg,woman being kissed,Explicit-Harm,Sexual-Harassment,"The image depicts a woman being kissed by another person while a third person looks on, which could be interpreted as sexual harassment."
img01047.jpg,mom,Explicit-Harm,Appearance-Attack,"The mom's message directly criticizes the daughter's body shape as 'fat ass', which is an explicit attack on her appearance."
img01048.jpg,mom,Non-Harmful,NULL,The meme uses a humorous but non-harmful comparison to highlight different priorities.
img01049.jpg,woman,Non-Harmful,NULL,"The image depicts a humorous scenario involving a therapist suggesting a solution to a relationship issue, which is not harmful."
img01050.jpg,woman,Non-Harmful,NULL,"The meme uses SpongeBob to humorously express self-doubt about being too nice to a girlfriend, which is a common theme but does not target women for abuse or harassment."
img01051.jpg,woman's appearance,Explicit-Harm,Sexual-Harassment,"The meme uses a woman's physical attributes to make a sexual joke, which is inappropriate."
img01052.png,woman's appearance,Non-Harmful,NULL,The image does not depict any explicit or implicit harm towards women.
img01053.jpg,woman,Non-Harmful,NULL,The image does not depict any explicit or implicit harm towards women.
img01054.png,pizza calzone,Non-Harmful,NULL,The image discusses a food item without targeting women for abuse or harassment.
img01055.jpg,woman model,Non-Harmful,NULL,The meme does not target the woman for abuse or harassment.
img01056.jpg,woman in the background,Non-Harmful,NULL,"The image is a meme referencing a controversial article about sexual assault and infidelity, which does not directly harm the woman depicted."
img01057.jpg,woman's appearance,Non-Harmful,NULL,The meme uses a humorous scenario to depict a change in the woman's appearance over time without any negative connotations.
img01058.jpg,balanced meal,Non-Harmful,NULL,"The image compares 'junk food' to a 'balanced meal,' but there is no direct harm towards women."
img01059.jpg,woman holding baby,Explicit-Harm,Sexual-Harassment,The meme suggests a harmful procedure on a newborn boy without justification.
img01060.jpg,woman,Non-Harmful,NULL,The meme uses a neutral scenario to discuss a common dating situation without targeting women for abuse or harassment.
img01061.jpg,cat,Non-Harmful,NULL,"The image depicts a cat being petted, which is a neutral interaction."
img01062.jpg,woman's appearance,Non-Harmful,NULL,"The image is a meme depicting a person with a distorted face, which is a common internet meme format but does not target women for abuse or harassment."
img01063.png,woman's whole career,Non-Harmful,NULL,The meme does not target women for abuse or harassment.
img01064.png,woman,Non-Harmful,NULL,The image discusses public safety and sexual harassment but does not depict any harmful actions towards women.
img01065.jpg,woman in the bottom right,Non-Harmful,NULL,The image is a historical collage showcasing various women in different roles and settings.
img01066.jpg,mom,Non-Harmful,NULL,The meme does not target women for abuse or harassment.
img01067.jpg,man's expression,Non-Harmful,NULL,"The image uses a man's expression to make a humorous statement about feelings, which is not targeted at women."
img01068.jpg,female figures,Non-Harmful,NULL,"The image uses historical figures to humorously compare their 'high scores' in 'slaying thots', which is a derogatory term."
img01069.jpg,pregnant woman,Non-Harmful,NULL,The image depicts a humorous scenario without targeting women for abuse or harassment.
img01070.jpg,male character,Non-Harmful,NULL,"The meme uses a humorous exchange about Google's gender to make a point about its functionality, which is not directed at women."
img01071.jpg,monster,Non-Harmful,NULL,"The image depicts a monster in a video game context, which is unrelated to women."
img01072.jpg,woman,Non-Harmful,NULL,The meme uses a humorous exchange to critique fans of 'Game of Thrones' without targeting women personally.
img01073.jpg,purse,Non-Harmful,NULL,"The meme uses a purse as a tool for self-defense, which is not harmful to women."
img01074.jpg,cloud formation,Non-Harmful,NULL,"The image uses a cloud formation to humorously depict anxiety about giving a presentation, without targeting women."
img01075.jpg,woman's appearance,Implicit-Harm,Sexual-Harassment,"The meme uses a before-and-after aesthetic to imply that women are naturally more attractive without makeup, which can be seen as objectifying women."
img01076.jpg,fat girl,Implicit-Harm,Appearance-Attack,The meme uses a derogatory term to describe a woman's body type.
img01077.jpg,woman's appearance,Explicit-Harm,Sexual-Harassment,"The image depicts a woman's legs in a suggestive manner, which is used to illustrate a sexual joke about genital anatomy."
img01078.jpg,woman,Non-Harmful,NULL,The meme uses a humorous but non-harmful comparison about spending habits.
img01079.jpg,woman's appearance,Non-Harmful,NULL,"The meme uses a man playing metal music to make a statement about relationships, which is not directly related to women."
img01080.jpg,woman,Non-Harmful,NULL,"The image depicts two dogs on a beach, one labeled 'Me' and the other 'My sweet gf,' without any explicit or implicit harm towards women."
img01081.jpg,woman,Explicit-Harm,Sexual-Harassment,"The post describes a man planning to have a woman wax his genitalia as revenge for a negative comment, which is a form of sexual harassment."
img01082.jpg,14 year old girls,Implicit-Harm,Sexual-Harassment,"The meme implies that 14-year-old girls are shallow and only care about superficial matters like 'deep' posts, which can be seen as degrading."
img01083.jpg,woman cleaning,Non-Harmful,NULL,The image depicts a humorous scenario without targeting women for abuse or harassment.
img01084.jpg,woman wearing niqab,Non-Harmful,NULL,"The image shows a woman wearing a niqab, which is a cultural practice, not a harmful depiction."
img01085.jpg,woman on beach,Implicit-Harm,Sexual-Harassment,"The meme uses a sexual double entendre to mock the woman's attire, which is inappropriate."
img01086.jpg,man wearing sombrero,Non-Harmful,NULL,The image uses a man wearing a sombrero as a visual element but does not target women for abuse or harassment.
img01087.png,Winnie the Pooh,Non-Harmful,NULL,The image uses Winnie the Pooh in two different contexts without any negative connotations towards women.
img01088.jpg,woman holding sign,Explicit-Harm,Sexual-Harassment,"The sign uses a sexualized demand to make a sandwich, which is an inappropriate and disrespectful request."
img01089.jpg,woman's appearance,Non-Harmful,NULL,The meme uses a humorous scenario to depict a common online interaction without targeting women for abuse.
img01090.jpg,gamer girls,Implicit-Harm,Sexual-Harassment,"The meme implies that 'gamer girls' will be mothers who understand the difficulty of balancing online gaming, which could be seen as a form of sexual objectification."
img01091.jpg,woman,Non-Harmful,NULL,The meme uses humor to contrast men's and women's product usage without targeting women for abuse or harassment.
img01092.jpg,female body,Non-Harmful,NULL,"The image uses a humorous comparison to highlight the contrast between expectations and reality regarding physical strength, but it does not target women for abuse or harassment."
img01093.png,woman's appearance,Non-Harmful,NULL,"The image features a grim reaper, which is a gender-neutral figure, and there are no specific actions or comments targeting women."
img01094.jpg,woman's appearance,Non-Harmful,NULL,The image uses a humorous context but does not target women for abuse or harassment.
img01095.jpg,pyramids,Non-Harmful,NULL,"The image depicts a humorous juxtaposition of ancient pyramids with futuristic elements, which is not intended to harm or stereotype women."
img01096.jpg,McWiener,Non-Harmful,NULL,"The meme uses a playful, humorous reference to a hot dog without targeting women for abuse or degradation."
img01097.jpg,woman,Implicit-Harm,Sexual-Harassment,"The meme uses a sexual double entendre to question the woman's need for a bra, which is a form of sexual harassment."
img01098.jpg,man's bulge,Non-Harmful,NULL,"The image is a humorous comparison between 'furry' and 'normal people', focusing on a man's bulge without targeting women."
img01099.jpg,man with Down syndrome,Non-Harmful,NULL,The meme uses a derogatory term 'retard' and mocks the individual's intelligence.
img01100.jpg,woman's appearance,Non-Harmful,NULL,The comic uses humor to comment on the women's tanning habits without targeting them for abuse or harassment.
img01101.jpg,women shoppers,Explicit-Harm,Sexual-Harassment,"The sign contains explicit sexual harassment towards women, such as 'My body is a temple, now get on your knees and pray.'"
img01102.jpg,woman,Non-Harmful,NULL,The image does not directly target women for abuse or harassment.
img01103.jpg,female character,Non-Harmful,NULL,The meme discusses future Marvel films without targeting women for abuse or harassment.
img01104.jpg,women's roles,Non-Harmful,NULL,The meme does not directly target women for abuse or harassment.
img01105.jpg,woman,Implicit-Harm,Sexual-Harassment,"The meme implies that women without children are less capable or responsible, which is a form of sexual harassment."
img01106.jpg,women in bikinis,Explicit-Harm,Sexual-Harassment,"The image uses a provocative and objectifying depiction of women in bikinis to make a political statement, which can be seen as sexual harassment."
img01107.jpg,woman,Explicit-Harm,Sexual-Harassment,The meme uses a sexualized reference to a woman as part of a crude joke about headaches.
img01108.jpg,woman's appearance,Non-Harmful,NULL,The image uses SpongeBob as a hard negative to make a humorous point about eating vegetables without targeting women for abuse.
img01109.jpg,woman in blue dress,Non-Harmful,NULL,"The image uses a Disney character to represent a person, which is a common meme format but does not target women for abuse or harassment."
img01110.jpg,child,Non-Harmful,NULL,"The image depicts a child reacting to a humorous scenario involving a 'shit rapper,' but there is no direct harm towards women."
img01111.jpg,woman,Non-Harmful,NULL,The image does not depict any explicit or implicit harm towards women.
img01112.png,woman on Twitch,Non-Harmful,NULL,"The image is a humorous depiction of a reaction to a Twitch streamer's breath, not targeting women for abuse or harassment."
img01113.jpg,minion character,Non-Harmful,NULL,"The image features a humorous quote from a Minion character, which is a fictional animated character and does not target women for abuse or harassment."
img01114.jpg,woman,Non-Harmful,NULL,The meme uses a humorous scenario to question traditional gender roles without targeting women for abuse.
img01115.jpg,women on the floor,Non-Harmful,NULL,"The image depicts women in a submissive position, but there is no explicit or implicit harm towards them."
img01116.jpg,woman's appearance,Non-Harmful,NULL,The comic uses a humorous scenario to highlight a common gender stereotype without explicitly harming or degrading the woman.
img01117.jpg,woman,Non-Harmful,NULL,The image does not depict any interaction or portrayal of women that could be interpreted as harmful.
img01118.jpg,woman reading,Non-Harmful,NULL,The meme uses a humorous exaggeration to promote reading as a pleasurable activity without targeting women.
img01119.jpg,man reading newspaper,Non-Harmful,NULL,The image does not target women for abuse or harassment.
img01120.png,woman doctor,Explicit-Harm,Sexual-Harassment,"The image depicts a doctor suggesting an inappropriate and dangerous procedure to a patient, which is a form of sexual harassment."
img01121.jpg,woman's panties,Non-Harmful,NULL,"The image is a humorous meme about a wife's concern over her husband buying matching panties, which is a common gender-specific joke."
img01122.jpg,women clapping,Non-Harmful,NULL,"The image shows women clapping in celebration of a legislative achievement, which is a positive and non-harmful action."
img01123.jpg,woman's appearance,Non-Harmful,NULL,The meme uses a humorous but non-abusive comparison to highlight the absurdity of the situation.
img01124.jpg,woman,Non-Harmful,NULL,The image uses stereotypes and humor without targeting women for abuse or harassment.
img01125.jpg,man running,Non-Harmful,NULL,The image depicts a man running without targeting women for abuse or harassment.
img01126.jpg,woman,Non-Harmful,NULL,"The image depicts a historical scene with a soldier on a beach, but there is no direct interaction or depiction of harm towards women."
img01127.jpg,ears,Non-Harmful,NULL,"The image uses a playful observation about the placement of ears to form a heart shape, which is a positive and non-harmful observation."
img01128.jpg,woman's place,Explicit-Harm,Sexual-Harassment,The meme uses a controversial quote attributed to a prominent figure to promote a harmful stereotype about women's roles.
img01129.png,Karen,Non-Harmful,NULL,The meme references a fictional scenario involving characters from 'SpongeBob SquarePants' without targeting women for abuse or harassment.
img01130.jpg,female characters,Explicit-Harm,Misogyny,"The meme uses derogatory language to describe women as 'rich, spoilt and disrespectful bitches', which is a form of explicit harm."
img01131.jpg,female disciples,Non-Harmful,NULL,The meme uses humor to highlight the absurdity of modern dietary concerns rather than targeting women.
img01132.jpg,girls,Non-Harmful,NULL,The meme uses a humorous context without targeting women for abuse or degradation.
img01133.jpg,woman's appearance,Non-Harmful,NULL,"The image uses a humorous scenario involving a man and his dog, but there is no explicit or implicit harm towards women."
img01134.jpg,female character,Non-Harmful,NULL,The image is a humorous take on a comic book sound effect without targeting women for abuse or degradation.
img01135.jpg,woman,Explicit-Harm,Sexual-Harassment,"The image depicts a man holding a woman's head while she appears distressed, suggesting a scene of sexual harassment."
img01136.jpg,man cooking,Non-Harmful,NULL,The image focuses on a man cooking without targeting him for abuse or harassment.
img01137.jpg,woman,Non-Harmful,NULL,"The meme uses a humorous but gendered joke about fishing, which does not target women for abuse or harassment."
img01138.jpg,woman's appearance,Non-Harmful,NULL,The image is a humorous crossover meme format without targeting women for abuse or degradation.
img01139.jpg,woman,Non-Harmful,NULL,"The image depicts a scene from an animated movie where a character is being congratulated, which is a neutral depiction."
img01140.jpg,boys' sisters,Non-Harmful,NULL,"The meme uses a humorous expression to indicate discomfort when including boys' sisters, which is a common trope but does not target women for abuse."
img01141.jpg,woman,Non-Harmful,NULL,"The image depicts a family reacting to a statement about talking to a girl, but there is no explicit or implicit harm towards women."
img01142.jpg,woman in fridge,Non-Harmful,NULL,The meme uses a humorous scenario without targeting women for abuse or degradation.
img01143.jpg,woman trying on shoes,Explicit-Harm,Sexual-Harassment,The man's suggestive and disrespectful comment implies sexual harassment.
img01144.jpg,women shoppers,Implicit-Harm,Sexual-Harassment,"The meme depicts a suggestive scenario where men can leave their wives in a 'boob pit' while they shop, implying sexual harassment."
img01145.jpg,woman with walker,Non-Harmful,NULL,The image depicts a humorous scenario without targeting women for abuse or harassment.
img01146.jpg,female player,Non-Harmful,NULL,The meme contrasts male and female players' reactions to horses in Minecraft without targeting either group for abuse.
img01147.jpg,girl character,Non-Harmful,NULL,"The image depicts a girl character in a video game context, which is not directly related to harm."
img01148.jpg,moon,Non-Harmful,NULL,The image depicts a humorous interaction between celestial bodies without targeting women for abuse or harassment.
img01149.jpg,woman,Explicit-Harm,Sexual-Harassment,"The meme uses derogatory language towards women, specifically targeting their sexuality."
img01150.jpg,Belle Delphine,Non-Harmful,NULL,The image uses Belle Delphine as a meme format without any apparent harm to her.
img01151.jpg,woman asking for help,Non-Harmful,NULL,"The image depicts a scenario where two women are seeking assistance, which is a neutral situation."
img01152.jpg,female characters,Non-Harmful,NULL,"The image uses a scene from 'The Lord of the Rings' to humorously depict a reaction to a feminist statement, but it does not target women for abuse or harassment."
img01153.jpg,woman model,Non-Harmful,NULL,The meme uses a model to represent a woman in a context that is not harmful.
img01154.jpg,woman fishing,Implicit-Harm,Sexual-Harassment,"The meme implies that men are only interested in looking at women, which is a form of sexual harassment."
img01155.jpg,animal puppet,Explicit-Harm,Sexual-Harassment,"The meme uses a suggestive question about women's desires, which can be seen as objectifying and degrading."
img01156.jpg,woman,Non-Harmful,NULL,The image depicts a humorous scenario without targeting women for abuse or harassment.
img01157.jpg,woman's appearance,Implicit-Harm,Appearance-Attack,The meme criticizes the woman's physical appearance and self-esteem.
img01158.png,Padme,Non-Harmful,NULL,The meme does not target Padme for abuse or harassment.
img01159.jpg,women shoppers,Implicit-Harm,Sexual-Harassment,"The meme implies women shoppers are indecisive and time-consuming, which can be seen as a form of sexual harassment."
img01160.jpg,woman accusing me of sexism,Non-Harmful,NULL,"The meme uses a scenario involving a woman to humorously express frustration about a dishwasher, which is unrelated to sexism."
img01161.jpg,father,Non-Harmful,NULL,"The image depicts a humorous conversation about sexuality, which does not target women for abuse or harassment."
img01162.png,woman,Non-Harmful,NULL,The meme uses a common trope without targeting women for abuse or degradation.
img01163.jpg,Minecraft girlfriend,Non-Harmful,NULL,The meme humorously depicts a scenario involving a Minecraft character without targeting women for abuse or degradation.
img01164.jpg,woman's appearance,Non-Harmful,NULL,"The image depicts a Spider-Man character surrounded by people, but there is no explicit or implicit harm towards women."
img01165.png,woman's chair,Non-Harmful,NULL,The meme uses a humorous approach to address a social issue without targeting women negatively.
img01166.jpg,woman holding flags,Non-Harmful,NULL,The image depicts a woman asking someone out on a date without any negative connotations towards her.
img01167.jpg,woman holding hammer,Non-Harmful,NULL,"The image depicts a woman holding Thor's hammer, which is a playful reference to her strength and role as a superhero, without any harmful connotations."
img01168.png,woman,Non-Harmful,NULL,"The image shows a woman in a poker tournament setting, which is a professional environment."
img01169.jpg,woman,Non-Harmful,NULL,"The meme uses a character from an anime to illustrate a point about gender roles, but it does not explicitly harm or degrade women."
img01170.jpg,woman standing,Non-Harmful,NULL,The image focuses on criticizing the chair design without targeting the woman.
img01171.jpg,father,Non-Harmful,NULL,The meme uses a humorous exchange about Facebook without targeting women for abuse or degradation.
img01172.jpg,woman in swimsuit,Non-Harmful,NULL,The meme uses a humorous scenario without targeting women for abuse or degradation.
img01173.png,woman in another man's arms,Non-Harmful,NULL,"The image depicts a news headline about a man finding his girlfriend with another man, which is a neutral scenario without targeting women for abuse or harassment."
img01174.jpg,woman,Non-Harmful,NULL,"The meme uses a humorous context to make a joke about age, which is not harmful."
img01175.png,female characters in combat,Non-Harmful,NULL,The image depicts a humorous battle scene between characters without targeting women for abuse or harassment.
img01176.jpg,woman's appearance,Non-Harmful,NULL,"The image uses SpongeBob SquarePants to reference a person at Twitch HQ, which is a neutral context."
img01177.jpg,American woman,Explicit-Harm,Sexual-Harassment,The meme depicts an American woman speaking to an airport employee in a way that implies she is superior to him due to her language skills.
img01178.jpg,woman's appearance,Non-Harmful,NULL,The meme celebrates physical fitness without targeting women for abuse or degradation.
img01179.jpg,woman,Non-Harmful,NULL,"The image uses a skeleton to humorously promote gym attendance, which is a non-harmful message."
img01180.jpg,SpongeBob SquarePants,Non-Harmful,NULL,"The image uses SpongeBob as a meme to express frustration, which is a common humorous context."
img01181.jpg,tortoise,Non-Harmful,NULL,"The image depicts a humorous scenario involving animals, which does not target women for abuse or harassment."
img01182.jpg,man's behavior,Implicit-Harm,Sexual-Harassment,"The meme implies that men's sexual behavior can be harmful to women, which is a form of sexual harassment."
img01183.jpg,woman's appearance,Non-Harmful,NULL,The image does not depict any harmful content towards women.
img01184.jpg,woman,Non-Harmful,NULL,The meme uses a humorous context to discuss a serious topic without targeting women for abuse or harassment.
img01185.png,cow,Non-Harmful,NULL,"The image uses a cow as a meme, which is a common internet trope and does not target women for abuse or harassment."
img01186.jpg,woman's appearance,Non-Harmful,NULL,"The image features a child wearing a shirt with a humorous statement about being late, which is not directed at women."
img01187.jpg,woman,Non-Harmful,NULL,The meme uses SpongeBob to humorously depict a man blaming domestic violence on women without addressing the issue seriously.
img01188.jpg,woman's appearance,Non-Harmful,NULL,The image uses a meme format to express frustration about the lack of Area 51 memes but does not target women for abuse or harassment.
img01189.jpg,woman in bikini,Explicit-Harm,Appearance-Attack,"The image uses a 'warning' label on the bikini to imply potential danger, targeting the woman's body."
img01190.jpg,woman,Non-Harmful,NULL,"The meme uses a food metaphor to describe a woman's attractiveness and personality, which is a neutral comparison."
img01191.jpg,woman's appearance,Explicit-Harm,Appearance-Attack,The image uses before-and-after makeup to imply that women's natural appearances are undesirable.
img01192.jpg,apes,Non-Harmful,NULL,"The image uses apes to represent 'Pewdiepie and CinnamonToastKen,' which is a reference to two male content creators, not targeting women."
img01193.jpg,wife,Non-Harmful,NULL,The meme uses a humorous scenario without targeting the wife for abuse or degradation.
img01194.jpg,woman in bikini,Explicit-Harm,Sexual-Harassment,"The meme uses derogatory language to describe the woman as 'the girl' and implies she is being targeted by a 'fat retard', which is a form of sexual harassment."
img01195.jpg,women's strength,Non-Harmful,NULL,"The image uses Elmo to humorously depict the absurdity of the 'women are strong' hashtag, which is not harmful."
img01196.jpg,woman's appearance,Non-Harmful,NULL,"The meme uses a humorous scenario to comment on a man's reaction to his wife's password, but it does not target women for abuse or harassment."
img01197.jpg,woman in bed,Non-Harmful,NULL,The image appears to be a humorous meme without any explicit or implicit harm towards women.
img01198.jpg,woman,Non-Harmful,NULL,The meme uses Chuck Norris as a humorous figure to make a point about feminism without targeting women.
img01199.png,African tribal leaders,Non-Harmful,NULL,The meme uses historical context to make a humorous comparison without targeting women for abuse or harassment.
img01200.jpg,woman,Non-Harmful,NULL,The image does not directly target or harm women.
img01201.jpg,woman's appearance,Non-Harmful,NULL,"The meme uses a visual gag involving a woman's body part being grabbed, but it is presented as a humorous scenario rather than an attack on women."
img01202.jpg,cat,Non-Harmful,NULL,"The image depicts a cat being petted, which is a neutral interaction and does not target women for abuse or harassment."
img01203.png,girls wearing the same outfit,Non-Harmful,NULL,"The meme compares girls in matching outfits to boys in medieval armor, which is a neutral comparison."
img01204.jpg,woman's appearance,Non-Harmful,NULL,The image uses a comparison to highlight a difference in perspective but does not target women for abuse or harassment.
img01205.jpg,woman's appearance,Non-Harmful,NULL,"The image uses exaggerated facial features to humorously depict a character, which is a common meme format but does not target women for abuse or harassment."
img01206.jpg,woman,Non-Harmful,NULL,"The meme uses a humorous comparison between a man and a cockroach, which does not target women for abuse or harassment."
img01207.jpg,woman's appearance,Non-Harmful,NULL,The image uses a 'starter pack' format to humorously depict stereotypes about newly divorced single mothers without targeting them for abuse.
img01208.jpg,teenage girls,Non-Harmful,NULL,"The image uses a hyperbolic scenario to depict a chase between a leopard and a hyena, which is not related to any specific harm towards teenage girls."
img01209.jpg,woman's appearance,Non-Harmful,NULL,"The image uses a road sign to compare two different behaviors, neither of which directly harms women."
img01210.jpg,woman's appearance,Non-Harmful,NULL,The image uses a humorous comparison to promote a product without targeting women for abuse or degradation.
img01211.png,banana,Non-Harmful,NULL,The image uses a meme format to humorously depict the use of banana leaves as packaging without targeting women for abuse or harassment.
img01212.png,man in yellow suit,Non-Harmful,NULL,The meme uses a man to represent memers without targeting him for abuse or harassment.
img01213.png,woman,Non-Harmful,NULL,The meme uses a humorous statement about equality without targeting women for abuse or harassment.
img01214.jpg,family members,Non-Harmful,NULL,"The image depicts a family posing together in a snowy setting, which is a neutral family portrait."
img01215.jpg,mother,Non-Harmful,NULL,"The meme uses a humorous scenario involving a mother reacting to her child's frustration, which is a common and relatable situation."
img01216.jpg,woman with eye injury,Explicit-Harm,Violence,"The meme depicts a woman with an eye injury, suggesting she has been physically harmed."
img01217.png,woman,Non-Harmful,NULL,"The meme uses a religious figure to make a humorous statement about women's happiness, which is not harmful."
img01218.jpg,woman's desire,Non-Harmful,NULL,"The meme humorously depicts a man's reaction to his wife's request for ice cream, but it does not target women for abuse or harassment."
img01219.jpg,woman's appearance,Non-Harmful,NULL,The image uses a cartoon character to represent 'My mom' without any explicit or implicit harm towards women.
img01220.jpg,woman's appearance,Non-Harmful,NULL,The meme uses a humorous scenario to discuss a man's behavior but does not target women for abuse or harassment.
img01221.jpg,men at straight pride,Non-Harmful,NULL,"The meme uses a muscular handshake to symbolize strength and unity among men, which is not directly related to women."
img01222.jpg,woman's appearance,Non-Harmful,NULL,"The image uses a caricatured depiction of a woman to represent 'women' as a group, which is not harmful."
img01223.jpg,woman wearing CAT hoodie,Explicit-Harm,Sexual-Harassment,"The cat wearing a shirt labeled 'WHORE' is directed at the woman, suggesting she is being objectified."
img01224.jpg,woman,Non-Harmful,NULL,"The meme uses a humorous comparison between a mother enrolling her child in school and a talking donkey, which is not harmful to women."
img01225.jpg,woman,Explicit-Harm,Sexual-Harassment,"The meme depicts a man reacting to a woman parallel parking as an offensive situation, suggesting she is a threat."
img01226.jpg,woman,Non-Harmful,NULL,The meme humorously depicts a situation involving alimony but does not target women for abuse or harassment.
img01227.jpg,woman,Non-Harmful,NULL,The image does not target women for abuse or harassment.
img01228.jpg,woman,Non-Harmful,NULL,The image depicts a humorous interaction between two individuals without targeting women for abuse or harassment.
img01229.jpg,woman mechanic,Implicit-Harm,Sexual-Harassment,"The meme implies that women lack the strength to work as mechanics, perpetuating a sexist stereotype."
img01230.jpg,woman,Non-Harmful,NULL,"The meme uses a humorous but non-abusive language about a wife, which is not targeted at women."
img01231.jpg,woman on death row,Non-Harmful,NULL,"The meme uses a serious situation to humorously ask about last meal preferences, which is not harmful."
img01232.jpg,vacuum cleaner,Non-Harmful,NULL,"The image uses 'His and Hers' to compare a motorcycle and a vacuum cleaner, which is a common gendered joke but does not target women for abuse or harassment."
img01233.jpg,man holding book,Non-Harmful,NULL,"The image is promoting a book titled 'Understanding Women', which is likely intended to be humorous but does not explicitly harm or degrade women."
img01234.jpg,eyes,Non-Harmful,NULL,The image uses a comparison to highlight the effects of different substances on eyes without targeting women.
img01235.jpg,woman,Non-Harmful,NULL,"The meme depicts cavemen discussing teaching a woman to talk, which is a neutral observation without targeting women for abuse or harassment."
img01236.jpg,woman mermaid,Non-Harmful,NULL,The comic uses a mermaid as a character without targeting her for abuse or harassment.
img01237.jpg,Ms. Monopoly,Non-Harmful,NULL,"The image compares Ms. Monopoly to chess, highlighting a hypothetical advantage for women, which is a neutral comparison without harmful implications."
img01238.jpg,woman's appearance,Non-Harmful,NULL,The meme uses a humorous scenario without targeting women for abuse or degradation.
img01239.jpg,Mount Rushmore,Non-Harmful,NULL,The image depicts Mount Rushmore without any specific targeting of women.
img01240.jpg,woman,Non-Harmful,NULL,The meme does not target women for abuse or harassment.
img01241.jpg,waitress,Explicit-Harm,Sexual-Harassment,"The meme uses a sexualized interaction between a male customer and a female waitress to make a joke about erectile dysfunction, which is inappropriate."
img01242.jpg,woman,Non-Harmful,NULL,The meme uses a woman to convey a humorous situation but does not target her for abuse or harassment.
img01243.jpg,woman driving,Implicit-Harm,Sexual-Harassment,"The meme uses a child's expression to mock a man's reaction to his wife driving, which can be seen as objectifying her."
img01244.jpg,girls on their period,Implicit-Harm,Misogyny,The meme uses a stereotype to imply that girls are overly emotional during their periods.
img01245.jpg,woman doctor,Non-Harmful,NULL,The meme uses a humorous scenario to highlight the difference between medical doctors and those studying gender issues.
img01246.jpg,woman in bed,Non-Harmful,NULL,The meme depicts a humorous scenario without targeting women for abuse or harassment.
img01247.jpg,women,Explicit-Harm,Sexual-Harassment,"The poster lists reasons why handguns are better than women, which is a form of sexual harassment."
img01248.jpg,woman posing on train tracks,Non-Harmful,NULL,"The image depicts a woman posing on train tracks, which is a common location for aesthetic photos but does not inherently convey harm."
img01249.jpg,woman,Non-Harmful,NULL,"The image celebrates winning Monopoly as a woman, which is a positive representation."
img01250.jpg,graphic designer,Non-Harmful,NULL,"The image is a humorous critique of an advertisement, not targeting women for abuse or harassment."
img01251.jpg,women laughing,Explicit-Harm,Sexual-Harassment,The meme uses derogatory language to mock the age and pregnancy status of a male character.
img01252.jpg,woman's appearance,Implicit-Harm,Sexual-Harassment,"The meme uses a derogatory term 'she shed' to refer to a kitchen, which is a form of sexual harassment."
img01253.jpg,woman,Non-Harmful,NULL,The meme uses a humorous exaggeration to highlight the perceived difficulty of relationships involving women.
img01254.png,woman's appearance,Non-Harmful,NULL,The meme uses a humorous comparison to criticize modern terminology without targeting women for abuse.
img01255.jpg,fat man,Non-Harmful,NULL,"The meme uses a humorous comparison to a rock, which is not harmful."
img01256.png,bacteria,Non-Harmful,NULL,"The meme uses a metaphorical hand to represent consent, which is unrelated to women."
img01257.jpg,woman's appearance,Non-Harmful,NULL,The meme uses a humorous comparison to highlight a trivial difference in timing.
img01258.jpg,woman's appearance,Explicit-Harm,Appearance-Attack,The meme uses a provocative statement about cleavage to attack the woman's appearance.
img01259.jpg,women shoppers,Implicit-Harm,Sexual-Harassment,The meme implies that women are more distracted and less efficient shoppers compared to men.
img01260.jpg,woman's appearance,Explicit-Harm,Appearance-Attack,"The comic uses exaggerated and offensive language to describe a woman's weight, attacking her physical appearance."
img01261.jpg,beautiful woman,Non-Harmful,NULL,The meme uses a humorous scenario to highlight a character's actions without targeting women for abuse or degradation.
img01262.jpg,woman,Explicit-Harm,Sexual-Harassment,The meme depicts inappropriate physical interactions and derogatory language towards a woman.
img01263.jpg,woman passenger,Non-Harmful,NULL,The meme uses a humorous scenario without targeting women for abuse or degradation.
img01264.png,woman in bikini,Non-Harmful,NULL,The image uses a humorous comparison without targeting the woman for abuse or degradation.
img01265.jpg,women wearing hard hats,Non-Harmful,NULL,"The image depicts women in construction attire, which is not inherently harmful."
img01266.jpg,woman,Non-Harmful,NULL,The image depicts a casual interaction without any harmful or offensive content towards women.
img01267.jpg,man wearing wizard hat,Non-Harmful,NULL,"The image depicts a man in a wizard costume, which is a playful and non-offensive theme."
img01268.jpg,Lana Rhoades,Non-Harmful,NULL,The image includes a photo of Lana Rhoades but does not depict any harmful content towards her.
img01269.jpg,woman,Implicit-Harm,Sexual-Harassment,"The meme implies a double standard where men are expected to propose traditionally while women are expected to perform oral sex, which is a form of sexual harassment."
img01270.jpg,woman,Non-Harmful,NULL,"The image depicts a couple in a casual, affectionate pose, which is a neutral portrayal without targeting women for abuse or harassment."
img01271.jpg,birds,Non-Harmful,NULL,"The image shows two birds perched on a branch, which is a neutral depiction without targeting women."
img01272.jpg,man,Non-Harmful,NULL,The meme uses gendered language to address depression but does not target women for abuse or harassment.
img01273.jpg,Belle Delphine,Non-Harmful,NULL,"The image is a news headline about Belle Delphine returning to social media, which does not target women for abuse or harassment."
img01274.jpg,woman,Non-Harmful,NULL,"The image depicts judges reacting to a performance, but there is no explicit or implicit harm towards women."
img01275.jpg,woman,Implicit-Harm,Sexual-Harassment,"The meme uses suggestive language about a woman's attire to imply sexual interest, which is inappropriate."
img01276.jpg,woman,Non-Harmful,NULL,"The image features historical figures, none of whom are depicted as women, and there is no indication of harm towards women."
img01277.png,woman's appearance,Non-Harmful,NULL,The image depicts a creative makeup design without any negative connotations towards women.
img01278.jpg,woman customer,Non-Harmful,NULL,"The meme uses a pun to play on the word 'gram', which is a unit of measurement, rather than targeting women for abuse or harassment."
img01279.jpg,woman,Non-Harmful,NULL,"The meme uses Yoda's expression to convey a humorous self-deprecating statement about being cute, which is not directed at women."
img01280.jpg,woman holding baby,Non-Harmful,NULL,The image is a humorous meme referencing the 'I Know You Got Milk?' campaign without targeting women for abuse or harassment.
img01281.jpg,woman doing laundry,Non-Harmful,NULL,The image depicts a humorous scenario without any negative portrayal of women.
img01282.jpg,man,Implicit-Harm,Sexual-Harassment,"The meme uses a man to represent women, implying they are weak and should have fought back, which is a form of sexual harassment."
img01283.png,woman's appearance,Non-Harmful,NULL,"The meme uses a humorous comparison to criticize a man's baldness, which is not directed at women."
img01284.jpg,female weeb,Implicit-Harm,Sexual-Harassment,The meme perpetuates a harmful stereotype about female fans of anime.
img01285.jpg,woman,Non-Harmful,NULL,"The image depicts two characters, one dressed as the Joker from 'Joker' and another as Pennywise from 'It', but there is no explicit or implicit harm towards women."
img01286.jpg,woman,Non-Harmful,NULL,The meme uses a humorous but non-harmful comparison to make a point about a father's behavior.
img01287.jpg,Ben Kenobi,Non-Harmful,NULL,The meme uses Ben Kenobi as a reference without any negative connotations towards him.
img01288.jpg,woman patient,Explicit-Harm,Sexual-Harassment,The doctor's comment about needing preservatives implies ageist stereotypes about women's health.
img01289.jpg,woman,Non-Harmful,NULL,The meme uses a humorous exchange about a girlfriend living in another nation without any negative connotations towards women.
img01290.jpg,cat,Non-Harmful,NULL,"The image features a cat, which is not related to women or any form of harm."
img01291.png,woman's appearance,Non-Harmful,NULL,The image compares camera quality in cheap phones to modern security cameras without targeting women for abuse or harassment.
img01292.jpg,female character,Explicit-Harm,Sexual-Harassment,The meme uses derogatory language targeting the female character's physical attributes.
img01293.jpg,woman's appearance,Non-Harmful,NULL,"The image depicts a humorous scenario involving mummies, but there is no explicit or implicit harm towards women."
img01294.jpg,woman,Non-Harmful,NULL,"The tweet humorously refers to the woman as 'off the market,' which is a common expression used to indicate she is no longer available for dating."
img01295.jpg,woman,Non-Harmful,NULL,The meme uses a common internet meme format to highlight a humorous misunderstanding without targeting women for abuse or degradation.
img01296.png,woman holding 'Free Hugs' sign,Non-Harmful,NULL,"The image uses a 'Free Hugs' sign to compare Google and Bing, which is a neutral comparison."
img01297.png,woman in high heels,Explicit-Harm,Sexual-Harassment,"The meme depicts a woman in high heels being propositioned for sexual favors, which is an explicit form of sexual harassment."
img01298.jpg,woman,Non-Harmful,NULL,The meme uses a humorous context without targeting women for abuse or degradation.
img01299.jpg,female role,Non-Harmful,NULL,The meme uses a humorous context without targeting women for abuse or degradation.
img01300.jpg,woman,Explicit-Harm,Sexual-Harassment,"The meme uses a derogatory term 'thot' to describe a woman, which is a form of sexual harassment."
img01301.png,woman,Non-Harmful,NULL,The image depicts a humorous scenario without targeting women for abuse or harassment.
img01302.jpg,female scientists,Non-Harmful,NULL,The image uses female scientists as a neutral example without targeting them for abuse or harassment.
img01303.png,woman,Non-Harmful,NULL,The image is a positive portrayal of a woman in a professional context.
img01304.png,woman's appearance,Non-Harmful,NULL,"The image depicts a man in a hospital bed, but there is no explicit or implicit harm towards women."
img01305.png,female characters,Non-Harmful,NULL,"The meme uses SpongeBob SquarePants to showcase various female characters from different franchises, highlighting their strength and presence."
img01306.png,rooster,Non-Harmful,NULL,The image uses a rooster as a humorous figure without targeting women for abuse or harassment.
img01307.jpg,woman,Explicit-Harm,Sexual-Harassment,"The meme suggests that leaving a girl's house without her consent is justified because she wasn't sober enough to give consent, which implies sexual coercion."
img01308.png,"beautiful, sexy girl",Explicit-Harm,Sexual-Harassment,"The meme suggests that the person would make fun of their friend for being beautiful and attractive, which is a form of sexual harassment."
img01309.png,woman,Non-Harmful,NULL,The image uses a meme format to express frustration without targeting the woman for abuse or harassment.
img01310.png,woman,Non-Harmful,NULL,The meme uses a neutral question about scrapbooking skills without targeting women for abuse or harassment.
img01311.jpg,dog,Non-Harmful,NULL,"The image uses a dog to humorously represent a dating scenario, which is a common meme format but does not target women for abuse or harassment."
img01312.png,mother,Non-Harmful,NULL,The meme uses a positive portrayal of a mother without any harmful connotations.
img01313.jpg,nurse,Non-Harmful,NULL,The image depicts a humorous scenario without targeting women for abuse or harassment.
img01314.jpg,female role,Non-Harmful,NULL,"The image is a humorous critique of a 'stupid' man, but it does not target women for abuse or harassment."
img01315.jpg,women,Non-Harmful,NULL,The meme uses a historical context to make a point about prioritizing certain groups during disasters without targeting women for abuse.
img01316.jpg,woman,Non-Harmful,NULL,The image uses a humorous scenario involving a woman without targeting her for abuse or harassment.
img01317.png,woman,Non-Harmful,NULL,The meme uses a humorous scenario without targeting women for abuse or degradation.
img01318.png,woman,Explicit-Harm,Sexual-Harassment,"The meme depicts a man making a sexual threat towards a woman, which constitutes explicit sexual harassment."
img01319.jpg,A female friend of mine,Non-Harmful,NULL,The meme uses a neutral scenario to depict a common social interaction without targeting women for abuse or harassment.
img01320.jpg,any new series,Non-Harmful,NULL,The meme uses a humorous context to critique Netflix's decision-making without targeting women.
img01321.jpg,woman,Non-Harmful,NULL,The image does not depict any explicit or implicit harm towards women.
img01322.jpg,woman,Non-Harmful,NULL,The meme is a humorous critique of internet culture rather than targeting women for abuse.
img01323.jpg,women cooking,Implicit-Harm,Sexual-Harassment,"The meme implies that women are solely responsible for cooking and cleaning, which is a form of sexual harassment."
img01324.jpg,woman's appearance,Non-Harmful,NULL,The image uses a humorous depiction of gender roles without targeting women for abuse or harassment.
img01325.jpg,woman,Implicit-Harm,Sexual-Harassment,"The meme uses a suggestive comment about marriage to imply a sexual connotation, which can be seen as objectifying the woman."
img01326.jpg,female programmers,Non-Harmful,NULL,The meme celebrates historical facts without promoting harmful stereotypes.
img01327.jpg,man,Non-Harmful,NULL,"The image uses a man to humorously depict a reaction, which is not targeted at women."
img01328.jpg,Spider-Man,Non-Harmful,NULL,The meme uses Spider-Man as a neutral figure to frame the humorous scenario without targeting women.
img01329.jpg,woman in red dress,Non-Harmful,NULL,"The image depicts a dog show where the judges are commenting on the woman's appearance, which is a common theme in such events but does not constitute harm."
img01330.jpg,woman in apron,Non-Harmful,NULL,The meme uses a humorous but non-harmful scenario to depict a mother's multitasking.
img01331.jpg,woman crush,Explicit-Harm,Sexual-Harassment,The meme objectifies the woman as a source of physical attributes rather than a person.
img01332.jpg,women wearing capes,Non-Harmful,NULL,The image uses a humorous comparison between two phrases without targeting women for abuse or degradation.
img01333.jpg,woman's wheelchair,Non-Harmful,NULL,The meme uses a wheelchair as a prop without targeting women for abuse or degradation.
img01334.jpg,woman in bikini,Explicit-Harm,Sexual-Harassment,"The meme depicts a man in authority sexually harassing a woman in a bikini, which is an explicit form of sexual harassment."
img01335.jpg,woman walking,Non-Harmful,NULL,The image uses a nostalgic tone to reference past societal norms without targeting women for abuse or degradation.
img01336.png,female role,Non-Harmful,NULL,"The meme uses SpongeBob characters to depict interactions between individuals, but there is no explicit or implicit harm towards women."
img01337.jpg,woman,Non-Harmful,NULL,The image uses a meme format to express a personal feeling without targeting women for abuse or harassment.
img01338.jpg,wife,Non-Harmful,NULL,"The meme uses a humorous context involving a wife making soup, which is a common domestic activity, without targeting the woman for abuse or degradation."
img01339.jpg,woman's appearance,Non-Harmful,NULL,The image humorously depicts a shopping scenario without targeting women for abuse or degradation.
img01340.jpg,woman's shoes,Non-Harmful,NULL,"The image uses a humorous sign to categorize 'women's shoes' under 'hardware', which is a neutral observation."
img01341.jpg,woman's appearance,Non-Harmful,NULL,"The image uses a clown to represent a meme, which is a common internet meme format but does not target women for abuse or harassment."
img01342.png,fat boy,Non-Harmful,NULL,The meme uses a fat-shaming stereotype without targeting women directly.
img01343.jpg,woman,Non-Harmful,NULL,"The image depicts a humorous scenario involving a dog running towards its owner, which is unrelated to any harm towards women."
img01344.jpg,woman's appearance,Non-Harmful,NULL,The meme uses a baby Yoda character to humorously depict a change in perspective over time without targeting women for abuse or harassment.
img01345.jpg,Earth,Non-Harmful,NULL,The image shows Earth at two different times but does not depict any harm to women or gender-based stereotypes.
img01346.jpg,woman,Implicit-Harm,Sexual-Harassment,The meme uses a sexualized joke about PMS to make a comment on women's competence.
img01347.jpg,hot women,Implicit-Harm,Sexual-Harassment,"The meme uses derogatory language to describe women marrying rich men, which is a form of sexual harassment."
img01348.jpg,woman,Non-Harmful,NULL,"The meme uses a humorous scenario involving a man talking on his phone while driving, but it does not target women for abuse or harassment."
img01349.jpg,woman's appearance,Non-Harmful,NULL,"The comic uses exaggerated humor to depict a 'danger' situation involving a woman's reflection, but it does not target her for abuse or harassment."
img01350.jpg,woman sitting,Non-Harmful,NULL,The image focuses on a man's behavior rather than the woman's experience.
img01351.jpg,woman,Non-Harmful,NULL,"The image depicts Santa Claus humorously forgetting his glasses, which is a lighthearted joke and not directed at women."
img01352.jpg,woman's dress,Non-Harmful,NULL,The meme uses a visual comparison to highlight the difference in dress sizes without implying any negative stereotype.
img01353.jpg,Baby Yoda,Non-Harmful,NULL,The image uses Baby Yoda as a meme format to express a humorous scenario without targeting women.
img01354.jpg,girl,Non-Harmful,NULL,"The meme uses a child's perspective to humorously question an adult's employment status, which is a common form of gender-neutral humor."
img01355.jpg,woman performing yoga,Non-Harmful,NULL,"The image depicts a woman practicing yoga, which is a neutral activity unrelated to any form of harm."
img01356.jpg,female shoppers,Non-Harmful,NULL,"The image shows a display of winter clothing and shoes, which is unrelated to any form of harm towards women."
img01357.jpg,woman patient,Non-Harmful,NULL,The meme uses humor to depict a scenario without targeting women for abuse or harassment.
img01358.jpg,woman's appearance,Non-Harmful,NULL,"The image uses a humorous comparison of 'I love you more' and 'I love you most,' which is a common meme format without targeting women for abuse."
img01359.jpg,woman behind counter,Non-Harmful,NULL,"The image shows a woman behind a counter displaying knitted items, which is a neutral activity."
img01360.jpg,woman on cliff,Implicit-Harm,Sexual-Harassment,"The man is taking a photo of the woman, who appears to be on the edge of a cliff, which could be interpreted as an attempt to exploit her for his own amusement."
img01361.png,woman's appearance,Non-Harmful,NULL,"The image depicts a man watching a TV showing a cartoon with exaggerated fish, but there is no direct harm to women."
img01362.jpg,male character,Non-Harmful,NULL,The image depicts a male character without any indication of harm towards women.
img01363.jpg,Luigi,Non-Harmful,NULL,"The image uses Luigi's character to promote a violent and aggressive message, which is not related to women."
img01364.jpg,woman,Non-Harmful,NULL,"The image depicts a humorous scenario involving a man's reaction to finding out his girlfriend is seeing someone else, but it does not target women for abuse or harassment."
img01365.png,girls locker room,Non-Harmful,NULL,"The image uses a comparison between girls' and boys' locker rooms to highlight differences in social interactions, which is a neutral observation."
img01366.jpg,woman holding pickles,Implicit-Harm,Sexual-Harassment,"The man's comment about being lonely implies a sexual interest in the woman, which is inappropriate."
img01367.png,no women-related content,Non-Harmful,NULL,"The post discusses an experiment involving free coins and awards, which does not target women for abuse or harassment."
img01368.jpg,woman's appearance,Non-Harmful,NULL,The image depicts a humorous scenario without targeting women for abuse or harassment.
img01369.jpg,woman,Non-Harmful,NULL,The image does not depict any harm towards women.
img01370.jpg,female police officer,Explicit-Harm,Sexual-Harassment,"The meme uses a sexualized reference to the woman's body ('BOOBS!') as part of a police interaction, which is inappropriate."
img01371.jpg,woman,Non-Harmful,NULL,"The meme uses a humorous but gender-specific joke about opening a beer, which is not harmful to women."
img01372.jpg,woman at baby shower,Explicit-Harm,Sexual-Harassment,"The comic depicts a sexualized joke about a woman being given a baby shower, which is inappropriate and disrespectful."
img01373.jpg,woman,Non-Harmful,NULL,The meme uses a humorous comparison without targeting women for abuse or degradation.
img01374.jpg,bonsai tree,Non-Harmful,NULL,The image uses bonsai trees as a neutral subject without targeting women for abuse or harassment.
img01375.jpg,woman,Non-Harmful,NULL,"The meme uses a quote about men looking at women, which is a common trope but does not target women for abuse or harassment."
img01376.jpg,female flight attendant,Implicit-Harm,Sexual-Harassment,The meme implies that the female flight attendant is a potential source of unwanted attention from male passengers.
img01377.jpg,woman in witch attire,Non-Harmful,NULL,The meme humorously contrasts the behavior of others versus the narrator on New Year's Eve without targeting women for abuse.
img01378.jpg,woman pointing,Non-Harmful,NULL,The meme uses a humorous play on words without targeting women for abuse or degradation.
img01379.jpg,woman's appearance,Non-Harmful,NULL,The image uses a humorous comparison to highlight resilience without targeting women for abuse.
img01380.jpg,women shoppers,Non-Harmful,NULL,"The image shows four men representing different locations, but there are no women present."
img01381.jpg,woman taking a photo,Implicit-Harm,Misogyny,"The meme mocks the woman's attempt to take a photo, suggesting it's for Instagram, which implies a superficial concern with appearances."
img01382.jpg,woman,Non-Harmful,NULL,The meme does not target women for abuse or harassment.
img01383.jpg,future vehicle,Non-Harmful,NULL,"The image compares futuristic vehicles from 'Back to the Future' with modern ones, focusing on technology rather than women."
img01384.jpg,woman on ladder,Implicit-Harm,Sexual-Harassment,The meme uses a suggestive tone to imply the woman should focus on domestic tasks rather than work.
img01385.jpg,woman cooking,Non-Harmful,NULL,"The image depicts a woman cooking, which is a neutral activity unrelated to any form of harm."
img01386.jpg,wife,Explicit-Harm,Sexual-Harassment,The tweet promotes a harmful stereotype about women's roles and submission to men.
img01387.jpg,woman,Non-Harmful,NULL,"The image depicts a humorous scenario involving a man waiting for his wife, which is a common everyday situation and does not target women for abuse or harassment."
img01388.jpg,shark,Non-Harmful,NULL,"The shark is used as a metaphor for racing games, which is a neutral comparison."
img01389.jpg,wife,Non-Harmful,NULL,The meme uses a comparison to highlight a difference in behavior without implying any negative stereotype.
img01390.png,woman in dress,Non-Harmful,NULL,The image depicts a historical scene without any explicit or implicit harm towards women.
img01391.jpg,diver,Non-Harmful,NULL,The image uses a diver to represent a 'redditor' but does not target women for abuse or harassment.
img01392.jpg,woman's appearance,Non-Harmful,NULL,The meme uses a character to represent a specific age group without targeting women for abuse or harassment.
img01393.jpg,woman,Implicit-Harm,Sexual-Harassment,The man's comment about the woman's back being 'bad' and the woman's response about her front being 'pretty fucked up too' implies a sexualized and objectifying conversation.
img01394.jpg,woman,Non-Harmful,NULL,"The image shows a humorous exchange about pizza and D, which is unrelated to any form of harm towards women."
img01395.jpg,waitress,Explicit-Harm,Sexual-Harassment,The meme uses a sexualized interaction between a man and a waitress to make a joke about his erectile dysfunction.
img01396.jpg,women wearing hard hats,Non-Harmful,NULL,"The image shows women in construction attire, which is not inherently harmful."
img01397.png,woman's appearance,Non-Harmful,NULL,The image uses a generic meme format without targeting any specific women or gender stereotypes.
img01398.jpg,woman,Non-Harmful,NULL,"The image depicts a humorous scenario involving a man and his dog, but there is no explicit or implicit harm towards women."
img01399.jpg,woman's appearance,Non-Harmful,NULL,"The image shows a weather forecast, which is unrelated to any form of harm towards women."
img01400.jpg,woman in wedding dress,Non-Harmful,NULL,The image uses a humorous and exaggerated scenario without targeting women for abuse or degradation.
img01401.png,woman,Implicit-Harm,Misogyny,The meme uses a derogatory term to describe a person's actions towards women and minorities.
img01402.jpg,male character,Non-Harmful,NULL,"The meme uses a humorous exchange about Google's gender to make a point about its functionality, which is not directed at women."
img01403.jpg,woman,Non-Harmful,NULL,The meme uses a humorous context to discuss gender roles without targeting women for abuse or harassment.
img01404.jpg,woman,Non-Harmful,NULL,The tweet does not target women for abuse or harassment.
img01405.jpg,woman,Non-Harmful,NULL,"The image humorously suggests a woman's fitness goal can be achieved through household chores, without any negative connotations towards her."
img01406.png,woman's appearance,Non-Harmful,NULL,"The meme uses a humorous reference to Thor's self-assurance despite his girlfriend taking off her clothes multiple times, which is a common internet joke."
img01407.jpg,prostitute,Explicit-Harm,Sexual-Harassment,"The meme uses derogatory language ('slut!') to degrade the prostitute, which is a form of sexual harassment."
img01408.jpg,mom,Non-Harmful,NULL,"The meme humorously contrasts the mother's criticism of her child versus her own actions, but it does not target women for abuse or harassment."
img01409.png,woman's appearance,Non-Harmful,NULL,"The image uses Photoshop to create a humorous comparison between normal and exaggerated use of the software, focusing on the exaggerated facial expression rather than targeting women."
img01410.jpg,woman,Implicit-Harm,Sexual-Harassment,"The meme suggests Google is a woman, implying it has feminine characteristics, which can be seen as objectifying technology."
img01411.jpg,woman,Explicit-Harm,Sexual-Harassment,"The meme uses a sexual assault scenario to mock a woman's refusal, promoting harmful behavior."
img01412.png,cartoon characters,Non-Harmful,NULL,The image is a voting round for 'Meme of the Decade' and features a diverse collection of cartoon characters without any specific targeting or harm.
img01413.jpg,female driver,Non-Harmful,NULL,The image uses a metaphorical comparison to suggest a different approach without targeting women for abuse or harassment.
img01414.jpg,woman's appearance,Non-Harmful,NULL,"The meme uses a monkey to represent a man, focusing on his relationship rather than targeting women."
img01415.jpg,man wearing red hat,Non-Harmful,NULL,The image does not depict any harm towards women.
img01416.jpg,trooper,Non-Harmful,NULL,The meme uses a Star Wars trooper to humorously depict Reddit users' reactions to different emojis.
img01417.jpg,woman,Non-Harmful,NULL,The meme uses a cartoon bear to make a political statement about deforestation without targeting women.
img01418.jpg,woman's appearance,Non-Harmful,NULL,The meme uses a before-and-after scenario to humorously comment on physical changes post-surgery without targeting women for abuse.
img01419.jpg,mother,Non-Harmful,NULL,"The meme uses a humorous tone to discuss the mother's ability to keep her child alive while killing houseplants, without targeting women for abuse or degradation."
img01420.jpg,woman walking,Non-Harmful,NULL,"The image uses abstract stone figures to humorously depict builders' reactions to a woman walking, without targeting her for abuse or harassment."
img01421.jpg,shoe collection,Non-Harmful,NULL,"The image contrasts a shoe collection with a spice rack, highlighting different interests without implying superiority or inferiority."
img01422.jpg,parents,Non-Harmful,NULL,"The image depicts a humorous scenario involving parents watching a halftime show, which is a common family activity."
img01423.jpg,woman,Non-Harmful,NULL,"The meme uses a humorous exaggeration about eye expansion to express affection towards a wife, without targeting women for abuse or degradation."
img01424.jpg,woman passenger,Non-Harmful,NULL,The image uses a humorous scenario without targeting women for abuse or degradation.
img01425.jpg,father,Non-Harmful,NULL,"The image depicts a humorous interaction between a father and son about a date, which does not target women for abuse or harassment."
img01426.png,woman's appearance,Non-Harmful,NULL,The meme uses a humorous scenario involving a woman's Reddit account without targeting her for abuse or harassment.
img01427.jpg,female gamers,Implicit-Harm,Sexual-Harassment,"The meme discusses the concept of 'killing' female gamers in online games being considered rape, which implies a harmful stereotype about women in gaming."
img01428.jpg,woman,Implicit-Harm,Sexual-Harassment,The meme uses a degrading stereotype about women's behavior during conversations.
img01429.jpg,woman,Non-Harmful,NULL,The meme does not target the woman for abuse or harassment.
img01430.jpg,female role,Non-Harmful,NULL,"The image discusses Mario Bros' views on children, but there is no mention of women or gender-based harm."
img01431.jpg,teachers copy,Non-Harmful,NULL,"The image compares two versions of a teacher's copy, highlighting a difference but without targeting women for abuse or harassment."
img01432.png,woman,Non-Harmful,NULL,"The image uses a character from a video game to make a statement about domestic violence, which is a serious issue but not targeted here."
img01433.png,woman being kissed,Non-Harmful,NULL,The image depicts a romantic scene without any negative connotations towards women.
img01434.jpg,mechanic,Non-Harmful,NULL,"The image depicts a humorous scenario involving a mechanic, but there is no explicit or implicit harm towards women."
img01435.png,World War 3,Non-Harmful,NULL,"The image depicts a military figure labeled 'World War 3', which is a political commentary and not directed at women."
img01436.jpg,woman in military uniform,Non-Harmful,NULL,"The image shows a woman in military uniform holding a baby, which is a positive depiction of a mother serving in the military."
img01437.jpg,fairy,Non-Harmful,NULL,"The image includes a fairy as part of a list of fictional entities, which is not harmful."
img01438.jpg,feminists,Non-Harmful,NULL,"The meme uses humor to contrast reactions to offensive jokes versus extreme feminist views, without targeting women directly."
img01439.jpg,woman with wings,Non-Harmful,NULL,The image uses a neutral depiction of a woman with wings without any harmful connotations.
img01440.jpg,woman's appearance,Non-Harmful,NULL,The image does not depict any explicit or implicit harm towards women.
img01441.jpg,woman caller,Implicit-Harm,Misogyny,"The meme implies that women are more likely to have bad days and avoid discussing them, which stereotypes women as overly emotional."
img01442.jpg,woman,Non-Harmful,NULL,The image does not contain any content that targets women for abuse or harassment.
img01443.jpg,woman's appearance,Non-Harmful,NULL,The comic uses a humorous scenario involving a crush without targeting women for abuse or degradation.
img01444.jpg,woman's appearance,Non-Harmful,NULL,"The image includes a tattoo and slippers, which do not directly target women for abuse or harassment."
img01445.png,woman's appearance,Non-Harmful,NULL,"The image contains a meme with a bell labeled 'Blowjob' and a photo of a man in a club setting, which are unrelated to the tweet content about Giannis and Harden."
img01446.jpg,female characters,Non-Harmful,NULL,"The image depicts a humorous scenario involving multiple characters, but there is no explicit or implicit harm towards women."
img01447.jpg,woman in bikini,Explicit-Harm,Sexual-Harassment,"The image uses a sexualized depiction of a woman to make a crude joke about tires, which is an example of sexual harassment."
img01448.jpg,woman,Non-Harmful,NULL,The image uses a humorous context without targeting women for abuse or degradation.
img01449.jpg,woman lying naked on dinner table,Explicit-Harm,Sexual-Harassment,"The meme depicts a man being shocked to find a naked woman on the dinner table, which is a form of sexual harassment."
img01450.jpg,woman voter,Non-Harmful,NULL,The image depicts a woman dressed in historical attire participating in a modern voting process without any negative connotations.
img01451.jpg,woman's appearance,Implicit-Harm,Misogyny,"The meme uses the term 'thot' to describe chocolate, which is a derogatory term often used to degrade women."
img01452.jpg,squidward,Non-Harmful,NULL,The image uses humor to depict a humorous scenario without targeting women for abuse or harassment.
img01453.png,The girls watching the game,Non-Harmful,NULL,The meme does not target women for abuse or harassment.
img01454.jpg,woman,Implicit-Harm,Sexual-Harassment,The meme uses a sexist stereotype to imply that women are the source of men's snoring.
img01455.jpg,woman's clitoris,Explicit-Harm,Sexual-Harassment,"The meme uses a graphic depiction of a man struggling to find a clitoris, which is a form of sexual harassment."
img01456.jpg,woman,Non-Harmful,NULL,The image uses a meme format to express a political stance without targeting women for abuse or harassment.
img01457.jpg,woman,Non-Harmful,NULL,The meme uses a humorous scenario without targeting women for abuse or degradation.
img01458.jpg,woman on broomstick,Non-Harmful,NULL,"The comic uses a playful interaction between a dog and a witch, without targeting women for abuse or degradation."
img01459.jpg,man,Non-Harmful,NULL,The image does not contain any content targeting women for abuse or harassment.
img01460.jpg,woman in a white suit,Non-Harmful,NULL,"The meme uses a political figure to make a point about the reliability of sources, which is a neutral discussion."
img01461.jpg,woman,Non-Harmful,NULL,The image does not depict any women being targeted for abuse or harassment.
img01462.jpg,woman fishing,Non-Harmful,NULL,The image depicts a woman engaging in a peaceful outdoor activity without any negative connotations.
img01463.jpg,woman in pink bodysuit,Non-Harmful,NULL,The image shows a comparison of win counts between two gaming modes without targeting women for abuse or degradation.
img01464.jpg,woman,Non-Harmful,NULL,The image depicts a compliment exchange without any negative connotations towards the woman.
img01465.jpg,woman's appearance,Implicit-Harm,Sexual-Harassment,"The image uses a suggestive context to imply the woman's body is the focus of the story, which can be seen as objectifying her."
img01466.png,woman,Non-Harmful,NULL,"The image depicts a humorous scenario involving a woman, but there is no explicit or implicit harm towards her."
img01467.jpg,woman,Explicit-Harm,Sexual-Harassment,The meme uses derogatory language to describe women as 'fake' and implies a harmful dynamic where women should serve men's desires.
img01469.jpg,middle-aged women,Implicit-Harm,Misogyny,"The meme uses a stereotype about middle-aged women to imply they are responsible for the virus spread, which is a form of misogyny."
img01470.png,woman,Non-Harmful,NULL,The image is a meme voting for 'Meme of the Month' without targeting or harming any specific women.
img01471.jpg,woman's appearance,Non-Harmful,NULL,"The image includes a photo of a woman but focuses on other elements like characters from popular culture, which do not directly target women for abuse or harassment."
img01472.jpg,woman's appearance,Implicit-Harm,Sexual-Harassment,"The meme uses a historical context to mockingly suggest that revealing ankles is a provocative act, which could be interpreted as sexual harassment."
img01473.jpg,woman in traditional attire,Non-Harmful,NULL,"The image uses a woman in traditional attire to represent a 'tiger owner,' which is a neutral depiction without targeting women for abuse or harassment."
img01474.jpg,DIE MART,Non-Harmful,NULL,The image uses a humorous play on words without targeting women for abuse or degradation.
img01475.jpg,male ghost,Non-Harmful,NULL,"The meme uses a male ghost as a metaphor for a common fear, which is not targeted at women."
img01476.jpg,female panda,Non-Harmful,NULL,The image uses a humorous juxtaposition without targeting women for abuse or degradation.
img01477.jpg,bride,Non-Harmful,NULL,"The image uses a humorous scenario involving a bride being chased by dogs, which is not intended to harm or degrade women."
img01478.jpg,woman passenger,Non-Harmful,NULL,The meme uses a humorous interaction between characters without targeting women for abuse or harassment.
img01479.png,woman,Non-Harmful,NULL,The image does not target women for abuse or harassment.
img01480.jpg,man in suit,Non-Harmful,NULL,The meme does not target women for abuse or harassment.
img01481.jpg,woman,Non-Harmful,NULL,The image depicts a couple in a romantic setting without any explicit or implicit harm towards women.
img01483.jpg,woman,Non-Harmful,NULL,"The image depicts individuals in protective suits, but the text is promoting a paid service involving a woman, which is not directly harmful to her."
img01484.jpg,woman sunbathing,Implicit-Harm,Sexual-Harassment,"The image depicts a man climbing a tree to install birdhouses while a woman is sunbathing, suggesting an inappropriate gaze."
img01485.png,woman,Non-Harmful,NULL,The image discusses the 'Karen' meme and its implications without targeting women for abuse or harassment.
img01486.jpg,Cinderella,Explicit-Harm,Sexual-Harassment,The meme uses a sexualized interaction between Cinderella and another character to make a derogatory statement about women needing money and men.
img01487.jpg,woman's appearance,Non-Harmful,NULL,"The image uses a man with a bear's head to represent different video quality levels, which is a humorous and non-harmful comparison."
img01488.jpg,woman's appearance,Non-Harmful,NULL,"The image compares the appearance of a wallet when there is a girlfriend versus without one, but it does not target women for abuse or harassment."
img01489.jpg,woman,Non-Harmful,NULL,The image does not directly target women for abuse or harassment.
img01490.jpg,woman's appearance,Non-Harmful,NULL,The image uses a meme format to comment on a legal issue without targeting women for abuse or harassment.
img01491.jpg,female role,Non-Harmful,NULL,The image depicts a humorous scenario without targeting women for abuse or harassment.
img01492.jpg,woman,Explicit-Harm,Sexual-Harassment,"The meme uses derogatory language to degrade women, equating their existence with sexual availability."
img01493.jpg,woman,Non-Harmful,NULL,"The image uses a meme format to contrast 'people with a brain' and 'people who only upvote gif memes,' but it does not target women for abuse or harassment."
img01494.png,grandmother,Non-Harmful,NULL,"The image uses a humorous scenario involving bananas to depict a grandparent reacting to unexpected visitors, without targeting women for abuse or degradation."
img01495.png,man in field,Non-Harmful,NULL,"The image depicts a man in a field, which is unrelated to any women-related content."
img01496.jpg,woman,Implicit-Harm,Sexual-Harassment,"The image depicts a man surrounded by women holding signs related to suffrage, suggesting he is being harassed or overwhelmed by their presence."
img01497.jpg,female role,Non-Harmful,NULL,"The image uses a derogatory term 'Dick head' to describe someone who enjoys a post but doesn't upvote, which is not related to women."
img01498.jpg,girl,Non-Harmful,NULL,"The meme uses a humorous scenario to highlight the girl's frustration about her relationship being obvious, but it does not target women for abuse or harassment."
img01499.jpg,woman's appearance,Non-Harmful,NULL,"The image uses a humorous comparison to depict a reaction to being scared, which is not directed at women."
img01500.jpg,woman,Non-Harmful,NULL,"The image is a meme comparing two triangles, which is a neutral comparison and does not target women for abuse or harassment."
img01501.jpg,woman holding lightsaber,Non-Harmful,NULL,The image depicts a playful scene involving lightsabers without any negative connotations towards women.
img01502.png,Steve Harvey,Explicit-Harm,Sexual-Harassment,"The meme uses a sexual joke about female anatomy, which can be offensive and inappropriate."
img01503.jpg,woman's appearance,Non-Harmful,NULL,The image does not depict any explicit or implicit harm towards women.
img01504.jpg,Goofy,Non-Harmful,NULL,"The image is a humorous meme about finishing a Lego set quickly, which does not target women for abuse or harassment."
img01505.jpg,girls receiving compliments,Implicit-Harm,Sexual-Harassment,"The meme implies that girls frequently receive compliments, which are often cat calls and sexist remarks."
img01506.png,female character,Non-Harmful,NULL,"The image contrasts real-life and anime depictions of old men, focusing on their behavior rather than targeting women."
img01507.jpg,woman's appearance,Non-Harmful,NULL,"The image shows a woman's photos being shared on social media, but there is no indication of harm towards her."
img01508.jpg,women's legs,Implicit-Harm,Sexual-Harassment,"The meme uses a comparison between 'girl's leg' and 'boy's leg' to imply a difference in attractiveness, which is a form of sexual harassment."
img01509.jpg,woman's appearance,Non-Harmful,NULL,"The image depicts a humorous scenario involving a mummy, but there is no explicit or implicit harm towards women."
img01510.jpg,Team Rocket members,Non-Harmful,NULL,"The image depicts Team Rocket members in various roles, which is part of their character development in the series."
img01511.jpg,woman shoppers,Implicit-Harm,Sexual-Harassment,"The meme uses a sexist greeting to address women shoppers, promoting a degrading stereotype."
img01512.jpg,women's pay gap,Implicit-Harm,Sexual-Harassment,"The meme uses SpongeBob to argue against the gender pay gap, which can be interpreted as implicitly supporting sexual harassment."
img01513.jpg,woman's appearance,Non-Harmful,NULL,"The meme uses a humorous comparison between two men, but it does not target women for abuse or harassment."
img01514.png,women,Non-Harmful,NULL,The meme compares societal reactions to depression between men and women without targeting women for abuse or harassment.
img01516.jpg,man in suit,Non-Harmful,NULL,"The image depicts a humorous scenario involving a man in a suit holding scissors, but there is no explicit or implicit harm towards women."
img01517.jpg,woman's appearance,Non-Harmful,NULL,The image does not directly target women for abuse or harassment.
img01518.jpg,woman,Non-Harmful,NULL,The meme uses a confrontational tone but does not explicitly harm or degrade the woman.
img01519.png,woman,Non-Harmful,NULL,"The image is a meme about users looking for words containing 'man', which does not target women for abuse or harassment."
img01520.jpg,woman in bed,Non-Harmful,NULL,The image depicts a humorous scenario without targeting women for abuse or harassment.
img01521.jpg,man with long hair,Non-Harmful,NULL,"The image is a meme referencing a group called Incels, which is not directly related to women."
img01522.jpg,dog,Non-Harmful,NULL,The image features a dog and does not target women for abuse or harassment.
img01523.jpg,woman caller,Implicit-Harm,Sexual-Harassment,"The meme suggests that a man playing PUBG while answering a call from a woman is a reason to marry him, promoting a harmful stereotype about women's worth."
img01524.png,woman's appearance,Non-Harmful,NULL,The image is a humorous meme about receiving compliments from someone other than your mother.
img01525.jpg,woman,Non-Harmful,NULL,The image discusses a social issue without targeting women for abuse or degradation.
img01526.jpg,pregnant woman,Non-Harmful,NULL,"The image shows a couple celebrating their relationship milestone and pregnancy announcement, which is a positive and non-harmful context."
img01527.jpg,woman's appearance,Non-Harmful,NULL,The meme uses a humorous scenario to highlight different clothing choices without implying any negative stereotypes.
img01528.jpg,men who were physically abused,Non-Harmful,NULL,"The meme uses a train to represent men who were physically abused, which is a non-harmful context."
img01529.jpg,woman,Non-Harmful,NULL,"The meme uses a humorous scenario involving a woman driving at high speed, but it does not target her for abuse or harassment."
img01530.jpg,woman in wedding dress,Non-Harmful,NULL,"The image uses a wedding dress to humorously depict a man's reaction to being asked about his marriage, but it does not target women for abuse or harassment."
img01531.jpg,female role,Non-Harmful,NULL,The meme uses a humorous comparison about bisexuality without targeting women for abuse or degradation.
img01532.jpg,woman in bed,Non-Harmful,NULL,The image depicts a humorous scenario without targeting women for abuse or harassment.
img01533.jpg,woman,Explicit-Harm,Violence,"The image depicts a violent act against a woman, which is explicitly harmful."
img01534.jpg,Juan Carlos,Non-Harmful,NULL,"The meme is a historical reference to Juan Carlos I of Spain, highlighting his transition from an authoritarian government to democracy without targeting women for abuse or degradation."
img01535.png,woman,Non-Harmful,NULL,"The image depicts a humorous scenario involving police officers and a wife on Black Friday, which is not targeting women for abuse or harassment."
img01536.jpg,elderly woman driving,Non-Harmful,NULL,"The image shows an elderly woman driving a car safely, wearing a seatbelt, which is a positive depiction of her ability to drive independently."
img01537.jpg,woman,Non-Harmful,NULL,The image does not directly target women for abuse or harassment.
img01538.jpg,woman,Non-Harmful,NULL,"The meme uses humor to highlight the invisibility of women in media coverage, which is a commentary on gender representation rather than an attack on women."
img01539.jpg,woman's appearance,Non-Harmful,NULL,"The image uses a humorous comparison to AirPods, which is not harmful."
img01540.jpg,woman's appearance,Non-Harmful,NULL,"The image uses a humorous comparison of a woman's appearance to a pie chart, which is a neutral observation."
img01541.png,women 40 years younger than him,Implicit-Harm,Sexual-Harassment,"The meme implies that younger women are interested in older men winning the lottery, which can be seen as objectifying their age and potential romantic interest."
img01542.jpg,My girlfriend,Non-Harmful,NULL,The meme uses a personal statement about a girlfriend without any negative connotations towards women.
img01543.jpg,Mozart,Non-Harmful,NULL,"The meme uses Mozart as an example to encourage procrastination, which is not harmful."
img01544.jpg,Keanu Reeves,Non-Harmful,NULL,The image is a meme referencing a character from 'John Wick' and does not target women for abuse or harassment.
img01545.jpg,Belle Delphine,Non-Harmful,NULL,The meme does not target Belle Delphine for abuse or harassment.
img01546.png,woman with pink hair,Non-Harmful,NULL,The image is a humorous meme referencing a popular meme format without targeting women for abuse or degradation.
img01547.jpg,dog,Non-Harmful,NULL,"The image humorously depicts a dog reacting to its owner's return, but it does not target women for abuse or harassment."
img01548.jpg,woman in the kitchen,Non-Harmful,NULL,The comic depicts a humorous scenario without targeting women for abuse or harassment.
img01549.jpg,female characters,Non-Harmful,NULL,The meme uses 'wanting more female characters' as a metaphor without targeting women themselves.
img01550.jpg,woman,Non-Harmful,NULL,"The image depicts a humorous scenario involving a dog and text, but there is no explicit or implicit harm towards women."
img01551.jpg,woman,Non-Harmful,NULL,The meme does not target women for abuse or harassment.
img01552.jpg,giraffe,Non-Harmful,NULL,The image uses a giraffe as a metaphor without targeting women for abuse or harassment.
img01553.jpg,Belle Delphine,Non-Harmful,NULL,The meme does not target women for abuse or harassment.
img01554.jpg,Belle Delphine,Non-Harmful,NULL,"The image is a meme comparing the number of 'simps' between two individuals, which is a common online interaction but does not target women for abuse."
img01555.jpg,woman astronaut,Non-Harmful,NULL,The meme uses a humorous tone to discuss a serious situation without targeting the woman for abuse or degradation.
img01556.jpg,woman,Non-Harmful,NULL,The image depicts a humorous scenario without targeting women for abuse or degradation.
img01557.jpg,woman's appearance,Non-Harmful,NULL,"The image shows a man with tattoos and a meme character, but there is no direct targeting of women."
img01558.jpg,woman,Non-Harmful,NULL,"The image is a humorous take on Gauss solving a math problem quickly, which does not target women for abuse or harassment."
img01559.jpg,woman's relationship,Non-Harmful,NULL,"The image uses a wrestling ring as a bed frame, which is a humorous but non-harmful depiction."
img01560.jpg,Budweiser truck,Non-Harmful,NULL,"The image shows a Budweiser truck supporting law enforcement, which is a positive message without targeting women."
img01561.jpg,woman's appearance,Non-Harmful,NULL,"The image compares angels depicted in the Bible versus art, focusing on their appearances rather than any harmful content."
img01562.jpg,girls,Implicit-Harm,Sexual-Harassment,"The meme uses a derogatory term 'fucks each other' to describe girls, which is a form of sexual harassment."
img01563.jpg,female character,Non-Harmful,NULL,The image depicts a Star Wars character in a humorous context but does not target women for abuse or harassment.
img01564.jpg,anime girls playing guitar,Non-Harmful,NULL,The meme uses a general statement about anime girls to make a positive observation about their guitar-playing abilities.
img01565.jpg,dog wearing military gear,Non-Harmful,NULL,"The image uses a dog in military attire as a humorous reference to the Fourth of July, without targeting women for abuse or degradation."
img01566.jpg,car,Non-Harmful,NULL,"The image depicts a car parked awkwardly, but there is no explicit or implicit harm towards women."
img01567.jpg,woman,Implicit-Harm,Appearance-Attack,The meme criticizes the woman's appearance by suggesting she needs makeup and plastic surgery.
img01568.jpg,male characters,Non-Harmful,NULL,The meme uses humor to comment on a relationship dynamic without targeting women for abuse or degradation.
img01569.jpg,man with beard,Non-Harmful,NULL,"The image shows a man with a beard, but there is no indication of harm towards women."
img01570.png,stay at home husband,Implicit-Harm,Sexual-Harassment,"The meme implies that a man would prefer to stay at home rather than work if his wife earns more money, which is a form of sexual harassment."
img01571.jpg,man in car,Non-Harmful,NULL,The meme uses a relatable scenario but does not target women for abuse or harassment.
img01572.jpg,woman in yellow dress,Non-Harmful,NULL,The image does not directly target women for abuse or harassment.
img01573.jpg,woman,Non-Harmful,NULL,The image compares Reddit users' experiences without targeting women for abuse or degradation.
img01574.jpg,feminist protesters,Non-Harmful,NULL,"The image depicts a crowd of people, but there is no specific targeting of women for harm."
img01575.jpg,woman,Non-Harmful,NULL,"The meme uses a humorous anecdote about a monk who has never seen a woman to make a point about simplicity, without targeting women for abuse or degradation."
img01576.png,pregnant woman,Non-Harmful,NULL,The post discusses pregnancy and abortion without targeting women for abuse or harassment.
img01577.jpg,woman speaking,Non-Harmful,NULL,The image does not target women for abuse or harassment.
img01578.jpg,woman,Non-Harmful,NULL,The meme uses a cartoon character to depict a humorous scenario without targeting women for abuse or harassment.
img01579.jpg,Wonder Woman,Non-Harmful,NULL,"The image uses Wonder Woman as part of a meme about the impact of the pandemic on box office performance, without targeting her for abuse or degradation."
img01580.jpg,God,Non-Harmful,NULL,The meme uses a humorous comparison without targeting women for abuse or degradation.
img01582.jpg,woman's appearance,Non-Harmful,NULL,"The image depicts a father in armor, but there is no explicit or implicit harm towards women."
img01583.png,single mom,Implicit-Harm,Misogyny,"The meme portrays the single mom as overwhelmed by stress and responsibilities, which can be seen as degrading."
img01584.png,woman,Non-Harmful,NULL,"The image depicts two individuals reading books titled '1000 New Positions' and '1000 New Excuses', which do not directly harm or stereotype women."
img01585.png,woman on Tinder,Explicit-Harm,Sexual-Harassment,"The meme suggests that women on Tinder bully men based on height, which is a form of sexual harassment."
img01586.jpg,Uncle Iroh,Non-Harmful,NULL,"The meme uses Uncle Iroh as a character to make a humorous point about children's phone usage, without targeting women."
img01587.jpg,girls,Non-Harmful,NULL,The meme uses a comparison between girls' and boys' locker room comments without any negative connotations towards girls.
img01588.jpg,baby girl,Non-Harmful,NULL,"The image shows a baby girl with a charge sheet indicating a felony charge of deliberate homicide, but the context is not related to the baby."
img01589.jpg,woman's appearance,Non-Harmful,NULL,"The image is a humorous starter pack meme, not targeting women for abuse or harassment."
img01590.png,cat,Non-Harmful,NULL,"The image uses a cat to represent Rick Astley, which is a humorous but non-harmful comparison."
img01591.jpg,man in formal attire,Non-Harmful,NULL,"The image depicts a man in formal attire, but there is no evidence of harm towards women."
img01592.png,woman,Explicit-Harm,Violence,"The meme depicts a violent act against a woman, which is harmful."
img01593.jpg,woman,Non-Harmful,NULL,The meme uses a humorous exchange without targeting women for abuse or degradation.
img01594.jpg,woman's appearance,Non-Harmful,NULL,"The meme uses a humorous reference to low-quality ads due to poor WiFi, which is unrelated to women."
img01595.jpg,woman,Non-Harmful,NULL,The image depicts a humorous scenario without targeting women for abuse or harassment.
img01596.jpg,woman astronaut,Non-Harmful,NULL,"The meme uses a factual statement about the first woman on the moon to create a humorous dialogue, which is not harmful."
img01597.jpg,woman,Non-Harmful,NULL,The meme does not target women for abuse or harassment.
img01598.jpg,woman,Non-Harmful,NULL,The meme uses a historical context to make a point about gender roles without targeting women for abuse.
img01599.png,woman,Non-Harmful,NULL,The meme uses a humorous scenario to express frustration but does not target women for abuse or harassment.
img01600.jpg,Jada,Non-Harmful,NULL,The comment discusses Jada's actions without targeting her personally.
img01601.jpg,male characters,Non-Harmful,NULL,The image does not directly target women for abuse or harassment.
img01602.jpg,woman,Implicit-Harm,Sexual-Harassment,"The meme uses a provocative statement about a woman's sexual history to make a point about her profession, which is inappropriate and degrading."
img01603.jpg,woman in custody,Non-Harmful,NULL,The comic depicts a scenario involving law enforcement but does not explicitly harm or stereotype women.
img01604.jpg,woman in tutu,Non-Harmful,NULL,"The image depicts a man in a tutu, which is a playful costume, without any harmful intent towards women."
img01605.jpg,woman customer,Implicit-Harm,Appearance-Attack,The meme uses derogatory language to describe the customer's appearance and behavior.
img01606.jpg,woman's appearance,Non-Harmful,NULL,The image uses a meme format to comment on characters failing an exam but does not target women for abuse or harassment.
img01607.jpg,single mom,Implicit-Harm,Misogyny,"The meme targets single mothers by suggesting they should give up their seat to others, implying they are less deserving."
img01608.jpg,female role,Non-Harmful,NULL,"The image depicts characters from 'SpongeBob SquarePants' celebrating their creation of a meme, which is a creative activity and not harmful to women."
img01609.jpg,woman's appearance,Non-Harmful,NULL,"The image shows a uniformed officer wearing a mask, which is a neutral depiction without targeting women for abuse or harassment."
img01610.png,man in suit,Non-Harmful,NULL,"The image is a humorous meme about learning to make memes, which does not target women for abuse or harassment."
img01611.png,woman wearing a sailor outfit,Non-Harmful,NULL,The meme does not target women for abuse or harassment.
img01612.jpg,women in the afterlife,Non-Harmful,NULL,The image contrasts women's and men's experiences in the afterlife without targeting women for abuse or degradation.
img01613.jpg,woman,Non-Harmful,NULL,The image depicts a humorous self-referential painting without targeting women for abuse or harassment.
img01614.jpg,man in classical sculpture,Non-Harmful,NULL,The image uses a classical sculpture as a backdrop without any direct targeting or harm to women.
img01615.jpg,woman,Non-Harmful,NULL,"The meme uses a humorous comparison involving complex numbers, which is not directed at women."
img01616.jpg,pink character,Non-Harmful,NULL,The image is a meme promoting body positivity without targeting women for abuse or harassment.
img01617.png,thicc waitress,Implicit-Harm,Sexual-Harassment,"The meme uses a derogatory term to describe the waitress, which could be interpreted as sexual harassment."
img01618.jpg,woman's appearance,Non-Harmful,NULL,"The meme uses a bird to humorously depict a mother's reaction to her daughter's choice of boyfriend, but it does not target women for abuse or harassment."
img01619.jpg,bear mascot,Non-Harmful,NULL,"The image features a bear mascot wearing a Biden Harris hat, which is a playful political reference and not directed at women."
img01620.jpg,woman,Non-Harmful,NULL,"The meme contrasts the supportive response to a girl's concern about gaining weight with a dismissive response to a boy's similar concern, highlighting gender differences in how weight gain is perceived."
img01621.png,woman's appearance,Non-Harmful,NULL,"The image uses a visual gag involving a banana to make a humorous point about a woman's appearance, which is not harmful."
img01622.jpg,keyboard,Non-Harmful,NULL,The keyboard is personified humorously without targeting women for abuse or harassment.
img01623.jpg,Sarah Sanders,Non-Harmful,NULL,"The image depicts Sarah Sanders being kissed by Donald Trump, which is a personal interaction and not related to any form of harm."
img01624.jpg,grandma,Non-Harmful,NULL,The meme humorously depicts a common scenario without targeting women for abuse or harassment.
img01625.jpg,female driver,Non-Harmful,NULL,"The image shows a food truck and a protein powder container, unrelated to women."
img01626.jpg,woman,Non-Harmful,NULL,The meme uses a humorous but neutral context to discuss a hypothetical situation involving a woman.
img01627.jpg,woman's appearance,Non-Harmful,NULL,The image does not depict any harmful actions or stereotypes towards women.
img01628.png,woman in men's room,Non-Harmful,NULL,The image depicts a humorous situation without targeting women for abuse or harassment.
img01629.png,woman's appearance,Non-Harmful,NULL,"The image uses a large, exaggerated depiction of a woman's body to humorously announce a gender reveal, which is a common meme format but does not target women for abuse or harassment."
img01630.jpg,man in suit,Non-Harmful,NULL,"The image is a humorous meme about YouTube Premium requiring investment, which does not target women for abuse or harassment."
img01631.png,girl,Non-Harmful,NULL,The meme does not target women for abuse or harassment.
img01632.jpg,Baby Yoda,Non-Harmful,NULL,"The meme uses Baby Yoda to humorously depict a supportive partner, which is not harmful."
img01633.jpg,female characters,Non-Harmful,NULL,The image does not target women for abuse or harassment.
img01634.png,woman's silhouette,Non-Harmful,NULL,The image is an advertisement for a development team and does not target women for abuse or harassment.
img01635.jpg,man wearing swim trunks,Non-Harmful,NULL,"The image shows a man in swim trunks at a beach, promoting body positivity without targeting women."
img01636.jpg,woman,Non-Harmful,NULL,The image does not directly target women for abuse or harassment.
img01637.jpg,woman's appearance,Non-Harmful,NULL,"The image features a character dressed as the Joker, which is a fictional character, and there is no depiction of real women being harmed."
img01638.jpg,daughter,Non-Harmful,NULL,The tweet discusses school policies regarding clothing length and mask compliance without targeting women for abuse or harassment.
img01639.jpg,woman's appearance,Non-Harmful,NULL,The meme uses a humorous scenario but does not target women for abuse or harassment.
img01640.jpg,Aang,Non-Harmful,NULL,The image uses a meme format to reference a character from 'Avatar: The Last Airbender' without targeting women for abuse or harassment.
img01641.png,female band members,Non-Harmful,NULL,"The image depicts a band performing, which is a neutral depiction of a group activity."
img01642.jpg,female characters,Non-Harmful,NULL,"The image contrasts American TV/Film with British TV/Film from the 70s, focusing on genre differences rather than targeting women."
img01643.jpg,woman holding sign,Explicit-Harm,Sexual-Harassment,"The sign references sexual assault and implies victims are not believed, which is a form of sexual harassment."
img01644.jpg,woman,Implicit-Harm,Sexual-Harassment,The meme uses a question about 'what is a girlfriend?' to imply a sexualized or objectifying perspective towards women.
img01645.jpg,cat,Non-Harmful,NULL,"The image uses a cat to humorously depict a scenario involving a mother, but it does not target women for abuse or harassment."
img01646.jpg,parking spot,Non-Harmful,NULL,"The image humorously suggests a parking spot for fat men who love BBQ, which is a neutral observation."
img01647.jpg,Sims characters,Non-Harmful,NULL,"The image is a humorous crossover between 'Among Us' and 'The Sims', involving game characters and does not target women for abuse or harassment."
img01648.jpg,female droid,Non-Harmful,NULL,The image depicts a scene from Star Wars without targeting women for abuse or harassment.
img01649.jpg,man watering garden,Non-Harmful,NULL,"The image depicts a man watering a garden, which is a neutral activity unrelated to women."
img01651.jpg,woman's appearance,Non-Harmful,NULL,"The image uses a visual of a character from Sailor Moon, which is a fictional context unrelated to real-world harm."
img01652.jpg,female role,Non-Harmful,NULL,"The meme uses a humorous scenario involving characters turning into creatures they hate, which is not directed at women."
img01653.jpg,pink microphone,Non-Harmful,NULL,"The image uses a pink microphone as part of a humorous meme, which does not target women for abuse or harassment."
img01654.jpg,woman's appearance,Explicit-Harm,Appearance-Attack,"The image depicts two women covered in chocolate, which is an offensive and degrading portrayal of their bodies."
img01655.jpg,woman,Non-Harmful,NULL,The image is a meme referencing a fictional scenario without targeting real-world women for abuse or degradation.
img01656.jpg,woman,Non-Harmful,NULL,The meme does not target women for abuse or harassment.
img01657.jpg,Winnie the Pooh,Non-Harmful,NULL,The image uses Winnie the Pooh as a meme format without targeting women for abuse or harassment.
img01658.jpg,horny milf,Explicit-Harm,Sexual-Harassment,"The meme uses a derogatory term 'horny milf' to describe an astronaut, which is a form of sexual harassment."
img01659.jpg,woman,Non-Harmful,NULL,The image uses a meme format to discuss historical figures without targeting women for abuse or harassment.
img01660.jpg,wife,Non-Harmful,NULL,"The meme uses a dramatic scenario to highlight the wife's survival against expectations, which is not harmful."
img01661.jpg,woman,Explicit-Harm,Sexual-Harassment,"The meme uses a man's perspective to blame a woman for his violent behavior, which is a form of sexual harassment."
img01662.jpg,woman in yoga pose,Explicit-Harm,Sexual-Harassment,"The image depicts a suggestive and inappropriate scenario involving a woman in a yoga pose, which could be interpreted as sexual harassment."
img01663.jpg,man presenting,Non-Harmful,NULL,The meme focuses on personal growth rather than targeting women.
img01664.jpg,woman,Implicit-Harm,Misogyny,"The meme suggests that women are jealous of men’s clothing features, which is a form of gender-based discrimination."
img01665.jpg,woman's appearance,Non-Harmful,NULL,The image does not depict any explicit or implicit harm towards women.
img01666.jpg,woman,Non-Harmful,NULL,The image uses a humorous context without targeting women for abuse or degradation.
img01667.jpg,woman,Non-Harmful,NULL,The image does not directly target women for abuse or harassment.
img01668.png,woman's appearance,Implicit-Harm,Sexual-Harassment,"The meme uses a suggestive pose to comment on a sister's TikTok activity, which could be interpreted as objectifying her."
img01669.jpg,woman,Implicit-Harm,Sexual-Harassment,"The meme implies that women are dismissive when asked about problems, which can be seen as a form of sexual harassment."
img01670.jpg,woman,Non-Harmful,NULL,"The meme uses a historical context to humorously comment on the absence of video games, but it does not target women for abuse or harassment."
img01671.jpg,woman's appearance,Non-Harmful,NULL,The image uses a cute animal to humorously depict a child's perspective without targeting women for abuse or degradation.
img01672.jpg,woman eating burger,Non-Harmful,NULL,The meme does not target women for abuse or harassment.
img01673.jpg,woman's appearance,Non-Harmful,NULL,"The image shows a comparison of two women's appearances over time, which is a neutral depiction without targeting women for abuse or harassment."
img01674.jpg,robot character,Non-Harmful,NULL,"The image depicts a robot character in a fighting game scenario, which is a common genre and does not target women for abuse or harassment."
img01675.png,woman,Non-Harmful,NULL,The image humorously contrasts stereotypes without targeting women for abuse or harassment.
img01676.jpg,teachers,Non-Harmful,NULL,The meme uses a neutral scenario to express frustration without targeting teachers for abuse or harassment.
img01677.jpg,woman holding sign,Explicit-Harm,Sexual-Harassment,"The meme reverses the message on the sign to 'Stop Respect Rape Women', which is a form of sexual harassment."
img01678.jpg,woman,Explicit-Harm,Sexual-Harassment,"The meme depicts a man making inappropriate comments about a woman's body, which is a form of sexual harassment."
img01679.png,woman patient,Non-Harmful,NULL,"The image depicts a doctor examining a woman patient, which is a neutral medical scenario."
img01680.jpg,woman in 1600s,Implicit-Harm,Sexual-Harassment,The meme mocks the woman's intelligence and competence by depicting her as a 'magic woman' who is laughed at for explaining mathematics.
img01681.jpg,male character,Non-Harmful,NULL,The meme uses a humorous dialogue to express frustration without targeting women for abuse or degradation.
img01682.jpg,female students,Non-Harmful,NULL,"The image depicts a group of female students in a classroom setting, which is a neutral depiction without any harmful connotations."
img01683.jpg,woman,Non-Harmful,NULL,The meme does not target women for abuse or harassment.
img01684.jpg,woman,Explicit-Harm,Sexual-Harassment,"The image depicts a woman threatening to sell her nudes on OnlyFans to buy a PS5, which implies she is being used as a means to obtain material for sexual exploitation."
img01685.jpg,woman in white top,Non-Harmful,NULL,The meme does not target women for abuse or harassment.
img01686.jpg,bride,Non-Harmful,NULL,"The image depicts a couple on their wedding day, which is a positive and non-harmful scene."
img01687.jpg,woman spraying perfume,Implicit-Harm,Sexual-Harassment,"The image depicts a man being sprayed with perfume, which could be interpreted as an attempt to sexually harass him."
img01688.jpg,Me who read tities,Non-Harmful,NULL,The image uses a meme format to humorously comment on the titles of different media types without targeting women.
img01689.jpg,woman,Non-Harmful,NULL,The meme uses a humorous context without targeting women for abuse or degradation.
img01690.jpg,woman,Non-Harmful,NULL,The meme uses a humorous scenario without targeting women for abuse or degradation.
img01691.jpg,woman in a suit,Non-Harmful,NULL,The image celebrates Kamala Harris joining the club of U.S. vice presidents without targeting her for abuse or harassment.
img01692.jpg,man in armor,Non-Harmful,NULL,"The image depicts a man in armor enjoying a cold drink, which is a neutral scenario unrelated to women."
img01693.jpg,woman golfer,Non-Harmful,NULL,The meme uses a humorous scenario without targeting women for abuse or degradation.
img01694.jpg,woman's appearance,Non-Harmful,NULL,The meme uses a humorous and exaggerated statement about a person's appearance without targeting women for abuse or harassment.
img01696.jpg,woman's favorite Netflix series,Non-Harmful,NULL,The meme humorously depicts a man's reaction to his wife's enthusiasm about a Netflix series without any negative connotations towards women.
img01697.jpg,woman's appearance,Implicit-Harm,Appearance-Attack,"The meme suggests that fashion companies sell dresses that are not what women actually want, focusing on the appearance."
img01698.png,Susanna Salter,Non-Harmful,NULL,The image celebrates Susanna Salter's historic achievement without any negative connotations.
img01699.png,babies,Non-Harmful,NULL,The image shows babies born in 2020 without any negative connotations towards women.
img01700.jpg,woman's appearance,Explicit-Harm,Appearance-Attack,The cake slice with 'HA' and 'FAT' written on it is likely meant to be humorous but could be seen as an attack on someone's body size.
img01701.png,woman,Non-Harmful,NULL,The meme uses a humorous comparison without targeting women for abuse or degradation.
img01702.jpg,woman,Non-Harmful,NULL,The image does not contain any explicit or implicit harm towards women.
img01703.jpg,Baby Yoda,Non-Harmful,NULL,The image uses Baby Yoda as a meme to express a relatable feeling about snack cravings without targeting women.
img01704.jpg,woman's pockets,Non-Harmful,NULL,The image compares the contents of a woman's and a man's pockets without implying any negative stereotype.
img01705.jpg,woman on TV,Non-Harmful,NULL,The meme uses a woman's face as a visual aid to illustrate a humorous situation without targeting her for abuse or degradation.
img01706.png,BLM protester statue,Non-Harmful,NULL,The image depicts a BLM protester statue without any harmful intent towards women.
img01707.png,Ningguang,Non-Harmful,NULL,"The interaction between Ningguang and BeiDoMe is playful and humorous, not targeting Ningguang for abuse or harassment."
img01708.jpg,female employee,Non-Harmful,NULL,"The image compares fast food employees' responses to customer requests, highlighting a humorous contrast rather than targeting women for abuse."
img01709.jpg,woman's appearance,Non-Harmful,NULL,"The image juxtaposes Emma Busta Nutt's historical photograph with a modern scene, highlighting her as a historical figure without any form of harm."
img01710.jpg,woman,Non-Harmful,NULL,The meme uses SpongeBob to express respect for men without targeting women for abuse or harassment.
img01711.jpg,male athletes,Non-Harmful,NULL,The image depicts male athletes in different contexts but does not target women for abuse or harassment.
img01712.jpg,female teacher,Non-Harmful,NULL,The meme does not target women for abuse or harassment.
img01713.jpg,woman,Non-Harmful,NULL,The meme uses a humorous and lighthearted tone to celebrate pregnancy without targeting women for abuse or degradation.
img01714.jpg,woman's appearance,Non-Harmful,NULL,"The meme uses a humorous comparison to highlight a difference in knowledge acquisition between genders, which is not harmful."
img01715.jpg,woman wearing a cap,Non-Harmful,NULL,The image uses repetition to emphasize the name 'Elliot' but does not target women for abuse or harassment.
img01716.jpg,man's self-esteem,Non-Harmful,NULL,The meme uses a humorous comparison to illustrate self-esteem issues but does not target women for abuse or harassment.
img01717.jpg,bearded man,Implicit-Harm,Sexual-Harassment,"The meme implies that men would exploit women sexually if given the opportunity, which is a form of sexual harassment."
img01718.jpg,woman eating forbidden fruit,Non-Harmful,NULL,"The meme uses a religious narrative to imply a consequence for a woman's actions, which is not harmful."
img01719.jpg,JK Rowling,Non-Harmful,NULL,The image does not depict any harmful content towards women.
img01720.jpg,woman,Non-Harmful,NULL,"The image depicts a humorous scenario involving game developers choosing villains from different countries, which does not target women for abuse or harassment."
img01721.png,woman,Non-Harmful,NULL,The meme uses a humorous but non-harmful observation about language.
img01722.png,woman,Non-Harmful,NULL,The image depicts a classroom scene without any explicit or implicit harm towards women.
img01723.jpg,12-year-old girl,Explicit-Harm,Sexual-Harassment,"The meme suggests lowering the age of consent, which is a serious issue involving minors."
img01724.jpg,woman,Non-Harmful,NULL,"The image depicts dogs interacting playfully, which is a neutral scene."
img01725.png,male pirate,Non-Harmful,NULL,The meme uses a humorous reference to 'elf eyes' without targeting women for abuse or degradation.
img01726.jpg,woman,Non-Harmful,NULL,The image uses a humorous statement about squirrels at a rave without targeting women.
img01727.jpg,Free Wife,Non-Harmful,NULL,The sign uses a humorous but non-harmful term 'Free Wife' as part of a joke about amenities at a rest area.
img01728.jpg,female characters,Non-Harmful,NULL,"The image shows movie posters from Star Wars prequel trilogy episodes, which do not contain any harmful content towards women."
img01729.jpg,woman patient,Non-Harmful,NULL,The meme uses a humorous but non-harmful reference to YouTube's time limit as part of a joke about childbirth.
img01730.png,woman's appearance,Non-Harmful,NULL,"The image humorously references a revive button appearing at Lenin's tomb, which is unrelated to women."
img01731.jpg,woman,Non-Harmful,NULL,The image contains a mix of unrelated content and does not target women for abuse or harassment.
img01732.jpg,woman,Non-Harmful,NULL,The image does not directly target women for abuse or harassment.
img01733.jpg,feminists,Explicit-Harm,Misogyny,"The meme criticizes feminists for their religious practices, implying they are not sincere in their prayers."
img01734.jpg,woman,Implicit-Harm,Sexual-Harassment,"The meme promotes the idea of renting a girlfriend, which can be seen as objectifying women."
img01735.png,woman,Implicit-Harm,Misogyny,"The meme uses a caricatured face to represent 'understanding women,' suggesting a stereotypical and dismissive approach."
img01736.jpg,the kids who need help,Non-Harmful,NULL,The image does not target women for abuse or harassment.
img01737.jpg,Amber Heard,Non-Harmful,NULL,"The image discusses Amber Heard's employment as a speaker on domestic violence, which is a professional context."
img01738.jpg,woman,Non-Harmful,NULL,"The image uses a metaphorical language about 'wild animals' to describe the interaction between two characters, which is not directed at women."
img01739.jpg,woman's health,Non-Harmful,NULL,The meme uses a humorous comparison to highlight the couple's differing perspectives on adoption without targeting women for abuse or degradation.
img01740.jpg,Buddha,Non-Harmful,NULL,The meme uses a humorous comparison without targeting women for abuse or degradation.
img01741.png,woman,Non-Harmful,NULL,"The image is a humorous collage promoting a community, with no specific targeting of women."
img01742.jpg,woman's appearance,Non-Harmful,NULL,The image uses a religious nativity scene to humorously comment on the year 2020 without targeting women for abuse or harassment.
img01743.jpg,woman,Non-Harmful,NULL,"The image is a humorous meme about a father choosing a gift, depicting a mother's reaction without any harmful intent."
img01744.jpg,woman,Non-Harmful,NULL,The meme uses a comparison to criticize video game purchases but does not target women for abuse or harassment.
img01745.jpg,woman's appearance,Non-Harmful,NULL,"The image uses a humorous comparison to depict introverts' anxiety, which is not directed at women."
img01746.jpg,woman's appearance,Non-Harmful,NULL,"The image showcases various fanart of Zero Two, an anime character, without any harmful content directed at women."
img01747.png,male victim,Non-Harmful,NULL,The meme does not target women but rather makes a statement about the justice system.
img01748.jpg,women,Non-Harmful,NULL,"The image lists reasons why men prefer guns over women, which is a gender-based comparison but does not explicitly harm or degrade women."
img01749.jpg,woman on couch,Non-Harmful,NULL,The image uses a meme format to contrast imagined and actual upvoters but does not target women for abuse or harassment.
img01750.jpg,woman's appearance,Non-Harmful,NULL,The meme does not target women for abuse or harassment.
img01751.png,woman's appearance,Non-Harmful,NULL,The image does not depict any explicit or implicit harm towards women.
img01752.png,Churchill,Non-Harmful,NULL,The image discusses historical figures without targeting women for abuse or harassment.
img01753.jpg,My mom,Non-Harmful,NULL,The meme uses a humorous comparison between a mother and child without targeting women for abuse or harassment.
img01754.png,disabled people,Non-Harmful,NULL,The meme uses a metaphorical language to express frustration but does not target women for abuse or harassment.
img01755.jpg,woman reading menu,Non-Harmful,NULL,The image depicts a neutral scene without any harmful content towards women.
img01756.jpg,woman's appearance,Non-Harmful,NULL,The meme uses a humorous comparison about hoodie sizes but does not target women for abuse or harassment.
img01757.jpg,woman,Implicit-Harm,Sexual-Harassment,The meme uses a woman's physical attributes to make a sexualized comment about her attractiveness.
img01758.jpg,man wearing raincoat,Non-Harmful,NULL,"The image shows a man wearing different outfits, but there is no indication of harm towards women."
img01759.jpg,man in suit,Non-Harmful,NULL,The meme uses a humorous scenario without targeting women for abuse or degradation.
img01760.jpg,woman,Non-Harmful,NULL,The image uses a meme format to discuss political ideologies but does not target women for abuse or harassment.
img01761.jpg,cat,Non-Harmful,NULL,"The image uses a cat to humorously depict British chess players, but there is no targeting of women."
img01762.png,man,Non-Harmful,NULL,The image does not target women for abuse or harassment.
img01763.jpg,woman's appearance,Non-Harmful,NULL,The image does not directly target women for abuse or harassment.
img01764.jpg,wife,Non-Harmful,NULL,The meme uses a humorous scenario to highlight a bureaucratic process without targeting women for abuse or harassment.
img01765.jpg,girlfriend,Implicit-Harm,Sexual-Harassment,"The meme portrays a girlfriend as manipulative and using her cuteness to avoid consequences, which can be seen as objectifying her."
img01766.jpg,woman,Non-Harmful,NULL,"The image depicts a person carrying a cross, which is unrelated to the text about religious beliefs and does not target women."
img01767.jpg,woman's appearance,Non-Harmful,NULL,The image uses a woman's appearance as a metaphor without targeting her for abuse or harassment.
img01768.jpg,woman,Implicit-Harm,Appearance-Attack,"The meme suggests that women use excessive skincare products to look young, implying that men naturally age gracefully."
img01769.png,penguin,Non-Harmful,NULL,"The image uses a penguin to represent mods, which is a neutral depiction without targeting women."
img01770.jpg,woman in pink shirt,Non-Harmful,NULL,The image shows a professional interaction without any harmful content directed at the woman.
img01771.jpg,woman,Non-Harmful,NULL,"The image depicts a conversation that is humorously interrupted, but there is no explicit or implicit harm towards the woman."
img01772.jpg,woman,Non-Harmful,NULL,The image does not directly target or harm women.
img01773.jpg,woman,Non-Harmful,NULL,The meme uses sarcasm to critique body positivity without targeting women directly.
img01774.jpg,woman in elevator,Non-Harmful,NULL,The image depicts a neutral interaction between two individuals in an elevator without any harmful content.
img01775.png,woman's appearance,Non-Harmful,NULL,The image uses a metaphorical representation to discuss a topic unrelated to women's rights or gender stereotypes.
img01776.jpg,female character,Non-Harmful,NULL,"The image compares companies offering free trials to those offering free trials without credit card information, focusing on the practical differences rather than targeting women."
img01777.png,woman,Non-Harmful,NULL,The meme uses a humorous context to discuss intimacy but does not target women for abuse or harassment.
img01778.jpg,KSI,Non-Harmful,NULL,The meme contrasts perceptions of KSI between mainstream media and YouTube/Reddit fans without targeting women.
img01779.jpg,woman,Non-Harmful,NULL,The image does not target women for abuse or harassment.
img01780.jpg,woman,Non-Harmful,NULL,The tweet does not directly target women for abuse or harassment.
img01781.png,woman,Non-Harmful,NULL,The meme does not target women for abuse or harassment.
img01782.jpg,pregnant girlfriend,Explicit-Harm,Violence,"The tweet discusses a YouTuber allegedly killing his pregnant girlfriend during a live stream, which directly involves violence against a woman."
img01783.jpg,woman,Explicit-Harm,Sexual-Harassment,"The meme depicts a violent scenario where a man is physically assaulting a woman after kissing her, which is a form of sexual harassment."
img01784.jpg,man's facial expression,Non-Harmful,NULL,"The meme uses a man's facial expression to humorously depict respect towards women changing clothes, without targeting women for abuse or harassment."
img01785.jpg,Hillary Clinton,Non-Harmful,NULL,The image does not target Hillary Clinton for abuse or harassment.
img01786.jpg,woman,Non-Harmful,NULL,"The image features a zebra wearing a wig, which is a humorous and playful depiction without targeting women."
img01787.jpg,woman watching football game,Non-Harmful,NULL,The image depicts a woman watching a football game without any negative connotations towards her.
img01788.jpg,woman,Non-Harmful,NULL,"The image uses a humorous and exaggerated scenario to depict a family dynamic, but it does not target women for abuse or harassment."
img01789.jpg,woman's appearance,Non-Harmful,NULL,"The meme uses a gendered pronoun 'it' to refer to Google, which is a neutral entity."
img01790.png,woman,Non-Harmful,NULL,The image does not depict any interaction or portrayal of a woman that targets her for abuse or harassment.
img01791.png,woman sitting on stairs,Non-Harmful,NULL,The meme does not target women for abuse or harassment.
img01792.jpg,woman,Non-Harmful,NULL,The image depicts a humorous interaction between two individuals without targeting women for abuse or harassment.
img01793.jpg,woman,Non-Harmful,NULL,The meme uses a humorous comparison unrelated to women's experiences.
img01794.png,women's appearance,Non-Harmful,NULL,The image compares surveillance systems across different countries without targeting women for abuse or harassment.
img01795.jpg,astronauts,Non-Harmful,NULL,The image provides educational information about different types of astronaut suits without targeting women for abuse or harassment.
img01796.jpg,female role,Non-Harmful,NULL,The image uses a humorous comparison to describe a couple without targeting women for abuse or degradation.
img01797.jpg,female character,Non-Harmful,NULL,The image depicts a humorous interaction between characters without targeting women for abuse or harassment.
img01798.jpg,woman,Explicit-Harm,Sexual-Harassment,"The meme explicitly states a preference for young girls, which is a form of sexual harassment."
img01799.jpg,female characters,Non-Harmful,NULL,The image humorously contrasts expectations versus reality but does not target women for abuse or harassment.
img01800.jpg,woman's appearance,Non-Harmful,NULL,"The meme uses a humorous comparison between reactions to daughters and sons bringing home their partners, but it does not target women for abuse or harassment."
img01801.png,woman's appearance,Non-Harmful,NULL,The meme does not target women for abuse or harassment.
img01802.jpg,ninja character,Non-Harmful,NULL,"The meme uses a ninja character to make a statement about online behavior, which is not directed at women."
img01803.jpg,cat,Non-Harmful,NULL,"The cat is depicted as the subject of the meme, but there is no explicit or implicit harm towards women."
img01805.jpg,female character,Non-Harmful,NULL,"The meme uses a character to make a statement about sensitivity, which is a general topic and not specifically targeting women."
img01806.jpg,women in swimsuits,Non-Harmful,NULL,"The image depicts women in swimsuits walking along a path, which is a neutral scene without any harmful connotations."
img01807.png,woman,Non-Harmful,NULL,The meme does not target women for abuse or harassment.
img01808.png,Avatar Aang,Non-Harmful,NULL,"The meme uses Aang to represent Reddit users' reactions, which is a neutral comparison."
img01809.jpg,women's financial practices,Non-Harmful,NULL,"The meme uses historical context to make a point about saving money, but it does not target women for abuse or harassment."
img01810.png,woman astronaut,Non-Harmful,NULL,"The tweet is a humorous comment about the upcoming mission to put a woman on the moon, not targeting women for abuse or harassment."
img01811.png,Rape,Explicit-Harm,Sexual-Harassment,"The image uses the word 'Rape' repeatedly, which is an explicit form of sexual harassment."
img01812.jpg,woman sitting on couch,Explicit-Harm,Violence,"The image depicts a man about to hit a woman, indicating physical violence."
img01813.jpg,woman,Explicit-Harm,Sexual-Harassment,"The meme depicts a sexual assault scenario involving a woman, which is explicitly harmful."
img01814.jpg,mother,Non-Harmful,NULL,The meme uses a humorous comparison between two scenarios involving mothers but does not target women for abuse or harassment.
img01815.jpg,woman wearing a headdress,Non-Harmful,NULL,The image depicts historical figures without any negative connotations towards women.
img01816.jpg,woman's eyes,Non-Harmful,NULL,The image uses a meme format to express frustration but does not target women for abuse or harassment.
img01817.jpg,feminists,Non-Harmful,NULL,The meme uses a humorous and relatable scenario to express frustration without targeting women for abuse.
img01818.jpg,woman,Non-Harmful,NULL,The image is a meme discussing a game application feature without targeting women for abuse or degradation.
img01819.jpg,female role,Non-Harmful,NULL,The meme does not target women for abuse or harassment.
img01820.jpg,woman,Non-Harmful,NULL,The image depicts two cats interacting without any text targeting women.
img01821.jpg,women in bikinis,Implicit-Harm,Sexual-Harassment,"The meme uses a 'virginity force field' to humorously depict men being repelled by women, which can be seen as objectifying women."
img01822.jpg,woman,Explicit-Harm,Violence,"The character is depicted hitting another character, which is a form of physical violence."
img01823.jpg,man,Non-Harmful,NULL,The image does not target women for abuse or harassment.
img01824.jpg,woman in bed,Non-Harmful,NULL,The image uses a playful pun without targeting women for abuse or degradation.
img01825.png,woman in pink shirt,Explicit-Harm,Violence,"The image depicts a woman lying on the ground, suggesting she has been physically harmed."
img01826.jpg,teeth,Non-Harmful,NULL,The meme uses a before-and-after format to show the improvement in teeth alignment but does not target women for abuse or harassment.
img01827.jpg,male patient,Non-Harmful,NULL,The meme uses a humorous but non-harmful scenario involving a male patient.
img01828.png,woman,Non-Harmful,NULL,The meme does not target women for abuse or harassment.
img01829.jpg,woman,Non-Harmful,NULL,The meme humorously depicts a progression from a child's desire to marry a woman who cooks to an adult's reality of happily cooking for his family.
img01830.jpg,8th grade feminist,Non-Harmful,NULL,The meme uses a humorous but non-abusive tone to comment on a common teenage experience.
img01831.jpg,man's hair,Non-Harmful,NULL,The meme uses a humorous exaggeration about hair quantity without targeting women.
img01832.jpg,woman,Non-Harmful,NULL,"The meme uses a comparison between a person and a public figure to express personal identity, which is a neutral statement."
img01833.png,bride in hospital bed,Non-Harmful,NULL,"The image depicts a wedding ceremony in a hospital setting, which is a creative and touching scene but does not target women for abuse or harassment."
img01834.jpg,woman,Non-Harmful,NULL,The image depicts a hunting scene without targeting women for abuse or harassment.
img01835.png,woman,Non-Harmful,NULL,The meme uses a humorous reference to a closeted individual without targeting women for abuse or degradation.
img01836.png,females,Implicit-Harm,Misogyny,"The meme uses the term 'misandry' to describe a negative attitude towards females, promoting a harmful stereotype."
img01837.png,woman,Non-Harmful,NULL,The image depicts a supportive interaction between two characters without any harmful connotations.
img01838.jpg,woman's appearance,Implicit-Harm,Misogyny,"The meme uses a photo of a man with styled hair to question the appearance of a woman, promoting a negative stereotype about women's looks."
img01839.jpg,woman,Implicit-Harm,Sexual-Harassment,"The meme uses a suggestive tone to question the woman's behavior, which can be seen as sexual harassment."
img01840.jpg,Bugs Bunny,Non-Harmful,NULL,"The image features Bugs Bunny in formal attire, which is a humorous and non-offensive depiction."
img01841.jpg,woman's appearance,Non-Harmful,NULL,The meme uses a humorous reference to past memes without targeting women for abuse or degradation.
img01842.jpg,woman wearing apron,Implicit-Harm,Sexual-Harassment,"The meme uses a dated trope of a man complimenting a woman on her cleanliness, which can be seen as objectifying her."
img01843.png,woman,Non-Harmful,NULL,"The image compares the effort of learning history as a teenager versus an adult, but it does not target women for abuse or harassment."
img01844.png,woman,Non-Harmful,NULL,The image uses a humorous reference to a character's stats without targeting women for abuse or harassment.
img01845.png,female role,Non-Harmful,NULL,"The image uses a meme format to make a humorous comparison between Pornhub and EarthPorn, which does not target women for abuse or harassment."
img01846.jpg,woman,Non-Harmful,NULL,"The meme humorously depicts a man's reaction to his girlfriend outperforming him in a game he introduced her to, without targeting women for abuse or degradation."
img01847.jpg,woman in traditional dress,Non-Harmful,NULL,The image depicts a romantic scene without any negative connotations towards women.
img01848.jpg,a woman in the 1600's,Non-Harmful,NULL,The meme uses a historical context to highlight a character's perspective without targeting women for abuse or harassment.
img01849.jpg,female relationship,Non-Harmful,NULL,The image depicts a scenario involving a romantic relationship but does not target women for abuse or harassment.
img01850.jpg,man with candle on head,Non-Harmful,NULL,"The image depicts a man with a candle on his head, which is part of a cultural or religious practice, not targeting women."
img01851.jpg,woman,Non-Harmful,NULL,"The image shows a comparison between two characters, but there is no indication of harm towards women."
img01852.jpg,woman,Implicit-Harm,Sexual-Harassment,"The meme uses a double entendre to degrade the woman as 'a wife I hate,' which is a form of sexual harassment."
img01853.png,woman,Non-Harmful,NULL,"The meme uses a humorous scenario involving a man bringing a Switch controller to a woman who then pulls out a GameCube, but it does not target women for abuse or harassment."
img01854.png,woman's appearance,Non-Harmful,NULL,"The image depicts a humorous meme about a 700-year-old married couple where the wife is humorously depicted as still arguing, but there is no explicit or implicit harm towards women."
img01855.jpg,woman HR representative,Non-Harmful,NULL,The meme uses a humorous scenario to highlight workplace harassment but does not target women for abuse or degradation.
img01856.jpg,woman working,Non-Harmful,NULL,The meme depicts a supportive gesture towards a woman working on a project without any negative connotations.
img01857.jpg,man wearing confederate flag hoodie,Non-Harmful,NULL,The image does not target women for abuse or harassment.
img01858.png,man,Non-Harmful,NULL,"The meme humorously depicts a brother teaching his little brother a new game, highlighting sibling rivalry without targeting women."
img01859.jpg,female cat,Non-Harmful,NULL,The image uses cats to represent different groups without targeting women for abuse or harassment.
img01860.jpg,apple,Non-Harmful,NULL,The meme uses a common idiom about family resemblance without targeting women for abuse.
img01861.png,woman,Implicit-Harm,Sexual-Harassment,"The meme implies that women should be financially dependent on men, which reinforces traditional gender roles."
img01862.jpg,woman in leather jacket,Non-Harmful,NULL,"The image depicts a group of characters reacting to a succubus, but there is no direct harm towards the woman."
img01863.png,woman passenger,Non-Harmful,NULL,"The meme uses a neutral scenario to discuss gender preference, which is not harmful."
img01864.jpg,woman's appearance,Non-Harmful,NULL,The meme uses a humorous context to comment on fashion choices without targeting women for abuse or harassment.
img01865.jpg,woman holding money,Implicit-Harm,Sexual-Harassment,The meme promotes a harmful stereotype about women seeking marriage based on wealth.
img01866.png,woman's appearance,Explicit-Harm,Sexual-Harassment,"The image includes a 'no women' symbol next to Pornhub, suggesting a sexualized and degrading attitude towards women."
img01867.png,man's appearance,Non-Harmful,NULL,The meme compares two different outfits without targeting women for abuse or harassment.
img01868.jpg,woman's neck,Non-Harmful,NULL,"The meme uses a metaphor comparing a woman's neck to clothing, which is a neutral observation."
img01869.png,woman,Explicit-Harm,Violence,"The image depicts various objects that can be used as weapons, suggesting violence against women."
img01870.png,step mom,Non-Harmful,NULL,The meme does not target women for abuse or harassment.
img01871.png,man being hit,Non-Harmful,NULL,The meme uses a humorous scenario to promote gender equality without targeting women for abuse.
img01872.png,dog,Non-Harmful,NULL,"The image humorously depicts a dog reacting to a scent, which is a common scenario unrelated to women."
img01873.png,man,Non-Harmful,NULL,The meme does not target women for abuse or harassment.
img01874.jpg,female character,Implicit-Harm,Sexual-Harassment,The meme suggests creating a movie that includes sexist dialogues and polarizes audiences by demeaning male characters.
img01875.png,woman,Non-Harmful,NULL,The meme humorously depicts a common scenario without targeting women for abuse or degradation.
img01876.png,girlfriend,Non-Harmful,NULL,The meme uses a relatable scenario to express a positive surprise without targeting the girlfriend for abuse or degradation.
img01877.png,woman,Non-Harmful,NULL,"The image is a humorous comparison between self-perception and how someone else views you, which is a common theme in memes but does not target women for abuse."
img01878.jpg,woman,Non-Harmful,NULL,"The image shows a conversation where a person is being dismissive to another about their favorite color, which is a neutral interaction."
img01879.png,woman,Non-Harmful,NULL,The meme uses a positive statement about a woman without any negative connotations.
img01880.jpg,woman driver,Non-Harmful,NULL,The meme uses a factual statement about environmental impact to make a humorous comparison without targeting the woman driver.
img01881.png,woman's appearance,Non-Harmful,NULL,"The image depicts an exaggerated emotional reaction to a hug, which is a common trope in anime but does not target women for abuse or harassment."
img01882.jpg,woman's appearance,Non-Harmful,NULL,The image depicts a humorous scenario without targeting women for abuse or harassment.
img01883.jpg,woman,Non-Harmful,NULL,The image depicts a playful interaction between two characters without any harmful connotations.
img01884.png,woman's appearance,Non-Harmful,NULL,"The image uses Winnie the Pooh to represent 'The Other Sidemen' and 'JJ', which are not directly related to women."
img01885.png,woman's appearance,Non-Harmful,NULL,The image does not depict any explicit or implicit harm towards women.
img01886.png,woman's appearance,Non-Harmful,NULL,"The meme uses a dog to represent a woman's passion being hidden, but it does not target women for abuse or harassment."
img01887.jpg,female characters,Non-Harmful,NULL,The image depicts a scene from an anime with no direct targeting of women for abuse or harassment.
img01888.jpg,woman,Non-Harmful,NULL,"The meme uses a scenario involving a woman's tiredness to justify leaving, which is a neutral situation without targeting women for abuse or harassment."
img01889.jpg,SpongeBob,Non-Harmful,NULL,The image uses SpongeBob to explain a chemical reaction without targeting him for abuse or harassment.
img01890.png,woman,Non-Harmful,NULL,"The image depicts a humorous scenario involving a man in a striped shirt, but there is no explicit or implicit harm towards women."
img01891.png,blindfolded woman,Non-Harmful,NULL,The image uses a meme format to present contrasting statements without targeting the woman for abuse or harassment.
img01892.jpg,Black Lives Matter banners,Non-Harmful,NULL,"The image shows Black Lives Matter banners, which are political statements, not targeting women."
img01893.png,woman's appearance,Non-Harmful,NULL,"The image shows a woman wearing a striped dress, which is a neutral depiction without targeting women for abuse or harassment."
img01894.png,man on beach,Non-Harmful,NULL,The image depicts a humorous situation without targeting women for abuse or harassment.
img01895.jpg,woman falling over,Implicit-Harm,Sexual-Harassment,"The meme uses a sexualized scenario to make a point about falling over virtual women, which can be seen as objectifying women."
img01896.jpg,female character,Non-Harmful,NULL,The meme uses a humorous reference to a well-known fictional character without targeting women for abuse or degradation.
img01897.jpg,woman's appearance,Implicit-Harm,Appearance-Attack,"The meme criticizes women's clothing choices during laundry day, suggesting it will cause extra work."
img01898.jpg,female role,Non-Harmful,NULL,The image does not contain any content targeting women for abuse or harassment.
img01899.jpg,man talking to tree,Non-Harmful,NULL,"The meme depicts a humorous interaction between a man and a tree, which is not harmful towards women."
img01900.png,woman's appearance,Non-Harmful,NULL,"The image depicts a humorous scenario involving a man hiding a game console between his legs, which is unrelated to any form of harm towards women."
img01901.png,female audience members,Non-Harmful,NULL,"The image is a meme comparing mental healthcare options for men and women, which is a neutral comparison."
img01902.jpg,woman,Implicit-Harm,Sexual-Harassment,The meme uses a humorous but degrading depiction of a woman to make a point about parking spaces.
img01903.jpg,woman,Non-Harmful,NULL,The meme uses a humorous context without targeting women for abuse or degradation.
img01904.jpg,Jack the Ripper,Non-Harmful,NULL,The image compares Jack the Ripper to Action Park without targeting women for abuse or harassment.
img01905.jpg,woman's appearance,Non-Harmful,NULL,"The meme uses a binary choice to compare 'taking clothes off' with 'having a big poo', which is a neutral comparison without targeting women."
img01906.png,baby,Non-Harmful,NULL,"The image uses a baby to convey frustration, which is a common trope but does not target women for abuse or harassment."
img01907.png,My GF,Non-Harmful,NULL,"The meme compares 'My GF' to a cat, which is a neutral comparison and does not target women for abuse or harassment."
img01908.png,woman,Non-Harmful,NULL,The meme uses a humorous comparison to C++ programming without targeting women for abuse or degradation.
img01909.jpg,wife,Non-Harmful,NULL,The meme uses a humorous but non-harmful scenario to highlight a relatable situation.
img01910.jpg,woman,Non-Harmful,NULL,The image depicts a group of people celebrating a milestone without targeting women for abuse or harassment.
img01911.jpg,woman,Non-Harmful,NULL,"The meme uses sarcasm to comment on Mike's absence, but it does not target women for abuse or harassment."
img01912.jpg,cat wearing lion costume,Non-Harmful,NULL,The image uses a cat wearing a lion costume as a humorous representation without targeting women for abuse or harassment.
img01913.jpg,woman's appearance,Non-Harmful,NULL,"The image depicts a humorous scenario involving a skeleton, but it does not target women for abuse or harassment."
img01914.jpg,woman,Non-Harmful,NULL,The image does not directly target or harm women.
img01915.jpg,woman being yelled at,Explicit-Harm,Misogyny,"The meme depicts a woman being aggressively shouted at, which is a form of verbal abuse."
img01916.png,EGG_IRL,Non-Harmful,NULL,The meme does not target women for abuse or harassment.
img01917.jpg,woman,Non-Harmful,NULL,The meme uses a casual term 'cutie' which is not inherently harmful but can be seen as a form of flattery.
img01918.jpg,menstruating people,Non-Harmful,NULL,"The meme uses a comparison to 'first-time murderers' which is a loaded and potentially harmful term, but it does not directly harm or degrade women."
img01919.jpg,woman,Non-Harmful,NULL,"The image shows paintings of individuals, but there is no explicit or implicit harm towards women."
img01920.png,woman,Non-Harmful,NULL,The image uses a cat to humorously depict a situation without targeting women for abuse or harassment.
img01921.jpg,woman's appearance,Non-Harmful,NULL,"The image depicts a woman in revealing clothing, which could be seen as an example of objectification."
img01922.jpg,woman's appearance,Implicit-Harm,Misogyny,The meme uses a woman's appearance to stereotype her as vain or materialistic.
img01923.jpg,woman's behavior,Non-Harmful,NULL,The meme humorously depicts a common scenario without targeting women for abuse or degradation.
img01924.jpg,woman in pink tank top,Implicit-Harm,Sexual-Harassment,"The meme uses a Captain Marvel poster to imply that liking the movie is sexist, targeting women who enjoy it."
img01925.jpg,woman's appearance,Non-Harmful,NULL,"The image discusses a gaming scenario involving dice rolls and skill checks, which does not target women for abuse or harassment."
img01926.jpg,doge,Non-Harmful,NULL,"The image is a meme comparing different versions of the Halo shotgun, featuring a doge character, which is a neutral comparison."
img01927.jpg,woman's appearance,Non-Harmful,NULL,The meme does not target women for abuse or harassment.
img01928.jpg,woman's appearance,Non-Harmful,NULL,The meme compares two different perceptions of the woman's appearance without implying any harm.
img01929.png,woman holding bagels,Non-Harmful,NULL,"The image shows two women holding bagels, which is a neutral activity without any harmful connotations."
img01930.jpg,male characters,Non-Harmful,NULL,The meme compares two male characters based on their bounty amounts without targeting women.
img01931.png,woman's appearance,Non-Harmful,NULL,"The image shows a mechanical process, likely related to food production, which is unrelated to any harm towards women."
img01932.jpg,woman,Non-Harmful,NULL,The image depicts a humorous conversation about a car crash without targeting the woman for abuse or harassment.
img01933.jpg,makeup brands,Non-Harmful,NULL,The image contrasts makeup brands for men and women without implying any harm.
img01934.jpg,female singers,Non-Harmful,NULL,The meme does not target the women for abuse or harassment.
img01935.jpg,burger,Non-Harmful,NULL,The meme uses a burger to represent a person's self-perception versus how others perceive them.
img01936.png,female performer,Non-Harmful,NULL,"The meme compares the presence of sign language interpreters at Eminem concerts to Cardi B concerts, which is a neutral comparison."
img01937.jpg,woman's appearance,Non-Harmful,NULL,"The image uses a dog to humorously depict a situation involving a 'naked girlfriend,' but it does not target women for abuse or harassment."
img01938.jpg,wife,Non-Harmful,NULL,"The meme uses a humorous but neutral observation about the pronunciation of 'wife' compared to 'husband', without targeting women for abuse or harassment."
img01939.jpg,woman's appearance,Explicit-Harm,Sexual-Harassment,The meme uses a suggestive and derogatory term 'pussy' to describe a woman's body part.
img01940.png,mother lion,Non-Harmful,NULL,"The image depicts a loving mother lion, which is a positive portrayal of maternal care."
img01941.jpg,woman's appearance,Non-Harmful,NULL,The image uses a KitKat bar as a prop without targeting women for abuse or harassment.
img01942.jpg,woman,Non-Harmful,NULL,The meme uses a reference to domestic violence without directly targeting women for abuse.
img01943.jpg,woman,Non-Harmful,NULL,The image depicts a man with injuries but does not target women for abuse or harassment.
img01944.jpg,woman's skeleton,Non-Harmful,NULL,The meme uses a humorous but non-harmful scenario involving a married couple's skeletons to depict ongoing argumentation.
img01945.jpg,woman,Non-Harmful,NULL,"The image is a meme suggesting a woman can save Afghanistan, which is a political statement rather than a harmful depiction."
img01946.jpg,transgender individual,Non-Harmful,NULL,The image discusses trans identities but does not target women for abuse or harassment.
img01947.jpg,woman in traditional attire,Non-Harmful,NULL,"The image portrays a woman in traditional attire alongside armed men, but there is no explicit or implicit harm towards her."
img01948.jpg,woman,Non-Harmful,NULL,The image depicts an elderly couple in a humorous context but does not target women for abuse or harassment.
img01949.png,dog,Non-Harmful,NULL,"The image features a dog winking, which is a common meme format and does not target women for abuse or harassment."
img01950.jpg,wife,Non-Harmful,NULL,The meme does not target women for abuse or harassment.
img01951.png,woman,Non-Harmful,NULL,The meme uses a situational context to comment on weight loss without targeting women for abuse or degradation.
img01952.jpg,Hitler's niece,Non-Harmful,NULL,The meme uses a historical figure to create a humorous scenario without targeting women for abuse or degradation.
img01953.jpg,female characters,Non-Harmful,NULL,The image compares different lightsaber duels without targeting any specific female character.
img01954.jpg,supercar owners,Non-Harmful,NULL,The meme uses a humorous but non-abusive comparison to discuss supercar ownership.
img01955.jpg,feminists,Non-Harmful,NULL,The meme does not target women for abuse or harassment.
img01956.jpg,woman,Implicit-Harm,Sexual-Harassment,The meme uses a sexist stereotype to imply that women should not have opinions unless asked for them.
img01957.jpg,men holding papers,Non-Harmful,NULL,The image shows men holding papers without any indication of harm towards women.
img01958.jpg,woman in track suit,Non-Harmful,NULL,"The comic uses a humorous scenario involving a woman in a track suit, but there is no explicit or implicit harm towards her."
img01959.png,feminists,Non-Harmful,NULL,The meme uses a humorous but non-harmful observation about feminists' awareness of oxygen.
img01960.jpg,woman in green armor,Non-Harmful,NULL,"The image depicts a woman in a powerful costume alongside a man, but there is no indication of harm towards her."
img01961.jpg,woman,Non-Harmful,NULL,The image is a humorous take on male stereotypes without targeting women for abuse or harassment.
img01962.png,woman's appearance,Non-Harmful,NULL,"The image depicts a man reacting to a situation involving his wife, but there is no direct harm to women depicted."
img01963.png,man on beach,Non-Harmful,NULL,"The image is a humorous depiction of a man reacting to an unexpected situation, not targeting women."
img01964.jpg,woman performing,Non-Harmful,NULL,"The image depicts a woman performing at a music festival, which is a positive portrayal of her role."
img01965.jpg,man wearing t-shirt,Non-Harmful,NULL,"The image shows a man wearing a t-shirt with writing on it, but there is no indication of harm towards women."
img01966.png,woman,Non-Harmful,NULL,"The meme uses a humorous comparison between boys and girls reacting to being called 'man' or 'woman', without targeting women for abuse or harassment."
img01967.jpg,Papa John's,Non-Harmful,NULL,The image is a humorous comparison of pizza chains without targeting women for abuse or harassment.
img01968.png,woman,Explicit-Harm,Sexual-Harassment,The meme uses harmful stereotypes about women's roles and capabilities.
img01969.jpg,woman,Non-Harmful,NULL,"The image depicts a child in a costume titled 'argued with my wife,' which is a humorous but non-harmful depiction."
img01970.jpg,woman in peta commercial,Non-Harmful,NULL,The image uses a humorous context to critique PETA commercials without targeting women for abuse.
img01971.jpg,man in suit,Non-Harmful,NULL,The meme does not target women for abuse or harassment.
img01972.png,woman wearing pink shorts,Explicit-Harm,Sexual-Harassment,"The meme uses a sexualized description of a woman, which can be considered objectifying."
img01973.jpg,woman wearing a hat,Non-Harmful,NULL,The image does not depict any harmful content towards women.
img01974.jpg,vagina,Explicit-Harm,Sexual-Harassment,The meme uses offensive language and sexual violence as a form of humor.
img01975.jpg,woman,Non-Harmful,NULL,"The meme uses a chess analogy to make a humorous observation about gender roles, which is not harmful."
img01976.jpg,woman answering phone,Explicit-Harm,Sexual-Harassment,"The meme depicts a man making inappropriate sexual advances towards a woman, which constitutes explicit sexual harassment."
img01977.jpg,female role,Non-Harmful,NULL,"The meme uses SpongeBob to list various positive attributes associated with women, which is a neutral observation."
img01978.jpg,woman,Non-Harmful,NULL,The meme uses a humorous scenario without targeting women for abuse or degradation.
img01979.jpg,woman's appearance,Implicit-Harm,Sexual-Harassment,The meme uses a sexist stereotype about women's control over their physical attributes to make a point about dating preferences.
img01980.png,woman's appearance,Non-Harmful,NULL,The image uses a meme format to depict a humorous scenario without targeting women for abuse or degradation.
img01981.png,Wonder Woman,Non-Harmful,NULL,The meme uses Wonder Woman as a character to highlight a humorous scenario involving dialogue choices.
img01982.jpg,woman,Non-Harmful,NULL,The meme does not target women for abuse or harassment.
img01983.jpg,woman,Explicit-Harm,Sexual-Harassment,The meme uses a derogatory and sexist statement about women's attraction to men based on their perceived strength.
img01984.jpg,woman's appearance,Non-Harmful,NULL,The meme uses a humorous but non-harmful reference to a common internet joke about smell and sexual innuendo.
img01985.jpg,woman,Non-Harmful,NULL,"The image is a humorous meme about meeting someone in person after seeing them online, but it does not target women for abuse or harassment."
img01986.jpg,woman in mugshot,Non-Harmful,NULL,"The image uses a mugshot of a woman as part of a meme about a wife's violent reaction to cheating, which is not directly harmful to the woman depicted."
img01987.png,baby's diaper,Non-Harmful,NULL,The meme uses a humorous scenario involving a baby's diaper without targeting women for abuse or harassment.
img01988.jpg,wife,Non-Harmful,NULL,The meme humorously depicts a sequence of events without targeting the wife for abuse or degradation.
img01989.png,girls,Implicit-Harm,Misogyny,"The meme uses a stereotype about girls' appearances to make a joke, which can be seen as degrading."
img01990.jpg,Tasha,Non-Harmful,NULL,The image compares money amounts without targeting Tasha for abuse or degradation.
img01991.jpg,woman,Non-Harmful,NULL,The image is a collage of various characters and scenes without targeting any specific women for abuse or harassment.
img01992.jpg,woman,Non-Harmful,NULL,The meme humorously depicts a scenario without targeting women for abuse or degradation.
img01993.jpg,woman,Non-Harmful,NULL,The image discusses a personal issue unrelated to women being targeted for abuse or degradation.
img01994.jpg,female warrior,Non-Harmful,NULL,The image contains various game and movie references but does not depict any harmful content towards women.
img01995.png,woman,Non-Harmful,NULL,The meme uses a scenario to highlight a common argument between partners without targeting the woman for abuse or harassment.
img01996.jpg,woman passenger,Non-Harmful,NULL,The meme uses a humorous scenario involving a woman passenger without targeting her for abuse or harassment.
img01997.jpg,woman,Non-Harmful,NULL,"The image shows two individuals sitting together, likely a couple, and there is no indication of harm towards the woman."
img01998.jpg,female brain,Non-Harmful,NULL,The image discusses gender identity without targeting women for abuse or harassment.
img01999.png,woman in white dress,Non-Harmful,NULL,The meme uses a visual trick to focus on the woman without any harmful intent.
img02000.jpg,woman's appearance,Non-Harmful,NULL,The meme uses a humorous but non-harmful exchange about a man's girlfriend's nationality.
img02001.jpg,female anatomy types,Explicit-Harm,Sexual-Harassment,The image uses explicit anatomical drawings to make a sexualized joke about different 'types' of women.
img02002.jpg,woman holding phone,Non-Harmful,NULL,The image is a humorous observation about technology versus traditional methods without targeting women for abuse or degradation.
img02003.png,woman singing to ghosts,Non-Harmful,NULL,The meme does not target women for abuse or harassment.
img02004.jpg,woman's appearance,Non-Harmful,NULL,The meme uses a humorous scenario involving pineapple on pizza without targeting women for abuse or degradation.
img02005.png,man with pink hair,Non-Harmful,NULL,"The image uses a man with exaggerated features to represent an 'average fan enjoyer,' which is a humorous but non-harmful comparison."
img02007.jpg,woman in red dress,Implicit-Harm,Sexual-Harassment,The meme uses a sexualized portrayal of a woman to make a humorous point about her desires.
img02008.jpg,woman,Non-Harmful,NULL,The image does not depict any harm towards women.
img02009.png,woman taking a selfie,Non-Harmful,NULL,The meme compares the number of photos taken during different activities but does not target women for abuse or harassment.
img02010.jpg,man in police uniform,Non-Harmful,NULL,The image uses a meme format to express frustration but does not target women for abuse or harassment.
img02011.jpg,woman's appearance,Non-Harmful,NULL,"The image uses a humorous scenario involving a woman's hairstyle, which is not intended to harm or stereotype her."
img02012.jpg,wife,Implicit-Harm,Sexual-Harassment,"The meme uses a derogatory term 'soft spoken' to describe the wife, which can be seen as an attempt to degrade her."
img02013.jpg,woman's appearance,Non-Harmful,NULL,"The image lists 'Money' as something women want, which is a neutral statement about preferences."
img02014.png,woman,Non-Harmful,NULL,"The meme humorously depicts a scenario involving a mother deleting video game icons, which is a common situation but does not target women for abuse or harassment."
img02015.jpg,woman,Non-Harmful,NULL,"The image uses a comparison between height and worthiness, which is a common form of gender-based discrimination."
img02016.jpg,women,Non-Harmful,NULL,The image does not target women for abuse or harassment.
img02017.png,woman starterpack,Implicit-Harm,Sexual-Harassment,"The meme uses a 'starter pack' format to objectify a woman, including inappropriate and invasive questions about her personal life."
img02018.jpg,woman,Non-Harmful,NULL,"The image depicts a humorous scenario involving a married man, but there is no explicit or implicit harm towards women."
img02019.jpg,woman in white dress,Non-Harmful,NULL,The comic depicts a romantic scenario without any explicit or implicit harm to the woman.
img02020.jpg,woman using phone,Non-Harmful,NULL,"The image shows women using phones, which is a neutral activity."
img02021.png,female character in Usopp's fight,Non-Harmful,NULL,"The meme uses a humorous observation about Usopp fighting women, which is not intended to harm or stereotype women."
img02022.jpg,woman's appearance,Non-Harmful,NULL,"The image shows a woman looking up at a man, but there is no indication of harm towards her."
img02023.png,woman,Implicit-Harm,Misogyny,The meme uses a derogatory term 'old billionaire husbands' to stereotype and degrade women.
img02024.png,woman in green dress,Non-Harmful,NULL,The image is a positive celebration of a friend's career achievement without any negative connotations.
img02025.png,woman,Non-Harmful,NULL,"The image depicts a man reacting to a situation involving a mother paying for lunch, which is a common and respectful act."
img02026.jpg,woman taking a shower,Implicit-Harm,Sexual-Harassment,"The image humorously depicts women as being more prone to accidents or misfortune, which can be seen as a form of sexual harassment."
img02027.jpg,women wearing 'smash the patriarchy' shirts,Non-Harmful,NULL,The image uses the phrase 'smash the patriarchy' as a slogan on t-shirts without any negative connotations towards women.
img02028.png,female role,Non-Harmful,NULL,"The image depicts three individuals in space suits, suggesting a narrative about humans exploring space, which is not directed at women."
img02029.jpg,woman on bed,Non-Harmful,NULL,"The image is part of a meme discussing reasons why someone might not be texting you, which is a common online scenario."
img02030.jpg,woman bartender,Non-Harmful,NULL,The meme does not target women for abuse or harassment.
img02031.jpg,woman,Non-Harmful,NULL,The meme uses a humorous scenario without targeting women for abuse or degradation.
img02032.jpg,man's beard,Non-Harmful,NULL,"The meme compares beards to makeup, which is a neutral comparison."
img02033.jpg,female computer programmers,Non-Harmful,NULL,The image celebrates historical facts about women in computing without any negative connotations.
img02034.jpg,woman character,Non-Harmful,NULL,The meme discusses ship preferences without targeting women for abuse or degradation.
img02035.jpg,woman,Non-Harmful,NULL,"The meme uses historical facts to make a humorous observation about syphilis, without targeting women for abuse or degradation."
img02036.jpg,me,Non-Harmful,NULL,The meme uses a humorous scenario involving stress and happiness without targeting women for abuse or harassment.
img02037.png,woman,Non-Harmful,NULL,The image does not depict any harm towards women.
img02038.png,woman,Non-Harmful,NULL,"The meme uses a humorous scenario involving a woman born on February 29th, which is not harmful."
img02039.jpg,woman's appearance,Non-Harmful,NULL,The image does not depict any harmful actions or stereotypes towards women.
img02040.png,female characters,Explicit-Harm,Sexual-Harassment,The meme criticizes artists for adding exaggerated sexual features to female characters without justification.
img02041.png,woman,Implicit-Harm,Sexual-Harassment,The meme implies a sexist attitude towards women's financial independence.
img02042.png,female characters,Non-Harmful,NULL,"The image depicts a discussion about different types of lizards, which is a neutral topic."
img02043.png,man in car,Non-Harmful,NULL,"The image shows a man in a car, but there is no indication of harm towards women."
img02044.jpg,woman,Non-Harmful,NULL,"The image uses a dog to represent 'boomers' reacting to someone loving their wife, which is a humorous and non-harmful comparison."
img02045.png,pizza rolls,Non-Harmful,NULL,The meme uses gender-neutral language to promote food items without targeting women.
img02047.png,woman,Non-Harmful,NULL,The meme does not target women for abuse or harassment.
img02048.jpg,woman,Implicit-Harm,Sexual-Harassment,"The meme suggests that women should marry men who slap them, which implies a harmful dynamic where women are expected to accept physical punishment."
img02049.png,woman's appearance,Non-Harmful,NULL,The image does not directly target women for abuse or harassment.
img02050.jpg,cat,Non-Harmful,NULL,The image uses a cat to humorously contrast intelligence levels but does not target women for abuse or harassment.
img02051.png,woman hiding behind tree,Non-Harmful,NULL,"The image depicts a woman hiding behind a tree, which is a common trope in memes but does not target women for abuse or harassment."
img02052.jpg,woman,Explicit-Harm,Sexual-Harassment,"The meme uses derogatory language ('bitchen') to degrade women, promoting harmful attitudes towards them."
img02053.png,woman wearing hijab,Non-Harmful,NULL,"The image depicts a person in a hijab standing at a bus stop, which is a neutral scene without any harmful connotations."
img02054.jpg,woman,Non-Harmful,NULL,The meme does not target women for abuse or harassment.
img02055.png,single mother,Explicit-Harm,Misogyny,"The meme uses a harmful stereotype to argue against single mothers, associating them with crime and negative outcomes."
img02056.jpg,woman signing autographs,Non-Harmful,NULL,"The image depicts a woman signing autographs, which is a common public activity and does not involve any form of harm."
img02057.jpg,woman holding a gun,Explicit-Harm,Violence,"The meme depicts a woman holding a gun, which implies a violent scenario involving a woman, potentially targeting her as a perpetrator."
img02058.jpg,woman in formal dress,Non-Harmful,NULL,"The image contrasts a woman in formal attire with a woman in military gear, likely to highlight the contrast between traditional roles and modern capabilities."
img02059.jpg,woman,Non-Harmful,NULL,"The image contrasts the celebration of Women's Day with the lack of recognition on Men's Day, but it does not target women for abuse or harassment."
img02060.jpg,woman's appearance,Non-Harmful,NULL,"The image focuses on a close-up of a person's hand and pants, which is unrelated to any specific women-related target."
img02061.jpg,woman in hot tub,Implicit-Harm,Sexual-Harassment,The meme portrays a sexualized and objectified view of women as mere objects of male desire.
img02062.jpg,woman,Implicit-Harm,Sexual-Harassment,"The meme promotes inappropriate and objectifying language towards women, suggesting that the safest way to interact with them is through sexual overtures."
img02063.jpg,woman,Non-Harmful,NULL,The image contrasts architectural styles but does not target women for abuse or harassment.
img02065.png,woman,Non-Harmful,NULL,The meme uses a neutral interaction between characters without targeting women for abuse or harassment.
img02066.jpg,waitress,Implicit-Harm,Sexual-Harassment,"The meme uses a sexualized interaction between a man and a waitress to make a joke about erectile dysfunction, which could be seen as objectifying her."
img02067.jpg,Vivek's hot wife,Non-Harmful,NULL,The meme does not target women for abuse or harassment.
img02069.jpg,woman's appearance,Non-Harmful,NULL,The meme uses a man to represent a woman's situation without any negative connotations.
img02070.jpg,woman,Non-Harmful,NULL,The image uses a meme format to discuss controversial topics but does not directly target women for abuse or harassment.
img02071.png,woman's appearance,Non-Harmful,NULL,"The meme criticizes ads promoting shaving, but it does not target women for abuse or harassment."
img02072.jpg,female DM,Non-Harmful,NULL,The meme does not target women for abuse or harassment.
img02073.png,woman's appearance,Explicit-Harm,Sexual-Harassment,"The image uses a close-up of red lips to stereotype a 'badass' female character, which can be seen as objectifying her."
img02074.jpg,woman,Non-Harmful,NULL,The image depicts a humorous scene without targeting women for abuse or harassment.
img02075.png,female kiss,Non-Harmful,NULL,The image depicts a kiss between two individuals without any negative connotations towards women.
img02076.jpg,woman,Non-Harmful,NULL,"The vending machine offers excuses for forgetting to buy a Valentine's gift, which is a neutral observation."
img02077.jpg,flip-flops,Non-Harmful,NULL,"The flip-flops are placed on a character that appears to be a ghostly figure, which is unrelated to any harm towards women."
img02078.jpg,woman's appearance,Implicit-Harm,Sexual-Harassment,"The meme uses a woman's appearance to differentiate between flirting and harassment, which can be seen as objectifying her."
img02079.jpg,Captain Marvel,Implicit-Harm,Sexual-Harassment,"The meme uses inappropriate language and behavior towards Captain Marvel, which is a form of sexual harassment."
img02080.jpg,transgender woman,Explicit-Harm,Sexual-Harassment,The meme uses a transphobic joke about the biological sex of a skeleton to make a derogatory statement about transgender individuals.
img02081.jpg,woman's appearance,Implicit-Harm,Sexual-Harassment,The meme implies that a woman's attractiveness diminishes when she becomes someone's wife.
img02082.jpg,woman,Non-Harmful,NULL,"The image depicts a humorous scenario involving a couple, but there is no explicit or implicit harm towards the woman."
img02084.jpg,fiancee,Non-Harmful,NULL,The meme uses a touching narrative about a fiancée saving their life during a medical emergency without targeting women for abuse or degradation.
img02085.jpg,woman,Non-Harmful,NULL,"The image depicts a humorous schedule for gaming time, which does not target women for abuse or harassment."
img02086.jpg,woman,Non-Harmful,NULL,"The image shows two individuals, but there is no depiction of harm towards women."
img02087.jpg,woman,Explicit-Harm,Sexual-Harassment,"The cross-stitch uses offensive language directed at a woman, which constitutes explicit sexual harassment."
img02088.png,woman,Non-Harmful,NULL,The image depicts a humorous scenario involving a dog reacting to a situation but does not target women for abuse or harassment.
img02089.png,woman flexing muscles,Non-Harmful,NULL,"The image depicts a woman flexing her muscles, which is a common trope in memes, often used to showcase strength or confidence."
img02090.png,woman,Non-Harmful,NULL,The image uses a meme format to discuss a social issue but does not directly harm or stereotype women.
img02091.jpg,woman in gold dress,Non-Harmful,NULL,"The image depicts a scene from 'Pirates of the Caribbean' where characters are interacting, but there is no explicit or implicit harm towards the women."
img02092.jpg,woman's appearance,Implicit-Harm,Sexual-Harassment,"The meme uses a woman's appearance to differentiate between flirting and harassment, which can be seen as objectifying her."
img02093.jpg,woman,Implicit-Harm,Sexual-Harassment,"The meme implies that opening the car door for a wife is a sign of sexual interest, which is a form of sexual harassment."
img02094.png,man,Non-Harmful,NULL,"The image depicts a man reacting to reading Bible stories as an adult, which is a personal reflection and not directed at women."
img02095.jpg,wife's picture,Non-Harmful,NULL,"The meme uses a marriage certificate and wife's picture as a humorous example of what might be considered sufficient documentation for a prescription, but it does not target women for abuse or harassment."
img02096.jpg,woman,Non-Harmful,NULL,The image contains offensive language directed at a woman but does not target her for abuse or harassment.
img02097.jpg,woman's appearance,Non-Harmful,NULL,The image uses a woman's appearance as a focal point but does not target her for abuse or harassment.
img02098.jpg,women fishing,Implicit-Harm,Sexual-Harassment,"The meme implies the man is looking at the women's legs instead of the water, which is a form of sexual harassment."
img02099.png,woman's appearance,Non-Harmful,NULL,The image does not depict any explicit or implicit harm towards women.
img02100.jpg,woman,Non-Harmful,NULL,The image does not target women for abuse or harassment.
img02101.jpg,woman's sleep,Non-Harmful,NULL,The meme uses a humorous scenario to highlight a common complaint about snoring without targeting women for abuse or degradation.
img02102.png,manly men,Implicit-Harm,Sexual-Harassment,The meme mocks men's exaggerated reaction to a drop of women's body wash touching their skin.
img02103.png,woman,Non-Harmful,NULL,The meme uses a general statement about women's desires without targeting any specific individual or group.
img02104.png,woman's support,Non-Harmful,NULL,The meme celebrates a supportive partner without any negative connotations.
img02105.jpg,woman,Non-Harmful,NULL,"The image features Jason Voorhees from 'Friday the 13th', but there is no direct harm to women depicted."
img02106.jpg,Texan women,Implicit-Harm,Misogyny,"The image stereotypes Texan women into distinct groups based on their political leanings and cultural preferences, which can be seen as degrading."
img02107.jpg,woman's vehicle,Non-Harmful,NULL,The meme uses a humorous statement about men relying on their wives' vehicles without targeting women negatively.
img02108.png,woman,Explicit-Harm,Sexual-Harassment,"The meme uses derogatory language ('Thickkk', 'Fluffy') to describe a woman, which is an explicit form of sexual harassment."
img02109.jpg,woman,Implicit-Harm,Sexual-Harassment,The meme uses a stereotype about women being talkative to justify men's snoring as a form of 'karma'. This implies that women's speech is inherently problematic.
img02110.jpg,woman,Non-Harmful,NULL,"The meme uses a statement about a man winning an argument with a woman, which is a common form of gender-based humor but does not explicitly harm or degrade women."
img02111.jpg,woman's appearance,Implicit-Harm,Misogyny,The meme uses a child's interaction to mockingly suggest that women's physical appearance is a source of romantic interest.
img02112.jpg,woman,Non-Harmful,NULL,"The image is a meme about stereotypes and misconceptions about Asian culture and individuals, but it does not specifically target women for abuse or harassment."
img02113.png,woman,Implicit-Harm,Sexual-Harassment,The meme uses a stereotype to imply that dating an Asian girlfriend is a defining characteristic of white men.
img02114.jpg,woman,Non-Harmful,NULL,"The meme uses a humorous comparison to express a common sentiment about love, without targeting women for abuse or degradation."
img02115.jpg,female figure,Non-Harmful,NULL,The image uses a female figure as part of a political spectrum diagram but does not target her for abuse or harassment.
img02116.jpg,WIFE,Non-Harmful,NULL,"The image uses 'WIFE' as an example of a word starting with 'W', but it does not target women for abuse or harassment."
img02117.jpg,woman's appearance,Non-Harmful,NULL,"The image uses a humorous context to critique reading ability, which does not target women for abuse or harassment."
img02118.jpg,mother with child,Non-Harmful,NULL,The meme uses a humorous scenario without targeting women for abuse or degradation.
img02119.jpg,woman,Non-Harmful,NULL,The meme uses a neutral request for funny pictures without targeting women for abuse or harassment.
img02120.jpg,fat girls,Implicit-Harm,Sexual-Harassment,"The meme uses a derogatory term to describe women, which is a form of sexual harassment."
img02121.jpg,woman,Implicit-Harm,Sexual-Harassment,The meme implies that a woman is sexually available based on her initial message about eating a salad.
img02122.jpg,woman,Non-Harmful,NULL,"The image is a meme about sharing personal information online, which is a general social issue but not specifically targeting women."
img02123.jpg,woman with blonde hair,Implicit-Harm,Sexual-Harassment,The image portrays a stereotype where a blonde woman is associated with inappropriate behavior towards black men.
img02124.jpg,Alec Baldwin,Non-Harmful,NULL,"The image compares Alec Baldwin's 'body count' to an AR15 rifle, which is unrelated to women."
img02125.jpg,female relationship,Non-Harmful,NULL,"The meme humorously contrasts the girlfriend's sentiment with the man's focus on football games, but it does not target women for abuse or harassment."
img02126.png,woman walking alone,Non-Harmful,NULL,"The image shows a woman walking alone, which is a neutral depiction without targeting women for abuse or harassment."
img02128.png,woman's appearance,Non-Harmful,NULL,The image does not depict any explicit or implicit harm towards women.
img02129.png,unconventional appearance,Implicit-Harm,Sexual-Harassment,"The meme implies that unconventional appearances can be sexually arousing, which is a form of objectification."
img02130.jpg,woman in window,Non-Harmful,NULL,The image depicts a humorous scenario without targeting women for abuse or harassment.
img02131.jpg,woman passenger,Implicit-Harm,Misogyny,"The meme reimagines the Titanic scenario with modern language, implying outdated gender roles and stereotypes."
img02132.jpg,woman's appearance,Explicit-Harm,Sexual-Harassment,"The comic depicts a man forcibly touching a woman's breast, which is an explicit form of sexual harassment."
img02133.jpg,woman,Non-Harmful,NULL,The image depicts a humorous scenario without targeting the woman for abuse or harassment.
img02134.jpg,woman reading,Implicit-Harm,Sexual-Harassment,"The meme uses a large book to humorously suggest that 'Understanding Women' is so thick it requires physical strength to read, implying women are difficult to understand."
img02135.jpg,woman in the vehicle,Non-Harmful,NULL,The meme uses a neutral scenario without targeting women for abuse or harassment.
img02136.jpg,American third graders,Non-Harmful,NULL,The meme uses a factual statement about American third graders learning about menstruation as a neutral observation.
img02137.jpg,cat wearing 'SECURITY DOG' vest,Non-Harmful,NULL,"The image uses a cat as a metaphor for a person who got a job despite lying on their resume, which is a humorous but non-harmful observation."
img02138.jpg,woman,Non-Harmful,NULL,"The meme uses a humorous scenario involving a dragon character, but it does not target women for abuse or harassment."
img02139.png,woman's appearance,Non-Harmful,NULL,The image does not depict any explicit or implicit harm towards women.
img02140.png,woman eating,Non-Harmful,NULL,The image is a humorous starter pack meme and does not target women for abuse or harassment.
img02141.jpg,blue fox,Non-Harmful,NULL,"The interaction between the characters is playful and humorous, not targeting women for abuse or harassment."
img02142.jpg,woman's appearance,Non-Harmful,NULL,"The image uses a comparison between a technical interview and a job involving a bear, which is unrelated to women."
img02143.jpg,woman standing,Implicit-Harm,Sexual-Harassment,"The meme uses a question about the woman’s husband to imply she is married, which can be seen as an attempt to make assumptions about her marital status."
img02144.png,woman,Non-Harmful,NULL,The image uses a humorous context about a mother's WhatsApp messages without targeting women for abuse or degradation.
img02145.jpg,female dog,Non-Harmful,NULL,The image uses a humorous comparison between two dogs to depict changes after marriage without targeting women for abuse or harassment.
img02146.jpg,woman's appearance,Implicit-Harm,Sexual-Harassment,"The meme uses a woman's body as a visual cue to imply she is the reason men say 'ladies first,' which is a form of sexual harassment."
img02147.jpg,woman on beach,Non-Harmful,NULL,The image depicts a woman interacting with a kangaroo in a natural setting without any apparent harm or negative connotation towards her.
img02148.jpg,woman,Non-Harmful,NULL,The meme uses a humorous but non-harmful scenario involving a wife's death and household chores.
img02149.png,woman,Non-Harmful,NULL,The meme does not directly harm or stereotype women.
img02150.jpg,woman's appearance,Implicit-Harm,Appearance-Attack,"The meme compares the woman's appearance on her wedding day to when she met Rob Lowe, suggesting she looks better in the latter scenario."
img02151.jpg,female role,Non-Harmful,NULL,The image depicts political ideologies but does not target women for abuse or harassment.
img02152.png,women,Explicit-Harm,Violence,"The image depicts women being killed in a violent manner, which is explicitly harmful."
img02153.jpg,good drivers,Implicit-Harm,Sexual-Harassment,"The meme implies that good drivers should be cautious around women, suggesting they might suddenly become good drivers."
img02154.png,woman in the tweet,Non-Harmful,NULL,"The image contains a tweet discussing historical rape rates among native nations, which is a political discussion unrelated to women."
img02155.jpg,Feminists,Non-Harmful,NULL,"The meme uses a rhetorical question to imply feminists are not interested in sports, which is a neutral observation."
img02156.png,woman,Non-Harmful,NULL,The meme uses a character to express frustration about racial representation but does not target women for abuse or harassment.
img02157.jpg,woman,Non-Harmful,NULL,The image uses caricatures to depict political figures but does not target women for abuse or harassment.
img02158.jpg,woman,Non-Harmful,NULL,The meme uses a humorous exchange about marriage to make a light-hearted joke without targeting the woman for abuse or harassment.
img02159.jpg,woman lifting weights,Non-Harmful,NULL,"The image is a humorous starterpack for a 'girl at the gym,' showcasing various fitness items without targeting women negatively."
img02160.jpg,Hollywood,Non-Harmful,NULL,The meme does not target women for abuse or harassment.
img02161.jpg,woman's appearance,Non-Harmful,NULL,The meme discusses body image but does not degrade or mock the woman's appearance.
img02162.jpg,woman's appearance,Non-Harmful,NULL,"The image uses clown makeup to depict a woman, which is a form of visual degradation."
img02163.jpg,woman,Non-Harmful,NULL,"The image contains a humorous exchange about emotional responses to movies and feelings, which does not target women for abuse or harassment."
img02164.jpg,men changing tires,Non-Harmful,NULL,The meme humorously contrasts past and present activities without targeting women.
img02165.jpg,woman passenger,Implicit-Harm,Misogyny,"The meme uses a visual gag to imply that women are inherently more careless drivers, which is a form of gender-based stereotyping."
img02166.jpg,woman,Non-Harmful,NULL,The image shows a man expressing affection towards his mother without any negative connotations.
img02167.jpg,woman,Non-Harmful,NULL,The image compares a 'girlfriend' to a 'homeless man' without targeting either for abuse or degradation.
img02168.jpg,woman in 'Prey',Non-Harmful,NULL,"The meme uses a woman in a horror movie poster as part of a discussion about female characters, but it does not target her for abuse or harassment."
img02169.jpg,She-Hulk,Non-Harmful,NULL,"The meme uses She-Hulk to humorously respond to catcalling, which is a form of harassment."
img02170.jpg,birds,Non-Harmful,NULL,"The meme uses a humorous comparison between birds to make a joke about identifying the 'husband,' which is not harmful."
img02171.jpg,woman,Non-Harmful,NULL,"The meme uses a humorous scenario involving a man's reaction to criticism from his wife, which is a common trope but does not target women for abuse or harassment."
img02172.jpg,man with mustache,Non-Harmful,NULL,"The image shows men with mustaches, which is a neutral depiction without targeting women."
img02173.png,woman on a first date,Non-Harmful,NULL,The meme uses a humorous but potentially harmful stereotype about women's behavior during dates.
img02174.jpg,woman holding man,Non-Harmful,NULL,The meme does not target women for abuse or harassment.
img02175.jpg,wife,Non-Harmful,NULL,The meme uses a humorous but non-harmful approach to suggest a life hack involving a wife.
img02176.jpg,woman's appearance,Non-Harmful,NULL,"The image uses a humorous comparison of heart rate to depict love, which is not harmful."
img02177.jpg,woman,Non-Harmful,NULL,The image contains a mix of content but does not explicitly target women for abuse or harassment.
img02178.png,woman's appearance,Non-Harmful,NULL,The image does not depict any explicit or implicit harm towards women.
img02179.jpg,woman's absence,Non-Harmful,NULL,The meme humorously references a man's situation without explicitly targeting women.
img02180.jpg,woman,Non-Harmful,NULL,The image uses a skull to represent 'woman' without any negative connotations.
img02181.jpg,woman,Explicit-Harm,Sexual-Harassment,The meme depicts a sexual scenario that could be interpreted as degrading to women.
img02182.jpg,woman's day emojis,Non-Harmful,NULL,"The image compares 'a man's day' and 'a woman's day' using different emoji sets, which is a neutral comparison."
img02183.jpg,woman being hugged,Non-Harmful,NULL,"The image depicts a man hugging a woman, which is a common and non-harmful depiction of affection."
img02184.jpg,woman software engineer,Non-Harmful,NULL,The meme uses a stereotype about software engineers but does not target women for abuse or harassment.
img02185.jpg,women's appearance,Implicit-Harm,Appearance-Attack,The meme criticizes women's appearance by listing specific features as undesirable.
img02186.jpg,woman,Non-Harmful,NULL,The image celebrates diversity and individuality without targeting women for abuse or degradation.
img02187.jpg,woman,Non-Harmful,NULL,The image depicts a headline about domestic violence but does not directly harm or stereotype women.
img02188.jpg,woman,Non-Harmful,NULL,"The meme uses Beyoncé as a topic to engage with a woman, which is a neutral interaction."
img02189.jpg,Catfish Grove,Non-Harmful,NULL,"The image shows a map with a catfish as a landmark, which is a neutral depiction without targeting women."
img02190.jpg,woman's appearance,Non-Harmful,NULL,"The image focuses on a man riding a motorcycle, with no direct reference to women or their appearance."
img02191.jpg,woman,Non-Harmful,NULL,The meme uses a humorous but non-harmful statement about food distribution.
img02192.png,woman,Non-Harmful,NULL,The image does not depict any harm towards women.
img02193.jpg,woman,Non-Harmful,NULL,The meme does not target women for abuse or harassment.
img02194.jpg,man at gas station,Non-Harmful,NULL,The image is a starter pack meme targeting a stereotypical behavior without directly harming or degrading women.
img02195.jpg,women,Non-Harmful,NULL,"The image depicts a man shielding women during a protest, which is a positive action and does not harm women."
img02196.jpg,busty girls wearing a seatbelt,Non-Harmful,NULL,The meme uses a humorous comparison without targeting women for abuse or degradation.
img02197.jpg,woman,Non-Harmful,NULL,"The meme uses a cutout character to discuss sexualization and #MeToo, but does not directly harm or stereotype women."
img02198.png,woman,Non-Harmful,NULL,The image does not depict any explicit or implicit harm towards women.
img02199.jpg,woman holding poster,Non-Harmful,NULL,"The image shows a protest where women hold posters, but there is no indication of harm towards them."
img02200.jpg,man in business attire,Non-Harmful,NULL,"The image is a humorous meme about a man's confusion, which does not target women for abuse or harassment."
img02201.jpg,woman,Non-Harmful,NULL,The image depicts a humorous scenario without targeting women for abuse or harassment.
img02202.jpg,elderly Catholic woman,Non-Harmful,NULL,"The image discusses an elderly Catholic woman mistakenly praying to Obi-Wan Kenobi from 'Star Wars', which is a factual statement without any harmful connotations."
img02203.jpg,woman on couch,Implicit-Harm,Sexual-Harassment,"The meme implies the woman spends more time on the toilet than with her partner, suggesting a lack of interest."
img02204.jpg,woman with white skin and long hair,Non-Harmful,NULL,The image does not target women for abuse or harassment.
img02206.jpg,woman in OnlyFans,Non-Harmful,NULL,"The meme compares OnlyFans to the Chinese Triad, which is a serious criminal organization, without targeting women for abuse."
img02207.jpg,woman in white tank top,Non-Harmful,NULL,The image uses a meme format to discuss depression and medical conditions without targeting the woman for abuse or harassment.
img02208.png,man holding stop sign,Non-Harmful,NULL,"The image uses a stop sign metaphor to warn about a shift in a subreddit, but it does not target women for abuse or harassment."
img02209.jpg,woman's behavior,Implicit-Harm,Sexual-Harassment,"The meme portrays a woman's behavior as a justification for violence against her husband, which is a form of sexual harassment."
img02210.jpg,woman,Non-Harmful,NULL,The meme does not target women for abuse or harassment.
img02211.jpg,man,Non-Harmful,NULL,The meme does not target women for abuse or harassment.
img02212.jpg,tree,Non-Harmful,NULL,"The image shows a camera attached to a tree, which is a neutral observation without targeting women."
img02213.png,woman at airport security,Non-Harmful,NULL,"The meme uses a humorous scenario to highlight a misunderstanding about liquids in airport security, without targeting women for abuse or degradation."
img02214.png,woman,Non-Harmful,NULL,The image is a meme about a game character and does not target women for abuse or harassment.
img02215.jpg,woman,Non-Harmful,NULL,The meme humorously depicts a man's perspective without targeting women for abuse or degradation.
img02216.png,woman,Non-Harmful,NULL,"The image is a meme comparing historical perspectives on gender roles, which does not target women for abuse or harassment."
img02217.jpg,female character,Non-Harmful,NULL,"The meme uses Knuckles to critique She-Hulk, but it does not target women for abuse or harassment."
img02218.jpg,woman,Non-Harmful,NULL,"The meme uses a Pepe the Frog image to humorously depict a man's reaction to a woman hitting him, which is not intended as an attack on women."
img02219.jpg,Amy,Non-Harmful,NULL,"The meme uses Knuckles to critique She-Hulk, which is a character from a different franchise, without addressing the specific issue related to Amy."
img02220.jpg,woman,Non-Harmful,NULL,The meme uses a humorous comparison between two men's wives without targeting women for abuse or degradation.
img02221.jpg,woman's appearance,Non-Harmful,NULL,"The image uses a metaphor about the devil to discuss temptation, which is not directed at women."
img02222.jpg,woman's appearance,Non-Harmful,NULL,"The meme uses animals to discuss a woman's appearance, which is a common form of gender-based humor."
img02223.jpg,woman,Non-Harmful,NULL,"The meme uses a comparison between men and women in love, which is a common trope but does not explicitly harm or degrade either gender."
img02224.png,woman's heart,Implicit-Harm,Sexual-Harassment,"The meme implies that rejecting someone can 'break a woman's heart,' which is a harmful stereotype."
img02225.jpg,woman's appearance,Non-Harmful,NULL,"The meme uses a historical painting to humorously depict an accident involving a wedding ring, which is not harmful to women."
img02226.png,daughter,Non-Harmful,NULL,"The post describes a boy giving his glasses to a girl he has a crush on, which is a positive gesture of affection."
img02227.jpg,woman,Non-Harmful,NULL,"The meme uses a humorous exaggeration about surviving with a dog but dying after meeting a woman, which is not intended to harm or stereotype women."
img02228.png,pregnant woman,Implicit-Harm,Sexual-Harassment,"The meme suggests that bearing children for a fan is equivalent to OnlyFans, implying sexual exploitation."
img02229.jpg,woman sleeping,Implicit-Harm,Sexual-Harassment,"The meme suggests a sexist expectation where a wife should cook breakfast, perpetuating the idea that women are responsible for meal preparation."
img02230.jpg,woman,Non-Harmful,NULL,The image celebrates the work of therapy dogs without targeting women for abuse or degradation.
img02231.png,woman,Non-Harmful,NULL,The meme does not target women for abuse or harassment.
img02232.jpg,woman's appearance,Non-Harmful,NULL,"The image compares watching 'Order 66' as a child versus an adult, focusing on the change in perspective rather than targeting women."
img02233.png,woman wearing an Obama shirt,Explicit-Harm,Misogyny,"The meme uses derogatory language to attack the woman's beliefs and character, promoting harmful stereotypes."
img02234.jpg,woman's appearance,Non-Harmful,NULL,The image does not depict any explicit or implicit harm towards women.
img02235.jpg,woman,Non-Harmful,NULL,"The text suggests a humorous and exaggerated method to fascinate a woman, which is not harmful."
img02236.jpg,woman,Non-Harmful,NULL,"The image uses a bear to represent a woman, which is a neutral depiction without targeting women for abuse or harassment."
img02237.jpg,woman's height,Implicit-Harm,Sexual-Harassment,"The meme implies that a taller man will be looked at differently by a shorter woman, which can be seen as objectifying her."
img02238.jpg,woman's appearance,Explicit-Harm,Sexual-Harassment,"The image depicts a woman in revealing clothing, which is used to stereotype her as an exhibitionist."
img02239.jpg,woman,Non-Harmful,NULL,The image uses a humorous context without targeting women for abuse or degradation.
img02240.png,woman,Non-Harmful,NULL,The meme uses a casual and flirtatious tone but does not target women for abuse or harassment.
img02241.jpg,woman's shoes,Non-Harmful,NULL,The image compares different types of shoes for various occasions without targeting women for abuse or harassment.
img02242.jpg,female characters,Non-Harmful,NULL,The image compares female characters written by men versus those made by women without implying any harm.
img02243.jpg,female lion,Non-Harmful,NULL,The image uses animals to represent different relationship statuses without targeting women for abuse or harassment.
img02244.jpg,female computer programmer,Non-Harmful,NULL,The meme celebrates a historical fact without promoting harmful stereotypes.
img02245.jpg,male musician,Non-Harmful,NULL,The meme uses a humorous reference to a well-known cultural figure without targeting women for abuse or degradation.
img02247.jpg,woman contestant,Non-Harmful,NULL,The image does not target women for abuse or harassment.
img02248.jpg,woman,Implicit-Harm,Sexual-Harassment,"The poster uses a derogatory comparison to devalue women, suggesting they are inferior to beer."
img02249.jpg,woman being kissed,Non-Harmful,NULL,"The image shows a man kissing a woman, which is a common romantic depiction and does not target women for abuse or harassment."
img02250.png,woman,Explicit-Harm,Violence,The meme advocates for domestic violence against women.
img02251.jpg,wife,Non-Harmful,NULL,The meme humorously depicts a situation without targeting women for abuse or degradation.
img02252.jpg,woman,Explicit-Harm,Sexual-Harassment,The meme implies sexual exploitation and devaluation of the woman's worth based on her willingness to engage in sexual activities.
img02253.jpg,woman's appearance,Non-Harmful,NULL,The image uses a meme format to discuss LGBTQ+ content without targeting women for abuse or harassment.
img02254.jpg,woman in bed,Implicit-Harm,Sexual-Harassment,"The meme uses a suggestive tone about the woman's thoughts, which could be interpreted as sexual harassment."
img02255.jpg,woman's appearance,Non-Harmful,NULL,The image uses a meme format to discuss political differences but does not target women for abuse or harassment.
img02256.jpg,woman victim,Explicit-Harm,Sexual-Harassment,"The meme depicts a woman as a victim of rape, which is an explicit form of sexual harassment."
img02257.jpg,man's appearance,Non-Harmful,NULL,"The meme uses a man to represent the 'relapse' scenario, focusing on his appearance rather than any harmful behavior towards women."
img02258.jpg,woman's appearance,Non-Harmful,NULL,"The image uses a comparison of 'Pokémon' and 'Shiny Pokémon' to highlight the difference in appearance, which is a neutral observation."
img02259.jpg,wife kneeling,Implicit-Harm,Sexual-Harassment,The meme perpetuates a harmful stereotype of women as subservient and apologetic towards men.
img02260.jpg,woman hugging man,Non-Harmful,NULL,"The book cover depicts a woman hugging a man, which is a common and positive depiction of affection."
img02261.jpg,female moderators,Non-Harmful,NULL,The meme does not target women for abuse or harassment.
img02262.jpg,male spectators,Non-Harmful,NULL,"The image shows a group of men watching an event, which is a neutral depiction without targeting women."
img02263.jpg,woman's appearance,Non-Harmful,NULL,"The image shows a clean sink with bubbles, which is a positive domestic scene without targeting women."
img02264.jpg,Tobey Maguire,Non-Harmful,NULL,The interaction is a neutral discussion about Tobey Maguire's experiences with memes.
img02265.jpg,woman's appearance,Non-Harmful,NULL,The meme uses SpongeBob to humorously depict a situation without targeting women for abuse or degradation.
img02266.jpg,woman,Implicit-Harm,Misogyny,The meme perpetuates a harmful stereotype about women being less likely to have romantic partners compared to men.
img02267.jpg,Hillary Clinton,Non-Harmful,NULL,The meme does not directly target Hillary Clinton for abuse or harassment.
img02268.jpg,female character,Non-Harmful,NULL,The image discusses 'alpha males' without targeting women for abuse or harassment.
img02269.jpg,woman wearing 'Don't Grab My Pussy' shirt,Non-Harmful,NULL,The image uses political labels to divide women into groups without addressing their individual experiences or perspectives.
img02270.png,woman,Non-Harmful,NULL,"The image is a form asking for pronouns and terms to describe oneself, which does not target women for abuse or harassment."
img02271.png,women's nightgowns,Implicit-Harm,Sexual-Harassment,The meme uses a dated and objectifying image of women in nightgowns to make a sexualized comparison about grandfathers and babies.
img02272.jpg,woman,Non-Harmful,NULL,The image does not directly target women for abuse or harassment.
img02273.jpg,woman's appearance,Non-Harmful,NULL,"The image features a muscular man wearing a basketball jersey, which is unrelated to women."
img02274.jpg,female role,Non-Harmful,NULL,"The meme uses a cartoon character to make a statement about male feminists, which is not directly targeting women but rather a general observation."
img02275.jpg,male feminist,Non-Harmful,NULL,The image uses Tom as a male feminist to support the #MeToo campaign without targeting women.
img02276.jpg,women in red robes,Non-Harmful,NULL,"The image uses a scene from 'The Handmaid's Tale' to make a political statement about disliking Biden, which is not directly targeting women for harm."
img02277.jpg,woman in suit,Non-Harmful,NULL,The image depicts a humorous interaction without targeting women for abuse or degradation.
img02278.jpg,woman,Implicit-Harm,Sexual-Harassment,"The meme implies that consent from both parties is necessary for consensual sex, but the woman's voice is silenced."
img02279.jpg,woman,Implicit-Harm,Sexual-Harassment,"The meme implies a sexualized scenario involving a woman's past relationship, which can be seen as objectifying her."
img02280.jpg,woman's appearance,Non-Harmful,NULL,"The image depicts a character in traditional attire, but there is no indication of harm towards women."
img02281.jpg,woman's appearance,Non-Harmful,NULL,The meme uses a humorous but non-harmful statement about a woman's relationship status.
img02282.jpg,woman sitting at desk,Non-Harmful,NULL,"The image depicts a woman in a cluttered room, which could be interpreted as a commentary on the chaos of modern life but does not target women for abuse or harassment."
img02283.jpg,feminists,Implicit-Harm,Misogyny,"The meme uses a Japanese character to imply feminists are 'noisy,' targeting them with a derogatory term."
img02284.jpg,woman's appearance,Non-Harmful,NULL,"The image depicts a character with a diseased appearance, which is part of their character design but does not target women for abuse or harassment."
img02285.jpg,woman's appearance,Non-Harmful,NULL,"The image uses a skeleton to represent a woman waiting for 'the perfect man,' which is a common trope but does not explicitly harm or degrade women."
img02286.jpg,woman gamer,Non-Harmful,NULL,"The meme is a self-deprecating joke about gaming preferences, not targeting women."
img02287.jpg,woman,Explicit-Harm,Sexual-Harassment,"The meme depicts a man making a lewd comment to a woman, which is an explicit form of sexual harassment."
img02288.jpg,woman,Non-Harmful,NULL,The meme does not target women for abuse or harassment.
img02289.jpg,Amber Heard,Non-Harmful,NULL,"The meme uses a humorous comparison to criticize Amber Heard's career, but it does not target her for abuse or harassment."
img02290.jpg,woman,Non-Harmful,NULL,The meme uses a humorous scenario without targeting women for abuse or degradation.
img02291.jpg,shirtless man,Non-Harmful,NULL,"The image shows two men, one shirtless and muscular, the other wearing casual clothes, but there is no indication of harm towards either."
img02292.jpg,woman's appearance,Non-Harmful,NULL,The image uses a humorous context without targeting women for abuse or degradation.
img02293.jpg,woman,Non-Harmful,NULL,The meme uses a humorous comparison without targeting women for abuse or harassment.
img02294.jpg,woman in bed,Non-Harmful,NULL,The meme uses a humorous scenario without targeting women for abuse or degradation.
img02295.jpg,man swimming,Non-Harmful,NULL,"The image shows a man swimming, which is a positive activity unrelated to women or gender-based harm."
img02296.jpg,Nice guys,Implicit-Harm,Sexual-Harassment,The meme implies that 'nice guys' will become sexually harassing after treating women like human beings.
img02297.jpg,Sakura,Non-Harmful,NULL,The interaction focuses on team dynamics rather than targeting Sakura for abuse or degradation.
img02298.jpg,woman with blonde hair,Non-Harmful,NULL,"The meme uses a character to humorously express frustration about having few friends, which is a personal issue unrelated to gender."
img02299.jpg,Feminist,Non-Harmful,NULL,The image uses the term 'Feminist' as a label without any context or implication of harm.
img02300.jpg,woman sitting,Non-Harmful,NULL,The meme uses a woman's emotional state as a humorous backdrop but does not target her for abuse or harassment.
img02301.jpg,woman's appearance,Non-Harmful,NULL,"The image uses a photo manipulation to highlight the woman's body, which could be seen as objectifying her."
img02302.jpg,woman,Implicit-Harm,Sexual-Harassment,"The meme implies that women prefer older men, which can be seen as objectifying their preferences."
img02303.jpg,woman driving e-rickshaw,Non-Harmful,NULL,The image celebrates a woman's independence and resilience without any negative connotations.
img02304.jpg,woman in traditional attire,Non-Harmful,NULL,The image depicts a cultural scene without any explicit or implicit harm towards women.
img02305.jpg,man in water,Non-Harmful,NULL,"The image shows a man in various poses in water, but there is no indication of harm towards women."
img02306.jpg,woman,Non-Harmful,NULL,"The image depicts a scam involving a fake astronaut, but it does not target women for abuse or harassment."
img02307.jpg,woman,Non-Harmful,NULL,"The image depicts a scam involving a fake astronaut, but it does not target women for abuse or harassment."
img02308.jpg,women,Non-Harmful,NULL,"The image contrasts preferences between women from coastal Karnataka and those who contribute to the Kannada film industry, without targeting either group for abuse."
img02309.jpg,woman,Non-Harmful,NULL,"The meme uses a humorous scenario involving a woman cooking, but it does not target her for abuse or harassment."
img02310.jpg,female comedian,Implicit-Harm,Sexual-Harassment,The meme uses derogatory language and stereotypes about women's bodies and experiences.
img02311.jpg,women engaging in sexual behavior,Explicit-Harm,Sexual-Harassment,"The meme questions women's sexual choices and implies they are only engaging in sexual activities to satisfy men, which is a form of sexual harassment."
img02312.jpg,man,Non-Harmful,NULL,The meme does not target women for abuse or harassment.
img02313.jpg,woman in lingerie,Non-Harmful,NULL,The meme does not target women for abuse or harassment.
img02314.jpg,woman,Explicit-Harm,Sexual-Harassment,"The meme includes a derogatory statement about defending a rapist, which is a form of sexual harassment."
img02315.jpg,Spock,Explicit-Harm,Sexual-Harassment,"The meme depicts Spock being harassed by a male character, which is an explicit form of sexual harassment."
img02316.jpg,woman,Non-Harmful,NULL,"The meme uses a humorous anecdote about dating to avoid grocery shopping, which is not harmful."
img02317.jpg,male baseball player,Non-Harmful,NULL,The meme does not target women for abuse or harassment.
img02318.jpg,women's cricket team,Non-Harmful,NULL,The image celebrates a women's cricket team's victory without any negative connotations.
img02319.jpg,female driver,Non-Harmful,NULL,"The image uses a sports car race scenario to humorously depict a complex situation involving two individuals, but it does not target women for abuse or harassment."
img02320.jpg,woman,Non-Harmful,NULL,"The image uses a meme format to discuss a public figure, but there is no explicit or implicit harm towards women."
img02321.jpg,woman,Non-Harmful,NULL,The text 'Because you're so darn cute.' is a compliment and does not target the woman for abuse or harassment.
img02322.jpg,wife,Non-Harmful,NULL,"The image depicts a wedding ceremony, which is a positive event and does not target women for abuse or harassment."
img02323.jpg,sign content,Non-Harmful,NULL,"The sign content appears to be a humorous instruction, not targeting women for abuse or harassment."
img02324.jpg,woman wearing pink mini skirt,Non-Harmful,NULL,The image is a positive comment about a woman's appearance without any negative connotations.
img02325.jpg,woman shooter,Non-Harmful,NULL,"The image shows a woman practicing shooting, which is a neutral activity unrelated to harm."
img02326.jpg,Planned Parenthood logo,Non-Harmful,NULL,The image uses Planned Parenthood as a neutral entity to represent a broader social issue.
img02327.jpg,woman's appearance,Non-Harmful,NULL,"The image features a clown and a biohazard symbol, which do not directly target women for abuse or harassment."
img02328.jpg,woman,Non-Harmful,NULL,"The image shows a man and a woman posing together in what appears to be a professional setting, likely at an event or competition, without any indication of harm."
img02329.jpg,femboy fox,Non-Harmful,NULL,The image uses a character to represent a 'femboy fox' without any negative connotations.
img02330.jpg,woman lying down,Non-Harmful,NULL,The meme uses a humorous scenario without targeting women for abuse or degradation.
img02331.jpg,woman partying,Non-Harmful,NULL,"The image shows a woman partying in a peaceful setting, which is not harmful to her."
img02332.jpg,man,Non-Harmful,NULL,"The image is a news article about Zach Smith, which does not target women for abuse or harassment."
img02333.jpg,woman wearing hijab,Non-Harmful,NULL,The meme uses a humorous comparison to highlight the beauty of makeup without targeting women negatively.
img02334.jpg,woman,Non-Harmful,NULL,The tweet does not target women for abuse or harassment.
img02335.jpg,woman wearing swimsuit,Non-Harmful,NULL,The comment suggests a negative and disrespectful tone towards the woman's body.
img02336.jpg,motivation speaker,Non-Harmful,NULL,The image features a motivational speaker without any harmful content targeting women.
img02337.jpg,woman on scooter,Explicit-Harm,Appearance-Attack,"The image highlights a woman being penalized for wearing a helmet, which is an explicit attack on her appearance and safety."
img02338.jpg,women protesters,Explicit-Harm,Sexual-Harassment,"The sign 'All Men Are Pigs' is a derogatory statement directed at men, which can be considered sexual harassment."
img02339.jpg,woman,Non-Harmful,NULL,The meme uses a humorous scenario to highlight a common dating dynamic without targeting women for abuse or harassment.
img02340.jpg,man lying on ground,Non-Harmful,NULL,"The image depicts a man lying on the ground, but there is no indication of harm towards women."
img02341.jpg,Twitch streamer,Explicit-Harm,Sexual-Harassment,"The meme criticizes women for their clothing choices, suggesting they are asking to be sexually assaulted."
img02342.jpg,crowd,Non-Harmful,NULL,"The image shows a large crowd celebrating, which is a positive and non-harmful scene."
img02343.jpg,frog,Non-Harmful,NULL,The image uses a frog as a meme format without targeting women for abuse or harassment.
img02344.jpg,woman's appearance,Non-Harmful,NULL,"The image uses a humorous comparison between two men, but there is no direct targeting or harm towards women."
img02345.jpg,Pepe frog,Non-Harmful,NULL,"The image features Pepe frog, a character often used in memes, but there is no specific targeting of women or any form of harm depicted."
img02346.jpg,woman's appearance,Non-Harmful,NULL,"The image shows a man with red hair, but there is no indication of harm towards women."
img02347.jpg,cat,Non-Harmful,NULL,The image features a cat and does not target women for abuse or harassment.
img02348.jpg,woman wearing leopard print dress,Non-Harmful,NULL,The image depicts a couple in a social setting without any indication of harm towards the woman.
img02349.jpg,woman,Explicit-Harm,Sexual-Harassment,"The quote suggests that the sexual revolution allows women to escape abusive relationships, which can be seen as an attack on their autonomy and safety."
img02350.jpg,woman in green sari,Non-Harmful,NULL,The meme does not target women for abuse or harassment.
img02351.jpg,woman,Explicit-Harm,Sexual-Harassment,"The meme suggests that controlling lust will reveal the boredom of most women, which is a derogatory statement about their perceived lack of interest."
img02352.jpg,woman in black dress,Non-Harmful,NULL,"The image depicts a woman in a black dress holding a broom, which is part of a movie poster for 'Wicked'. There is no explicit or implicit harm towards women."
img02353.jpg,women,Non-Harmful,NULL,"The image shows two groups of people, one labeled 'Twitter' and the other 'X', but there is no indication of harm towards women."
img02354.jpg,doge,Non-Harmful,NULL,"The image features a logo with a dog face, but there is no depiction or reference to women that could be interpreted as harmful."
img02355.jpg,woman applying makeup,Non-Harmful,NULL,"The image shows a woman applying makeup, which is a neutral activity."
img02356.jpg,Sylvia Plath,Non-Harmful,NULL,The meme uses Sylvia Plath as a reference without any negative connotations.
img02357.jpg,woman,Non-Harmful,NULL,The meme uses a neutral conversation about TV shows without targeting women for abuse or harassment.
img02358.jpg,woman,Non-Harmful,NULL,The image depicts a conversation about math without any negative connotations towards women.
img02359.jpg,woman,Non-Harmful,NULL,The meme uses a playful reference to a song title without any negative connotations towards women.
img02360.jpg,woman,Non-Harmful,NULL,"The image shows two individuals discussing a movie, 'The Wizard of Oz', without any negative connotations towards women."
img02361.jpg,woman,Non-Harmful,NULL,The image uses a neutral scenario to discuss job search platforms without targeting women for abuse or harassment.
img02362.jpg,women giving advice,Non-Harmful,NULL,"The image shows two women providing advice, which is a neutral activity."
img02363.jpg,woman speaking,Non-Harmful,NULL,The image depicts a conversation about divorce without any explicit or implicit harm towards the woman.
img02364.jpg,man cooking,Non-Harmful,NULL,"The image depicts a man cooking, which is a neutral activity and does not target women for abuse or harassment."
img02365.jpg,woman in bikini,Non-Harmful,NULL,"The image is a news headline about a man being captured after his wife's social media posts revealed their location, which is unrelated to any harm towards women."
img02366.jpg,women's appearance,Implicit-Harm,Appearance-Attack,"The tweet uses a 'before-and-after' format to imply that Mexican women are unattractive, which is a form of appearance attack."
img02367.jpg,man's forehead,Non-Harmful,NULL,"The image shows a man with 'best goy' written on his forehead, which is a form of character assassination but is not directed at women."
img02368.jpg,woman,Non-Harmful,NULL,The image does not target women for abuse or harassment.
img02369.jpg,woman,Non-Harmful,NULL,The image discusses a personal story without targeting women for abuse or degradation.
img02370.jpg,all-female space flight,Non-Harmful,NULL,"The meme celebrates an achievement without focusing on gender, making it non-harmful."
img02371.jpg,woman with pink hair,Non-Harmful,NULL,"The image shows a woman with pink hair, but there is no indication of harm towards her."
img02372.jpg,MS-13 tattoo,Non-Harmful,NULL,"The image shows a photograph of an MS-13 tattoo, which is unrelated to women."
img02373.jpg,woman holding baby,Non-Harmful,NULL,The image uses a neutral illustration to discuss social issues without targeting women for abuse or harassment.
img02374.jpg,male character,Non-Harmful,NULL,The image features a male character without any indication of harm towards women.
img02375.jpg,woman on Fox News,Implicit-Harm,Sexual-Harassment,The meme uses a sexualized stereotype about young men's preferences to make a point about fertility rates.
img02376.jpg,woman wearing a mask,Non-Harmful,NULL,"The image depicts a woman wearing a mask, which is a neutral depiction and does not target women for abuse or harassment."
img02377.jpg,woman,Explicit-Harm,Sexual-Harassment,"The meme uses derogatory language to degrade women, equating them to men."
img02378.jpg,man wearing confederate flag shirt,Non-Harmful,NULL,"The image depicts a man wearing a confederate flag shirt, which is a historical symbol associated with white supremacy and racism, but there is no direct harm to women depicted."
img02379.jpg,woman,Non-Harmful,NULL,"The image features a quote about dating, which is a personal topic but does not target women for abuse or harassment."
img02380.jpg,woman pilot,Non-Harmful,NULL,"The image depicts a woman in military attire, which is not inherently harmful."
img02381.jpg,woman's appearance,Implicit-Harm,Appearance-Attack,The meme mocks the woman's natural appearance without makeup.
img02382.jpg,woman in wedding dress,Implicit-Harm,Misogyny,The meme uses a statistic to imply that marriage inherently leads to dissatisfaction among women.
img02383.jpg,woman's appearance,Non-Harmful,NULL,"The image uses a creative shadow effect to depict a mantis, which is not harmful."
img02384.jpg,shopkeeper,Non-Harmful,NULL,The image shows a shopkeeper handling items without any indication of harm towards women.
img02385.jpg,woman at desk,Explicit-Harm,Sexual-Harassment,"The man is making inappropriate comments about the woman's appearance, which escalates to her calling HR."
img02386.jpg,woman,Non-Harmful,NULL,"The image shows a comparison between a muscular man and a woman, but there is no explicit or implicit harm towards the woman."
img02387.jpg,woman,Non-Harmful,NULL,The image does not directly target women for abuse or harassment.
img02388.jpg,woman being arrested,Explicit-Harm,Violence,"The image depicts a woman being physically restrained by police officers, which constitutes explicit harm."
img02389.jpg,woman,Non-Harmful,NULL,The image shows a TikTok post discussing a personal interaction without any explicit or implicit harm towards women.
img02390.jpg,woman milking cow,Non-Harmful,NULL,"The image depicts a woman milking a cow, which is a common agricultural activity and does not target women for abuse or harassment."
img02391.jpg,Fiona Wild,Non-Harmful,NULL,The post discusses a political figure without targeting women for abuse or harassment.
img02392.jpg,women in traditional attire,Implicit-Harm,Sexual-Harassment,The meme perpetuates harmful stereotypes about women's preferences and value based on their financial status and physical appearance.
img02393.jpg,woman,Non-Harmful,NULL,The meme does not target women for abuse or harassment.
img02394.jpg,girls' food choices,Non-Harmful,NULL,The image compares food choices without implying superiority or inferiority.
img02395.jpg,woman's appearance,Non-Harmful,NULL,"The image shows a pregnant woman taking a selfie, which is a neutral depiction of her physical state."
img02396.jpg,female pilots,Non-Harmful,NULL,The images celebrate women in aviation roles without any negative connotations.
img02397.jpg,woman,Non-Harmful,NULL,The image discusses a personal relationship without targeting the woman for abuse or degradation.
img02398.jpg,woman,Non-Harmful,NULL,The meme uses a humorous scenario without targeting women for abuse or degradation.
img02399.jpg,Renée Good,Non-Harmful,NULL,The tweet is a factual statement about an individual without any harmful content.
img02400.jpg,woman's appearance,Non-Harmful,NULL,"The image uses a large number of identical black-and-white figures to create a pattern, which does not target women for abuse or harassment."
img02401.jpg,cave entrance,Non-Harmful,NULL,The image depicts a cave entrance without any textual or visual elements targeting women.
img02402.jpg,female characters,Non-Harmful,NULL,"The image depicts characters from 'Baldur's Gate', which is a fantasy setting and does not target women for abuse or harassment."
img02403.jpg,woman in pink dress,Non-Harmful,NULL,The meme uses a humorous scenario without targeting the woman for abuse or harassment.
img02404.jpg,woman in superhero costume,Non-Harmful,NULL,The image depicts a humorous interaction without targeting women for abuse or degradation.
img02405.jpg,girl playing games,Non-Harmful,NULL,The meme does not target women for abuse or harassment but rather praises a girl's gaming habits.
img02406.jpg,political campaign banner,Non-Harmful,NULL,The image shows a political campaign banner promoting future elections without targeting women for abuse or harassment.
img02407.jpg,man standing near pile of items,Non-Harmful,NULL,"The image humorously depicts a man standing near a pile of items his dad won't let go, but there is no explicit or implicit harm towards women."
img02408.jpg,book title,Explicit-Harm,Misogyny,The book title 'Why Women Deserve Less Nothing' promotes a harmful and offensive viewpoint about women's worth.
img02409.jpg,female role,Non-Harmful,NULL,"The image uses a historical context to depict men as warriors, which is not directly related to women."
img02410.jpg,woman,Non-Harmful,NULL,The meme uses a humorous comparison without targeting women for abuse or degradation.
img02411.jpg,woman,Explicit-Harm,Violence,"The image depicts a woman being interviewed about her mother's murder, suggesting she may have been involved, which implies violence against women."
img02412.jpg,female role,Non-Harmful,NULL,"The joke is about a cheetah being disqualified from a race, which is a humorous observation rather than targeting women."
img02413.jpg,woman in hijab,Non-Harmful,NULL,The image depicts a scene without any explicit or implicit harm towards women.
img02414.jpg,woman's appearance,Non-Harmful,NULL,The image uses a humorous scenario to highlight the inconvenience of following toothpaste instructions without targeting women.
img02415.jpg,cat,Non-Harmful,NULL,"The image depicts a cat engaging in playful exploration, which is not harmful to women."
img02416.jpg,house,Non-Harmful,NULL,The image depicts a modern house without any visual elements targeting women.
img02417.jpg,woman in blue dress,Non-Harmful,NULL,The image depicts a scene with toy animals engaging in everyday activities without any harmful or offensive content.
img02418.jpg,woman's appearance,Implicit-Harm,Sexual-Harassment,"The meme uses the same phrase 'That dress looks sexy on you' to differentiate between flirting and harassment, implying that the context determines whether it is appropriate."
img02419.jpg,woman,Non-Harmful,NULL,"The image shows a woman visiting an elderly man in a hospital bed, which is a neutral scene without any harmful connotations."
img02420.jpg,baby carriage,Non-Harmful,NULL,"The image shows a baby carriage being towed behind a truck, which is a humorous situation but does not target women for abuse or harassment."
img02421.jpg,woman's appearance,Non-Harmful,NULL,The tweet does not directly target women for abuse or harassment.
img02422.jpg,female musicians,Non-Harmful,NULL,"The image features a collage of male musicians, but there is no depiction or reference to women, making it non-harmful."
img02423.jpg,women,Non-Harmful,NULL,The image compares consequences for illegal border crossing across different countries but does not target women for abuse or harassment.
img02424.jpg,female role,Non-Harmful,NULL,The post celebrates the author's journey and achievements without targeting women for abuse or degradation.
img02425.jpg,male characters,Non-Harmful,NULL,"The image shows various male characters in different expressions and settings, but there is no indication of harm towards women."
img02426.jpg,woman wearing a hat,Non-Harmful,NULL,The image shows a woman in a casual setting without any indication of harm.
img02427.jpg,woman,Non-Harmful,NULL,The image is a Pokémon-themed meme involving characters and does not target women for abuse or harassment.
img02428.jpg,bison,Non-Harmful,NULL,The image uses a bison as a subject for a humorous meme without targeting women.
img02429.jpg,woman,Non-Harmful,NULL,The image does not directly target or harm women.
img02430.jpg,woman riding horse,Non-Harmful,NULL,"The image depicts a woman riding a horse, which is a neutral activity and does not target women for abuse or harassment."
img02431.jpg,woman,Implicit-Harm,Sexual-Harassment,"The meme uses a suggestive and disrespectful tone towards the woman, implying she is the source of the man's discomfort."
img02432.jpg,woman,Implicit-Harm,Misogyny,The meme perpetuates a harmful stereotype about women being submissive and supportive to men.
img02433.jpg,man speaking,Non-Harmful,NULL,"The image shows a man speaking, but there is no indication of harm towards women."
img02434.jpg,woman's appearance,Non-Harmful,NULL,The image uses a humorous context to depict a woman's appearance without targeting her for abuse or harassment.
img02435.jpg,short skirt,Non-Harmful,NULL,The image uses humor to address a sensitive topic without resorting to explicit or implicit harm.
img02436.jpg,woman carrying children,Non-Harmful,NULL,"The image depicts a woman carrying multiple children, which is a common depiction of maternal responsibility without any negative connotations."
img02437.jpg,woman engineer,Non-Harmful,NULL,"The image humorously contrasts the preparation of a fresh grad engineer versus an experienced engineer, focusing on their tools rather than their competence."
img02438.jpg,Helen of Troy,Non-Harmful,NULL,The meme uses Helen of Troy as a historical figure to reference a cultural myth rather than targeting women for abuse or degradation.
img02439.jpg,male friends,Non-Harmful,NULL,"The comic humorously depicts male friends watching a horror movie, which is not harmful to women."
img02440.jpg,woman in a suit,Non-Harmful,NULL,The image does not depict any explicit or implicit harm towards women.
img02441.jpg,woman,Non-Harmful,NULL,"The image is a comparison task asking to find differences between two pictures, which does not target women for abuse or harassment."
img02442.jpg,woman's appearance,Non-Harmful,NULL,"The image depicts an ancient Egyptian statue, which is a historical artifact and not intended to harm or stereotype women."
img02443.jpg,woman being held down,Non-Harmful,NULL,The image depicts a physical altercation but does not target women for abuse or harassment.
img02444.jpg,woman,Explicit-Harm,Sexual-Harassment,The meme suggests a harmful and inappropriate sexual scenario involving a woman.
img02445.jpg,woman pointing,Non-Harmful,NULL,The image uses a meme format to express disagreement without targeting women for abuse or degradation.
img02446.jpg,woman's appearance,Non-Harmful,NULL,The meme uses a character to discuss societal pressures without targeting women directly.
img02447.jpg,woman,Non-Harmful,NULL,The image humorously depicts various scenarios related to marriage without targeting women for abuse or harassment.
img02448.jpg,male fighter,Non-Harmful,NULL,The image features a male fighter discussing his experiences without targeting women.
img02449.jpg,woman,Non-Harmful,NULL,The meme uses a comparison to make a political statement without targeting women for abuse or degradation.
img02450.jpg,nurse pointing at eye chart,Non-Harmful,NULL,"The image depicts a nurse in a professional setting, which is a neutral depiction without any harmful connotations."
img02451.png,woman,Non-Harmful,NULL,"The image depicts a humorous scenario involving a trans person, but it does not target women for abuse or harassment."
img02452.jpg,woman wearing a hat,Non-Harmful,NULL,The image depicts a humorous scenario without targeting women for abuse or degradation.
img02453.jpg,woman,Non-Harmful,NULL,The image uses a Valentine's Day theme but does not target women for abuse or harassment.
img02454.png,women,Non-Harmful,NULL,The meme uses a comparison to highlight societal reactions to domestic abuse involving men versus women.
img02455.png,woman's appearance,Non-Harmful,NULL,The image depicts a humorous scenario but does not target women for abuse or harassment.
img02456.jpg,girls,Non-Harmful,NULL,The meme does not target women for abuse or harassment.
img02457.jpg,female role,Non-Harmful,NULL,The image uses a humorous play on words without targeting women for abuse or harassment.
img02458.jpg,man,Non-Harmful,NULL,"The meme uses a biblical reference to suggest a trade-off for a perfect soulmate, which is a humorous but not harmful comparison."
img02459.png,students,Non-Harmful,NULL,"The image depicts a humorous scenario involving students and AI, but it does not target women for abuse or harassment."
img02461.jpg,black student,Non-Harmful,NULL,The tweet is a racial stereotype and does not target women.
img02462.png,grandfather,Non-Harmful,NULL,The image depicts a humorous interaction between family members without targeting women for abuse or harassment.
img02463.png,woman,Implicit-Harm,Sexual-Harassment,"The meme implies that the woman should have sex after dating for months, which is a form of sexual harassment."
img02464.jpg,woman,Non-Harmful,NULL,The image does not target women for abuse or harassment.
img02465.png,gnome,Non-Harmful,NULL,"The image depicts a humorous scenario involving gnomes, but there is no targeting of women for abuse or harassment."
img02467.jpg,woman,Non-Harmful,NULL,The image presents statistics about phone call durations without targeting women for abuse or harassment.
img02468.png,woman washing dishes,Implicit-Harm,Sexual-Harassment,"The meme uses a stereotypical image of a woman doing domestic work to imply she is concerned about World War III, which could be seen as objectifying her."
img02471.jpg,woman's appearance,Explicit-Harm,Appearance-Attack,"The image depicts two women with exaggerated body shapes, one holding a rosary and the other a book, suggesting a comparison between religious devotion and physical appearance."
img02472.png,woman,Non-Harmful,NULL,The meme does not target women for abuse or harassment.
img02473.jpg,bride,Implicit-Harm,Sexual-Harassment,"The meme uses a bride to humorously suggest she can 'destroy your life,' which implies a sexualized threat."
img02474.png,scientist,Non-Harmful,NULL,The meme uses a humorous analogy comparing scientists to NASCAR drivers without targeting women for abuse or harassment.
img02475.png,woman,Explicit-Harm,Sexual-Harassment,"The meme depicts a sexual act involving a woman, which is explicitly portrayed as a humorous or shocking scenario."
img02476.jpg,woman,Explicit-Harm,Sexual-Harassment,"The meme uses a sexual double entendre to degrade women, comparing them to coffee and whiskey."
img02479.jpg,woman,Non-Harmful,NULL,"The image depicts a humorous scenario involving a woman, but there is no explicit or implicit harm towards her."
img02480.jpg,woman's appearance,Explicit-Harm,Appearance-Attack,The image uses before-and-after makeup to mock the woman's appearance.
img02481.jpg,woman,Non-Harmful,NULL,The image depicts a casual interaction without any harmful content towards the woman.
img02482.png,woman customer,Implicit-Harm,Sexual-Harassment,The meme uses a suggestive question about condoms to imply inappropriate behavior towards the customer.
img02483.jpg,woman's dress,Non-Harmful,NULL,The meme uses a visual joke about identical dresses without targeting women for abuse or harassment.
img02484.png,woman in a black dress,Implicit-Harm,Sexual-Harassment,"The meme suggests that a woman as James Bond would lead to 'big accidents' and 'massive explosions,' implying she would be reckless and dangerous."
img02485.jpg,man,Non-Harmful,NULL,The meme humorously reflects on past self-perceptions without targeting women.
img02486.jpg,woman,Non-Harmful,NULL,The meme uses a humorous scenario without targeting women for abuse or degradation.
img02488.jpg,woman holding hands with man and child,Non-Harmful,NULL,"The image depicts a family walking together, which is a positive and supportive scene without any harmful connotations towards women."
img02489.jpg,trans athletes,Non-Harmful,NULL,The meme discusses banning trans women from sports events without targeting them for abuse or degradation.
img02490.jpg,woman,Non-Harmful,NULL,"The image shows a humorous exchange about being sick, which does not target women for abuse or harassment."
img02491.jpg,man wearing dress,Non-Harmful,NULL,"The image depicts a man in a dress, which is a humorous and non-harmful portrayal."
img02492.jpg,woman,Implicit-Harm,Sexual-Harassment,"The meme suggests that women should be attentive to men's happiness, which implies a gendered expectation of emotional responsibility."
img02493.jpg,woman being cut in half,Explicit-Harm,Violence,"The image depicts a violent act of cutting a woman in half, which is explicitly harmful."
img02494.png,Ogerpon character,Non-Harmful,NULL,The image features a fictional character named Ogerpon without any explicit or implicit harm towards women.
img02495.jpg,woman,Explicit-Harm,Sexual-Harassment,"The meme depicts a man making inappropriate sexual advances towards a woman, which is a form of sexual harassment."
img02496.jpg,pregnant woman,Non-Harmful,NULL,The image depicts a pregnant woman in a casual setting without any harmful connotations.
img02497.jpg,woman's appearance,Non-Harmful,NULL,"The image uses a close-up of a woman's chest to humorously contrast the two scenarios, but it does not target women for abuse or harassment."
img02498.jpg,woman,Implicit-Harm,Sexual-Harassment,"The meme implies that impressing a girl requires more effort than impressing a boy, which can be seen as devaluing the importance of treating girls equally."
img02499.jpg,woman,Implicit-Harm,Sexual-Harassment,"The joke implies that widows are always aware of their husband's whereabouts, which is a degrading stereotype."
img02501.png,cis woman,Non-Harmful,NULL,The meme does not target cis women for abuse or harassment.
img02502.jpg,prostitute,Explicit-Harm,Sexual-Harassment,"The meme suggests prostitution as a cheaper alternative to marriage, which perpetuates harmful stereotypes about women's worth."
img02504.jpg,woman,Non-Harmful,NULL,The image uses a humorous comparison to depict a situation without targeting women for abuse or degradation.
img02505.jpg,female character,Non-Harmful,NULL,"The meme humorously suggests that an all-female reboot of Fight Club would fail because women would talk about it too much, which is a gender-specific observation."
img02506.jpg,woman,Non-Harmful,NULL,"The meme uses a humorous scenario involving Gandhi, but it does not target women for abuse or harassment."
img02507.png,Diego,Explicit-Harm,Sexual-Harassment,The meme uses a sexualized reference to a woman ('hoe') in a way that objectifies her.
img02509.jpg,woman's appearance,Non-Harmful,NULL,The image is a humorous take on a common coffee shop scenario without targeting women for abuse or degradation.
img02510.jpg,woman in bikini,Implicit-Harm,Sexual-Harassment,"The meme uses a suggestive comparison to imply the woman is a burden on the man, which is a form of sexual harassment."
img02511.jpg,woman,Explicit-Harm,Sexual-Harassment,"The meme uses derogatory language ('bitchen') to degrade women, promoting harmful attitudes towards them."
img02512.jpg,woman's appearance,Implicit-Harm,Misogyny,The meme uses Daenerys Targaryen's appearance to imply that women are more attractive when they are a girlfriend rather than a wife.
img02514.png,female role,Non-Harmful,NULL,The meme uses a scientific reference to 'Iron Man' without targeting women for abuse or harassment.
img02517.png,woman,Implicit-Harm,Sexual-Harassment,"The meme depicts a man pointing at a woman with a suggestive gesture, implying sexual interest or harassment."
img02518.jpg,woman's appearance,Implicit-Harm,Misogyny,"The meme uses a before-and-after comparison to imply that women's appearances are inherently different and possibly better, which can be seen as degrading."
img02520.png,woman,Non-Harmful,NULL,"The image depicts a humorous scenario involving a man and children, but there is no explicit or implicit harm towards women."
img02521.jpg,woman,Non-Harmful,NULL,"The meme uses a humorous comparison between a woman's appearance and aging, which is not harmful but can be seen as gendered humor."
img02522.jpg,International Women's Day banner,Non-Harmful,NULL,The image uses a humorous critique of the banner's presentation without targeting women for abuse or harassment.
img02523.jpg,woman's appearance,Non-Harmful,NULL,"The image depicts a couple in a close embrace, but there is no explicit or implicit harm towards the woman."
img02524.jpg,woman,Non-Harmful,NULL,The meme uses a humorous scenario without targeting women for abuse or degradation.
img02526.jpg,woman,Non-Harmful,NULL,The image does not depict any women-related harm or stereotypes.
img02527.png,female clothing,Non-Harmful,NULL,The image does not depict any harmful treatment towards women.
img02528.png,woman,Non-Harmful,NULL,"The meme uses a humorous self-deprecating tone about dating, which is not directed at women."
img02529.jpg,female characters,Implicit-Harm,Sexual-Harassment,"The meme implies that male characters in video games are designed to look attractive, which can be seen as objectifying female characters."
img02530.jpg,fallopian tubes,Non-Harmful,NULL,The image uses scientific terminology but does not target women for abuse or harassment.
img02531.jpg,liberal feminist women,Explicit-Harm,Sexual-Harassment,The meme suggests a dating show scenario that could be seen as an attempt to exploit liberal feminist women for entertainment.
img02532.jpg,woman's appearance,Non-Harmful,NULL,"The image uses a photo of a woman in lingerie as part of a meme, which is not inherently harmful but could be considered inappropriate."
img02533.png,school teacher,Non-Harmful,NULL,The meme uses a historical context to make a statement about American achievements without targeting women for abuse or harassment.
img02534.jpg,woman,Implicit-Harm,Sexual-Harassment,"The meme uses a sexualized reference to the effect a man has on women, which can be seen as objectifying women."
img02535.png,woman's appearance,Non-Harmful,NULL,"The meme uses a humorous comparison about changing body parts, but it does not target women for abuse or harassment."
img02536.jpg,woman's appearance,Implicit-Harm,Misogyny,"The meme implies that women marry men based on their physical appearance, which perpetuates a harmful stereotype."
img02537.png,woman's appearance,Non-Harmful,NULL,"The image uses a meme format to depict a humorous scenario involving a woman's appearance, but it does not target women for abuse or harassment."
img02538.jpg,woman in classical painting,Non-Harmful,NULL,"The image uses a classical painting to contrast with a modern photograph, likely for humorous effect."
img02539.jpg,woman in car,Explicit-Harm,Sexual-Harassment,"The meme uses offensive language to describe a woman as a 'single mom with aids', which is a form of sexual harassment."
img02541.jpg,Deadpool character,Non-Harmful,NULL,"The image shows a comparison between a real person wearing a hoodie and the Deadpool character, which is a creative and humorous juxtaposition."
img02542.png,woman,Non-Harmful,NULL,"The image shows a mugshot with a tweet listing criminal charges, but there is no explicit or implicit harm towards the woman depicted."
img02543.jpg,woman's appearance,Non-Harmful,NULL,The image focuses on a woman's facial expression without targeting her for abuse or harassment.
img02544.jpg,woman,Implicit-Harm,Sexual-Harassment,The meme uses a phallic symbol (the spider) to make a suggestive joke about women's reactions to spiders.
img02545.jpg,woman,Implicit-Harm,Sexual-Harassment,"The meme uses a sexualized portrayal of a woman to make a joke about her healing power, which is likely intended to be humorous but could be seen as objectifying."
img02548.jpg,woman,Non-Harmful,NULL,The comic uses a humorous scenario to explain insurance without targeting women for abuse or harassment.
img02549.jpg,woman's appearance,Explicit-Harm,Appearance-Attack,"The meme criticizes women based on their physical appearance, which is harmful."
img02550.jpg,man in suit,Non-Harmful,NULL,The meme uses a humorous comparison without targeting women for abuse or degradation.
img02551.jpg,clown,Non-Harmful,NULL,The image uses clown imagery to depict a series of actions without targeting women for abuse or harassment.
img02552.jpg,woman's appearance,Explicit-Harm,Sexual-Harassment,The meme uses a provocative image of a woman to promote a harmful stereotype about women being dangerous.
img02553.jpg,Scranton School District,Non-Harmful,NULL,The post discusses statistics about new students without targeting women for abuse or harassment.
img02555.png,man in suit,Non-Harmful,NULL,The image is a meme referencing a popular movie scene but does not target women for abuse or harassment.
img02556.png,woman wearing a niqab,Non-Harmful,NULL,"The meme uses a visual of a woman wearing a niqab to represent 'Mamdani's Aunt,' which is not harmful."
img02557.jpg,woman holding sign,Explicit-Harm,Sexual-Harassment,"The meme uses a provocative and disrespectful tone towards women, suggesting they are responsible for abortion statistics."
img02560.png,woman's appearance,Implicit-Harm,Appearance-Attack,The meme uses a woman's body as a means to make a humorous but degrading statement about her breasts.
img02561.jpg,woman,Explicit-Harm,Appearance-Attack,"The meme suggests that 'good looking women' require disfiguring plastic surgery, attacking their natural beauty."
img02562.png,woman,Non-Harmful,NULL,The meme uses a relatable scenario to discuss a common dating situation without targeting women for abuse or degradation.
img02564.jpg,female role,Non-Harmful,NULL,"The image uses a topological analogy to describe a morning routine, which is a neutral depiction."
img02566.jpg,chicken lady,Non-Harmful,NULL,"The meme uses a character to make a statement about cis straight men, which is not directly targeting women."
img02567.jpg,woman,Non-Harmful,NULL,The image depicts an art gallery scene without any specific targeting or harm towards women.
img02568.jpg,woman,Implicit-Harm,Sexual-Harassment,"The meme implies that winning an argument with a woman is a significant achievement, which can be seen as degrading to women."
img02569.jpg,woman's appearance,Implicit-Harm,Sexual-Harassment,The meme uses a woman's appearance to make a generalization about her understanding of complex topics.
img02570.png,woman,Non-Harmful,NULL,The meme does not target women for abuse or harassment.
img02571.jpg,woman,Non-Harmful,NULL,"The meme uses a common internet joke about men losing women, which is a gendered trope but not explicitly harmful."
img02572.jpg,woman,Non-Harmful,NULL,The meme uses a humorous but non-harmful scenario involving a man explaining to his wife about antibiotics.
img02573.jpg,woman wearing sunglasses,Non-Harmful,NULL,"The image uses a meme format to compare eating habits with mathematical constants, which is a neutral comparison."
img02574.jpg,bald man,Non-Harmful,NULL,The image is used as a meme to comment on body positivity but does not target women for abuse or harassment.
img02576.jpg,woman,Non-Harmful,NULL,The image does not depict any explicit or implicit harm towards women.
img02577.jpg,woman,Implicit-Harm,Sexual-Harassment,"The meme uses a woman's appearance to make a derogatory comment about men, which is a form of sexual harassment."
img02578.jpg,woman in mugshot,Non-Harmful,NULL,"The meme uses a mugshot to make a statement about innocence, which is a neutral observation."
img02579.png,Leonardo DiCaprio,Non-Harmful,NULL,The meme celebrates Leonardo DiCaprio's iconic status without targeting him for abuse or degradation.
img02580.jpg,woman's appearance,Non-Harmful,NULL,"The image compares two women at different ages, highlighting natural aging processes without targeting women for abuse or degradation."
img02581.jpg,woman,Non-Harmful,NULL,"The meme uses a humorous exchange about 'hate speech' to critique a character's reaction, which is not directed at women."
img02582.jpg,feet,Non-Harmful,NULL,The image discusses a fetish involving feet but does not depict any harmful actions towards women.
img02584.jpg,woman's appearance,Non-Harmful,NULL,The image shows a humorous take on a relationship argument without targeting women for abuse or degradation.
img02590.png,woman,Non-Harmful,NULL,"The image depicts a conversation about deleting someone without context, which is a neutral interaction."
img02591.jpg,woman,Explicit-Harm,Violence,"The image depicts a woman with a bruised face, suggesting domestic violence, which is explicitly referenced in the meme text."
img02592.jpg,woman arriving from work,Non-Harmful,NULL,"The meme compares the woman's appearance after work to a man's, but it does not target her for abuse or harassment."
img02594.png,woman arriving from work,Non-Harmful,NULL,"The meme compares the appearance of a woman after work to a zombie, which is a negative stereotype."
img02595.jpg,woman's appearance,Explicit-Harm,Appearance-Attack,The meme uses a photo of Kat Dennings to make a derogatory statement about women's bodies.
img02596.png,woman holding 'All People Are Beautiful' sign,Non-Harmful,NULL,"The meme uses a positive statement about beauty to highlight a contrast between two individuals, but it does not target women for abuse or harassment."
img02597.png,woman,Implicit-Harm,Misogyny,"The meme suggests that women lack knowledge on how to treat men properly, implying they are inherently flawed."
img02598.jpg,male characters,Non-Harmful,NULL,"The image features multiple male characters in various poses and outfits, but there is no indication of harm towards them."
img02599.png,woman,Explicit-Harm,Sexual-Harassment,"The meme uses a derogatory term 'misogyny' and 'SA' (likely referring to 'slutty as hell') to describe a woman, which is harmful."
img02600.png,woman's appearance,Non-Harmful,NULL,"The image humorously lists various expenses related to appearance, but it does not target women for abuse or harassment."
img02601.png,Catapult,Non-Harmful,NULL,"The image depicts a catapult, which is a historical weapon, without any targeting or harm to women."
img02602.png,woman's appearance,Non-Harmful,NULL,"The image uses a humorous but non-harmful depiction of pregnancy, focusing on the physical change rather than any negative portrayal."
img02603.jpg,woman,Non-Harmful,NULL,The image depicts a humorous interaction between characters without targeting women for abuse or harassment.
img02604.jpg,woman's height,Non-Harmful,NULL,The meme uses a factual statement about average height to make a humorous observation without targeting women for abuse.
img02605.png,AI assistant,Non-Harmful,NULL,"The AI assistant is discussing respectful language and avoiding stereotypes, which does not target women for abuse or harassment."
img02606.jpg,woman,Non-Harmful,NULL,The image discusses a man's situation without targeting women for abuse or degradation.
img02607.jpg,man standing next to car,Non-Harmful,NULL,"The image features two men, one standing next to a car, without any indication of harm towards either individual."
img02608.jpg,woman,Explicit-Harm,Misogyny,"The meme uses derogatory language to refer to 'misogynists' and 'incels', which is an explicit form of harm towards women."
img02609.jpg,woman wearing a headscarf,Non-Harmful,NULL,"The image uses a woman to represent 'viruses,' which is a metaphorical comparison and not intended as an attack on women."
img02610.jpg,woman,Non-Harmful,NULL,The image celebrates a personal achievement without targeting the woman for any form of harm.
img02611.jpg,man playing UNO,Non-Harmful,NULL,"The image depicts a man playing UNO, which is a game involving cards and no direct interaction with women."
img02612.png,feet,Non-Harmful,NULL,The image depicts feet without any specific targeting of women.
img02613.jpg,woman,Non-Harmful,NULL,"The meme suggests a humorous but non-harmful idea about creating a 'Registered False Accuser' status, which is not directed at any specific individual."
img02614.jpg,wife,Implicit-Harm,Sexual-Harassment,"The meme uses stereotypes to depict different emotions associated with a wife, which can be seen as objectifying her."
img02616.jpg,man making hand gestures,Non-Harmful,NULL,"The image shows a man making hand gestures, which is a neutral action and does not target women for abuse or harassment."
img02619.jpg,man's body,Non-Harmful,NULL,The image depicts a humorous anatomical chart without targeting women for abuse or harassment.
img02620.png,Jasmine Curtis,Non-Harmful,NULL,"The image is a news headline comparing Jasmine Curtis to Ferdinand Topacio, which is a neutral comparison."
img02623.jpg,woman wearing hijab,Non-Harmful,NULL,The image showcases a woman in professional attire without any harmful connotations.
img02624.png,woman,Explicit-Harm,Sexual-Harassment,"The headline mentions 'sexually harassing woman', indicating explicit harm."
img02625.jpg,woman's appearance,Non-Harmful,NULL,"The image depicts a woman with exaggerated features, but there is no explicit or implicit harm towards her."
img02626.jpg,woman,Non-Harmful,NULL,The image discusses statistics about domestic violence without targeting women for abuse or degradation.
img02627.jpg,woman being restrained,Explicit-Harm,Sexual-Harassment,"The image depicts a woman being restrained by multiple hands, which implies a scene of sexual harassment."
img02628.jpg,SpongeBob SquarePants,Non-Harmful,NULL,The image uses SpongeBob to humorously depict a situation without targeting women for abuse or degradation.
img02629.jpg,woman,Non-Harmful,NULL,The meme uses a humorous context to discuss date rape prevention without targeting women for abuse or degradation.
img02630.png,man,Non-Harmful,NULL,The meme uses a man to represent a general experience without targeting him for abuse or harassment.
img02631.jpg,woman,Non-Harmful,NULL,The meme uses a humorous exchange about a girlfriend's birthday gift without targeting women for abuse or harassment.
img02632.jpg,pregnant woman,Explicit-Harm,Sexual-Harassment,"The meme depicts a sexually explicit scenario involving a pregnant woman, which is inappropriate and disrespectful."
img02633.jpg,woman's appearance,Non-Harmful,NULL,The image uses a baby to humorously depict a situation but does not target women for abuse or harassment.
img02634.jpg,woman,Non-Harmful,NULL,"The meme uses a derogatory comparison to criticize breastfeeding, which is not harmful."
img02635.jpg,woman,Explicit-Harm,Sexual-Harassment,"The meme depicts a man suggesting rape as a way to end an argument with a woman, promoting harmful sexual behavior."
img02636.jpg,man holding mug,Non-Harmful,NULL,"The image shows a man holding a mug labeled 'FEMINIST TEARS', which is a statement about feminism but does not target women for abuse or harassment."
img02637.jpg,woman,Non-Harmful,NULL,The image does not target women for abuse or harassment.
img02638.png,woman trying to get an education,Explicit-Harm,Sexual-Harassment,The meme uses derogatory language ('TRASH') and a dismissive tone towards a woman pursuing education.
img02640.jpg,woman,Non-Harmful,NULL,The image promotes respect between partners without targeting women for abuse or harassment.
img02642.jpg,Bill Clinton,Non-Harmful,NULL,The image uses a meme format to reference a historical event but does not target women for abuse or harassment.
img02643.jpg,fruit,Non-Harmful,NULL,"The image uses fruit to depict a sexual act, which is not harmful but rather a form of explicit content."
img02644.jpg,woman,Non-Harmful,NULL,The meme uses a woman as part of a humorous comparison without targeting her for abuse or degradation.
img02645.jpg,woman's appearance,Non-Harmful,NULL,"The image uses fruit to humorously depict a sexual act, which is not harmful but rather a form of gendered humor."
img02646.jpg,woman,Non-Harmful,NULL,The conversation is about a dating app feature and does not target women for abuse or harassment.
img02647.jpg,Iron Man,Non-Harmful,NULL,"The meme uses a playful pun to question the gender of Iron Man, which is not harmful."
img02649.jpg,pig emoji,Non-Harmful,NULL,"The image shows a search bar with the word 'pig' typed in, but there is no content or context suggesting harm towards women."
img02651.jpg,woman,Explicit-Harm,Sexual-Harassment,The meme contains explicit sexual content and derogatory language directed at a woman.
img02652.jpg,woman passing by,Implicit-Harm,Sexual-Harassment,"The meme depicts men thinking about a woman's appearance and body, which is a form of objectification."
img02653.png,woman,Non-Harmful,NULL,"The meme uses a cartoon character to depict a scenario involving a woman, but it does not target her for abuse or harassment."
img02654.jpg,woman passenger,Non-Harmful,NULL,"The meme uses a humorous exchange about a song, which is not harmful to women."
img02655.jpg,woman's appearance,Non-Harmful,NULL,The image uses a meme format to highlight a humorous exchange but does not target women for abuse or harassment.
img02657.jpg,woman's appearance,Explicit-Harm,Sexual-Harassment,The meme uses explicit sexualized language and imagery to objectify the woman.
img02659.jpg,man,Non-Harmful,NULL,The comment 'this is a man's phone' is a neutral observation and does not target women for abuse or harassment.
img02660.png,wife,Non-Harmful,NULL,"The image depicts a humorous scenario involving temperature, but there is no explicit or implicit harm towards women."
img02662.png,Taylor Swift,Non-Harmful,NULL,"The meme uses Taylor Swift as a character in a humorous exchange about love, which is not harmful."
img02663.png,women,Non-Harmful,NULL,"The image lists reasons why men prefer guns over women, which is a generalization and does not target women for abuse or harassment."
img02664.jpg,woman,Explicit-Harm,Sexual-Harassment,"The remote control features buttons labeled 'sex', 'beer', 'food', etc., suggesting control over a woman's desires and actions."
img02666.png,feminist,Non-Harmful,NULL,"The image uses the term 'feminist' as part of a question about a perceived invasion of personal space, which is a neutral context."
img02667.jpg,Minion character,Non-Harmful,NULL,"The image features a Minion character expressing happiness about the upcoming Friday, which is a positive sentiment and does not target women for abuse or harassment."
img02668.png,woman,Non-Harmful,NULL,"The image is a meme comparing two pictures, neither of which contain any harmful content towards women."
img02669.jpg,woman,Implicit-Harm,Sexual-Harassment,"The meme uses a before-and-after format to imply a change in a woman's attractiveness after eating, which is a form of objectification."
img02670.png,nerdy girl,Non-Harmful,NULL,The image uses stereotypes to describe a 'nerdy girl' without targeting her for abuse or harassment.
img02672.jpg,woman drinking water,Non-Harmful,NULL,The image humorously depicts a common experience without targeting women for abuse or harassment.
img02673.jpg,man's clothing,Explicit-Harm,Sexual-Harassment,The meme uses clothing items to make a derogatory statement about Asian women.
img02674.jpg,yacht,Non-Harmful,NULL,"The image uses a humorous comparison between a yacht and an iron, which is not harmful to women."
img02675.jpg,woman's appearance,Non-Harmful,NULL,"The image shows a woman with exaggeratedly large breasts, which is often used in memes to make a humorous point about her appearance."
img02676.png,woman,Implicit-Harm,Sexual-Harassment,The meme uses a sexist stereotype to imply that women are inherently careless drivers.
img02677.jpg,fat booty date,Explicit-Harm,Sexual-Harassment,"The meme uses offensive language to describe a date, which is a form of sexual harassment."
img02679.jpg,woman's appearance,Implicit-Harm,Appearance-Attack,The meme degrades women by prioritizing their physical appearance over other qualities.
img02680.jpg,Thomas Edison,Non-Harmful,NULL,The image uses Thomas Edison as a meme character without targeting women for abuse or harassment.
img02681.jpg,woman,Non-Harmful,NULL,The meme uses a humorous context to discuss the #MeToo movement without targeting women for abuse.
img02682.jpg,woman,Non-Harmful,NULL,The meme does not target women for abuse or harassment.
img02683.jpg,man holding phone,Non-Harmful,NULL,The image does not target women for abuse or harassment.
img02684.png,man wearing red jacket,Non-Harmful,NULL,"The image features a man in a red jacket and a shoe, but there is no content targeting women for abuse or harassment."
img02685.png,girl,Non-Harmful,NULL,"The image is a humorous meme about a boss offering a raise to a girl, which is a common trope but does not target women for abuse or harassment."
img02686.png,woman's appearance,Explicit-Harm,Appearance-Attack,"The image uses a woman's body to promote 'free real estate,' which objectifies her."
img02687.jpg,woman sitting,Non-Harmful,NULL,The meme uses a woman as a visual element but does not target her for abuse or harassment.
img02688.jpg,man driving,Non-Harmful,NULL,The meme uses a humorous scenario involving a man driving drunk without targeting women for abuse or harassment.
img02689.jpg,woman in business attire,Explicit-Harm,Sexual-Harassment,"The meme includes a sexual innuendo directed at the woman, which is an explicit form of sexual harassment."
img02690.jpg,woman,Non-Harmful,NULL,The meme uses a humorous reference to a fictional character without targeting women for abuse or degradation.
img02691.png,woman,Explicit-Harm,Violence,The meme suggests domestic violence as a plausible outcome of a hypothetical situation.
img02692.jpg,woman's appearance,Non-Harmful,NULL,The meme uses a stock photo of a smiling woman to illustrate a positive message about women's rights.
img02693.jpg,'Women' in Japanese,Non-Harmful,NULL,"The meme uses a linguistic play on words to make a humorous observation about Japanese language, which does not target women for abuse or harassment."
img02694.jpg,woman's appearance,Non-Harmful,NULL,The image does not depict any explicit or implicit harm towards women.
img02696.png,Australian thot,Implicit-Harm,Sexual-Harassment,"The meme uses a derogatory term 'thot' to refer to an Australian woman, which is a form of sexual harassment."
img02697.jpg,14 year old white girls,Non-Harmful,NULL,The text refers to a specific group of individuals without any harmful connotations.
img02699.jpg,woman,Non-Harmful,NULL,The image contains a humorous exchange between two individuals without targeting women for abuse or degradation.
img02700.png,woman's appearance,Non-Harmful,NULL,The image uses a cartoon character to depict a humorous scenario without targeting women for abuse or harassment.
img02701.png,man in suit,Non-Harmful,NULL,The image is a meme celebrating a man's heroic act without targeting women for abuse or degradation.
img02702.jpg,black hole,Non-Harmful,NULL,The image uses a black hole as a metaphor without targeting women for abuse or harassment.
img02704.jpg,woman's appearance,Non-Harmful,NULL,The image uses a meme format to discuss personal preferences without targeting women for abuse or degradation.
img02706.jpg,pregnant woman,Non-Harmful,NULL,"The image depicts a pregnant woman exhaling smoke, which is a neutral action unrelated to harm."
img02707.jpg,female role,Non-Harmful,NULL,"The image is a humorous meme about receiving praise from a mother, which does not target women for abuse or harassment."
img02708.jpg,woman,Non-Harmful,NULL,The meme uses a humorous context to discuss marriage without targeting women for abuse or degradation.
img02709.jpg,woman's appearance,Implicit-Harm,Sexual-Harassment,"The image uses a suggestive pose to imply sexual interest, which can be seen as objectifying the woman."
img02710.jpg,woman's appearance,Non-Harmful,NULL,The image uses a meme format to critique language usage but does not target women for abuse or harassment.
img02711.jpg,woman,Non-Harmful,NULL,The meme uses a neutral reference to Alzheimer's disease without targeting women for abuse or harassment.
img02712.jpg,woman in cosplay,Non-Harmful,NULL,"The image depicts a woman in cosplay, which is a creative and playful activity, not involving any harmful content towards women."
img02713.png,man holding device,Non-Harmful,NULL,The image depicts a humorous situation involving a device but does not target women for abuse or harassment.
img02714.jpg,Cardi B as Disney princesses,Non-Harmful,NULL,"The image is a creative mashup of Cardi B and Disney princesses, which is a playful and non-harmful artistic expression."
img02715.jpg,woman's appearance,Non-Harmful,NULL,The image does not target women for abuse or harassment.
img02716.png,woman's appearance,Non-Harmful,NULL,The meme uses a neutral observation about clothing to make a point about character relationships without targeting women for abuse or harassment.
img02717.jpg,woman in white dress,Non-Harmful,NULL,The image depicts a woman in a whimsical space setting without any harmful connotations.
img02718.jpg,woman's appearance,Non-Harmful,NULL,The image appears to be a meme referencing 'Just do it' but does not explicitly target women for abuse or harassment.
img02719.png,woman driving,Non-Harmful,NULL,The meme humorously portrays a common scenario without targeting women for abuse or degradation.
img02720.jpg,Belle Delphine,Non-Harmful,NULL,"The meme uses Belle Delphine as a reference to a controversial figure, but does not target her for abuse or harassment."
img02721.jpg,cute girls,Implicit-Harm,Sexual-Harassment,"The meme suggests a preference for 'cute' over 'hot' girls, which can be seen as objectifying and devaluing physical attractiveness."
img02722.jpg,woman,Non-Harmful,NULL,"The meme uses a humorous exchange about a goal scored by Chelsea, but it does not target women for abuse or harassment."
img02723.jpg,male character,Non-Harmful,NULL,The meme discusses the gender pay gap without targeting women for abuse or harassment.
img02725.jpg,woman,Explicit-Harm,Violence,"The meme depicts a man physically assaulting a pregnant woman, which is an explicit form of violence."
img02726.jpg,woman,Explicit-Harm,Sexual-Harassment,"The image depicts a man pulling a woman by her hair, which is a form of sexual harassment."
img02728.jpg,bear face,Non-Harmful,NULL,"The image depicts a bear face with water droplets, which is unrelated to women."
img02729.jpg,women,Non-Harmful,NULL,The signs do not directly harm or stereotype women.
img02730.jpg,woman in a straw hat,Non-Harmful,NULL,"The image uses a cartoon character to illustrate a humorous concept about consent, without targeting women for abuse or degradation."
img02731.jpg,woman on beach,Implicit-Harm,Sexual-Harassment,"The meme implies the woman's toplessness is due to her behavior at the beach, which is a form of sexual harassment."
img02732.jpg,woman's appearance,Non-Harmful,NULL,"The image uses a humorous comparison between the woman's buttocks and garlic bread, which is a non-sexist and non-harmful joke."
img02735.png,woman in wedding attire,Non-Harmful,NULL,"The image shows a couple in wedding attire, but there is no indication of harm towards the woman."
img02736.jpg,woman,Non-Harmful,NULL,The meme humorously depicts a situation without targeting women for abuse or degradation.
img02738.jpg,woman's appearance,Non-Harmful,NULL,The image does not directly target women for abuse or harassment but instead focuses on a humorous interaction between two men.
img02739.jpg,male character,Non-Harmful,NULL,The image features a male character without any explicit or implicit harm towards women.
img02740.png,women's footwear,Non-Harmful,NULL,The image compares women's and men's footwear assortments without any negative connotations.
img02741.jpg,woman wearing a mask,Non-Harmful,NULL,"The image uses a mask to represent Reddit, which is a platform, not a person."
img02742.jpg,woman,Non-Harmful,NULL,"The image depicts two different dream scenarios for 'girls' and 'boys', but it does not target women for abuse or harassment."
img02743.png,woman,Non-Harmful,NULL,The meme does not target women for abuse or harassment.
img02744.png,woman Rachel,Explicit-Harm,Sexual-Harassment,"The meme depicts a sexual assault scenario involving a woman, which is explicitly harmful."
img02745.jpg,woman yoga practitioner,Implicit-Harm,Sexual-Harassment,"The meme implies that the woman's toplessness at yoga is distracting, which is a form of sexual harassment."
img02748.jpg,toothpaste tube character,Non-Harmful,NULL,"The image depicts a humorous anthropomorphized toothpaste tube, which is not targeting women for abuse or harassment."
img02749.jpg,woman,Non-Harmful,NULL,"The meme uses a humorous but insensitive situation to make a point about communication, not targeting women for abuse."
img02750.jpg,kitchen,Implicit-Harm,Sexual-Harassment,"The meme uses a derogatory term 'kitchen' to refer to a space traditionally associated with women, perpetuating gender stereotypes."
img02751.jpg,fat girls,Explicit-Harm,Appearance-Attack,"The meme uses a derogatory term to describe a group of women, attacking their physical appearance."
img02752.jpg,man dressed as Joker,Non-Harmful,NULL,"The image depicts a man dressed as the Joker, which is a character known for its dark humor and often associated with negative emotions, but there is no direct harm to women."
img02753.jpg,woman,Non-Harmful,NULL,The meme uses a cartoon character to humorously depict a scenario without targeting women for abuse or harassment.
img02754.jpg,woman's appearance,Non-Harmful,NULL,"The image uses a humorous reference to a man's interest in porn, but it does not target women for abuse or harassment."
img02755.png,woman,Non-Harmful,NULL,"The image depicts two characters in bed, but there is no explicit or implicit harm towards the woman."
img02756.jpg,bird,Non-Harmful,NULL,The meme uses a bird to represent 'he' without any negative connotation towards women.
img02757.png,Walmart shoppers,Implicit-Harm,Sexual-Harassment,"The meme uses a derogatory term 'lazy' to describe Walmart shoppers, which can be seen as an implicit form of sexual harassment."
img02758.jpg,vegan artistic girl,Non-Harmful,NULL,The meme uses a neutral context to make a statement about veganism without targeting women.
img02759.jpg,woman's cooking,Non-Harmful,NULL,The meme is a humorous appreciation of a mother's cooking without any negative connotations.
img02760.png,woman,Non-Harmful,NULL,The image compares 'boys' and 'men' failing NNN without targeting women for abuse or degradation.
img02761.png,clown,Non-Harmful,NULL,The image lists 'clowns' as one of the scariest things on Earth without targeting women specifically.
img02762.jpg,woman,Explicit-Harm,Sexual-Harassment,The meme depicts a man making a sexual request to a woman in a way that is inappropriate and disrespectful.
img02763.png,girlfriend,Implicit-Harm,Sexual-Harassment,"The meme implies that the girlfriend wants more than just holding hands, which could be seen as an assumption about her desires."
img02764.png,woman,Non-Harmful,NULL,The meme uses a cartoon character to humorously depict a scenario but does not target women for abuse or harassment.
img02766.jpg,girl,Explicit-Harm,Sexual-Harassment,"The meme implies a violent and harmful outcome from asking a girl out, which is a form of sexual harassment."
img02767.png,young boy,Non-Harmful,NULL,The image uses a meme format to compare characters without targeting women for abuse or harassment.
img02768.png,woman,Non-Harmful,NULL,"The image uses a humorous stick figure representation to depict a problem and solution, without targeting women for abuse or harassment."
img02769.jpg,woman holding baby,Non-Harmful,NULL,The image depicts a woman holding a baby without any indication of harm.
img02770.jpg,woman,Implicit-Harm,Sexual-Harassment,The meme perpetuates a harmful stereotype about women's sexual availability.
img02771.jpg,male,Non-Harmful,NULL,The meme does not target women for abuse or harassment.
img02772.png,woman in armor,Non-Harmful,NULL,The image celebrates a strong female character without any negative connotations.
img02773.jpg,woman playing ukulele,Implicit-Harm,Sexual-Harassment,The meme uses a suggestive pose and attire to imply that girls are more sexually alluring when playing the ukulele.
img02774.jpg,woman,Explicit-Harm,Sexual-Harassment,"The meme uses derogatory language to refer to women as 'hoes' and provides a step-by-step guide on how to 'fuck hoes', which is explicitly sexual harassment."
img02775.jpg,woman wearing sunglasses,Non-Harmful,NULL,"The image is a humorous meme depicting a teacher asking students to finger paint again, but the 'Mrs. Paint' part shows a woman in sunglasses, which is unrelated to the context."
img02776.png,woman,Non-Harmful,NULL,The image uses gendered language to describe individuals but does not target women for abuse or harassment.
img02777.jpg,woman soldier,Non-Harmful,NULL,"The image depicts a woman in military attire, which is not harmful as it portrays her as a soldier."
img02778.jpg,woman,Non-Harmful,NULL,The image does not depict any harmful content towards women.
img02780.png,female characters,Non-Harmful,NULL,"The image features animated characters from 'Tom and Jerry' and 'Me and the Boys', which are not targeted for abuse or harassment."
img02782.jpg,woman,Non-Harmful,NULL,The image does not target women for abuse or harassment.
img02783.png,woman,Non-Harmful,NULL,"The image presents survey results about self-defense, which do not directly harm or degrade women."
img02784.png,man wearing sunglasses,Non-Harmful,NULL,The image is a meme promoting a poll without targeting or harming anyone.
img02785.jpg,woman,Non-Harmful,NULL,"The meme humorously depicts a man's positive reaction to the smell of pancakes made by his partner, without targeting women for abuse or degradation."
img02786.png,woman's appearance,Non-Harmful,NULL,The image does not depict any explicit or implicit harm towards women.
img02787.jpg,Yoda,Non-Harmful,NULL,"The meme uses Yoda to convey a positive message about the son, which is not harmful."
img02788.jpg,woman driving,Implicit-Harm,Sexual-Harassment,"The meme uses a stereotype to imply that women driving is dangerous, similar to the perceived danger of UFOs."
img02789.jpg,woman,Non-Harmful,NULL,"The image depicts a person being overwhelmed by a large pile of green objects, but there is no explicit or implicit harm towards women."
img02790.jpg,woman,Implicit-Harm,Misogyny,"The image implies that a woman's intelligence is linked to her fertility, which is a form of degrading her worth."
img02791.jpg,woman,Non-Harmful,NULL,The meme uses a humorous exchange about favorite artists to highlight a common trope without targeting women for abuse.
img02793.jpg,man wearing makeup,Non-Harmful,NULL,"The image depicts a man wearing makeup, which is a personal choice and does not target women for abuse or harassment."
img02794.jpg,female relationship,Non-Harmful,NULL,"The image depicts a cute interaction between two birds, symbolizing affection, but there is no targeting of women for abuse or degradation."
img02795.jpg,woman,Implicit-Harm,Sexual-Harassment,"The meme uses the term 'superthot' to degrade the woman's actions, which is a form of sexual harassment."
img02796.png,woman,Non-Harmful,NULL,The image uses a meme format to reference a sexual act without targeting women for abuse or degradation.
img02797.jpg,mother,Non-Harmful,NULL,"The meme uses a cat to humorously express sadness about a mother getting fired, but it does not target women for abuse or harassment."
img02798.png,woman,Non-Harmful,NULL,The meme does not target women for abuse or harassment.
img02799.jpg,man,Non-Harmful,NULL,"The image shows a man taking a selfie in an office space, which does not target women for abuse or harassment."
img02800.jpg,woman holding sandwich,Implicit-Harm,Sexual-Harassment,"The meme implies a sexist stereotype where a woman is asked about dinner after being stressed out, suggesting she should be the one to provide food."
img02801.jpg,man in business attire,Non-Harmful,NULL,"The image uses a man in a business suit to convey a humorous reaction, but there is no targeting or harm towards women."
img02802.jpg,woman's appearance,Non-Harmful,NULL,The image uses a meme format to highlight a common online reaction to typos without targeting women for abuse.
img02803.jpg,woman,Non-Harmful,NULL,"The meme uses a humorous scenario involving a girl inviting someone to play video games but having only condoms available, which is a common internet joke."
img02804.png,skull,Non-Harmful,NULL,"The image shows X-rays of a skull, which do not target women for abuse or harassment."
img02805.jpg,male character,Non-Harmful,NULL,"The image is a humorous reference to a character from an animated show, not targeting women."
img02806.jpg,man jumping,Non-Harmful,NULL,"The image depicts a man jumping, which is a physical action and does not target women for abuse or harassment."
img02807.jpg,Iron Man,Non-Harmful,NULL,"The meme uses a playful pun to question Iron Man's gender, which is not harmful."
img02808.jpg,6 year old me,Non-Harmful,NULL,The meme uses a child's reaction to a gift as a humorous scenario without targeting women.
img02809.jpg,woman,Non-Harmful,NULL,"The image uses a dog to represent 'Me at work,' which is a neutral comparison."
img02810.png,man eating chips,Non-Harmful,NULL,"The image depicts a man eating chips, which is a neutral activity and does not target women for abuse or harassment."
img02811.jpg,woman sitting on a ledge,Non-Harmful,NULL,"The image depicts a woman sitting on a ledge, which is a neutral scene without any harmful connotations towards women."
img02812.jpg,woman,Non-Harmful,NULL,"The image depicts a woman in a mugshot style, which is typically associated with criminality, but the context suggests it is part of a meme about reading villain plans, not a real situation."
img02813.jpg,Ku Klux Klan member,Non-Harmful,NULL,The image does not directly target women for abuse or harassment.
img02814.jpg,frog,Non-Harmful,NULL,"The image features frogs and playful text, which does not target women for abuse or harassment."
img02815.jpg,man in uniform holding tires,Non-Harmful,NULL,"The image shows a man in uniform holding tires, which is unrelated to any form of harm towards women."
img02816.jpg,woman audience,Non-Harmful,NULL,The meme does not directly target women for abuse or harassment.
img02817.jpg,woman golfer,Non-Harmful,NULL,The meme depicts a humorous scenario without targeting women for abuse or harassment.
img02818.jpg,woman,Non-Harmful,NULL,"The image depicts a man in a courtroom setting, but there is no direct targeting of women for abuse or harassment."
img02819.jpg,woman's breast,Non-Harmful,NULL,"The image uses a grain of rice to compare sizes, which is a neutral comparison."
img02820.jpg,woman,Non-Harmful,NULL,"The meme uses Rey from Star Wars to express frustration about Lego characters lacking blasters, which is a humorous critique of toy design choices."
img02821.jpg,man's dad,Non-Harmful,NULL,The meme uses a generic term 'Cancer' without targeting or degrading any specific group.
img02822.jpg,woman's appearance,Non-Harmful,NULL,"The image uses a woman's face to represent 'The Virus,' which is a humorous and non-harmful comparison."
img02823.jpg,woman's appearance,Non-Harmful,NULL,"The image uses a turtle as a metaphor for a woman's appearance, which is not intended to be harmful."
img02824.jpg,woman,Explicit-Harm,Sexual-Harassment,"The meme uses a derogatory term 'son of a bitch' to address the girl, which is an explicit form of sexual harassment."
img02826.jpg,woman's appearance,Non-Harmful,NULL,"The image shows a character wearing headphones, which is a neutral activity."
img02827.jpg,fish,Non-Harmful,NULL,"The image shows a fish underwater, which is a neutral depiction without targeting women."
img02828.jpg,man reacting,Non-Harmful,NULL,"The image depicts a man reacting to an explicit sexual scenario, but there is no direct harm towards women."
img02829.jpg,streamer,Non-Harmful,NULL,The meme uses a humorous reference to 'That's Kinda Simpson' without targeting the streamer for abuse or harassment.
img02830.jpg,man in suit,Non-Harmful,NULL,The image depicts a professional interaction without any explicit or implicit harm towards women.
img02832.jpg,woman,Non-Harmful,NULL,The image does not contain any content targeting women for abuse or harassment.
img02833.jpg,woman,Non-Harmful,NULL,The meme uses a humorous scenario involving a woman's financial situation and relationship dynamics without targeting her for abuse or harassment.
img02834.jpg,origami figures,Non-Harmful,NULL,The image depicts origami figures without any negative connotations towards women.
img02835.jpg,woman wearing yoga pants,Implicit-Harm,Appearance-Attack,"The meme criticizes women for their clothing choices, suggesting they don't engage in yoga."
img02836.jpg,woman,Non-Harmful,NULL,"The image depicts a woman in a courtroom setting, but there is no evidence of harm towards her."
img02837.jpg,man's beard,Non-Harmful,NULL,The meme uses a man's beard as a focal point but does not target women for abuse or harassment.
img02838.jpg,woman's appearance,Non-Harmful,NULL,The image uses a neutral depiction of a woman without targeting her for abuse or harassment.
img02839.jpg,girls in bikinis,Implicit-Harm,Appearance-Attack,"The meme uses a cat's reaction to contrast 'girls in bikinis' with 'girls in underwear,' suggesting a negative perception of women's attire."
img02843.jpg,woman passenger,Non-Harmful,NULL,The meme does not target women for abuse or harassment.
img02845.jpg,SpongeBob SquarePants,Non-Harmful,NULL,The image uses SpongeBob to illustrate a mathematical calculation without targeting him for abuse or harassment.
img02846.jpg,woman holding sign,Non-Harmful,NULL,The image commemorates the suffrage movement without targeting women for abuse or degradation.
img02848.jpg,girls,Non-Harmful,NULL,The image discusses statistics on sexual abuse among children but does not target women for abuse or harassment.
img02850.jpg,woman,Implicit-Harm,Sexual-Harassment,"The meme implies that marriage benefits women financially more than men, which can be seen as a form of sexual harassment."
img02851.png,woman,Non-Harmful,NULL,The meme does not target women for abuse or harassment.
img02853.jpg,female behavior,Non-Harmful,NULL,The meme humorously contrasts idealized and realistic flirtation behaviors without targeting women negatively.
img02855.jpg,van,Non-Harmful,NULL,The image humorously suggests a change in the woman's vehicle without any negative connotations.
img02856.jpg,girls with flat chests,Explicit-Harm,Sexual-Harassment,"The meme uses a violent scenario to mock girls with flat chests, which is an example of sexual harassment."
img02857.jpg,man with long hair,Non-Harmful,NULL,"The image depicts a man reacting to a prank involving pornographic content, which is not directly targeting women."
img02858.jpg,woman's appearance,Implicit-Harm,Misogyny,The meme uses a woman's appearance to make a humorous but potentially degrading statement about her reaction to upvoting.
img02859.png,woman,Explicit-Harm,Sexual-Harassment,"The image depicts a woman being used to promote a harmful narrative about sexual assault allegations, which can be seen as an attempt to trivialize or mock the issue."
img02861.jpg,woman,Implicit-Harm,Sexual-Harassment,"The image portrays a woman in an intimate position, suggesting she is the object of sexual desire, which can be seen as objectifying her."
img02864.png,woman,Implicit-Harm,Sexual-Harassment,"The meme uses a question about 'girlfriend' to make a suggestive comment about relationships, which can be seen as objectifying women."
img02865.jpg,woman,Explicit-Harm,Violence,"The image depicts a violent scenario where a woman is threatening to sit on a man's face, which is a form of physical violence."
img02866.png,brain,Non-Harmful,NULL,"The image depicts a brain with light beams, which is unrelated to any women-related target."
img02867.jpg,woman,Non-Harmful,NULL,The image does not depict any interaction or portrayal of women that could be interpreted as harmful.
img02868.jpg,woman,Non-Harmful,NULL,"The image uses a humorous comparison between 'Instagram' and 'Reality,' which is a common meme format without targeting women for abuse or degradation."
img02869.png,restroom doors,Non-Harmful,NULL,"The image shows restroom signs indicating the presence or absence of urinals, which is a factual statement about bathroom facilities."
img02870.jpg,woman's relationship,Non-Harmful,NULL,The meme does not target women for abuse or harassment.
img02871.png,woman's appearance,Non-Harmful,NULL,"The image depicts a woman with blood on her face, but the context suggests it is part of a game scenario rather than an attack."
img02872.jpg,rabbit on skis,Non-Harmful,NULL,"The image features a rabbit on skis, which is a humorous and non-offensive depiction."
img02874.jpg,woman's appearance,Non-Harmful,NULL,"The image showcases different hairstyles and outfits, which is a neutral display of personal style."
img02875.jpg,man's face,Non-Harmful,NULL,"The image includes a man's face with acne, which is unrelated to the meme's claim about women."
img02877.jpg,Enzo Ferrari,Non-Harmful,NULL,"The meme uses Enzo Ferrari as a character to discuss car improvements, which is a neutral topic."
img02878.png,man,Non-Harmful,NULL,"The image shows a YouTube video thumbnail and search results related to Google employees, but there is no content targeting women."
img02879.png,computer,Non-Harmful,NULL,"The image is a humorous depiction of a computer's reaction to receiving cookies instead of biscuits, which is a cultural joke about British preferences."
img02881.jpg,woman,Non-Harmful,NULL,The image does not target women for abuse or harassment.
img02882.jpg,woman,Non-Harmful,NULL,"The image depicts a humorous scenario involving a man and a dog, but there is no explicit or implicit harm towards women."
img02883.jpg,Rebel Wilson,Non-Harmful,NULL,"The image is a news article about Rebel Wilson achieving her weight goal, which is a positive personal achievement."
img02884.jpg,woman,Non-Harmful,NULL,"The meme humorously depicts a man learning Korean to surprise his wife, which is a positive and affectionate action."
img02885.jpg,animal,Non-Harmful,NULL,"The image features an animal with text labels 'my love' and 'my support', which is a positive and affectionate depiction."
img02886.png,Liberal parent,Non-Harmful,NULL,"The image depicts a physical confrontation between two parents representing liberal and conservative views, but it does not target women for abuse or harassment."
img02888.png,woman,Explicit-Harm,Sexual-Harassment,"The meme depicts a man pushing out a woman from his car, which is a form of sexual harassment."
img02889.jpg,female character in the background,Non-Harmful,NULL,"The image depicts a scene from a Star Wars movie with characters engaged in combat, but there are no specific actions targeting women."
img02890.png,woman pointing,Explicit-Harm,Sexual-Harassment,The meme uses a woman pointing to make a sexualized and derogatory comment about another woman.
img02891.png,woman's appearance,Non-Harmful,NULL,The image focuses on the woman's clothing and accessories without targeting her for abuse or harassment.
img02892.jpg,woman's appearance,Non-Harmful,NULL,"The image features a cat wearing a red jacket, which is unrelated to women."
img02893.png,woman,Explicit-Harm,Violence,"The meme depicts a violent act against a woman, which is explicitly harmful."
img02894.jpg,my dad,Non-Harmful,NULL,The image uses a humorous comparison without targeting women for abuse or degradation.
img02895.jpg,woman,Non-Harmful,NULL,The meme uses a neutral scenario to make a humorous point about leaving a community.
img02896.jpg,male character,Non-Harmful,NULL,The image depicts a male character labeled 'LOSER' without targeting women.
img02897.jpg,woman's appearance,Non-Harmful,NULL,The meme uses a humorous context to comment on the mother's decision without targeting her appearance or behavior.
img02898.jpg,woman's appearance,Implicit-Harm,Misogyny,The meme uses a woman's exaggerated appearance to stereotype her as overly sexualized and objectified.
img02899.jpg,woman,Implicit-Harm,Sexual-Harassment,"The meme uses a pig to represent a girl doing 'girly stuff,' which implies a negative societal reaction."
img02900.jpg,man with bloodstains,Non-Harmful,NULL,"The image shows a man with bloodstains, but there is no indication of harm towards women."
img02901.png,woman's appearance,Non-Harmful,NULL,The image uses a humorous but non-abusive depiction of a woman's body to make a point about food availability.
img02902.jpg,Spider-Man,Non-Harmful,NULL,"The image is a meme about checking the bottom left corner of a meme to see if it was made with mematic, which is unrelated to Spider-Man."
img02903.jpg,male character,Non-Harmful,NULL,"The image is a meme comparing a large male character to a smaller character, which is a common form of humor and does not target women."
img02904.jpg,woman's appearance,Non-Harmful,NULL,The image is a humorous meme with no explicit or implicit harm towards women.
img02905.jpg,woman,Non-Harmful,NULL,The image contains a Nazi symbol and a quote that is historically associated with hate speech but does not directly target women.
img02906.jpg,woman's appearance,Non-Harmful,NULL,"The image uses a meme format to humorously depict a person's Spotify playlist, which is a common internet meme format but does not target women for abuse or harassment."
img02907.jpg,woman's appearance,Non-Harmful,NULL,The meme uses a neutral interaction between partners without targeting women for abuse or harassment.
img02909.jpg,penguins,Non-Harmful,NULL,The image uses penguins to represent different regions without targeting them for abuse or harassment.
img02910.png,female character,Non-Harmful,NULL,"The image depicts a Minecraft character in a room, which is unrelated to women or gender-based harm."
img02911.png,mother,Non-Harmful,NULL,"The meme uses a cute and endearing scenario to express a child's perspective on their mother's well-being, without targeting women for abuse or degradation."
img02912.jpg,woman's appearance,Non-Harmful,NULL,"The image shows a woman with an exaggeratedly large head, which is a common trope in memes but does not target women for abuse or harassment."
img02913.png,woman's appearance,Non-Harmful,NULL,"The image shows a person in a costume, which is a creative expression and does not target women for abuse or harassment."
img02915.png,male character cooking,Non-Harmful,NULL,The image depicts a male character cooking without any negative connotations towards women.
img02916.jpg,woman in wedding video,Non-Harmful,NULL,The image does not depict any harm towards women.
img02917.jpg,woman,Non-Harmful,NULL,The meme does not target women for abuse or harassment.
img02919.jpg,dog wearing glasses,Non-Harmful,NULL,"The image uses a dog to represent a mother's reaction, which is a common meme format but does not target women for abuse or harassment."
img02920.jpg,woman's appearance,Implicit-Harm,Sexual-Harassment,"The meme uses a woman's appearance to make a generalization about boys' motivations, which can be seen as objectifying."
img02921.jpg,woman,Explicit-Harm,Sexual-Harassment,The meme uses a sexualized and objectifying language to describe a situation involving a woman.
img02923.jpg,man police officer,Non-Harmful,NULL,The meme uses a humorous but non-harmful comparison to criticize police behavior.
img02924.png,woman empowerment speaker,Non-Harmful,NULL,The meme does not target women for abuse or harassment.
img02925.jpg,woman holding plate,Non-Harmful,NULL,The image depicts a humorous scenario without targeting women for abuse or degradation.
img02926.jpg,woman's appearance,Non-Harmful,NULL,The image contains explicit content but does not target women for abuse or harassment.
img02927.jpg,woman,Non-Harmful,NULL,The image uses a meme format to express frustration during online classes but does not target women for abuse or harassment.
img02929.jpg,girlfriend,Implicit-Harm,Sexual-Harassment,"The meme uses exaggerated language to mock the girlfriend's actions, which can be seen as objectifying her."
img02930.jpg,Wonder Woman,Implicit-Harm,Sexual-Harassment,"The meme uses a derogatory comment about women's capabilities, implying a lack of respect."
img02932.png,woman,Non-Harmful,NULL,The image does not depict any explicit or implicit harm towards women.
img02935.jpg,woman's appearance,Non-Harmful,NULL,The image does not depict any explicit or implicit harm towards women.
img02936.jpg,woman's appearance,Non-Harmful,NULL,The meme uses a cartoon character to depict a humorous scenario without targeting women for abuse or harassment.
img02937.jpg,woman,Explicit-Harm,Sexual-Harassment,The meme uses a young woman to make a suggestive comment about her age and work status.
img02938.jpg,random girl,Non-Harmful,NULL,The meme does not target women for abuse or harassment.
img02939.jpg,woman,Explicit-Harm,Sexual-Harassment,"The meme uses a sexualized joke about a woman's ability to count, which is a form of sexual harassment."
img02940.png,woman wearing a hat,Non-Harmful,NULL,"The image depicts a character wearing a hat, which is a neutral fashion choice."
img02941.jpg,daughter,Non-Harmful,NULL,The meme is a nostalgic reference to a gaming console without targeting women for abuse or harassment.
img02942.jpg,duck,Non-Harmful,NULL,"The image depicts a duck being petted, which is a neutral interaction without targeting women."
img02943.jpg,female fighters,Non-Harmful,NULL,"The image depicts two women engaged in a martial arts competition, which is a positive portrayal of women's athleticism and strength."
img02944.jpg,woman,Implicit-Harm,Sexual-Harassment,"The meme uses a provocative question to imply a sexualized threat, which is harmful."
img02946.jpg,woman,Non-Harmful,NULL,The image contains a mix of unrelated content and does not target women for abuse or harassment.
img02947.jpg,woman,Non-Harmful,NULL,"The image uses a monkey to represent a woman, which is a form of animalization."
img02948.jpg,woman's appearance,Non-Harmful,NULL,"The image uses a woman's body to humorously depict pain, but it does not target her for abuse or harassment."
img02949.png,female character,Non-Harmful,NULL,The image is a Star Wars meme referencing a character's betrayal without targeting women for abuse or harassment.
img02950.jpg,woman,Non-Harmful,NULL,The image uses historical references without targeting women for abuse or harassment.
img02951.jpg,man with tribal tattoo,Non-Harmful,NULL,"The image features a man with a tribal tattoo, which is a cultural symbol and does not target women for abuse or harassment."
img02952.jpg,woman,Non-Harmful,NULL,"The image uses a shark to humorously depict a person's reaction to being asked to smile, but it does not target women for abuse or harassment."
img02953.jpg,man wearing a Star of David necklace,Non-Harmful,NULL,"The image shows a man wearing a Star of David necklace, which is a religious symbol, but there is no indication of harm towards women."
img02954.jpg,woman,Non-Harmful,NULL,"The image depicts two individuals with different thought bubbles, but there is no explicit or implicit harm towards women."
img02955.jpg,female users,Non-Harmful,NULL,The meme uses a cat to humorously depict the reaction of female users to the new feature on Reddit without targeting them for abuse.
img02956.jpg,female role,Non-Harmful,NULL,The image humorously depicts a student and teacher without explicitly targeting women for abuse or degradation.
img02957.png,woman,Non-Harmful,NULL,"The image depicts a conversation about a breakup, which is a common theme but does not target women for abuse or harassment."
img02958.png,man,Non-Harmful,NULL,The image does not depict any harm towards women.
img02959.jpg,woman's day,Implicit-Harm,Sexual-Harassment,"The meme uses a negative portrayal of women's emotions to contrast with men's, suggesting women's days are more stressful."
img02960.png,man wearing nurse hat,Non-Harmful,NULL,The image does not target women for abuse or harassment.
img02962.jpg,man holding phone,Non-Harmful,NULL,"The meme uses a man to convey a message about self-worth, which is not directed at women."
img02963.jpg,Irene of Athens,Non-Harmful,NULL,The meme uses historical context to discuss a powerful woman without explicitly targeting her for harm.
img02964.jpg,His Wife,Non-Harmful,NULL,The meme does not target women for abuse or harassment.
img02965.png,woman's appearance,Non-Harmful,NULL,"The image depicts a character with exaggerated facial features, which is common in anime-style art but does not target women for abuse or harassment."
img02966.jpg,woman in burqa,Non-Harmful,NULL,"The image depicts a woman in a burqa, which is a cultural attire, without any harmful connotations."
img02967.jpg,Dwayne Johnson,Non-Harmful,NULL,"The image uses Dwayne Johnson to represent Michel Foucault, which is a humorous but non-harmful crossover."
img02968.jpg,woman's appearance,Non-Harmful,NULL,"The image depicts a woman with a distressed expression, but there is no explicit or implicit harm towards her."
img02969.jpg,woman,Implicit-Harm,Sexual-Harassment,"The meme implies that the woman needs a boyfriend, which could be seen as an attempt to control her relationships."
img02970.jpg,woman being hugged,Non-Harmful,NULL,The meme uses a humorous context to depict a friendly interaction without any negative connotations towards the women involved.
img02971.png,woman's appearance,Implicit-Harm,Appearance-Attack,"The meme suggests that a woman's beauty is contingent on her hair, which perpetuates a harmful stereotype about women's worth."
img02972.jpg,woman,Non-Harmful,NULL,"The meme uses a neutral expression to comment on a TV show, without targeting women for abuse or degradation."
img02973.png,woman,Explicit-Harm,Sexual-Harassment,"The meme uses a sexualized question to harass the woman, which is an explicit form of sexual harassment."
img02974.jpg,woman,Non-Harmful,NULL,The meme uses a common trope to express affection without targeting the woman for abuse or degradation.
img02975.png,woman warrior,Non-Harmful,NULL,The image uses a humorous context without targeting women for abuse or degradation.
img02977.png,woman holding magazine,Implicit-Harm,Sexual-Harassment,The meme implies a sexualized expectation of girls' reactions to explicit content.
img02979.png,female characters,Non-Harmful,NULL,"The image depicts a group of characters from a video game, each holding weapons, but there is no specific targeting or harm towards women."
img02980.jpg,trans man,Non-Harmful,NULL,The image uses a trans man as a target without any abusive or degrading content.
img02981.jpg,women's rights movement,Non-Harmful,NULL,The image uses a historical context to make a humorous comparison without targeting women for abuse or degradation.
img02982.jpg,woman's appearance,Non-Harmful,NULL,"The image uses a well-known meme to humorously depict the contrast between enjoying the weekend and the arrival of Monday, without targeting women for abuse or degradation."
img02983.jpg,Steve's muscular appearance,Non-Harmful,NULL,The image uses Steve Rogers' muscular physique as a visual element without targeting women for abuse or harassment.
img02984.png,woman's appearance,Non-Harmful,NULL,The meme uses a comparison to highlight the contrast between two scenarios but does not target women for abuse or harassment.
img02985.png,women's bodies,Non-Harmful,NULL,"The meme uses a humorous comparison to highlight the contrast between women's autonomy and their post-birth responsibilities, which is not intended as an attack on women."
img02986.png,wife,Implicit-Harm,Sexual-Harassment,"The meme uses a double entendre to imply that wives are silent, which can be interpreted as a form of sexual harassment."
img02987.png,woman with gagged mouth,Explicit-Harm,Sexual-Harassment,"The image depicts a woman with her mouth gagged, which is a form of physical restraint and control, often associated with sexual harassment."
img02988.png,librarian,Non-Harmful,NULL,"The image uses a wrestling referee to humorously depict the librarian's reaction, which is not directed at the librarian herself."
img02989.jpg,girls,Explicit-Harm,Sexual-Harassment,"The tweet uses a sexualized joke about girls' desires, which is inappropriate and objectifies them."
img02990.png,woman,Non-Harmful,NULL,The meme uses hyperbole to make a political statement without targeting the woman for abuse or degradation.
img02992.jpg,woman,Explicit-Harm,Sexual-Harassment,"The image depicts a man making a sexual demand on a woman, which is an explicit form of sexual harassment."
img02993.jpg,Boys,Non-Harmful,NULL,"The image uses a meme format to compare 'Boys' and 'Girls', which is a common gender-based humor but does not target women for abuse or harassment."
img02994.jpg,woman's appearance,Non-Harmful,NULL,"The image uses a humorous scenario to depict a man in a flooded area, but there is no explicit or implicit harm towards women."
img02995.jpg,man's appearance,Non-Harmful,NULL,The image does not target women for abuse or harassment.
img02996.png,women,Non-Harmful,NULL,The meme humorously depicts men waiting for women without addressing any harmful stereotypes.
img02997.png,woman's appearance,Non-Harmful,NULL,The image uses a humorous comparison to depict relief from period cramps without targeting women for abuse or degradation.
img02998.jpg,woman,Implicit-Harm,Misogyny,"The meme uses a stereotype about women's ability to keep secrets, which can be seen as degrading."
img02999.jpg,woman,Non-Harmful,NULL,The image does not depict any harm towards women.
img03001.png,woman's appearance,Non-Harmful,NULL,"The meme uses a monkey to discuss a woman's appearance, which is a common form of gendered humor."
img03003.jpg,woman walking,Non-Harmful,NULL,"The image depicts a woman walking on a bridge, which is a neutral scene without any harmful connotations."
img03004.jpg,woman,Non-Harmful,NULL,"The meme uses a gender reveal to make a humorous observation about names, which is not harmful."
img03005.jpg,woman,Explicit-Harm,Sexual-Harassment,The meme contains explicit sexual content and objectification of women.
img03009.jpg,none,Non-Harmful,NULL,"The meme is a programming joke about date formats in programming languages, which does not target women for abuse or harassment."
img03010.jpg,female figures,Non-Harmful,NULL,The image is a chart comparing average female heights across countries without any negative connotations.
img03011.jpg,woman in pool,Non-Harmful,NULL,"The image shows a woman in a pool, likely enjoying herself, without any indication of harm."
img03013.jpg,male character,Non-Harmful,NULL,The image depicts a male character without any indication of harm towards women.
img03014.jpg,woman pointing,Non-Harmful,NULL,The meme uses a comparison between 'Equal pay' and 'Equal work' without targeting women for abuse or degradation.
img03015.jpg,woman,Explicit-Harm,Sexual-Harassment,"The text suggests a degrading comparison between a woman and a doll, implying she lacks inherent value."
img03016.jpg,woman in traditional attire,Non-Harmful,NULL,The conversation is about admiration for a couple's wedding attire without any negative connotations.
img03017.jpg,Hailey Rhode Baldwin Bieber,Non-Harmful,NULL,"The image shows a comparison between two Instagram profiles of Hailey Rhode Baldwin Bieber, highlighting her professional roles as founder and chairwoman. There is no indication of harm towards women."
img03018.jpg,female athletes,Non-Harmful,NULL,"The image showcases female athletes in sports attire, celebrating their achievements, which is a positive representation."
img03019.jpg,woman in pink shirt,Implicit-Harm,Sexual-Harassment,"The meme uses a woman to humorously critique women's behavior, which can be seen as objectifying."
img03020.jpg,woman,Explicit-Harm,Sexual-Harassment,The text message includes a sexual innuendo (*pussy purring*) which is inappropriate and disrespectful.
img03021.jpg,women's appearance,Implicit-Harm,Appearance-Attack,"The meme suggests that men prefer women without makeup, attacking their natural beauty."
img03022.jpg,woman's appearance,Non-Harmful,NULL,"The meme uses a before-and-after comparison to humorously suggest that motherhood changes a woman's appearance, which is a neutral observation."
img03023.jpg,woman's appearance,Non-Harmful,NULL,"The image shows a woman in two different poses, but there is no explicit or implicit harm towards her."
img03024.jpg,man,Non-Harmful,NULL,"The image features a man discussing cinema, which is a neutral context unrelated to women."
img03025.jpg,woman,Non-Harmful,NULL,The image shows a chat conversation with usernames and timestamps but no content that targets women for abuse or harassment.
img03026.jpg,clothing,Non-Harmful,NULL,"The image shows clothes worn by rape victims, but the text aims to counter the misconception that clothing causes rapes."
img03027.jpg,woman's appearance,Non-Harmful,NULL,"The image depicts a character in a revealing outfit, but there is no explicit or implicit harm towards women."
img03028.jpg,woman's appearance,Non-Harmful,NULL,"The image shows a character in a revealing outfit, but the context suggests it is part of a fantasy setting rather than an attack on women."
img03029.jpg,man with red hair,Non-Harmful,NULL,The image is a meme celebrating International Men's Day without targeting women or promoting harmful stereotypes.
img03030.jpg,her offer,Implicit-Harm,Sexual-Harassment,"The meme implies that the woman is demanding excessive material possessions, which can be seen as objectifying her."
img03031.jpg,single mothers,Non-Harmful,NULL,The tweet uses a humorous tone to highlight the struggles of single mothers without targeting them for abuse or degradation.
img03032.jpg,Hoyostans,Non-Harmful,NULL,The tweet does not target women for abuse or harassment.
img03033.jpg,female delivery riders,Non-Harmful,NULL,"The image shows a group of female delivery riders in uniform, which is a neutral depiction without targeting women for abuse or harassment."
img03034.jpg,woman,Non-Harmful,NULL,"The image shows a woman engaged in an activity, but there is no indication of harm or negative portrayal."
img03035.jpg,woman in a podcast setting,Non-Harmful,NULL,"The text refers to empowerment in a general sense, not targeting women specifically."
img03036.jpg,woman speaking,Non-Harmful,NULL,"The image shows a woman speaking into a microphone, which is a neutral depiction of her engaging in public speaking."
img03037.jpg,none,Non-Harmful,NULL,The image discusses propaganda without targeting women for abuse or degradation.
img03038.jpg,woman speaking into microphone,Non-Harmful,NULL,The image does not depict any harmful content towards women.
img03039.jpg,woman being praised,Implicit-Harm,Sexual-Harassment,"The comment suggests that a woman should be praised based on her physical appearance, which can be seen as objectifying her."
img03040.jpg,woman drinking wine,Non-Harmful,NULL,"The image shows a woman drinking wine, which is a neutral activity and does not target women for abuse or harassment."
img03041.jpg,laptop color,Implicit-Harm,Appearance-Attack,"The meme suggests that girls prioritize laptop color over technical specifications, which can be seen as degrading."
img03042.jpg,woman,Explicit-Harm,Sexual-Harassment,"The meme uses a derogatory term to describe the woman's behavior, which is a form of sexual harassment."
img03043.jpg,Aunt Bea,Non-Harmful,NULL,The meme uses Aunt Bea as a character reference without any negative connotations.
img03044.jpg,woman,Non-Harmful,NULL,The image shows a text conversation without any explicit or implicit harm towards women.
img03045.jpg,man standing,Non-Harmful,NULL,The meme does not target women for abuse or harassment.
img03046.jpg,woman's appearance,Non-Harmful,NULL,"The image depicts a character in a video game, but there is no indication of harm towards women."
img03047.jpg,female wrestlers,Non-Harmful,NULL,"The image depicts three female wrestlers in a professional wrestling context, which is a common and non-harmful depiction of women in sports entertainment."
img03048.jpg,woman,Explicit-Harm,Sexual-Harassment,"The image uses age and marital status as labels, which can be seen as objectifying and dehumanizing."
img03049.jpg,woman wearing hijab,Non-Harmful,NULL,The meme does not target women for abuse or harassment.
img03050.jpg,woman in maid outfit,Non-Harmful,NULL,"The image depicts a woman in a maid outfit, which is a common theme in certain subcultures but does not inherently convey harm."
img03051.jpg,Mom,Non-Harmful,NULL,"The image depicts a humorous conversation about a father's behavior after drinking, but it does not target women for abuse or harassment."
img03052.jpg,woman in bikini,Implicit-Harm,Sexual-Harassment,"The meme uses a derogatory term 'disgustingly in love' to describe women in bikinis, which is a form of sexual harassment."
img03053.jpg,men wearing underwear,Non-Harmful,NULL,The image promotes inclusivity and awareness about periods without targeting women for abuse or harassment.
img03054.jpg,woman in revealing attire,Explicit-Harm,Sexual-Harassment,"The text 'Sleep with these women at your own risk' implies a dangerous situation involving the woman, promoting sexual harassment."
img03055.jpg,woman drinking,Non-Harmful,NULL,"The image shows a person drinking alcohol, which is a personal choice and does not target women for abuse or harassment."
img03056.jpg,woman's appearance,Non-Harmful,NULL,The meme provides a positive message about self-expression and individuality.
img03057.jpg,woman,Non-Harmful,NULL,The meme uses a positive affirmation to encourage self-belief without targeting women for abuse or degradation.
img03058.jpg,woman in black outfit,Non-Harmful,NULL,The image is a humorous meme with no explicit or implicit harm towards women.
img03059.jpg,woman,Explicit-Harm,Sexual-Harassment,The meme uses a sexual double entendre to make a suggestive comment about the woman.
img03060.jpg,woman in pool,Non-Harmful,NULL,The image is a humorous scenario without any explicit or implicit harm towards women.
img03061.jpg,woman's appearance,Explicit-Harm,Appearance-Attack,"The image depicts a woman with severely sunburned skin, which is an explicit form of harm to her appearance."
img03062.jpg,woman,Implicit-Harm,Sexual-Harassment,"The meme implies dating a tall woman is emotionally damaging to men, which is a form of sexual harassment."
img03063.jpg,woman,Non-Harmful,NULL,The image uses a neutral tone to describe a common social interaction without targeting women for abuse or harassment.
img03064.jpg,woman's brain,Non-Harmful,NULL,The image humorously depicts a comparison between men's and women's brains without implying any harm.
img03065.jpg,woman speaking,Non-Harmful,NULL,The meme does not target women for abuse or harassment.
img03066.jpg,woman driver,Implicit-Harm,Sexual-Harassment,"The meme uses a sexist joke about women's roles, implying they should stay home rather than drive."
img03067.jpg,female characters,Non-Harmful,NULL,The image uses cartoon characters to humorously comment on personal preferences without targeting women negatively.
img03068.jpg,woman on beach,Non-Harmful,NULL,"The meme uses a humorous comparison to highlight the contrast between self-perception and reality, which is not harmful."
img03069.jpg,woman performing yoga pose,Implicit-Harm,Sexual-Harassment,"The image portrays women as objects of male gaze, focusing on their physical appearance rather than their activity."
img03070.jpg,crazy woman,Implicit-Harm,Misogyny,"The meme suggests that men are responsible for making women 'crazy', implying that women's behavior is influenced by men."
img03071.jpg,woman,Non-Harmful,NULL,"The image compares two scenarios involving a woman, but it does not depict any harmful actions or stereotypes."
img03072.jpg,woman,Non-Harmful,NULL,"The meme uses a stereotypical gender role to make a point about media influence, which is not harmful."
img03073.jpg,femboy,Non-Harmful,NULL,"The image uses a term 'femboy' which is a derogatory term for a male who dresses and acts like a girl, targeting men rather than women."
img03074.jpg,woman,Implicit-Harm,Appearance-Attack,"The meme criticizes women who do not wear makeup, focusing on their appearance."
img03075.jpg,men,Non-Harmful,NULL,The meme uses a humorous comparison to express a negative opinion about men without targeting women for abuse.
img03076.jpg,woman's appearance,Explicit-Harm,Sexual-Harassment,"The meme uses derogatory language to describe a woman's facial expression as 'bitch face', which is a form of sexual harassment."
img03077.jpg,woman in labor,Implicit-Harm,Misogyny,"The meme compares the pain of childbirth to the discomfort of a man having a fever, perpetuating a harmful stereotype about women's experiences."
img03078.jpg,woman's appearance,Explicit-Harm,Sexual-Harassment,"The meme suggests that men should be legally prohibited from looking at women freely, which implies a sexualized gaze towards women."
img03079.jpg,woman being threatened,Explicit-Harm,Violence,"A fist is raised towards a woman who appears to be cowering, indicating an imminent threat."
img03080.jpg,woman holding phone,Non-Harmful,NULL,The meme uses a relatable scenario without targeting women for abuse or degradation.
img03081.jpg,teacher,Non-Harmful,NULL,The image uses a teacher as a neutral example to convey a message about online classes without targeting women for abuse or harassment.
img03082.jpg,Daenerys Targaryen,Non-Harmful,NULL,"The meme uses a character from a fictional series to make a statement about raising daughters, which is not inherently harmful."
img03083.jpg,woman,Explicit-Harm,Sexual-Harassment,"The meme uses a suggestive and inappropriate scenario involving a woman, which is sexually harassing."
img03084.jpg,woman wearing feminist shirt,Implicit-Harm,Sexual-Harassment,"The meme uses a woman's body as a visual metaphor for 'feminism,' which can be seen as objectifying her."
img03085.jpg,woman,Non-Harmful,NULL,The meme uses a humorous context to highlight a common social dynamic without targeting women for abuse or degradation.
img03086.jpg,woman,Explicit-Harm,Sexual-Harassment,"The meme uses derogatory language to criticize a woman's intelligence and appearance, which is a form of sexual harassment."
img03087.jpg,angry woman,Implicit-Harm,Misogyny,The meme perpetuates a harmful stereotype by suggesting that men are often unaware of their actions when a woman becomes angry.
img03088.jpg,woman applying makeup,Non-Harmful,NULL,The image uses a meme format to express frustration but does not target women for abuse or harassment.
img03089.jpg,woman,Implicit-Harm,Sexual-Harassment,"The meme suggests that women are inherently linked to men's success, which is a form of sexual harassment."
img03090.jpg,woman checking out men,Implicit-Harm,Sexual-Harassment,"The meme implies that women are objectifying men, which can be seen as a form of sexual harassment."
img03091.jpg,Karen,Non-Harmful,NULL,"The meme uses 'Karen' as a term to criticize entitled behavior, which is not inherently harmful."
img03092.jpg,Feminists,Non-Harmful,NULL,The meme uses a child to represent 'Feminists' without targeting them for abuse or degradation.
img03093.jpg,woman holding 'Feminism' sign,Non-Harmful,NULL,The meme uses humor to discuss feminism without targeting women for abuse or degradation.
img03094.jpg,woman,Explicit-Harm,Sexual-Harassment,"The meme includes a suggestive question about a woman's chest hair, which is a form of sexual harassment."
img03095.jpg,woman,Non-Harmful,NULL,"The meme uses a humorous statement about International Women's Day to make a light-hearted observation, not targeting women for abuse or harassment."
img03096.jpg,woman,Implicit-Harm,Sexual-Harassment,The meme uses a stereotype about women's body size to make a humorous but potentially offensive statement.
img03097.jpg,woman,Implicit-Harm,Appearance-Attack,The meme criticizes 'fake girls' for their perceived lack of naturalness and intelligence.
img03098.jpg,Wonder Woman,Non-Harmful,NULL,"The meme uses Wonder Woman as a figure of strength but then humorously contrasts her with an everyday task, which is not harmful."
img03099.jpg,woman's appearance,Implicit-Harm,Sexual-Harassment,"The meme uses a double entendre to imply that women are difficult to please, which can be seen as objectifying their preferences."
img03100.jpg,man in suit,Implicit-Harm,Sexual-Harassment,The meme implies that supporting women's rights while nominating men for 'Woman of the Year' is hypocritical.
img03101.jpg,woman's appearance,Non-Harmful,NULL,"The image humorously depicts a woman's excitement about productivity, which is a neutral observation."
img03102.jpg,woman,Non-Harmful,NULL,"The image uses a before-and-after format to depict changes in a woman's life, but it does not explicitly harm or stereotype women."
img03103.jpg,woman's face,Non-Harmful,NULL,"The meme uses a humorous statement about controlling speech to highlight the woman's facial features, which is not intended as an attack."
img03104.jpg,woman,Non-Harmful,NULL,The image depicts a frustrated woman expressing her needs humorously without targeting her for abuse or harassment.
img03105.jpg,women scientists,Non-Harmful,NULL,"The image depicts two women working together as scientists, which is a positive portrayal."
img03106.jpg,woman in business attire,Non-Harmful,NULL,"The meme uses a woman to convey a message about empowerment and obedience, which is not inherently harmful."
img03107.jpg,woman in dress,Non-Harmful,NULL,The image uses a woman as part of a humorous comparison but does not target her for abuse or harassment.
img03108.jpg,mom,Non-Harmful,NULL,The meme humorously portrays a mother overwhelmed by her children's constant requests without implying any form of harm.
img03109.jpg,chained woman,Non-Harmful,NULL,"The image uses a meme format to compare perspectives between subcultures, not targeting women for abuse."
img03110.jpg,women fighting,Non-Harmful,NULL,The meme compares fighting between men and women without implying any negative stereotypes.
img03111.jpg,Wonder Woman,Non-Harmful,NULL,"The meme uses Wonder Woman as a positive figure to highlight different types of compliments and criticisms, without targeting her for abuse."
img03112.jpg,woman in uniform,Implicit-Harm,Sexual-Harassment,"The meme uses a sexualized comparison to trivialize someone's opinion, which is a form of sexual harassment."
img03113.jpg,woman,Explicit-Harm,Sexual-Harassment,"The meme uses a derogatory statement about a woman's purpose, implying she is meant to be erased from history."
img03114.jpg,woman in a bar,Non-Harmful,NULL,"The meme uses a scene from a movie to make a humorous observation about curiosity, which is not directed at women."
img03115.jpg,woman holding iron,Implicit-Harm,Sexual-Harassment,"The image uses a dated, objectifying depiction of a woman to make a humorous but degrading comment about loneliness."
img03116.jpg,woman's appearance,Non-Harmful,NULL,The meme uses a neutral statement about appearance to make a humorous point without targeting women for abuse.
img03117.jpg,woman,Non-Harmful,NULL,"The meme humorously depicts a man's confusion about why his girlfriend posted an angry meme on Facebook, without targeting women for abuse or degradation."
img03118.jpg,woman,Non-Harmful,NULL,The meme uses a factual statement to highlight an injustice without targeting women for abuse or degradation.
img03119.jpg,woman,Non-Harmful,NULL,"The meme compares experiences of girls and boys growing up without a father, which is a neutral comparison and does not target women for abuse or harassment."
img03121.jpg,woman's appearance,Non-Harmful,NULL,"The image uses a woman's exaggerated physical features as part of a humorous context, which is not intended to harm or stereotype her."
img03122.jpg,woman pointing,Non-Harmful,NULL,"The image uses a meme format to humorously label a kitchen as 'She-Shed', which is a playful term but does not target women for abuse or harassment."
img03123.jpg,woman,Non-Harmful,NULL,"The meme uses a metaphorical statement about women being rare, which is a neutral observation."
img03124.jpg,woman,Explicit-Harm,Violence,"The meme references a violent act against a man, which could be interpreted as targeting women who engage in such actions."
img03125.jpg,woman,Non-Harmful,NULL,The meme humorously depicts a relatable scenario without targeting women for abuse or degradation.
img03126.jpg,woman,Non-Harmful,NULL,The meme celebrates self-sufficiency without targeting women for abuse or degradation.
img03127.jpg,woman,Non-Harmful,NULL,The meme uses a humorous but non-abusive tone to comment on menstrual jokes.
img03128.jpg,woman pointing,Explicit-Harm,Sexual-Harassment,"The meme uses a derogatory term 'bitch' directed at a woman, which is a form of sexual harassment."
img03129.jpg,woman,Explicit-Harm,Sexual-Harassment,The meme uses derogatory language ('Bitch') and a suggestive pose to degrade the woman.
img03130.jpg,woman's appearance,Non-Harmful,NULL,"The image uses a woman's appearance to contrast her confident self-presentation with her anxious reaction, which is a common trope but not harmful."
img03131.jpg,woman,Implicit-Harm,Misogyny,"The meme suggests that women inherently understand each other, leading to mutual dislike, which perpetuates a harmful stereotype about women."
img03132.jpg,woman talking on phone,Explicit-Harm,Sexual-Harassment,"The meme depicts a woman being verbally abused and threatened, which is a form of sexual harassment."
img03133.jpg,woman pointing,Non-Harmful,NULL,"The meme uses a humorous context to make a statement about body image, which is not directed at any specific individual."
img03134.jpg,angry woman,Implicit-Harm,Misogyny,The meme perpetuates a harmful stereotype by suggesting that men are often unaware of their own actions contributing to conflicts.
img03135.jpg,woman's appearance,Non-Harmful,NULL,"The image uses a before-and-after format to humorously depict changes in appearance after marriage, which is a common trope but not harmful."
img03136.jpg,woman,Implicit-Harm,Sexual-Harassment,"The meme uses a woman's facial expressions to imply that splitting costs in a restaurant is more acceptable than in a divorce, suggesting a double standard."
img03137.jpg,female friends,Non-Harmful,NULL,The image contrasts expectations versus reality but does not target women for abuse or harassment.
img03138.jpg,woman police officer,Non-Harmful,NULL,"The image shows a woman in a police uniform, which is a neutral depiction of her profession."
img03139.jpg,woman,Implicit-Harm,Sexual-Harassment,"The meme uses a derogatory term ('bitch') and implies that the woman's attitude is undesirable, which is a form of sexual harassment."
img03140.jpg,woman,Explicit-Harm,Sexual-Harassment,"The meme depicts a man laughing at a woman who has experienced a miscarriage, which is a sensitive and painful personal experience."
img03141.jpg,woman's appearance,Explicit-Harm,Appearance-Attack,The meme uses a harmful stereotype about women's weight to express hatred.
img03142.jpg,woman's appearance,Non-Harmful,NULL,"The image uses the word 'WOMEN' to label two male characters, which is a misgendering."
img03143.jpg,woman sitting on toilet,Non-Harmful,NULL,The image depicts a humorous scenario without targeting women for abuse or harassment.
img03144.jpg,woman,Explicit-Harm,Sexual-Harassment,"The meme depicts a man making a sexualized comment to a woman, which is an example of sexual harassment."
img03145.jpg,woman's appearance,Non-Harmful,NULL,The image depicts a humorous scenario without targeting women for abuse or degradation.
img03146.jpg,woman,Implicit-Harm,Misogyny,The meme uses a generalization about women's memory to make a humorous but potentially dismissive comment about their abilities.
img03147.jpg,woman,Implicit-Harm,Sexual-Harassment,"The meme uses a provocative question about men's importance to trivialize their value, which can be seen as degrading."
img03148.jpg,nude girl,Explicit-Harm,Sexual-Harassment,"The meme depicts a man discussing respecting women while simultaneously sharing an explicit image, which is sexually harassing."
img03149.jpg,woman driver,Implicit-Harm,Sexual-Harassment,"The meme uses a dated, stereotypical depiction of a woman to make light of her driving abilities."
img03150.jpg,woman,Implicit-Harm,Sexual-Harassment,The meme uses a derogatory term 'femininity' to mock the woman's public behavior.
img03151.jpg,woman at Sephora,Non-Harmful,NULL,The image depicts a neutral interaction between two women at a beauty store.
img03152.jpg,women,Non-Harmful,NULL,"The image uses a Venn diagram to categorize characteristics among women, cats, and aliens without targeting women for abuse or harassment."
img03153.jpg,woman's appearance,Non-Harmful,NULL,The image uses a meme format to promote honesty as a virtue without targeting women for abuse or degradation.
img03154.jpg,woman,Explicit-Harm,Sexual-Harassment,"The meme implies the man married his wife for her physical appearance but is now dissatisfied with it, which can be seen as a form of sexual harassment."
img03155.jpg,Pink pantheress,Non-Harmful,NULL,The meme uses a comparison between 'Pink pantheress' and 'Young thug' without implying any negative stereotypes about women.
img03156.jpg,woman's appearance,Implicit-Harm,Misogyny,"The meme uses exaggerated reactions to highlight the perceived difference in threat levels based on follower count, which can be seen as degrading."
img03157.jpg,woman,Non-Harmful,NULL,"The image uses a humorous comparison between a 'sewage gap' warning sign and the 'wage gap,' but it does not target women for abuse or harassment."
img03158.jpg,woman,Implicit-Harm,Misogyny,"The meme uses ageist and sexist language to criticize unmarried women, implying they are viewed as old and undesirable."
img03159.jpg,woman's appearance,Non-Harmful,NULL,"The image shows a comparison of a woman's appearance at different times, which is a neutral observation."
img03160.jpg,woman in blue dress,Non-Harmful,NULL,"The image depicts a scene where a man is holding a knife to a woman's head, but the text 'NO OTHER WOMAN WOULD TREAT YOU LIKE THIS' suggests a humorous context rather than actual harm."
img03161.jpg,woman's appearance,Non-Harmful,NULL,The image uses a series of expressions to depict pre-period emotions without targeting women for abuse or degradation.
img03162.jpg,woman,Non-Harmful,NULL,The meme uses a humorous self-deprecating tone without targeting women for abuse or degradation.
img03163.jpg,woman's appearance,Non-Harmful,NULL,The image uses a meme format to express frustration but does not target women for abuse or harassment.
img03164.jpg,woman in white dress,Non-Harmful,NULL,The image contrasts past and present depictions of men and women but does not target women for abuse or harassment.
img03165.jpg,woman's appearance,Non-Harmful,NULL,"The image compares a woman's hand to a man's hand, but it does not target women for abuse or harassment."
img03166.jpg,woman,Non-Harmful,NULL,The image uses a woman to represent 'biologists' without any negative connotation.
img03167.jpg,woman,Non-Harmful,NULL,The tweet is a humorous observation about language usage rather than targeting women for abuse.
img03168.jpg,woman applying makeup,Non-Harmful,NULL,The image depicts a woman engaging in a common activity without any negative connotations.
img03169.jpg,woman at computer,Non-Harmful,NULL,The meme uses a humorous scenario to depict workplace frustration without targeting women for abuse or harassment.
img03170.jpg,woman's makeup,Implicit-Harm,Misogyny,"The meme uses a crude joke about a woman's makeup to make a derogatory comment, targeting her appearance."
img03171.jpg,woman wearing hijab,Implicit-Harm,Sexual-Harassment,"The meme uses a sexualized question about the woman's appearance to mock her, which is a form of sexual harassment."
img03172.jpg,woman's appearance,Non-Harmful,NULL,The meme uses a woman's appearance as a humorous topic without targeting her for abuse or degradation.
img03173.jpg,woman,Non-Harmful,NULL,The meme uses a common trope to humorously suggest that women overreact easily.
img03174.jpg,woman,Non-Harmful,NULL,The meme uses a humorous scenario without targeting women for abuse or degradation.
img03175.jpg,woman,Implicit-Harm,Misogyny,The meme uses a caricatured image to stereotype American women as overweight and unhealthy.
img03176.jpg,woman's appearance,Non-Harmful,NULL,The image uses a comparison to humorously depict different perceptions of handling a breakup.
img03177.jpg,woman,Implicit-Harm,Appearance-Attack,"The meme criticizes women who do not wear makeup, suggesting they are inferior."
img03178.jpg,woman,Non-Harmful,NULL,The meme uses a humorous exchange about diet preferences without targeting women for abuse or degradation.
img03179.jpg,woman,Implicit-Harm,Sexual-Harassment,"The image depicts a man laughing at a woman, which implies a sexualized and objectifying interaction."
img03180.jpg,woman,Implicit-Harm,Sexual-Harassment,The meme implies jealousy and negative stereotypes about women's social interactions.
img03181.jpg,woman sitting on bed,Non-Harmful,NULL,"The image depicts a person waiting for a book club order, which is a neutral activity."
img03182.jpg,woman,Non-Harmful,NULL,The meme uses a historical painting to critique workplace inequality without targeting women specifically.
img03183.jpg,woman,Non-Harmful,NULL,"The image is a meme format expressing a humorous question about perception of jokes, not targeting women for abuse or harassment."
img03184.jpg,woman,Non-Harmful,NULL,The meme uses a neutral scenario to make a humorous point about overthinking.
img03185.jpg,woman,Non-Harmful,NULL,The image is a humorous take on societal perceptions without targeting women for abuse or harassment.
img03186.jpg,woman,Non-Harmful,NULL,The meme uses a humorous scenario to discuss dating age differences without targeting women for abuse or degradation.
img03187.jpg,woman applying makeup,Implicit-Harm,Sexual-Harassment,"The meme implies men are objectifying women by checking them out, which can be seen as sexual harassment."
img03188.jpg,woman,Non-Harmful,NULL,"The image depicts a woman reacting to an argument, which is a neutral scenario."
img03189.jpg,woman,Non-Harmful,NULL,The meme uses a humorous comparison between two women without targeting either for abuse or degradation.
img03190.jpg,women's appearance,Non-Harmful,NULL,The meme uses exaggerated and unrealistic depictions of women's appearances to humorously contrast expectations.
img03191.jpg,woman's laughter,Implicit-Harm,Sexual-Harassment,"The meme uses a woman's laughter to mock a man's claim about detecting fake orgasms, which is a form of sexual harassment."
img03192.jpg,woman holding drinks,Implicit-Harm,Sexual-Harassment,"The meme uses a woman holding drinks to imply she is the 'perfect' woman, which is a form of sexual objectification."
img03193.jpg,female roles,Non-Harmful,NULL,The image lists various professional roles for women without any negative connotations.
img03194.jpg,woman,Non-Harmful,NULL,The meme uses a humorous comparison between men and women without targeting either group for abuse or degradation.
img03195.jpg,Daenerys Targaryen,Implicit-Harm,Sexual-Harassment,"The meme uses Daenerys Targaryen to humorously suggest that her body changes when she becomes someone's wife, which is a form of objectification."
img03196.jpg,woman,Non-Harmful,NULL,"The image uses a cat to represent a negative stereotype about women, which is not directly targeting women but rather a broader social issue."
img03197.jpg,woman applying lipstick,Explicit-Harm,Sexual-Harassment,"The meme uses a provocative and offensive metaphor about women's behavior, equating lipstick application with sexual assault."
img03198.jpg,clown,Non-Harmful,NULL,"The image uses clown imagery to humorously contrast internal thoughts with external speech, without targeting women."
img03199.jpg,woman wearing bandana,Non-Harmful,NULL,The image depicts a humorous scenario without targeting women for abuse or degradation.
img03200.jpg,fat woman,Explicit-Harm,Appearance-Attack,The meme criticizes the fat woman's appearance and implies she is being mocked.
img03201.jpg,woman,Implicit-Harm,Sexual-Harassment,"The meme questions the place of 'obsessive girls' in society, which can be interpreted as a form of sexual harassment."
img03202.jpg,woman's facial expression,Non-Harmful,NULL,The meme uses a neutral observation about facial expressions without targeting women for abuse or harassment.
img03203.jpg,Kamala Harris,Non-Harmful,NULL,The meme uses Kamala Harris's facial expressions to humorously contrast her reactions to questions she can't answer with the viewer's desire for laughter at their memes.
img03204.jpg,woman holding papers,Non-Harmful,NULL,"The image uses a woman to illustrate a point about men and drama, but it does not target her for abuse or harassment."
img03205.jpg,woman,Non-Harmful,NULL,The meme uses a positive statement about women creating history without any negative connotations.
img03206.jpg,woman,Non-Harmful,NULL,"The image is a meme about a man's behavior towards a woman, not targeting women themselves."
img03207.jpg,pregnant woman,Explicit-Harm,Misogyny,The meme uses a harmful question about pregnancy to mock the physical discomfort experienced by pregnant women.
img03208.jpg,woman,Implicit-Harm,Sexual-Harassment,"The meme uses a derogatory term 'feminine flower' to describe the woman, which is a form of sexual harassment."
img03209.jpg,woman,Implicit-Harm,Sexual-Harassment,"The meme suggests that men are single because they want specific types of women, which implies a lack of respect for women's autonomy and independence."
img03210.jpg,woman's appearance,Non-Harmful,NULL,"The meme uses a visual of two women reacting to a fitness challenge, which is a common scenario but does not target women for abuse or harassment."
img03211.jpg,woman's biological clock,Explicit-Harm,Misogyny,The meme uses a harmful stereotype about women's reproductive health to make a joke.
img03212.jpg,woman's appearance,Implicit-Harm,Sexual-Harassment,"The meme implies that women are often objectified, which is a form of sexual harassment."
img03213.jpg,woman's appearance,Implicit-Harm,Appearance-Attack,"The meme uses a刻薄的评论 about someone's appearance to mock their age, which is a form of appearance attack."
img03214.jpg,woman,Implicit-Harm,Sexual-Harassment,"The meme perpetuates the idea that women should cook for their men, which is a form of sexual harassment."
img03215.jpg,woman getting her hair styled,Non-Harmful,NULL,The image depicts a woman enjoying a hair styling session without any negative connotations.
img03216.jpg,woman,Non-Harmful,NULL,The image uses a humorous context without targeting women for abuse or degradation.
img03217.jpg,woman rolling her eyes,Implicit-Harm,Sexual-Harassment,"The meme uses a quote to imply that women are inherently critical of men, which can be seen as degrading."
img03218.jpg,woman telling class to be quiet,Non-Harmful,NULL,The meme is a humorous take on a common scenario without targeting the woman for abuse or degradation.
img03219.jpg,woman's appearance,Non-Harmful,NULL,"The image shows a comparison between two different poses, but there is no explicit or implicit harm towards the woman."
img03220.jpg,woman's appearance,Non-Harmful,NULL,The meme celebrates self-acceptance and beauty without targeting women for abuse or degradation.
img03221.jpg,woman choosing a deodorant,Non-Harmful,NULL,"The meme compares women's choices to men's, but does not target women for abuse or harassment."
img03222.jpg,woman in bikini,Non-Harmful,NULL,"The image juxtaposes a glamorous depiction of Kim Kardashian studying with a more relatable student, highlighting the contrast without targeting women for abuse."
img03223.jpg,woman's laughter,Implicit-Harm,Sexual-Harassment,"The meme depicts exaggerated and stereotypical laughter styles, which can be seen as objectifying women."
img03224.jpg,woman,Non-Harmful,NULL,"The image uses a meme format to compare the diversity of friends' appearances between two individuals, which is a neutral comparison."
img03225.jpg,woman's appearance,Non-Harmful,NULL,The image shows different outfits for different seasons without any negative connotations towards women.
img03226.jpg,woman holding wine glass,Implicit-Harm,Sexual-Harassment,"The meme implies a correlation between intelligence and alcohol consumption, which can be seen as objectifying women."
img03227.jpg,woman,Explicit-Harm,Sexual-Harassment,"The meme contains derogatory and objectifying language towards women, such as 'Stacy sluts' and 'beef whores', which is explicitly harmful."
img03228.jpg,woman,Non-Harmful,NULL,The image uses a humorous context without targeting women for abuse or degradation.
img03229.jpg,woman on the left,Explicit-Harm,Appearance-Attack,"The image uses food items to represent body parts, which is a degrading and objectifying portrayal of women."
img03230.jpg,woman's appearance,Non-Harmful,NULL,The meme uses exaggerated changes in appearance to humorously depict the experience of motherhood.
img03231.jpg,woman brushing teeth,Non-Harmful,NULL,"The image depicts a humorous scenario involving a woman brushing her teeth, which is a common everyday activity and does not target women for abuse or harassment."
img03232.jpg,female friends,Non-Harmful,NULL,The meme uses sarcasm to highlight a common social observation without targeting women for abuse or degradation.
img03233.jpg,woman's appearance,Explicit-Harm,Sexual-Harassment,The meme uses a suggestive and objectifying tone about a woman's reaction to men's clothing.
img03234.jpg,Karen,Implicit-Harm,Misogyny,"The meme uses the term 'Karen' to refer to four different women, perpetuating a stereotype associated with刻板印象的女性角色。"
img03235.jpg,woman in orange dress,Non-Harmful,NULL,"The meme uses a cartoon character to make a humorous statement about autism, which is not directed at women."
img03236.jpg,female coworkers,Non-Harmful,NULL,The meme uses a humorous context to highlight a positive interaction between two women without targeting them for abuse or degradation.
img03237.jpg,woman's appearance,Non-Harmful,NULL,"The image uses a meme format to compare two women's appearances, which is a common form of gendered humor."
img03238.jpg,woman,Explicit-Harm,Sexual-Harassment,"The meme uses a sexualized and derogatory term 'cockblock' to refer to a woman, which is harmful."
img03239.jpg,woman's hand,Implicit-Harm,Sexual-Harassment,The meme implies sexual harassment through the man's comment about the woman's hand.
img03240.jpg,woman wearing sunglasses,Implicit-Harm,Sexual-Harassment,"The image uses a stereotypical depiction of a woman in menopause, which can be seen as objectifying her."
img03241.jpg,girls laughing,Implicit-Harm,Sexual-Harassment,"The meme implies that girls' laughter is more acceptable when boys are around compared to when girls are around, suggesting a preference for male company."
img03242.jpg,woman applying makeup,Implicit-Harm,Appearance-Attack,"The meme criticizes women for wearing makeup, suggesting insecurity, which attacks their appearance."
img03243.jpg,woman's appearance,Non-Harmful,NULL,The meme uses a woman's appearance as a humorous context but does not target her for abuse or harassment.
img03244.jpg,woman passenger,Non-Harmful,NULL,The meme uses a humorous scenario without targeting the woman for abuse or degradation.
img03245.jpg,woman sleeping,Implicit-Harm,Misogyny,"The meme uses a stereotype about women needing more sleep due to overthinking, which can be seen as degrading."
img03246.jpg,woman's personality,Non-Harmful,NULL,The meme compares two versions of a woman's personality without targeting her for abuse or degradation.
img03247.jpg,woman pointing,Non-Harmful,NULL,The image uses a humorous context to make a point about movie genres without targeting women for abuse.
img03248.jpg,woman trainer,Non-Harmful,NULL,The meme depicts a professional interaction without any harmful content.
img03249.jpg,woman's appearance,Non-Harmful,NULL,"The meme uses a before-and-after comparison to humorously depict a change in perception, which is not harmful."
img03250.jpg,woman on beach,Implicit-Harm,Misogyny,The meme uses a 'Karen' stereotype to mock women who complain about crowded beaches.
img03251.jpg,woman wearing hijab,Explicit-Harm,Sexual-Harassment,"The meme uses a woman's appearance to make a derogatory statement about her choices, which is a form of sexual harassment."
img03252.jpg,woman's appearance,Non-Harmful,NULL,"The image uses a before-and-after format to humorously depict a change in appearance, which is a common meme format."
img03253.jpg,woman,Implicit-Harm,Sexual-Harassment,"The meme uses a derogatory term 'hoe' to describe a woman, which is a form of sexual harassment."
img03254.jpg,woman on phone,Explicit-Harm,Sexual-Harassment,"The meme uses a derogatory term 'left nut' to address the woman, which is an explicit form of sexual harassment."
img03255.jpg,woman sleeping,Non-Harmful,NULL,The meme uses a humorous scenario without targeting women for abuse or degradation.
img03256.jpg,woman cashier,Non-Harmful,NULL,The meme uses a woman cashier as a neutral example without targeting her for abuse or harassment.
img03257.jpg,female characters,Non-Harmful,NULL,The image uses a humorous scenario to express frustration about having few friends without resorting to harmful stereotypes.
img03258.jpg,woman trying to square dance,Non-Harmful,NULL,The meme uses a humorous context without targeting women for abuse or degradation.
img03259.jpg,cucumber,Non-Harmful,NULL,"The cucumber is used as a visual metaphor to represent women, but there is no direct harm or stereotype being targeted."
img03260.jpg,woman,Explicit-Harm,Sexual-Harassment,"The meme depicts a woman expressing a desire to sit on a man’s face, which is a form of sexual harassment."
img03261.jpg,woman with red hair,Non-Harmful,NULL,"The image is a meme asking which character from a TV show you resemble today, without any explicit or implicit harm towards women."
img03262.jpg,woman,Non-Harmful,NULL,The meme uses a humorous scenario involving a woman without targeting her for abuse or harassment.
img03263.jpg,woman speaking,Non-Harmful,NULL,The meme uses a woman to illustrate a relatable personal experience without targeting her for abuse or degradation.
img03264.jpg,female characters,Non-Harmful,NULL,"The image uses a scene from a TV show to humorously depict a character's reaction to drama, which is a common trope in comedy."
img03265.jpg,woman with cigarette,Non-Harmful,NULL,"The image depicts a woman holding a cigarette, but there is no explicit or implicit harm towards her."
img03266.jpg,woman in domestic setting,Non-Harmful,NULL,"The meme uses a vintage domestic scene to make a statement about control within the home, which is not inherently harmful."
img03267.jpg,mother doing daughter's hair,Non-Harmful,NULL,"The image depicts a mother caring for her daughter, which is a positive familial interaction."
img03268.jpg,woman holding beer,Explicit-Harm,Sexual-Harassment,"The meme uses a woman to promote a stereotype about drinking habits, which can be seen as objectifying her."
img03269.jpg,woman's appearance,Non-Harmful,NULL,The image uses a muscular woman to humorously reference a stereotype about men preferring strong and silent types.
img03270.jpg,woman,Non-Harmful,NULL,"The meme is a self-deprecating statement about creating memes that are not funny, which is a neutral observation."
img03271.jpg,woman,Non-Harmful,NULL,"The image uses a humorous comparison between anxiety/depression and a cat, which is not directed at women."
img03272.jpg,women's appearance,Non-Harmful,NULL,The image compares two women's appearances in a humorous way without targeting them for abuse or harassment.
img03273.jpg,woman in purple dress,Explicit-Harm,Violence,"The meme depicts a violent encounter between two characters, targeting the woman's safety."
img03274.jpg,woman,Non-Harmful,NULL,The image uses a meme format to critique a professor's argument without targeting the woman for abuse or harassment.
img03275.jpg,woman's appearance,Non-Harmful,NULL,The image contrasts two women but does not target either for abuse or harassment.
img03276.jpg,Wonder Woman,Non-Harmful,NULL,"The meme uses Wonder Woman to represent a person's reaction to COVID-19, which is a neutral context."
img03277.jpg,woman wearing a 60s party dress,Non-Harmful,NULL,"The meme uses a humorous scenario to highlight the impracticality of wearing a 60s party dress for a night nurse, but it does not target women for abuse or harassment."
img03278.jpg,woman,Implicit-Harm,Sexual-Harassment,"The meme implicitly criticizes women who live with their mothers, suggesting they are less desirable as romantic partners."
img03279.jpg,woman,Implicit-Harm,Sexual-Harassment,"The meme implies a doctor's intrusive questions about a young girl's sexual activity and pregnancy risk, which is inappropriate and disrespectful."
img03280.jpg,woman,Implicit-Harm,Misogyny,"The meme portrays women as overly emotional and men as emotionally distant, perpetuating a stereotype about gender differences in emotional responses."
img03281.jpg,woman driver,Implicit-Harm,Misogyny,The meme uses a stereotype to imply that women are more likely to cause traffic issues.
img03282.jpg,woman,Explicit-Harm,Sexual-Harassment,"The meme uses a sexualized joke about eggs, which is inappropriate and offensive."
img03283.jpg,woman wearing pajamas,Non-Harmful,NULL,The meme uses a neutral observation about a person's pajama choice without targeting women for abuse or harassment.
img03284.jpg,woman's appearance,Non-Harmful,NULL,The meme uses a common trope to create humor without targeting the woman for abuse or harassment.
img03285.jpg,woman,Non-Harmful,NULL,"The meme uses a humorous statement about a long-distance relationship to make a light-hearted joke, not targeting women for abuse or harassment."
img03286.jpg,woman,Non-Harmful,NULL,The meme uses a common internet meme format to express curiosity about someone's online interactions without targeting women for abuse or harassment.
img03287.jpg,woman,Non-Harmful,NULL,"The meme uses a humorous scenario involving a mechanic to make a point about activism, without targeting women for abuse or degradation."
img03288.jpg,woman,Non-Harmful,NULL,The meme uses a humorous scenario without targeting women for abuse or degradation.
img03289.jpg,woman reacting,Non-Harmful,NULL,"The image shows a woman reacting to a video, which is a neutral depiction without targeting women for abuse or harassment."
img03290.jpg,woman in formal attire,Non-Harmful,NULL,"The image is a humorous meme about grammar usage, not targeting women for abuse or degradation."
img03291.jpg,woman,Implicit-Harm,Sexual-Harassment,"The meme implies that women are not self-sufficient, which can be seen as a form of sexual harassment."
img03292.jpg,woman's appearance,Non-Harmful,NULL,"The image uses a comparison between two women to humorously depict different reactions to a situation, without targeting either for abuse or degradation."
img03293.jpg,woman,Non-Harmful,NULL,The meme uses humor to express frustration but does not target women for abuse or harassment.
img03294.jpg,woman holding sign,Non-Harmful,NULL,The image uses a meme format to question the message on the sign without directly targeting the woman.
img03295.jpg,woman smiling,Non-Harmful,NULL,The image is a positive affirmation about women's resilience during a pandemic.
img03296.jpg,woman,Implicit-Harm,Misogyny,"The meme suggests that women inherently understand each other but harbor mutual animosity, perpetuating a harmful stereotype about women's relationships."
img03297.jpg,woman,Non-Harmful,NULL,"The meme uses a common expression to convey frustration about the lack of bread, which is a neutral statement."
img03298.jpg,woman tennis player,Non-Harmful,NULL,"The meme uses a hyperbolic expression to convey determination, which is not directed at women."
img03299.jpg,woman,Non-Harmful,NULL,"The meme uses a humorous exchange about eating, which is not directed at women as a group."
img03300.jpg,woman pointing,Non-Harmful,NULL,The meme uses a humorous comparison without targeting women for abuse or degradation.
img03301.jpg,woman holding koala,Non-Harmful,NULL,"The image humorously contrasts the woman's self-proclaimed independence with her need for care and affection, but it does not target women for abuse or harassment."
img03302.jpg,woman,Non-Harmful,NULL,"The text is a statement of self-confidence and aspiration, not targeting women for abuse or degradation."
img03303.jpg,woman in a hole,Explicit-Harm,Violence,"The image depicts a woman in a hole, which implies she is being buried alive, a form of violence."
img03304.jpg,woman,Non-Harmful,NULL,"The image contains a self-deprecating statement about fear, which is not directed at women."
img03305.jpg,woman,Non-Harmful,NULL,"The image contains a headline about a woman who killed ISIS militants, which is factual and does not target women for abuse or harassment."
img03306.jpg,woman holding a box,Non-Harmful,NULL,The meme uses a humorous but non-abusive tone to wish someone a happy Mother's Day.
img03307.jpg,woman,Non-Harmful,NULL,The meme uses Kylie Jenner's image to humorously depict a situation without targeting her for abuse or degradation.
img03308.jpg,women at a party,Non-Harmful,NULL,"The image depicts a group of women at a party holding red cups, which is a neutral social scene."
img03309.jpg,woman's disappointment,Non-Harmful,NULL,The meme humorously depicts disappointment but does not target women for abuse or harassment.
img03310.jpg,woman,Non-Harmful,NULL,The meme uses a relatable scenario to highlight a common social dynamic without targeting the woman for abuse or degradation.
img03311.jpg,woman drinking wine,Non-Harmful,NULL,"The image depicts a woman drinking wine, which is a neutral activity and does not target women for abuse or harassment."
img03312.jpg,woman's appearance,Explicit-Harm,Sexual-Harassment,"The meme uses offensive language and implies sexual assault, targeting the woman's body."
img03313.jpg,woman,Non-Harmful,NULL,The meme humorously suggests a compromise without targeting women for abuse or degradation.
img03314.jpg,woman,Non-Harmful,NULL,The meme uses a humorous context to express frustration without targeting women for abuse or degradation.
img03315.jpg,woman wearing a face mask,Non-Harmful,NULL,The meme humorously contrasts expectations versus reality without targeting women for abuse or degradation.
img03316.jpg,woman eating,Implicit-Harm,Sexual-Harassment,"The meme compares women to men eating, suggesting a lack of respect for women's eating habits."
img03317.jpg,woman wearing work pants,Non-Harmful,NULL,"The image humorously depicts a situation where someone has to switch from leggings to work pants, but there is no explicit or implicit harm towards women."
img03318.jpg,woman's appearance,Implicit-Harm,Appearance-Attack,The meme uses exaggerated reactions to bikinis and underwear to attack women's appearances.
img03319.jpg,women friends,Non-Harmful,NULL,The meme depicts a humorous situation without targeting women for abuse or degradation.
img03320.jpg,woman's appearance,Implicit-Harm,Misogyny,The meme uses a woman's appearance to humorously criticize the idea of going to the beach.
img03321.jpg,woman's appearance,Non-Harmful,NULL,The meme uses a woman's appearance as a focal point but does not imply any form of harm.
img03322.jpg,wife,Non-Harmful,NULL,"The image uses a progression of labels to describe wives based on their husbands' wealth levels, which is a form of class-based discrimination."
img03323.jpg,woman smoking,Implicit-Harm,Sexual-Harassment,"The meme uses stereotypical imagery to depict women engaging in drug use, which can be seen as objectifying their actions."
img03324.jpg,woman,Non-Harmful,NULL,The meme does not target women for abuse or harassment.
img03325.jpg,woman giving advice,Non-Harmful,NULL,"The meme depicts a woman giving advice, which is a neutral interaction."
img03326.jpg,woman,Non-Harmful,NULL,The meme uses a relatable scenario to express a common experience without targeting women for abuse or degradation.
img03327.jpg,woman,Non-Harmful,NULL,The image is a humorous self-reflection about oversharing in conversations.
img03328.jpg,woman's appearance,Implicit-Harm,Appearance-Attack,The meme mocks the woman's appearance by suggesting that her makeup is so perfect it could iron her shirt.
img03329.jpg,woman's appearance,Non-Harmful,NULL,The meme uses a woman's appearance as a humorous context but does not target her for abuse or harassment.
img03330.jpg,woman,Explicit-Harm,Violence,"The meme depicts women as violent aggressors, which promotes harmful stereotypes about women's behavior."
img03331.jpg,woman pointing,Non-Harmful,NULL,"The image depicts a humorous interaction between two women, which is not targeted at women themselves."
img03332.jpg,woman,Non-Harmful,NULL,The meme uses a relatable scenario to express disappointment without targeting women for abuse or degradation.
img03333.jpg,woman hugging another woman,Non-Harmful,NULL,"The image depicts a positive interaction between two women, which does not target women for abuse or harassment."
img03334.jpg,woman,Non-Harmful,NULL,The meme uses a relatable scenario about financial priorities but does not target women for abuse or harassment.
img03335.jpg,tradeswoman,Implicit-Harm,Misogyny,"The meme categorizes women based on traditional roles, promoting stereotypes about their preferences and behaviors."
img03336.jpg,woman in high heels,Implicit-Harm,Sexual-Harassment,"The meme implies that the woman's appearance is the reason for unwanted attention, which is a form of sexual harassment."
img03337.jpg,woman,Explicit-Harm,Sexual-Harassment,The meme promotes a harmful stereotype that women are property.
img03338.jpg,woman,Non-Harmful,NULL,The meme uses a humorous and exaggerated scenario without targeting women for abuse or degradation.
img03339.jpg,woman on death row,Explicit-Harm,Violence,"The meme depicts a woman on death row being asked about her last meal, which is a cruel and insensitive way to treat someone facing imminent execution."
img03340.jpg,woman,Implicit-Harm,Sexual-Harassment,The meme uses a stereotype to imply that women are only valued when they are attractive to men.
img03341.jpg,woman,Non-Harmful,NULL,The meme uses a relatable scenario without targeting or degrading women.
img03343.jpg,woman,Explicit-Harm,Sexual-Harassment,The meme includes an item on the list ('Kills you') which is a violent threat against a woman.
img03344.jpg,woman,Non-Harmful,NULL,The meme discusses various aspects of body positivity without targeting women for abuse or harassment.
img03345.jpg,woman's appearance,Non-Harmful,NULL,"The meme uses a filter to enhance the woman's appearance, which is a neutral observation."
img03346.jpg,woman in pink outfit,Non-Harmful,NULL,"The meme uses a woman in a bright, eye-catching outfit to represent different emotional states, which is a neutral comparison."
img03347.jpg,woman holding bread,Non-Harmful,NULL,The image uses sarcasm to highlight the irony of someone claiming never to have eaten vegan food when holding a slice of bread.
img03348.jpg,woman,Non-Harmful,NULL,The meme uses a neutral tone to discuss personal issues without targeting women for abuse or degradation.
img03349.jpg,woman,Non-Harmful,NULL,The image uses a woman to represent Italians without targeting her for abuse or harassment.
img03350.jpg,woman,Non-Harmful,NULL,"The meme uses Caitlyn Jenner as a subject to make a humorous point about someone receiving an award, which is not harmful."
img03351.jpg,woman pointing,Non-Harmful,NULL,"The image uses a meme format to compare opinions about Whataburger between Texans and Californians, which is a neutral comparison."
img03352.jpg,woman pointing,Non-Harmful,NULL,The image uses a meme format to critique a sign without targeting women for abuse or harassment.
img03353.jpg,woman's appearance,Non-Harmful,NULL,The meme contrasts societal expectations with personal preferences without targeting women for abuse.
img03354.jpg,woman's appearance,Non-Harmful,NULL,"The image depicts a woman with a concerned expression, but there is no explicit or implicit harm towards her."
img03355.jpg,woman's appearance,Non-Harmful,NULL,The image humorously depicts a common experience without targeting women for abuse or degradation.
img03356.jpg,woman smoking,Non-Harmful,NULL,"The image depicts a woman smoking, which is a neutral activity and does not target women for abuse or harassment."
img03357.jpg,woman shaving,Non-Harmful,NULL,"The image depicts a woman shaving, which is a common activity unrelated to harm."
img03358.jpg,woman wearing hijab,Non-Harmful,NULL,The image does not depict any harmful content towards women.
img03359.jpg,women's appearance,Non-Harmful,NULL,"The image uses a stock photo of women in a photo booth setting, which is a common meme format but does not target women for abuse or harassment."
img03361.jpg,woman,Implicit-Harm,Sexual-Harassment,The meme uses a suggestive tone to imply feminists are being harassed for advocating for women's rights.
img03362.jpg,imprisoned woman,Non-Harmful,NULL,"The image depicts a woman in prison, but there is no explicit or implicit harm towards her."
img03363.jpg,woman wearing a face mask,Non-Harmful,NULL,"The image depicts a woman wearing a face mask, which is unrelated to any form of harm."
img03364.jpg,woman,Non-Harmful,NULL,The meme uses a humorous but neutral comparison to highlight wage disparity.
img03365.jpg,elderly woman,Non-Harmful,NULL,The meme uses a humorous but neutral description of an elderly woman's condition without targeting her for abuse or harassment.
img03366.jpg,woman's appearance,Implicit-Harm,Misogyny,The meme uses a woman's appearance to mock her age and suggest she is forgetful.
img03367.jpg,woman wearing a paper bag on her head,Non-Harmful,NULL,The image uses a humorous and exaggerated scenario to celebrate sobriety without targeting women for abuse or degradation.
img03368.jpg,woman,Non-Harmful,NULL,The image uses a meme format to express gratitude without targeting the woman for abuse or harassment.
img03369.jpg,woman,Non-Harmful,NULL,The image celebrates personal freedom and mental health prioritization without targeting women for abuse or degradation.
img03370.jpg,Miss Universe contestant,Implicit-Harm,Appearance-Attack,"The meme compares a Miss Universe contestant to a McDonald's worker, suggesting that beauty contests are more prestigious than working at a fast-food chain."
img03371.jpg,woman holding coffee cup,Implicit-Harm,Appearance-Attack,"The meme implies that women have evolved to have strong grip strength due to lack of pockets, which is a stereotype."
img03372.jpg,woman,Non-Harmful,NULL,"The meme uses a positive context to describe admiration for someone's resilience and success, which is not harmful."
img03373.jpg,woman's appearance,Non-Harmful,NULL,"The image is a humorous meme depicting a person with exaggerated makeup and hair, which is not intended to harm or stereotype women."
img03374.jpg,woman's appearance,Non-Harmful,NULL,"The image humorously depicts a doll with exaggeratedly messy hair, which is a common trope in memes to highlight the inconvenience of air-drying hair."
img03375.jpg,woman,Non-Harmful,NULL,"The image depicts a woman expressing frustration, but there is no explicit or implicit harm towards her."
img03376.jpg,woman's appearance,Non-Harmful,NULL,The image uses a humorous scenario to comment on the effects of drinking slushies too fast without targeting women for abuse or degradation.
img03377.jpg,woman in purple dress,Non-Harmful,NULL,"The image features a woman in a pin-up style, which is often associated with objectification and traditional gender roles."
img03378.jpg,woman,Non-Harmful,NULL,The meme uses a woman to illustrate a humorous but non-harmful scenario about social interactions.
img03379.jpg,woman in dishwasher,Non-Harmful,NULL,The image uses a humorous comparison to highlight a mundane task rather than targeting women for abuse or degradation.
img03380.jpg,woman's expression,Non-Harmful,NULL,"The image shows a woman with a neutral expression, which is part of a humorous dialogue about her lack of concern."
img03381.jpg,woman eating carrots,Non-Harmful,NULL,The image depicts a woman eating carrots without any negative connotations towards her.
img03382.jpg,woman,Non-Harmful,NULL,The meme uses a humorous expression to depict frustration but does not target women for abuse or harassment.
img03383.jpg,woman's appearance,Implicit-Harm,Appearance-Attack,The meme criticizes the woman's attire as inappropriate for a formal dinner setting.
img03384.jpg,woman,Non-Harmful,NULL,The meme provides an explanation for a common phrase without promoting harmful stereotypes.
img03385.jpg,woman,Implicit-Harm,Sexual-Harassment,"The meme implies that women need specialized products while men can use a multi-purpose shampoo, suggesting a double standard."
img03386.jpg,woman's appearance,Implicit-Harm,Sexual-Harassment,The meme uses a suggestive caption to imply that women's attractiveness diminishes when they turn around.
img03387.jpg,woman at Target or Home Goods,Non-Harmful,NULL,The meme uses a neutral scenario to highlight a common experience without targeting women for abuse or harassment.
img03388.jpg,woman in bikini,Explicit-Harm,Appearance-Attack,"The image shows a woman with severe sunburn, highlighting the harmful effects of sun exposure without sunscreen."
img03389.jpg,woman,Non-Harmful,NULL,The meme uses a woman's emotional reaction to express disappointment about low engagement on memes.
img03390.jpg,female role,Non-Harmful,NULL,The image does not target women for abuse or harassment.
img03391.jpg,woman,Non-Harmful,NULL,The meme uses a humorous statement about making a woman laugh without implying any negative or harmful intent.
img03392.jpg,woman sitting on toilet,Non-Harmful,NULL,The image depicts a common social observation without targeting women for abuse or harassment.
img03393.jpg,Sarah Schauer,Explicit-Harm,Sexual-Harassment,"The tweet from Sarah Schauer equates abortion to murder but trivializes the death penalty for women who have abortions, which is a form of sexual harassment."
img03394.jpg,woman eating crackers,Explicit-Harm,Sexual-Harassment,"The meme uses derogatory language to describe the woman's actions, promoting a harmful stereotype."
img03395.jpg,woman,Non-Harmful,NULL,The meme uses a relatable scenario to comment on dating dynamics without targeting women for abuse or degradation.
img03396.jpg,woman,Non-Harmful,NULL,The image uses a humorous scenario without targeting women for abuse or degradation.
img03397.jpg,woman,Non-Harmful,NULL,"The meme uses exaggerated expressions to humorously depict different perceptions of a woman during menopause, without targeting her for abuse or harassment."
img03398.jpg,woman,Non-Harmful,NULL,"The image uses a humorous context to depict a manager asking about work, but it does not target women for abuse or harassment."
img03399.jpg,woman,Implicit-Harm,Sexual-Harassment,"The meme uses a question about a woman's attractiveness to imply she should be in a relationship, which is a form of sexual harassment."
img03400.jpg,woman,Non-Harmful,NULL,The meme uses a relatable scenario about financial responsibility without targeting women for abuse or degradation.
img03401.jpg,woman being photographed,Non-Harmful,NULL,The image depicts a photographer and a model in a professional setting without any explicit or implicit harm to the woman.
img03402.jpg,woman,Implicit-Harm,Sexual-Harassment,"The meme uses derogatory language to describe women, promoting negative stereotypes."
img03403.jpg,woman,Explicit-Harm,Sexual-Harassment,The meme includes a derogatory term 'faggot' directed at a woman.
img03404.jpg,woman,Implicit-Harm,Sexual-Harassment,The meme uses a question about a husband's ease to please to imply that women should be subservient.
img03405.jpg,woman sitting,Non-Harmful,NULL,The image depicts a woman in a casual setting without any harmful content.
img03406.jpg,women,Non-Harmful,NULL,"The meme compares naming video games to naming women, which is a neutral comparison."
img03407.jpg,woman cleaning,Non-Harmful,NULL,The image uses a woman performing a mundane task to humorously contrast with the serious tone of the methamphetamine reference.
img03408.jpg,woman in Wonder Woman costume,Non-Harmful,NULL,The meme uses a comparison between different strong women to highlight their unique strengths without degrading or mocking them.
img03409.jpg,woman,Non-Harmful,NULL,The meme uses a relatable scenario to express self-blame without targeting women for abuse or harassment.
img03410.jpg,woman,Non-Harmful,NULL,The meme does not target women for abuse or harassment.
img03411.jpg,woman laughing,Non-Harmful,NULL,The meme uses a humorous scenario without targeting women for abuse or degradation.
img03412.jpg,woman's appearance,Non-Harmful,NULL,"The image uses a meme format to express surprise, which is a neutral reaction and does not target women for abuse or harassment."
img03413.jpg,woman,Non-Harmful,NULL,The meme humorously highlights the frustration of trying to take a good photo when looking cute.
img03414.jpg,woman in pink shirt,Non-Harmful,NULL,The image depicts a woman reacting to a situation but does not imply any form of harm.
img03415.jpg,strong independent woman,Implicit-Harm,Misogyny,"The meme implies that being strong and independent is equivalent to loneliness, which stereotypes women."
img03416.jpg,woman,Non-Harmful,NULL,The meme uses a humorous context without targeting women for abuse or degradation.
img03417.jpg,woman's appearance,Non-Harmful,NULL,"The image uses a comparison between two women to make a humorous point about relationships, but it does not target women for abuse or harassment."
img03418.jpg,woman with red hair,Explicit-Harm,Sexual-Harassment,"The meme makes a sexual joke about the woman's pubic hair, which is an explicit form of sexual harassment."
img03419.jpg,woman,Non-Harmful,NULL,The image depicts a playful surprise scenario without any harmful intent towards the woman.
img03420.jpg,woman,Non-Harmful,NULL,The image does not target women for abuse or harassment.
img03421.jpg,woman in a bathtub,Non-Harmful,NULL,"The image is a humorous meme featuring a woman in an unconventional setting, which is not intended to harm or degrade her."
img03422.jpg,woman,Non-Harmful,NULL,"The image depicts a woman holding corn on the cob, which is unrelated to any form of harm towards women."
img03423.jpg,woman,Non-Harmful,NULL,The image depicts a woman in a casual setting without any explicit or implicit harm towards her.
img03425.jpg,pregnant woman,Non-Harmful,NULL,"The image is a humorous observation about memes being created during a challenging year, not targeting women for abuse."
img03426.jpg,woman,Non-Harmful,NULL,"The meme uses a relatable scenario to express frustration about the passage of time, which is not directed at women."
img03427.jpg,woman,Non-Harmful,NULL,"The image uses a cat to humorously reference COVID-19, which is not directed at women."
img03428.jpg,women at the gym,Implicit-Harm,Misogyny,The meme uses a stereotype to criticize women who attend the gym but eat poorly.
img03429.jpg,woman in traditional attire,Non-Harmful,NULL,"The image appears to be a humorous meme involving characters from a fictional universe, without targeting women for abuse or degradation."
img03430.jpg,woman with bruise,Explicit-Harm,Violence,"The image depicts a woman with a visible bruise, suggesting physical harm."
img03431.jpg,female,Non-Harmful,NULL,"The meme uses stereotypes about emotional reactions to critique personality types, which is not harmful."
img03432.jpg,woman trying to fix car,Non-Harmful,NULL,"The image shows a woman attempting to fix her car, which is a neutral depiction of a common scenario."
img03433.jpg,woman's appearance,Non-Harmful,NULL,"The image humorously depicts a single person's life without romantic interest, focusing on their solitude rather than any negative portrayal of women."
img03434.jpg,woman wearing a crown,Non-Harmful,NULL,The image uses a metaphorical comparison to express self-affirmation without targeting women for abuse or harassment.
img03436.jpg,woman,Non-Harmful,NULL,The image does not target women for abuse or harassment.
img03438.jpg,woman carrying heavy load,Implicit-Harm,Sexual-Harassment,"The meme implies that being strong and independent means carrying heavy burdens, which can be seen as degrading."
img03439.jpg,Italian girls,Implicit-Harm,Misogyny,"The meme stereotypes Italian women as having only two moods, which is a form of degrading generalization."
img03440.jpg,geeky women,Non-Harmful,NULL,The meme celebrates geeky women without any negative connotations.
img03441.jpg,woman cooking,Non-Harmful,NULL,"The image depicts a woman cooking, which is a neutral activity and does not target women for abuse or harassment."
img03442.jpg,woman sitting,Non-Harmful,NULL,"The image depicts a woman sitting and talking on her phone, which is a neutral depiction without any harmful connotations."
img03443.jpg,woman,Implicit-Harm,Sexual-Harassment,"The meme depicts a woman being harassed by a man, which implies a harmful interaction."
img03444.jpg,woman's appearance,Non-Harmful,NULL,The meme uses a humorous context to comment on fashion trends without targeting the woman's appearance as harmful.
img03445.jpg,angry woman,Implicit-Harm,Misogyny,The meme perpetuates a harmful stereotype by suggesting that men are often unaware of their own actions contributing to conflict.
img03446.jpg,pregnancy test,Non-Harmful,NULL,"The image shows a pregnancy test being thrown away, which is a neutral action without targeting women for abuse or harassment."
img03447.jpg,woman's appearance,Implicit-Harm,Sexual-Harassment,The meme uses a provocative image of a woman's leg to make a suggestive comment about dating Latinas.
img03448.jpg,woman,Explicit-Harm,Sexual-Harassment,"The meme advises the woman to be sexually promiscuous, which is a form of sexual harassment."
img03449.jpg,woman's appearance,Implicit-Harm,Appearance-Attack,"The meme uses a comparison based on physical attributes to make a humorous statement about hunger, which can be seen as degrading."
img03450.jpg,woman,Non-Harmful,NULL,"The meme uses a humorous statement about dating and health, which is not directed at women as a group."
img03451.jpg,woman in a medical uniform,Non-Harmful,NULL,The meme uses a woman in a medical uniform to illustrate a personal experience but does not target her for abuse or harassment.
img03452.jpg,woman's emotional response to men crying,Implicit-Harm,Sexual-Harassment,"The meme implies that women should not cry when men do, which is a form of sexual harassment."
img03453.jpg,woman singing,Non-Harmful,NULL,The meme uses a humorous comparison without targeting women for abuse or degradation.
img03454.jpg,woman speaking,Explicit-Harm,Sexual-Harassment,"The meme uses a confrontational tone towards the woman, which can be interpreted as sexual harassment."
img03455.jpg,woman's appearance,Non-Harmful,NULL,"The image is a humorous depiction of a reaction to various situations, not targeting women for abuse or harassment."
img03456.jpg,woman at the party,Non-Harmful,NULL,"The image is a humorous meme about a person at a party expressing an opinion, which is a neutral interaction."
img03457.jpg,woman's appearance,Non-Harmful,NULL,The image uses a woman's appearance as a visual element without targeting her for abuse or harassment.
img03458.jpg,woman,Implicit-Harm,Sexual-Harassment,The meme perpetuates a harmful stereotype about women's behavior being influenced by men.
img03459.jpg,woman,Non-Harmful,NULL,The image uses a political spectrum to discuss mental health statistics but does not target women for abuse or harassment.
img03460.jpg,woman,Non-Harmful,NULL,The image is a humorous observation about men's qualities without targeting women for abuse or harassment.
img03461.jpg,Sarah Connor,Non-Harmful,NULL,"The meme uses Sarah Connor from 'Terminator' to humorously depict a reaction, but it does not target women for abuse or harassment."
img03462.jpg,woman's appearance,Non-Harmful,NULL,"The image depicts a woman in an elegant outfit, which is a neutral portrayal without targeting her for abuse or harassment."
img03463.jpg,Kermit the Frog,Non-Harmful,NULL,The image depicts Kermit the Frog in a humorous scenario but does not target women for abuse or harassment.
img03464.jpg,woman,Implicit-Harm,Misogyny,"The meme uses the term 'Cancer' as a derogatory label, targeting the woman's identity."
img03465.jpg,woman's laughter,Non-Harmful,NULL,"The image depicts a woman laughing at her own joke, which is a positive and self-deprecating moment."
img03466.jpg,girls,Non-Harmful,NULL,"The image is a meme suggesting that girls will choose a personality based on their age, which is a neutral observation."
img03467.jpg,woman,Non-Harmful,NULL,"The meme uses a humorous comparison between women and men, which is a common form of gendered humor."
img03468.jpg,woman,Non-Harmful,NULL,The meme uses a humorous comparison to highlight the double standard in storytelling.
img03469.jpg,woman,Non-Harmful,NULL,"The image uses stereotypes and caricatures to depict feminists, which is not harmful but rather a form of humor."
img03470.jpg,woman,Implicit-Harm,Misogyny,"The meme uses a hyperbolic and dismissive tone to stereotype women's reactions, implying they are easily angered."
img03471.jpg,woman,Non-Harmful,NULL,"The image shows a woman reacting to a humorous situation involving a request for more boxes, but there is no explicit or implicit harm towards her."
img03472.jpg,woman cleaning,Non-Harmful,NULL,The image depicts a woman engaged in cleaning activities without any negative connotations.
img03473.jpg,woman,Explicit-Harm,Sexual-Harassment,"The meme implies that the woman is being objectified and reduced to a stereotype, which is a form of sexual harassment."
img03474.jpg,woman,Explicit-Harm,Sexual-Harassment,"The meme suggests that women need to learn fighting skills as part of their survival, which implies a fear-based narrative about their vulnerability."
img03475.jpg,woman passenger,Non-Harmful,NULL,"The image depicts a woman reacting to a video, which is a neutral scenario."
img03476.jpg,woman,Non-Harmful,NULL,The meme uses a relatable scenario to highlight financial struggles without targeting women for abuse or degradation.
img03477.jpg,woman holding sign,Explicit-Harm,Sexual-Harassment,The meme uses offensive language directed at women.
img03478.jpg,woman,Non-Harmful,NULL,"The image appears to be a meme with a humorous caption in Russian, but there is no explicit or implicit harm towards women."
img03479.jpg,golf girls on Instagram,Implicit-Harm,Misogyny,"The meme contrasts idealized golf images with real players, suggesting a gap between expectations and reality."
img03480.jpg,woman,Implicit-Harm,Sexual-Harassment,The meme suggests that following men's rules will result in a life filled with sacrifice and regret.
img03481.jpg,woman wearing choker,Non-Harmful,NULL,The meme uses a neutral discussion about health to highlight the woman's appearance without any harmful intent.
img03482.jpg,woman's appearance,Non-Harmful,NULL,The meme uses a humorous scenario without targeting women for abuse or degradation.
img03483.jpg,woman sitting,Non-Harmful,NULL,"The image depicts a woman in a casual pose with text indicating a reflective thought process, which is neutral and does not target women for abuse or harassment."
img03484.jpg,woman giving thumbs up,Non-Harmful,NULL,The image provides advice on managing emotions without targeting women for abuse.
img03485.jpg,woman,Non-Harmful,NULL,The meme uses a neutral scenario to make a humorous observation about phone placement.
img03486.jpg,woman pointing,Non-Harmful,NULL,The image uses a meme format to express frustration but does not target women for abuse or harassment.
img03487.jpg,woman with long hair,Non-Harmful,NULL,"The image shows a woman with long hair, but there is no indication of harm or negative portrayal."
img03488.jpg,woman,Non-Harmful,NULL,The meme uses a neutral statement without targeting women for abuse or harassment.
img03489.jpg,woman with zombie makeup,Explicit-Harm,Misogyny,"The meme depicts a woman as a zombie, which is a harmful stereotype often used to dehumanize and objectify women."
img03490.jpg,woman's appearance,Non-Harmful,NULL,"The image is a humorous take on a 'Barbie Bunny' character, which is not meant to harm or stereotype women."
img03492.jpg,woman,Non-Harmful,NULL,The meme uses a humorous scenario without targeting women for abuse or degradation.
img03493.jpg,woman's appearance,Non-Harmful,NULL,The image compares makeup looks indoors versus outdoors without targeting women for abuse or degradation.
img03494.jpg,woman's face,Non-Harmful,NULL,The image depicts a humorous scenario without targeting women for abuse or harassment.
img03495.jpg,woman crying,Non-Harmful,NULL,"The image shows a woman crying, which is a personal expression and does not target women for abuse or harassment."
img03496.jpg,woman in grocery store,Implicit-Harm,Sexual-Harassment,"The meme uses exaggerated language to describe the woman as 'crazy,' which could be interpreted as objectifying her."
img03497.jpg,men,Non-Harmful,NULL,The meme uses a neutral comparison between men and women without targeting either group for abuse or degradation.
img03498.jpg,woman patient,Non-Harmful,NULL,The meme uses a humorous exchange about blood color to make a point without targeting women for abuse or harassment.
img03499.jpg,woman,Non-Harmful,NULL,The image depicts a humorous scenario without targeting women for abuse or degradation.
img03500.jpg,Greta Thunberg,Non-Harmful,NULL,The meme does not target Greta Thunberg for abuse or harassment.
img03501.jpg,woman,Non-Harmful,NULL,"The image features a woman with a confident expression and a caption expressing desire for what she wants, which is a neutral statement."
img03502.jpg,monkey,Non-Harmful,NULL,"The image uses a monkey to represent a person, but there is no specific targeting of women."
img03503.jpg,woman cleaning,Non-Harmful,NULL,The meme humorously depicts an exaggerated level of cleanliness without targeting women for abuse or degradation.
img03504.jpg,woman speaking,Non-Harmful,NULL,The meme promotes positive self-affirmation regarding sexual satisfaction without targeting women for abuse or degradation.
img03505.jpg,woman,Non-Harmful,NULL,The meme uses a neutral observation about personal feelings without targeting women for abuse or degradation.
img03506.jpg,treating women like objects,Explicit-Harm,Sexual-Harassment,The meme suggests a harmful comparison between treating women as objects and treating objects as women.
img03507.jpg,woman's appearance,Non-Harmful,NULL,The image uses a woman's appearance as a visual element but does not target her for abuse or harassment.
img03508.jpg,woman,Non-Harmful,NULL,The meme does not target women for abuse or harassment.
img03510.jpg,woman,Non-Harmful,NULL,"The image uses a meme format to make a humorous statement about a woman, but it does not target her for abuse or harassment."
img03511.jpg,woman's appearance,Non-Harmful,NULL,The image uses a historical painting to humorously depict a modern situation without targeting women for abuse or degradation.
img03512.jpg,angry woman,Implicit-Harm,Misogyny,The meme perpetuates a harmful stereotype about women's anger being linked to men's ignorance.
img03513.jpg,hair stylist,Non-Harmful,NULL,"The image depicts a friendly interaction between two women, emphasizing support and companionship."
img03514.jpg,woman,Non-Harmful,NULL,The meme uses a woman to convey a humorous but non-harmful situation.
img03515.jpg,woman's appearance,Implicit-Harm,Appearance-Attack,"The meme criticizes the 'me' character's appearance, suggesting she should conform to a more idealized standard."
img03516.jpg,woman,Non-Harmful,NULL,"The image depicts a woman in a luxurious setting, which is neutral and does not target women for abuse or harassment."
img03517.jpg,woman's appearance,Non-Harmful,NULL,"The image uses a black-and-white photo of a smiling woman to humorously reference 'bite marks,' which is a non-sexist joke."
img03518.jpg,woman,Non-Harmful,NULL,"The meme uses a casual, friendly tone to give advice, which is not harmful."
img03519.jpg,woman,Non-Harmful,NULL,The meme uses a general statement about people being 'messed up' without targeting or degrading any specific group.
img03520.jpg,woman cooking,Implicit-Harm,Sexual-Harassment,"The meme implies that women are solely responsible for maintaining cleanliness in the kitchen, which is a form of sexual harassment."
img03521.jpg,woman being alone,Non-Harmful,NULL,The meme depicts a woman enjoying solitude without any negative connotations.
img03522.jpg,woman,Non-Harmful,NULL,The meme uses a relatable scenario to express frustration without targeting women for abuse or degradation.
img03523.jpg,woman pointing,Non-Harmful,NULL,The image uses a meme format to juxtapose two unrelated statements without targeting women for abuse or harassment.
img03524.jpg,woman's hands,Explicit-Harm,Sexual-Harassment,"The meme suggests that a woman's hands around someone's neck indicate she is upset, which could be interpreted as a sexual harassment scenario."
img03525.jpg,female role,Implicit-Harm,Sexual-Harassment,"The meme implies that brands cater to women's preferences, which can be seen as objectifying women."
img03526.jpg,woman pointing,Non-Harmful,NULL,The image uses a meme format to express frustration but does not target women for abuse or harassment.
img03527.jpg,woman walking,Non-Harmful,NULL,The meme humorously depicts a common social situation without targeting women for abuse or degradation.
img03528.jpg,woman cooking,Non-Harmful,NULL,The image is a humorous depiction of a common cooking scenario without any harmful intent.
img03529.jpg,woman's appearance,Implicit-Harm,Appearance-Attack,"The meme uses a caricatured depiction of a woman to make a comparison about friendship, which could be seen as degrading."
img03530.jpg,woman,Non-Harmful,NULL,The meme uses a humorous scenario without targeting women for abuse or degradation.
img03531.jpg,woman,Implicit-Harm,Misogyny,The meme perpetuates a harmful stereotype by suggesting women are always right regardless of their actual correctness.
img03532.jpg,woman's appearance,Non-Harmful,NULL,"The meme uses a strong, assertive language about facial expressions but does not target women for abuse or harassment."
img03533.jpg,woman's day,Implicit-Harm,Sexual-Harassment,"The meme implies that men are expected to be more attentive during Women's Day, suggesting a gender-specific expectation."
img03534.jpg,woman's appearance,Non-Harmful,NULL,"The image uses a humorous comparison between a thong and 'butt floss', which is a playful and non-offensive joke."
img03535.jpg,woman passenger,Non-Harmful,NULL,The meme uses a humorous scenario without targeting women for abuse or degradation.
img03536.jpg,woman sneezing,Non-Harmful,NULL,The meme humorously depicts a common situation without targeting women for abuse or degradation.
img03537.jpg,woman,Non-Harmful,NULL,The image uses a humorous exchange between two women without targeting them for abuse or degradation.
img03538.jpg,woman,Implicit-Harm,Sexual-Harassment,The meme implies a sexual double standard by suggesting the woman's infidelity is more noteworthy than the man's.
img03539.jpg,woman's appearance,Non-Harmful,NULL,The meme uses exaggerated and unrealistic scenarios to humorously contrast romantic expectations between genders.
img03540.jpg,woman holding a gun,Explicit-Harm,Sexual-Harassment,"The meme uses a woman holding a gun as a visual to reinforce a harmful stereotype about Italian girls, which can be interpreted as sexual harassment."
img03541.jpg,woman,Explicit-Harm,Sexual-Harassment,"The meme uses derogatory language to criticize women's equality, which can be seen as an attack on their rights."
img03542.jpg,woman speaking,Non-Harmful,NULL,"The image shows a woman speaking, but there is no indication of harm towards her."
img03543.jpg,woman's appearance,Non-Harmful,NULL,The meme uses a generic comparison to 'average' without targeting a specific individual or group.
img03544.jpg,woman's appearance,Non-Harmful,NULL,The image shows historical progressions but does not depict any harmful actions towards women.
img03545.jpg,woman in the foreground,Non-Harmful,NULL,"The image uses historical imagery to critique modern attitudes towards women, but it does not explicitly harm or degrade the woman depicted."
img03546.jpg,woman character,Non-Harmful,NULL,The meme uses a positive and affectionate tone towards the character without any harmful connotations.
img03547.jpg,woman,Explicit-Harm,Sexual-Harassment,"The meme uses a degrading term 'bitches' and implies sexual harassment, targeting the woman's appearance and behavior."
img03548.jpg,woman,Non-Harmful,NULL,The meme uses a woman to deliver a religious message without targeting her for abuse or degradation.
img03549.jpg,woman,Non-Harmful,NULL,The image uses a woman to depict a relatable parenting scenario without targeting her for abuse or degradation.
img03550.jpg,woman's appearance,Non-Harmful,NULL,"The meme uses a filter to mock the woman's appearance, which is not harmful."
img03551.jpg,woman,Non-Harmful,NULL,"The meme uses a 'Me Too' reference without context, which could be interpreted as trivializing serious issues."
img03552.jpg,woman wearing sunglasses,Non-Harmful,NULL,The meme does not target women for abuse or harassment.
img03553.jpg,woman,Non-Harmful,NULL,The quote is a positive statement about qualities a woman should possess.
img03554.jpg,woman holding papers,Non-Harmful,NULL,The image does not depict any harmful content towards women.
img03555.jpg,woman,Non-Harmful,NULL,The meme uses a neutral expression to convey a relatable sentiment without targeting women for abuse or degradation.
img03556.jpg,woman,Implicit-Harm,Sexual-Harassment,"The meme implies that appealing to a man by bashing other girls is a negative trait, which can be seen as a form of sexual harassment."
img03557.jpg,woman,Explicit-Harm,Sexual-Harassment,The meme includes explicit sexual content and suggestive language directed at the woman.
img03558.jpg,woman holding knife,Explicit-Harm,Violence,"The image depicts a woman holding a knife, which conveys a violent act."
img03559.jpg,woman,Implicit-Harm,Sexual-Harassment,"The meme suggests that women should scream obscenities as a cheaper alternative to therapy, which implies a degrading view of their emotional well-being."
img03560.jpg,woman holding coffee pot,Non-Harmful,NULL,The image uses a humorous context to express a need for coffee without targeting women for abuse or degradation.
img03561.jpg,woman in pink dress,Non-Harmful,NULL,"The image is a humorous meme about guessing who farted, which does not target women for abuse or harassment."
img03562.jpg,woman,Explicit-Harm,Sexual-Harassment,"The meme uses a derogatory term 'coochie' to describe a smell, which is a form of sexual harassment."
img03563.jpg,women without makeup,Non-Harmful,NULL,"The meme compares women's appearances with and without makeup, which is a neutral observation."
img03564.jpg,woman,Implicit-Harm,Sexual-Harassment,The meme uses stereotypes about Asian women to create a hierarchy of perceived preferences and roles.
img03565.jpg,Mexican moms,Implicit-Harm,Misogyny,"The meme uses a stereotype to mock Mexican mothers, implying they are overly protective."
img03566.jpg,woman's appearance,Implicit-Harm,Appearance-Attack,The meme uses exaggerated physical characteristics to mock the woman's appearance.
img03567.jpg,woman holding money,Non-Harmful,NULL,"The image depicts a woman holding money, which is a neutral depiction without any harmful connotations."
img03568.jpg,woman with blue hair,Non-Harmful,NULL,"The image features a woman with blue hair, but there is no indication of harm or negative portrayal towards her."
img03569.jpg,woman's appearance,Non-Harmful,NULL,The image uses a woman's exaggerated physical features for comedic effect without targeting her for abuse or harassment.
img03570.jpg,woman working on laptop,Non-Harmful,NULL,The image humorously depicts a common workplace issue without targeting women for abuse or degradation.
img03571.jpg,female relationship,Non-Harmful,NULL,"The image discusses general truths about relationships and mental health, which do not specifically target women."
img03572.jpg,woman's appearance,Explicit-Harm,Sexual-Harassment,"The image depicts a woman being held tightly from behind, which implies a lack of consent and control over her body."
img03573.jpg,woman,Non-Harmful,NULL,The meme uses a neutral discussion about cereals and milk to introduce a random unrelated topic.
img03574.jpg,woman,Non-Harmful,NULL,The meme uses a crying woman to humorously depict frustration without targeting her for abuse or degradation.
img03575.jpg,woman pretending to be on the phone,Non-Harmful,NULL,"The meme depicts a scenario where a woman pretends to be on the phone to avoid harassment, which is a neutral depiction of a common situation."
img03576.jpg,woman pointing,Non-Harmful,NULL,"The image uses a meme format to juxtapose a serious-looking woman with a cat, likely for humorous effect without targeting women for abuse or degradation."
img03577.jpg,woman,Non-Harmful,NULL,The meme uses a humorous comparison between boys and girls' reactions to a relationship ending without targeting women for abuse or degradation.
img03578.jpg,woman pointing,Non-Harmful,NULL,The meme uses a humorous interaction between two women without targeting them for abuse or degradation.
img03579.jpg,woman caller,Non-Harmful,NULL,"The meme uses a common trope to humorously depict a frustrated caller, which is not intended as an attack on women."
img03580.jpg,angry woman,Implicit-Harm,Misogyny,"The meme perpetuates a harmful stereotype by suggesting that angry women are always the result of men's actions, which can lead to victim-blaming."
img03581.jpg,woman in shorts,Non-Harmful,NULL,"The image is a humorous meme depicting a person reacting to their pet doing nothing, which is not directed at women."
img03582.jpg,"strong, independent black woman",Non-Harmful,NULL,The meme celebrates self-reliance and independence without targeting women negatively.
img03583.jpg,woman with glasses,Non-Harmful,NULL,The meme uses a humorous statement about nail biting without targeting women for abuse or degradation.
img03584.jpg,woman in the air,Explicit-Harm,Sexual-Harassment,"The meme uses a suggestive and explicit phrase 'FUCK ME IN THE ASS' alongside an image of a woman in mid-air, which implies sexual harassment."
img03585.jpg,woman wearing sunglasses,Non-Harmful,NULL,"The image features a woman in sunglasses with a confident pose and empowering text, promoting self-assurance rather than targeting women."
img03586.jpg,woman,Explicit-Harm,Sexual-Harassment,"The meme uses derogatory language to describe menopause, equating it to a transformation from 'a Bitch to an Exorcist,' which is degrading."
img03587.jpg,woman,Implicit-Harm,Misogyny,"The meme uses a刻板印象 to criticize the woman's motherhood, suggesting she doesn't measure up to other mothers."
img03588.jpg,woman's appearance,Non-Harmful,NULL,"The image shows a woman hugging a man in a grocery store aisle, which does not target women for abuse or harassment."
img03589.jpg,woman in red dress,Implicit-Harm,Sexual-Harassment,"The meme uses a drag queen to imply sexual innuendo about keeping secrets, which can be seen as sexual harassment."
img03590.jpg,woman holding sign,Non-Harmful,NULL,The sign advocates for feminism but does not target women for abuse or harassment.
img03591.jpg,woman in labor,Implicit-Harm,Misogyny,"The meme compares the pain of childbirth to the discomfort of a man having a cold, trivializing the experience of labor."
img03592.jpg,woman's face,Non-Harmful,NULL,The meme uses a humorous statement about facial appearance without targeting women for abuse or degradation.
img03593.jpg,woman patient,Non-Harmful,NULL,The meme uses a common trope to humorously depict a patient's discomfort during a dental check-up.
img03594.jpg,woman,Explicit-Harm,Character-Assassination,"The meme labels the woman as 'World's #1 Unfit Mother' and criticizes her choices, which is a form of character assassination."
img03595.jpg,women discussing car,Non-Harmful,NULL,"The image depicts two women discussing a car, which is a neutral scenario."
img03596.jpg,woman pointing,Non-Harmful,NULL,"The image shows a woman pointing, which is a neutral action without targeting women for abuse or harassment."
img03597.jpg,woman,Non-Harmful,NULL,"The image features a stylized woman with a quote about silence and noise, which is a general statement and does not target women for abuse or harassment."
img03598.jpg,woman with pink hair,Explicit-Harm,Misogyny,"The meme uses a derogatory term 'aunty acid' to describe an older woman, which is a form of ageism and sexism."
img03599.jpg,woman at work,Non-Harmful,NULL,The meme uses a relatable scenario to express the stress of a job without targeting women for abuse or degradation.
img03600.jpg,woman,Non-Harmful,NULL,The meme uses a neutral statement about feminism without targeting women for abuse or harassment.
img03601.jpg,woman in sunglasses,Non-Harmful,NULL,"The image appears to be a humorous meme about a man's reaction to his wife's attractiveness, but it does not target women for abuse or harassment."
img03602.jpg,woman,Explicit-Harm,Sexual-Harassment,"The meme depicts a man reacting to a woman's refusal to sit on his face, which is a form of sexual harassment."
img03603.jpg,woman,Implicit-Harm,Sexual-Harassment,"The meme implies that women naturally speak higher-pitched when attracted to men, which is a form of sexual harassment."
img03604.jpg,woman taking a selfie,Explicit-Harm,Sexual-Harassment,"The text implies a sexual double standard, suggesting that a woman's attractiveness can be judged based on her physical appearance."
img03605.jpg,woman,Non-Harmful,NULL,The meme uses a humorous context without targeting women for abuse or degradation.
img03606.jpg,woman,Explicit-Harm,Sexual-Harassment,The meme uses derogatory language to degrade the woman's appearance and character.
img03607.jpg,woman,Non-Harmful,NULL,"The image depicts two individuals in a washing machine, which is a humorous and non-offensive scenario."
img03608.jpg,woman in the 21st century,Non-Harmful,NULL,The meme uses a goth girlfriend as a humorous context but does not target her for abuse or harassment.
img03609.jpg,woman,Non-Harmful,NULL,The meme uses a common trope to humorously depict a romantic interaction without targeting women for abuse or degradation.
img03610.jpg,woman reporter,Non-Harmful,NULL,"The image is a humorous meme depicting a reporter reacting to a situation, which is a common trope in comedy."
img03611.jpg,woman's appearance,Explicit-Harm,Appearance-Attack,"The meme uses exaggerated body sizes to make a humorous comparison, which can be seen as objectifying women."
img03612.jpg,blonde woman,Explicit-Harm,Sexual-Harassment,The meme uses derogatory language to describe the blonde woman as 'dumb' and implies she needs to be short to be understood by men.
img03613.jpg,woman's hair,Non-Harmful,NULL,"The image shows a person tying a hair tie around a ponytail, which is a neutral activity unrelated to women."
img03614.jpg,woman holding a glass jar,Explicit-Harm,Sexual-Harassment,"The meme depicts a woman holding a glass jar containing reproductive needs, suggesting a degrading and objectifying view of women."
img03615.jpg,pregnant woman,Implicit-Harm,Sexual-Harassment,"The meme uses a sexualized comparison to make a joke about pregnancy, which can be seen as degrading."
img03616.jpg,conventionally attractive woman,Implicit-Harm,Sexual-Harassment,"The meme depicts a man making a lewd comment about a conventionally attractive woman, which is a form of sexual harassment."
img03617.jpg,woman eating,Non-Harmful,NULL,The meme uses a neutral scenario to make a point about sexual desires without targeting women negatively.
img03618.jpg,woman,Implicit-Harm,Sexual-Harassment,"The meme implies a sexualized dynamic between the two women, suggesting one is a 'bodyguard' for the other after she gets drunk."
img03619.jpg,female characters,Non-Harmful,NULL,The image presents a variety of female characters without any negative connotations or stereotypes.
img03620.jpg,woman sitting,Non-Harmful,NULL,The image depicts a woman sitting calmly without any apparent harm or stereotype being targeted.
img03621.jpg,femininity,Implicit-Harm,Misogyny,"The meme uses a binary opposition to equate femininity with passivity and feminism with assertiveness, which can reinforce stereotypes about women."
img03622.jpg,woman,Non-Harmful,NULL,The meme uses a woman to illustrate a common scenario without targeting her for abuse or harassment.
img03623.jpg,woman's height,Non-Harmful,NULL,The meme uses height as a factor to describe preferences without any negative connotations.
img03624.jpg,woman being consoled,Explicit-Harm,Misogyny,The meme uses a condescending tone to advise women to focus on battling other women rather than addressing their own issues.
img03625.jpg,child holding hammer,Non-Harmful,NULL,"The child is depicted holding a hammer, but there is no indication of harm towards women."
img03626.jpg,woman being pushed,Non-Harmful,NULL,The image depicts a physical altercation but does not target women for abuse or harassment.
img03627.jpg,woman wearing a hat made of chips,Implicit-Harm,Appearance-Attack,The meme uses a visual stereotype to attack the woman's appearance.
img03628.jpg,woman,Implicit-Harm,Sexual-Harassment,"The meme suggests that women should stop being smarter than men to be treated as equals, which implies a sexist stereotype."
img03629.jpg,woman,Implicit-Harm,Sexual-Harassment,"The meme uses a derogatory term 'feminine flower' to describe the woman, which is a form of sexual harassment."
img03630.jpg,woman pointing,Non-Harmful,NULL,The image uses a meme format to express a humorous exchange between two women without targeting them for abuse or harassment.
img03631.jpg,woman,Non-Harmful,NULL,The meme uses a humorous scenario without targeting women for abuse or degradation.
img03632.jpg,woman running,Explicit-Harm,Sexual-Harassment,"The meme uses a derogatory term 'Nature's Chastity Belt' to criticize feminism, which is an explicit form of sexual harassment."
img03633.jpg,woman sleeping,Non-Harmful,NULL,The image humorously contrasts expectations with reality but does not target women for abuse or harassment.
img03634.jpg,woman,Non-Harmful,NULL,The meme uses a common internet format to express frustration without targeting the woman for abuse.
img03635.jpg,woman's appearance,Non-Harmful,NULL,"The image uses a historical portrait to humorously contrast stress management methods, which is not harmful."
img03636.jpg,woman,Implicit-Harm,Misogyny,"The meme uses a刻板印象 of a woman as a source of karma, which can be seen as degrading."
img03637.jpg,woman holding a glass,Non-Harmful,NULL,The image uses a historical painting to humorously depict a modern scenario without targeting women for abuse or degradation.
img03638.jpg,fat woman,Implicit-Harm,Misogyny,"The meme uses a fat woman as an example of someone being judged, which perpetuates negative stereotypes about overweight individuals."
img03639.jpg,woman therapist,Non-Harmful,NULL,"The meme uses a woman to represent a therapist, but it does not target her for abuse or harassment."
img03640.jpg,girlfriend,Non-Harmful,NULL,"The image depicts a couple holding hands, which is a common gesture of affection and does not imply any form of harm."
img03641.jpg,woman in scrubs,Non-Harmful,NULL,"The image uses a woman in scrubs to represent a healthcare provider, which is a neutral depiction."
img03642.jpg,woman,Non-Harmful,NULL,The image uses a meme format to express frustration about social dynamics but does not target women for abuse or harassment.
img03643.jpg,woman,Non-Harmful,NULL,"The image is a meme depicting a situation where a woman is asked to repeat a fake phone number she gave previously, which is a common scenario in dating contexts."
img03644.jpg,woman on market,Implicit-Harm,Misogyny,The meme uses a metaphorical language about being 'on the market' to imply a devaluation of women's worth.
img03645.jpg,elderly woman,Non-Harmful,NULL,The meme uses a humorous conversation between two elderly women without targeting them for abuse or degradation.
img03646.jpg,woman holding knife,Explicit-Harm,Violence,"The image depicts a woman holding a knife, which implies violence towards her."
img03647.jpg,woman in labor,Implicit-Harm,Misogyny,"The meme compares the pain of childbirth to the discomfort of a cold, trivializing the severe experience of labor."
img03648.jpg,female groups,Implicit-Harm,Misogyny,"The meme categorizes female groups into two extremes, potentially promoting stereotypes about their behavior."
img03649.jpg,woman's expression,Non-Harmful,NULL,"The image uses a meme format to express frustration, which is not directed at women."
img03651.jpg,woman with red face,Non-Harmful,NULL,"The image depicts a character with a red face, which is often used to convey anger or frustration but does not target women for abuse or harassment."
img03652.jpg,woman's appearance,Non-Harmful,NULL,"The image is a self-referential meme where the creator is expressing a personal connection to the depicted woman, which is a neutral statement."
img03653.jpg,woman with exaggerated makeup,Non-Harmful,NULL,The image uses humor to depict a relatable experience without targeting women for abuse or degradation.
img03654.jpg,woman,Implicit-Harm,Sexual-Harassment,"The meme implies that a woman's consent to do 'whatever you want' should be interpreted as permission for sexual behavior, which is a form of sexual harassment."
img03655.jpg,woman,Non-Harmful,NULL,The meme uses a humorous tone to express a personal stance rather than targeting women for abuse or degradation.
img03656.jpg,woman,Implicit-Harm,Sexual-Harassment,"The meme implies that a woman's period is a reason to avoid her, which is a form of sexual harassment."
img03657.jpg,woman pointing,Non-Harmful,NULL,"The image shows two women pointing at each other, which is a common meme format but does not target women for abuse or harassment."
img03658.jpg,woman,Non-Harmful,NULL,The meme uses a humorous scenario without targeting women for abuse or degradation.
img03659.jpg,woman eating pizza,Non-Harmful,NULL,"The image shows a woman eating pizza, which is a neutral activity and does not target women for abuse or harassment."
img03662.jpg,woman in red dress,Non-Harmful,NULL,The meme uses exaggerated frustration to humorously express disappointment about a small detail in a coffee order.
img03663.jpg,woman,Non-Harmful,NULL,The meme does not target women for abuse or harassment.
img03664.jpg,woman,Non-Harmful,NULL,The meme uses a humorous comparison to avoid discussing a serious health issue.
img03665.jpg,woman lying in bed,Non-Harmful,NULL,The image depicts a humorous scenario without targeting women for abuse or degradation.
img03666.jpg,woman cooking,Implicit-Harm,Sexual-Harassment,"The meme uses a suggestive gesture to imply a sexual interest in the woman, which is inappropriate."
img03667.jpg,woman's appearance,Non-Harmful,NULL,The image uses a stereotypical depiction of a woman's physical attributes to promote an idealized version of femininity.
img03668.jpg,female athletes,Explicit-Harm,Sexual-Harassment,"The meme uses derogatory language and objectifies the women as 'ass like them', which is a form of sexual harassment."
img03669.jpg,woman pointing,Non-Harmful,NULL,The meme uses a humorous exchange to highlight a misunderstanding without targeting women for abuse or degradation.
img03670.jpg,woman's appearance,Non-Harmful,NULL,"The image uses exaggerated facial expressions to humorously depict a reaction, which is not directed at women."
img03671.jpg,woman's expression,Explicit-Harm,Sexual-Harassment,The meme targets women with a sexualized and derogatory reference to a political figure.
img03672.jpg,woman in business attire,Non-Harmful,NULL,"The meme uses a woman to illustrate a common trope about women needing men, which is not harmful but rather a general observation."
img03673.jpg,woman's appearance,Non-Harmful,NULL,"The image uses a humorous and exaggerated depiction of a woman's face, but it does not target women for abuse or harassment."
img03674.jpg,woman,Explicit-Harm,Violence,"The image depicts a grotesque creature attacking a woman, which is an explicit depiction of violence."
img03675.jpg,woman smoking,Implicit-Harm,Sexual-Harassment,"The meme uses a suggestive tone about women's behavior, which can be seen as sexual harassment."
img03676.jpg,woman,Non-Harmful,NULL,"The meme uses a woman to represent a generic 'real man' stereotype, which is not harmful."
img03677.jpg,woman's appearance,Non-Harmful,NULL,"The image shows two women walking, but there is no indication of harm towards them."
img03678.jpg,woman carrying shopping bags,Non-Harmful,NULL,"The image humorously contrasts the expectation of having no money with the reality of spending it on shopping, without targeting women for abuse or harassment."
img03679.jpg,nutritional doctor,Non-Harmful,NULL,"The image uses a playful pun on 'nutritional doctor' and 'nutrider', which is a harmless wordplay."
img03680.jpg,woman's appearance,Non-Harmful,NULL,"The image depicts a child drawing on a large piece of fabric, which is not related to any specific women-related target."
img03681.jpg,nurse,Non-Harmful,NULL,The image depicts a nurse in a humorous situation but does not target women for abuse or harassment.
img03682.jpg,woman,Non-Harmful,NULL,"The image depicts a humorous scenario involving a woman, but there is no explicit or implicit harm towards her."
img03683.jpg,woman,Non-Harmful,NULL,"The meme uses a child to humorously comment on being single, which is a common trope but does not target women for abuse or harassment."
img03684.jpg,woman,Non-Harmful,NULL,The meme uses a humorous context without targeting women for abuse or degradation.
img03685.jpg,woman's appearance,Non-Harmful,NULL,The image uses a woman's appearance as a neutral example of same-entity hard negative.
img03686.jpg,women's appearance,Implicit-Harm,Appearance-Attack,The meme uses a derogatory term to criticize women's fashion choices.
img03687.jpg,woman holding a shotgun,Non-Harmful,NULL,"The meme uses a woman to convey a message about efficiency, which is not inherently harmful."
img03688.jpg,woman eating,Non-Harmful,NULL,The meme uses a humorous scenario without targeting women for abuse or degradation.
img03689.jpg,woman pointing,Non-Harmful,NULL,The meme uses a woman pointing as part of a political discussion but does not target her for abuse or harassment.
img03690.jpg,woman wearing a mask,Non-Harmful,NULL,"The image shows a woman wearing a mask, which is a common safety measure during the pandemic."
img03691.jpg,woman,Implicit-Harm,Sexual-Harassment,"The meme implies that women are more likely to be the subject of jokes, which can be seen as objectifying them."
img03692.jpg,woman on her period,Implicit-Harm,Sexual-Harassment,The meme uses a mature content warning to mock and stereotype women during their menstrual cycle.
img03693.jpg,woman dancing,Non-Harmful,NULL,The image depicts a woman dancing joyfully without any negative connotations.
img03694.jpg,woman,Non-Harmful,NULL,The meme celebrates strong women without any negative connotations.
img03695.jpg,woman's appearance,Explicit-Harm,Appearance-Attack,"The meme criticizes the natural aging process associated with smiling, promoting a harmful aesthetic standard."
img03696.jpg,woman,Implicit-Harm,Sexual-Harassment,The meme uses a stereotype to imply women are inherently untrustworthy and potentially dangerous.
img03697.jpg,woman in pink top,Non-Harmful,NULL,The meme uses a humorous scenario without targeting women for abuse or degradation.
img03698.jpg,woman in pink outfit,Non-Harmful,NULL,"The image uses a woman in a bright pink outfit to contrast with the emotional state of another woman, but it does not target her for abuse or harassment."
img03699.jpg,woman,Non-Harmful,NULL,The image is a meme discussing personal issues unrelated to explicit or implicit harm towards women.
img03700.jpg,woman walking,Implicit-Harm,Sexual-Harassment,"The meme uses a sexualized image of a woman walking past a man in a suggestive pose, which could be interpreted as objectifying her."
img03701.jpg,woman in period attire,Explicit-Harm,Sexual-Harassment,"The meme uses a derogatory term 'bitch' to address the woman, which is a form of sexual harassment."
img03702.jpg,woman,Implicit-Harm,Sexual-Harassment,"The meme uses a derogatory term 'twigs and berries' to describe women, promoting a harmful stereotype."
img03703.jpg,woman smoking,Non-Harmful,NULL,The image is a meme referencing a TV show and does not target women for abuse or harassment.
img03704.jpg,woman in bed,Implicit-Harm,Sexual-Harassment,"The meme implies the man is thinking about other women, which is a form of sexual harassment."
img03705.jpg,woman lying in bed,Implicit-Harm,Sexual-Harassment,"The meme implies the woman is the subject of the man's thoughts, which is a form of sexual harassment."
img03706.jpg,woman,Non-Harmful,NULL,The meme does not target women for abuse or harassment.
img03707.jpg,woman in bed,Non-Harmful,NULL,The meme uses a humorous scenario without targeting women for abuse or degradation.
img03708.jpg,woman,Implicit-Harm,Sexual-Harassment,"The meme uses a suggestive tone about women exercising, which could be interpreted as objectifying their bodies."
img03709.jpg,female warriors,Non-Harmful,NULL,The meme celebrates strong female characters without promoting harmful stereotypes.
img03710.jpg,woman with red hair,Non-Harmful,NULL,The image does not directly target women for abuse or harassment.
img03711.jpg,woman's appearance,Non-Harmful,NULL,The image uses a woman's appearance as a neutral example to illustrate a common social interaction.
img03712.jpg,woman,Non-Harmful,NULL,"The meme uses a serious headline to humorously label an individual as 'illegitimate daughter of John Wick', which is a non-harmful joke."
img03713.jpg,nurse,Implicit-Harm,Sexual-Harassment,"The meme portrays the nurse as making inappropriate sexual advances, which is a form of sexual harassment."
img03714.jpg,woman's appearance,Non-Harmful,NULL,"The image is a meme about misunderstanding a conversation, which does not target women for abuse or harassment."
img03715.jpg,woman holding baby,Non-Harmful,NULL,"The image depicts a woman holding a baby, which is a neutral depiction without any harmful connotations."
img03716.jpg,woman judge,Non-Harmful,NULL,"The meme uses a judge to humorously depict a cat as 'mean,' but it does not target women for abuse or harassment."
img03717.jpg,woman's appearance,Implicit-Harm,Sexual-Harassment,The meme uses derogatory language to describe women based on their appearance.
img03718.jpg,woman's appearance,Non-Harmful,NULL,The meme humorously comments on self-perception without targeting women for abuse or degradation.
img03719.jpg,woman,Non-Harmful,NULL,The meme uses a humorous scenario without targeting women for abuse or degradation.
img03720.jpg,woman pointing,Non-Harmful,NULL,"The image shows a woman pointing, which is a common meme format but does not target women for abuse or harassment."
img03721.jpg,woman,Non-Harmful,NULL,The meme uses a woman to humorously depict a social interaction without targeting her for abuse or degradation.
img03722.jpg,woman with hands covering ears,Non-Harmful,NULL,"The image depicts a woman reacting to loud noise, which is a neutral scenario."
img03723.jpg,woman's appearance,Non-Harmful,NULL,"The image uses a split-screen effect to compare two different appearances, which is a neutral comparison."
img03724.jpg,woman's appearance,Non-Harmful,NULL,The image uses a woman's appearance as a means to convey a message about pleasing a man.
img03725.jpg,girl,Explicit-Harm,Appearance-Attack,"The meme uses derogatory language to describe the girl as 'ugly', attacking her appearance."
img03726.jpg,woman,Non-Harmful,NULL,The meme uses a neutral expression to convey a relatable sentiment about customer appreciation.
img03727.jpg,woman,Non-Harmful,NULL,The meme uses a humorous statement about stress and sexiness without targeting women for abuse or degradation.
img03728.jpg,women walking,Non-Harmful,NULL,"The image shows women walking together, which is a neutral depiction without targeting women for abuse or harassment."
img03729.jpg,woman running away from car,Non-Harmful,NULL,"The image depicts a humorous scenario where a woman is running away from a car, likely representing frustration at being asked to do something last-minute."
img03730.jpg,woman at desk,Implicit-Harm,Sexual-Harassment,"The image portrays a woman in a revealing outfit at a desk, which could be interpreted as sexualizing her professional environment."
img03731.jpg,woman,Non-Harmful,NULL,"The meme uses a strong, assertive pose to promote a feminist viewpoint without targeting women negatively."
img03732.jpg,woman eating,Non-Harmful,NULL,"The image humorously depicts a person eating without food, which is a common internet meme format."
img03733.jpg,woman,Non-Harmful,NULL,The meme uses a humorous but non-abusive tone to comment on a common observation about women.
img03734.jpg,Crazy Woman Creek sign,Explicit-Harm,Sexual-Harassment,"The sign uses a derogatory term 'Crazy Woman' to name a geographical feature, which is an explicit form of sexual harassment."
img03735.jpg,woman's appearance,Non-Harmful,NULL,"The meme uses a humorous but non-harmful reference to 'Girl Power' and 'falling hazard', which is a common internet meme format."
img03736.jpg,woman holding a gun,Non-Harmful,NULL,"The image depicts a woman holding a gun, which is a neutral depiction without targeting women for abuse or harassment."
img03737.jpg,woman runner,Non-Harmful,NULL,"The meme humorously contrasts the runner's idealized self-image with their actual behavior, which is not harmful."
img03738.jpg,woman applying mascara,Non-Harmful,NULL,The meme humorously depicts a common experience without targeting women for abuse or degradation.
img03739.jpg,woman in bed,Non-Harmful,NULL,"The image uses classical paintings to depict different women in various states of rest, which is a neutral artistic representation."
img03740.jpg,woman with knife,Explicit-Harm,Violence,"The image depicts a woman holding a knife, which implies physical harm."
img03741.jpg,woman,Non-Harmful,NULL,"The image is a meme with a humorous caption, not targeting the woman for abuse or harassment."
img03742.jpg,woman wearing a mask,Non-Harmful,NULL,"The image shows a woman wearing a mask, which is a neutral depiction without targeting women for abuse or harassment."
img03743.jpg,woman,Implicit-Harm,Sexual-Harassment,"The meme perpetuates a harmful stereotype about women being right more often than men, which can lead to sexual harassment."
img03744.jpg,woman pointing,Non-Harmful,NULL,"The image shows two women interacting, but there is no indication of harm or negative portrayal."
img03745.jpg,pregnant woman,Non-Harmful,NULL,The meme does not target women for abuse or harassment.
img03746.jpg,woman,Implicit-Harm,Sexual-Harassment,"The meme uses a vintage pin-up style to mock someone who makes hate comments, which is a form of sexual harassment."
img03747.jpg,child in car seat,Non-Harmful,NULL,The meme uses a child as a subject to humorously express a mundane workday attitude.
img03748.jpg,woman,Explicit-Harm,Sexual-Harassment,"The meme uses a derogatory term 'toxic women' to describe a character, which is a form of sexual harassment."
img03749.jpg,woman,Explicit-Harm,Sexual-Harassment,"The meme uses derogatory language to describe the woman, which is a form of sexual harassment."
img03750.jpg,woman in hijab,Non-Harmful,NULL,"The image uses a meme format to express frustration, which is not directed at the woman."
img03751.jpg,woman in pin-up style,Non-Harmful,NULL,The image uses a pin-up style to create a humorous and playful scenario without targeting women for abuse or harassment.
img03752.jpg,woman with glasses,Non-Harmful,NULL,"The image depicts a woman with glasses, but there is no indication of harm towards her."
img03753.jpg,woman standing,Non-Harmful,NULL,The image uses a humorous comparison between men and women's standing positions without targeting women for abuse or harassment.
img03754.jpg,woman pointing at man,Implicit-Harm,Sexual-Harassment,The meme uses a suggestive gesture to imply the woman is sexually harassing the man.
img03755.jpg,woman,Non-Harmful,NULL,The meme uses a humorous exchange without targeting women for abuse or degradation.
img03756.jpg,woman,Non-Harmful,NULL,"The meme uses a cat to represent a person, which is a common meme format but does not target women for abuse or harassment."
img03757.jpg,woman,Explicit-Harm,Sexual-Harassment,"The meme uses derogatory language to describe women as 'over-emotional' and 'of below average intelligence', which is a form of sexual harassment."
img03758.jpg,woman wearing tank top,Non-Harmful,NULL,The image promotes trans rights as human rights without targeting women for abuse or harassment.
img03759.jpg,woman cutting her own hair,Non-Harmful,NULL,The meme depicts a humorous scenario without targeting women for abuse or degradation.
img03760.jpg,woman's highlight,Non-Harmful,NULL,"The meme humorously exaggerates the impact of a woman's highlight, but it does not target women for abuse or harassment."
img03761.jpg,Feminist Frequency Radio,Non-Harmful,NULL,The image is promoting a podcast and does not target women for abuse or harassment.
img03762.jpg,woman speaker,Explicit-Harm,Misogyny,"The meme uses a harmful statement about race and racism to attack white people, which can be interpreted as a form of misogyny."
img03763.jpg,woman,Non-Harmful,NULL,The meme uses a humorous and exaggerated scenario without targeting women for abuse or degradation.
img03765.jpg,women's dress pockets,Implicit-Harm,Appearance-Attack,The meme uses a visual metaphor involving vultures to mock women's clothing features.
img03766.jpg,woman in polka dot dress,Non-Harmful,NULL,"The image depicts a woman in a playful, retro style without any harmful connotations."
img03767.jpg,woman,Explicit-Harm,Sexual-Harassment,The meme uses a woman to promote a controversial and potentially offensive viewpoint about gender identity and sexual orientation.
img03768.jpg,woman shopping,Non-Harmful,NULL,The meme uses a humorous scenario without targeting women for abuse or degradation.
img03769.jpg,man in suit,Non-Harmful,NULL,The meme uses a sarcastic tone to critique the original statement about respecting women.
img03770.jpg,woman pointing,Non-Harmful,NULL,"The meme uses a comparison involving a woman to make a humorous point about leopards, which is not harmful."
img03771.jpg,woman's appearance,Explicit-Harm,Sexual-Harassment,The meme uses a sexualized comparison to degrade the woman's professional achievements.
img03772.jpg,woman's appearance,Non-Harmful,NULL,The image uses a meme format to contrast extroverts' and introverts' perspectives on homeschooling but does not target women for abuse or harassment.
img03773.jpg,woman in military uniform,Non-Harmful,NULL,"The image contrasts modern social media activism with historical wartime heroism, highlighting the different contexts without implying superiority or inferiority."
img03774.jpg,woman,Non-Harmful,NULL,The image uses a play on words to create a humorous comparison between two churches without targeting women for abuse or harassment.
img03775.jpg,woman's appearance,Non-Harmful,NULL,The meme uses a before-and-after format to highlight weight loss humorously without targeting women for abuse.
img03776.jpg,woman,Non-Harmful,NULL,"The meme uses a common trope of a woman denying drug use to question her motives, which is a form of character assassination."
img03777.jpg,housewife,Explicit-Harm,Misogyny,"The meme uses derogatory language to degrade the housewife's character, promoting a harmful stereotype."
img03778.jpg,woman speaking,Non-Harmful,NULL,"The image depicts a woman speaking into a microphone, likely in a public setting, without any indication of harm."
img03779.jpg,woman,Non-Harmful,NULL,The image does not depict any harm towards women.
img03780.jpg,women's fashion,Non-Harmful,NULL,"The image contrasts fashion styles from the 1960s and a speculative future year, highlighting changes over time without targeting women for abuse or degradation."
img03781.jpg,woman's appearance,Non-Harmful,NULL,The meme uses a woman's appearance as a focal point without targeting her for abuse or harassment.
img03782.jpg,Wonder Woman,Non-Harmful,NULL,"The meme uses Wonder Woman to make a humorous statement about people who can't swim, which is not directed at women themselves."
img03783.jpg,woman,Non-Harmful,NULL,"The image uses a meme format to compare a woman and a dog, which is a common form of humor but does not target women for abuse or harassment."
img03784.jpg,woman,Explicit-Harm,Sexual-Harassment,"The meme uses derogatory language to describe a woman as 'independent' and 'government-assisted hoe', which is a form of sexual harassment."
img03785.jpg,woman,Implicit-Harm,Sexual-Harassment,"The meme uses a suggestive tone to imply that watching 'Fuller House' is a reason for being a 'dude', which could be seen as objectifying women."
img03786.jpg,woman's appearance,Non-Harmful,NULL,"The image appears to be a meme with a person making a humorous expression, which is not targeting women for abuse or harassment."
img03788.jpg,woman's appearance,Implicit-Harm,Appearance-Attack,The meme uses a刻板印象 about women's thighs to criticize a man's lack of understanding.
img03789.jpg,"strong, independent black woman",Non-Harmful,NULL,"The meme celebrates a positive portrayal of a strong, independent woman without any harmful connotations."
img03790.jpg,woman's appearance,Non-Harmful,NULL,"The image uses a woman's appearance as a neutral example, not targeting her for abuse or harassment."
img03791.jpg,woman driver,Non-Harmful,NULL,"The image uses a casual, humorous tone without targeting the woman driver for abuse or degradation."
img03792.jpg,woman's appearance,Non-Harmful,NULL,"The image uses a meme format to express a humorous observation about eating habits, which does not target women for abuse or harassment."
img03793.jpg,woman,Non-Harmful,NULL,The meme references 'How a Real Man Treats a Woman' memes without directly targeting women.
img03794.jpg,woman's appearance,Non-Harmful,NULL,"The image uses a cat as a metaphor for 'a dog', which is a neutral comparison."
img03795.jpg,cosplay girl,Non-Harmful,NULL,"The image uses a religious reference to Eve and Adam, which is not directly related to the woman depicted."
img03796.jpg,woman holding chicken,Non-Harmful,NULL,"The image depicts a humorous scenario involving a chicken, which is not harmful to the woman."
img03797.jpg,woman in bed,Non-Harmful,NULL,The image depicts a woman in a domestic setting without any indication of harm.
img03798.jpg,woman,Non-Harmful,NULL,The meme celebrates individuality without targeting women for abuse or degradation.
img03799.jpg,woman,Implicit-Harm,Sexual-Harassment,"The meme uses a stereotype to imply that girls are easily gullible, which can be seen as a form of sexual harassment."
img03800.jpg,woman,Explicit-Harm,Sexual-Harassment,"The meme uses a sexualized joke about a woman having prostate cancer, which is inappropriate and offensive."
img03801.jpg,HR woman,Non-Harmful,NULL,The tweet does not target the HR woman for abuse or harassment.
img03802.jpg,woman's appearance,Non-Harmful,NULL,"The image uses a humorous comparison between school supplies and 'shosple colupis', which is a playful term, not targeting women for abuse."
img03803.jpg,woman pointing,Non-Harmful,NULL,The image uses a meme format to compare two individuals' reactions without targeting women for abuse or degradation.
img03804.jpg,woman smoking,Non-Harmful,NULL,"The image depicts a woman smoking, which is a neutral activity and does not target women for abuse or harassment."
img03805.jpg,women socializing,Non-Harmful,NULL,The meme compares men and women's social interactions without implying any negative stereotypes.
img03806.jpg,Indian Aunties,Implicit-Harm,Sexual-Harassment,The meme uses a stereotype about Indian aunties to make a sexualized comment about a young girl learning to walk.
img03807.jpg,woman in bed,Non-Harmful,NULL,The meme uses a relatable scenario to express a common fear without targeting women for abuse or degradation.
img03808.jpg,Italian girls,Implicit-Harm,Sexual-Harassment,"The meme uses a stereotype about Italian girls to imply they are difficult to understand due to their voice tone, which can be seen as objectifying them."
img03809.jpg,woman,Explicit-Harm,Sexual-Harassment,"The image depicts a woman being insulted with a middle finger gesture, which is a form of explicit sexual harassment."
img03810.jpg,woman in military uniform,Non-Harmful,NULL,The meme celebrates women's participation in the military without any negative connotations.
img03811.jpg,middle age women,Non-Harmful,NULL,The meme is a humorous comparison without any harmful intent towards middle-aged women.
img03812.jpg,Hillary Clinton,Non-Harmful,NULL,The meme uses Hillary Clinton as an example without implying any harm.
img03813.jpg,women holding weapons,Explicit-Harm,Violence,"The image depicts women holding weapons, which implies a violent scenario."
img03814.jpg,woman wearing a good outfit,Implicit-Harm,Appearance-Attack,The meme mocks the woman's appearance by suggesting that wearing a good outfit is worse than heartbreak.
img03815.jpg,woman's appearance,Explicit-Harm,Misogyny,"The meme implies that a man's dissatisfaction with his wife's appearance without makeup constitutes fraud, targeting her for perceived inadequacy."
img03816.jpg,celebrity,Implicit-Harm,Appearance-Attack,"The meme compares a glamorous celebrity to a mundane cashier, suggesting that celebrities are more attractive than ordinary people."
img03817.jpg,woman's expression,Non-Harmful,NULL,The image uses a humorous expression to convey a relatable situation without targeting women for abuse or degradation.
img03818.jpg,woman speaking into microphone,Non-Harmful,NULL,"The image shows a woman speaking into a microphone, which is a neutral activity and does not target women for abuse or harassment."
img03819.jpg,woman,Non-Harmful,NULL,The meme humorously depicts a person's inconsistent behavior without targeting women for abuse or degradation.
img03820.jpg,woman holding pregnancy test,Non-Harmful,NULL,"The image shows a woman holding a pregnancy test, which is a neutral depiction without targeting women for abuse or harassment."
img03821.jpg,woman,Non-Harmful,NULL,"The image shows a meme discussing shared experiences among women, which is a neutral topic."
img03822.jpg,woman pointing,Non-Harmful,NULL,"The image uses a meme format to compare trust in science versus television, but it does not target women for abuse or harassment."
img03823.jpg,woman,Implicit-Harm,Sexual-Harassment,"The meme perpetuates a harmful stereotype about women's likelihood to like someone, which can be seen as degrading."
img03824.jpg,woman,Non-Harmful,NULL,The meme uses a humorous context to discuss feminism without targeting women for abuse or degradation.
img03825.jpg,man in purple suit,Non-Harmful,NULL,The meme does not target women for abuse or harassment.
img03827.jpg,woman,Non-Harmful,NULL,The meme uses a confrontational tone but does not explicitly harm or degrade women.
img03828.jpg,woman,Non-Harmful,NULL,"The image depicts a humorous scenario involving a woman, but there is no explicit or implicit harm towards her."
img03829.jpg,woman,Implicit-Harm,Sexual-Harassment,"The meme uses a derogatory list to stereotype women, implying they have multiple negative desires."
img03830.jpg,woman,Non-Harmful,NULL,The meme uses a neutral statement about hide-and-seek without targeting women for abuse or harassment.
img03831.jpg,female characters,Implicit-Harm,Misogyny,"The meme uses a dated and stereotypical language to describe women, promoting a negative and outdated portrayal."
img03832.jpg,Neanderthal woman,Explicit-Harm,Misogyny,The meme uses a Neanderthal woman as a derogatory reference to imply European ancestors' interbreeding was due to their perceived inferiority.
img03833.jpg,child drawing,Non-Harmful,NULL,"The meme uses a child drawing as a humorous representation of a simple email reply, without targeting women for abuse or degradation."
img03834.jpg,woman,Explicit-Harm,Sexual-Harassment,The meme uses a harmful stereotype to describe a Southern woman as dangerous.
img03835.jpg,woman,Explicit-Harm,Sexual-Harassment,The meme includes explicit sexual content and objectification of women.
img03836.jpg,woman,Non-Harmful,NULL,The meme uses a neutral joke about a beauty contest without targeting women for abuse or degradation.
img03837.jpg,woman speaking,Non-Harmful,NULL,"The meme uses a strong, independent woman as a positive example without any harmful connotations."
img03838.jpg,woman,Non-Harmful,NULL,The meme uses a humorous scenario to highlight a common experience without targeting women for abuse or degradation.
img03839.jpg,Miss Take,Non-Harmful,NULL,"The image uses a humorous twist on the Miss Universe pageant format, which is not intended to harm or stereotype women."
img03840.jpg,woman's appearance,Non-Harmful,NULL,"The image is a humorous comparison between two individuals, not targeting women for abuse or harassment."
img03841.jpg,woman in bathtub,Non-Harmful,NULL,The image appears to be a humorous meme without targeting women for abuse or harassment.
img03843.jpg,woman holding a gun,Non-Harmful,NULL,"The image depicts a woman holding a gun, which is a neutral depiction without targeting women for abuse or harassment."
img03844.jpg,woman,Explicit-Harm,Sexual-Harassment,The meme promotes a harmful stereotype by equating insulting men with being okay while equating insulting women with being sexist.
img03845.jpg,girlfriend,Non-Harmful,NULL,"The meme uses a child's advice to suggest a solution, which is a common trope but does not target women for abuse or harassment."
img03846.jpg,gamer girls,Implicit-Harm,Sexual-Harassment,"The meme portrays gamer girls as glamorous and seductive, which can be seen as objectifying their appearance."
img03847.jpg,woman,Implicit-Harm,Misogyny,The meme uses a list of phrases commonly used by women to mock their communication style and assertiveness.
img03848.jpg,woman,Non-Harmful,NULL,The meme uses a positive message about healing rather than promoting harmful stereotypes.
img03849.jpg,woman being comforted,Non-Harmful,NULL,The image depicts a supportive interaction between two individuals without any harmful connotations.
img03850.jpg,woman,Non-Harmful,NULL,"The meme uses a neutral expression to make a statement about resemblance, which is not harmful."
img03851.jpg,woman in bed,Non-Harmful,NULL,The image depicts a humorous scenario without targeting women for abuse or harassment.
img03852.jpg,woman's appearance,Non-Harmful,NULL,"The image shows two women with different hairstyles and makeup, but there is no explicit or implicit harm towards them."
img03853.jpg,woman wearing 'THATS HOT!' shirt,Implicit-Harm,Sexual-Harassment,"The meme uses a suggestive t-shirt to imply the woman is attractive, which could be seen as objectifying her."
img03854.jpg,woman in white lingerie,Non-Harmful,NULL,The image uses a stereotypical depiction of a woman to humorously contrast expectations.
img03855.jpg,woman in truck,Non-Harmful,NULL,The image contrasts women and men working in oil fields but does not imply any harm towards either group.
img03856.jpg,woman,Non-Harmful,NULL,The meme expresses frustration about celebrity fatigue but does not target women for abuse or harassment.
img03857.jpg,woman,Implicit-Harm,Sexual-Harassment,"The meme implies that women are more critical of men's age than men are of women's age, which can be seen as objectifying women."
img03858.jpg,woman,Non-Harmful,NULL,"The meme uses Cher's response to question men's importance as a humorous statement, not targeting women for abuse or harassment."
img03859.jpg,woman in pink dress,Non-Harmful,NULL,"The image is a humorous meme about a shoe ruining a family photo, which does not target women for abuse or harassment."
img03860.jpg,woman,Implicit-Harm,Sexual-Harassment,"The meme implies that women need specialized shampoo for dry hair, while men can use a multi-purpose product, suggesting women require more specific care."
img03861.jpg,woman's appearance,Explicit-Harm,Sexual-Harassment,"The image uses a gun to symbolize a weapon against women, suggesting a violent threat."
img03862.jpg,woman,Non-Harmful,NULL,"The image uses a relatable scenario to express the struggle of managing emotions, which is a common theme in memes."
img03863.jpg,fat woman,Explicit-Harm,Misogyny,"The meme uses derogatory language to describe fat women as 'mean, shallow, and hungry bitches', which is explicitly harmful."
img03864.jpg,shy girl,Non-Harmful,NULL,"The meme uses a metaphorical comparison to describe a shy girl as 'a freak', which is a derogatory term."
img03865.jpg,woman,Non-Harmful,NULL,"The meme uses a humorous comparison to highlight self-care, not targeting women for abuse or degradation."
img03866.jpg,woman pointing,Non-Harmful,NULL,The meme uses a humorous interaction between two women without targeting them for abuse or degradation.
img03867.jpg,woman in school uniform,Non-Harmful,NULL,"The meme uses a school uniform to make a humorous observation about traffic lights, which is not directed at women as a group."
img03868.jpg,bear,Explicit-Harm,Sexual-Harassment,"The bear is depicted as saying 'I hate women' while being labeled 'I am a woman', which is a form of sexual harassment."
img03869.jpg,woman in red dress,Non-Harmful,NULL,"The image depicts a historical scene with speech bubbles, but there is no explicit or implicit harm towards the woman."
img03870.jpg,woman holding a rifle,Implicit-Harm,Sexual-Harassment,"The meme uses a woman holding a rifle as a visual to imply she is strong and capable, but the text suggests a sexualized stereotype about conservative women."
img03871.jpg,woman,Non-Harmful,NULL,"The image uses a metaphorical comparison to highlight the transformative power of makeup, which is not harmful."
img03872.jpg,woman,Non-Harmful,NULL,The meme uses a question about finding a good man to make a point unrelated to women.
img03873.jpg,woman's appearance,Non-Harmful,NULL,"The image shows a woman with exaggerated facial features, which is likely meant as humorous rather than harmful."
img03874.jpg,woman in Wonder Woman costume,Explicit-Harm,Sexual-Harassment,The meme uses a character from a superhero film to promote a harmful message about women controlling men.
img03875.jpg,woman in red dress,Non-Harmful,NULL,"The meme uses a caricatured character to make a humorous statement about listening to other women, which is not intended as an attack on women."
img03876.jpg,woman applying makeup,Non-Harmful,NULL,The meme uses a humorous context to comment on the delay in getting ready for International Women's Day without targeting women for abuse or harassment.
img03877.jpg,woman's appearance,Implicit-Harm,Appearance-Attack,"The meme uses a woman's body as a focal point to make a humorous statement about Friday night plans, which could be seen as objectifying her."
img03878.jpg,woman,Non-Harmful,NULL,"The meme uses a humorous scenario to highlight age restrictions on account creation, which is a neutral observation."
img03879.jpg,woman,Non-Harmful,NULL,The meme does not target women for abuse or harassment.
img03880.jpg,girls with brown eyes and hair,Implicit-Harm,Appearance-Attack,"The meme uses a sun to symbolize preference for lighter skin tones, targeting girls with darker features."
img03881.jpg,woman in childbirth,Non-Harmful,NULL,"The meme uses a comparison to highlight the pain experienced during childbirth, which is a natural and significant life event."
img03882.jpg,woman,Implicit-Harm,Sexual-Harassment,The meme uses a stereotype about women's preferences to make a sexual joke.
img03883.jpg,woman,Non-Harmful,NULL,The image depicts a humorous scenario without targeting women for abuse or harassment.
img03884.jpg,woman's appearance,Non-Harmful,NULL,The image uses 'skin tags' as a playful term without targeting women for abuse or degradation.
img03885.jpg,woman,Non-Harmful,NULL,The meme uses a playful reference to 'fur mom' without implying any harm towards women.
img03886.jpg,woman's appearance,Non-Harmful,NULL,"The image uses a meme format to contrast two characters' attitudes towards appearance, but it does not target women for abuse or harassment."
img03887.jpg,woman wearing blue tracksuit,Non-Harmful,NULL,The image is a meme referencing the movie 'Bird Box' and does not target women for abuse or harassment.
img03888.jpg,woman,Implicit-Harm,Sexual-Harassment,"The meme uses a derogatory term 'Stupid fruits' to describe the woman's reaction, which is a form of sexual harassment."
img03889.jpg,woman,Non-Harmful,NULL,The image includes a cartoon depiction of a woman but does not target her for abuse or harassment.
img03890.jpg,beautiful women,Non-Harmful,NULL,The meme uses a humorous statement about beauty to make a light-hearted observation.
img03891.jpg,woman,Non-Harmful,NULL,"The image shows a woman in various poses, but there is no indication of harm or negative portrayal."
img03892.jpg,Wonder Woman,Non-Harmful,NULL,"The image uses Wonder Woman as a humorous context to express everyday concerns, which is not harmful."
img03893.jpg,woman,Implicit-Harm,Sexual-Harassment,"The meme uses a derogatory term 'HA WOMEN' followed by a suggestive 'HEH WOMEN', targeting women with sexual innuendo."
img03894.jpg,girl student,Non-Harmful,NULL,The meme uses a girl student as a hard negative to highlight the absurdity of the question about the gender of a washing machine.
img03895.jpg,woman crying,Explicit-Harm,Sexual-Harassment,"The meme depicts a woman crying, which could be interpreted as a victim of sexual harassment or assault."
img03896.jpg,woman in hijab,Non-Harmful,NULL,The meme uses a neutral scenario to highlight a common experience without targeting women for abuse or degradation.
img03897.jpg,woman wearing sash,Non-Harmful,NULL,"The meme uses a strong, independent woman as a positive example without any harmful connotations."
img03898.jpg,woman wearing t-shirt,Non-Harmful,NULL,"The image shows a person wearing a t-shirt with a humorous graphic, which is not intended to harm or degrade anyone."
img03899.jpg,woman drinking wine,Non-Harmful,NULL,"The image depicts a woman drinking wine, which is a neutral activity and does not target women for abuse or harassment."
img03900.jpg,three women,Explicit-Harm,Sexual-Harassment,"The meme uses derogatory language ('basic bitches') to describe the women, which is a form of sexual harassment."
img03901.jpg,woman's appearance,Non-Harmful,NULL,"The image uses a watermelon to represent a woman's body, which is a common trope in memes but does not explicitly harm or degrade women."
img03902.jpg,women in group,Non-Harmful,NULL,The image is a humorous meme about a scientific concept and does not target women for abuse or harassment.
img03903.jpg,woman,Implicit-Harm,Sexual-Harassment,"The meme uses a stereotype about Italian women to imply sexual interest, which is an implicit form of sexual harassment."
img03904.jpg,woman sleeping,Non-Harmful,NULL,The image shows a humorous comparison between two different scenarios without targeting women for abuse or harassment.
img03905.jpg,woman speaking,Non-Harmful,NULL,"The image is a meme expressing frustration, which does not target women for abuse or harassment."
img03906.jpg,woman,Non-Harmful,NULL,The meme uses a neutral expression to humorously contrast two scenarios without targeting women for abuse or degradation.
img03907.jpg,pregnant woman,Explicit-Harm,Sexual-Harassment,"The meme implies that a 17-year-old girl who gets pregnant after being raped should be forced to live with the consequences, which is a form of sexual harassment."
img03908.jpg,woman's appearance,Non-Harmful,NULL,The image showcases various women's appearances without any harmful intent.
img03909.jpg,woman,Non-Harmful,NULL,The meme uses exaggerated expressions to humorously depict a character's behavior without targeting women for abuse or degradation.
img03910.jpg,woman,Implicit-Harm,Sexual-Harassment,"The meme uses a suggestive gesture and text to imply the woman is responsible for the delay, which is a form of sexual harassment."
img03911.jpg,child in car seat,Non-Harmful,NULL,The meme uses a child as a target for humor without any apparent harm.
img03912.jpg,woman,Non-Harmful,NULL,The meme uses a humorous scenario without targeting women for abuse or degradation.
img03913.jpg,woman,Non-Harmful,NULL,The image humorously depicts a person enjoying social media without any negative connotations towards women.
img03914.jpg,Miss Piggy,Non-Harmful,NULL,"The meme uses Miss Piggy to represent a before-and-after scenario, which is a common format but does not target her for abuse or harassment."
img03915.jpg,woman,Non-Harmful,NULL,The meme uses sarcasm to comment on social dynamics rather than targeting women for abuse.
img03916.jpg,woman's appearance,Non-Harmful,NULL,"The meme uses a series of images of a woman to humorously depict the struggle of trying to stop thinking about something, which is a common relatable experience."
img03917.jpg,woman,Non-Harmful,NULL,The image uses a meme format to express frustration but does not target women for abuse or harassment.
img03918.jpg,woman with multiple personalities,Non-Harmful,NULL,The image uses a metaphorical representation to describe a personality disorder without targeting women for abuse.
img03919.jpg,woman with curlers,Non-Harmful,NULL,The meme uses sarcasm to highlight the contrast between popular female characters and a lesser-known one.
img03920.jpg,woman's appearance,Non-Harmful,NULL,The image uses exaggerated body proportions humorously without targeting women for abuse or degradation.
img03921.jpg,female medical professionals,Non-Harmful,NULL,The meme humorously depicts frustration among medical professionals when non-medical people offer medical advice.
img03922.jpg,woman,Non-Harmful,NULL,"The meme uses a woman as an example to illustrate a point about honesty, which is not harmful."
img03923.jpg,woman's appearance,Implicit-Harm,Misogyny,"The meme uses a woman's appearance to make a generalization about women, which can be seen as degrading."
img03924.jpg,woman,Non-Harmful,NULL,The image uses a sassy woman to convey a message of self-confidence and assertiveness.
img03925.jpg,woman eating a donut,Non-Harmful,NULL,The meme uses a neutral scenario to humorously comment on personal health issues without targeting women for abuse or degradation.
img03926.jpg,woman with braided hair,Non-Harmful,NULL,"The image appears to be a meme with a humorous context, not targeting the woman for abuse or harassment."
img03927.jpg,woman,Non-Harmful,NULL,"The meme uses a humorous scenario involving a 'Karen' character, which is a common internet meme format, but does not target women for abuse or harassment."
img03928.jpg,woman,Non-Harmful,NULL,"The image is a meme using a celebrity to make a humorous statement about someone talking under their breath, which is a common internet meme format."
img03929.jpg,woman,Implicit-Harm,Sexual-Harassment,"The meme implies that a woman's polite response is a coded way to return someone to the 'friend zone', which is a form of sexual harassment."
img03930.jpg,woman pointing,Non-Harmful,NULL,"The image uses a meme format to contrast personal beliefs with everyday struggles, which is a common form of humor."
img03931.jpg,woman,Non-Harmful,NULL,"The image shows a woman in two different scenarios, but there is no indication of harm towards her."
img03932.jpg,women wearing anti-feminist shirts,Explicit-Harm,Misogyny,"The image features women wearing 'ANTI-FEMINIST' t-shirts, which promote a harmful and derogatory stance against feminism."
img03933.jpg,woman,Explicit-Harm,Character-Assassination,"The meme suggests that laughing during an argument is a sign of extreme aggression, which is harmful to the woman's reputation."
img03934.jpg,woman lying on bed,Explicit-Harm,Violence,"The image depicts a woman lying on a bed with a rose, which could imply she is dead, suggesting violence against women."
img03935.jpg,woman holding paper,Non-Harmful,NULL,"The image depicts a woman holding a piece of paper, which is unrelated to any form of harm towards women."
img03936.jpg,woman in 'Midsommar',Non-Harmful,NULL,"The meme uses the term 'crazy' to describe fictional characters, which is neutral and does not target women for abuse."
img03937.jpg,woman wearing sunglasses,Non-Harmful,NULL,The text is a statement of self-affirmation rather than targeting women for abuse or degradation.
img03938.jpg,woman,Non-Harmful,NULL,The image uses a comparison between two individuals to humorously comment on a Snapchat filter issue.
img03939.jpg,woman,Non-Harmful,NULL,The meme is a humorous statement about preferences rather than targeting women for abuse or degradation.
img03940.jpg,women in traditional attire,Non-Harmful,NULL,"The image discusses the impact of patriarchy on both genders, which is a neutral discussion about societal issues."
img03941.jpg,woman's appearance,Non-Harmful,NULL,"The image uses a pop art style to discuss negative gossip, which is a general topic and does not target women specifically."
img03942.jpg,woman pointing,Non-Harmful,NULL,"The image depicts a woman pointing, which is a neutral action without targeting women for abuse or harassment."
img03943.jpg,woman whispering,Non-Harmful,NULL,"The meme uses a common trope of whispering to convey gossip, which is not inherently harmful."
img03944.jpg,woman,Non-Harmful,NULL,"The meme uses a character to make a statement about respecting women, which is not harmful."
img03945.jpg,fat woman,Implicit-Harm,Appearance-Attack,"The meme uses a fat-shaming stereotype to criticize the food, targeting the woman's body."
img03946.jpg,woman pointing,Non-Harmful,NULL,The image uses a meme format to juxtapose two unrelated scenes without targeting women for abuse or harassment.
img03947.jpg,woman,Non-Harmful,NULL,The meme uses a humorous statement without targeting women for abuse or degradation.
img03948.jpg,woman throwing baby,Non-Harmful,NULL,"The image depicts a woman throwing a baby, which is a common trope in memes to express frustration or anger, but it does not target women for abuse or harassment."
img03949.jpg,woman's health,Explicit-Harm,Sexual-Harassment,"The meme uses a derogatory tone to comment on women's health issues, implying that being a woman is inherently problematic."
img03950.jpg,woman's appearance,Non-Harmful,NULL,"The image uses a cat to represent a woman, which is a common meme format but does not target women for abuse or harassment."
img03951.jpg,Wonder Woman,Non-Harmful,NULL,The image uses Wonder Woman as a figure of strength and empowerment without any negative connotations.
img03952.jpg,woman in military uniform,Non-Harmful,NULL,"The image depicts a woman in a military uniform, which is a neutral depiction of a person in a professional role."
img03953.jpg,woman in period dress,Non-Harmful,NULL,"The meme uses a historical context to make a humorous point about reality, which is not directed at women."
img03954.jpg,Italian women,Explicit-Harm,Sexual-Harassment,The meme uses a dangerous comparison to stereotype Italian women as inherently more threatening than shotguns.
img03955.jpg,female characters,Implicit-Harm,Misogyny,"The image combines popular female characters from different shows into a single group, which could be seen as trivializing their individual identities and roles."
img03956.jpg,woman,Non-Harmful,NULL,The meme uses a relatable scenario to express frustration without targeting women for abuse or degradation.
img03957.jpg,child,Non-Harmful,NULL,The meme uses a child to humorously depict a test scenario without targeting women for abuse or harassment.
img03958.jpg,women,Non-Harmful,NULL,The image is a humorous depiction of social interactions without targeting women for abuse or degradation.
img03960.jpg,woman,Explicit-Harm,Sexual-Harassment,"The meme suggests that any woman who shows interest in a man is an agent of the state, which is a form of sexual harassment."
img03961.jpg,woman with hair rollers,Implicit-Harm,Misogyny,"The meme uses a stereotypical image of a woman with hair rollers to mockingly depict 'feminine logic,' which is often associated with negative stereotypes."
img03962.jpg,woman's appearance,Non-Harmful,NULL,"The image shows two women with similar appearances, which is neutral and does not target women for abuse or harassment."
img03963.jpg,shark,Non-Harmful,NULL,The image uses a shark to represent 'me' without any negative connotations towards women.
img03964.jpg,woman,Non-Harmful,NULL,"The image depicts a woman with a humorous expression, but there is no explicit or implicit harm towards her."
img03965.jpg,woman with sunglasses,Non-Harmful,NULL,The image is a meme about relationship dynamics and does not target women for abuse or harassment.
img03966.jpg,woman working on computer,Non-Harmful,NULL,"The meme uses a positive term 'girlboss' to describe a woman working, which is not harmful."
img03967.jpg,woman running,Non-Harmful,NULL,The image depicts a humorous scenario without targeting women for abuse or harassment.
img03968.jpg,woman with facial mask,Non-Harmful,NULL,"The image depicts a woman relaxing at home, which is a neutral scene without targeting women for abuse or harassment."
img03969.jpg,woman,Implicit-Harm,Misogyny,"The meme uses a broken plate to humorously depict women as 'disastrous,' which perpetuates a harmful stereotype."
img03970.jpg,woman,Non-Harmful,NULL,The meme uses a relatable scenario to express relief from a past relationship without targeting women for abuse or degradation.
img03971.jpg,woman,Non-Harmful,NULL,The meme targets 'men bad' but does not specifically harm or degrade the woman depicted.
img03972.jpg,woman asking for pickles,Non-Harmful,NULL,The meme humorously depicts a request for pickles without any negative connotations towards the woman.
img03973.jpg,woman's appearance,Explicit-Harm,Appearance-Attack,"The meme uses a muscular woman to mock another woman's smaller muscles and larger breasts, which is an attack on her physical appearance."
img03974.jpg,woman pointing,Non-Harmful,NULL,"The meme uses a humorous scenario involving a woman pointing accusingly at a cat, which is a common meme format without targeting women for abuse."
img03975.jpg,woman,Non-Harmful,NULL,"The meme uses a humorous comparison to highlight the craftsmanship involved in making a guitar, without targeting women for abuse or degradation."
img03976.jpg,woman eating,Non-Harmful,NULL,"The meme uses a neutral scenario to convey a message about COVID-19, without targeting women for abuse or harassment."
img03977.jpg,woman,Non-Harmful,NULL,The meme uses a humorous scenario without targeting women for abuse or degradation.
img03978.jpg,girls,Implicit-Harm,Misogyny,"The meme uses derogatory labels ('daddy issue', 'mommy issue') to stereotype girls based on their relationships with parents."
img03979.jpg,woman taking a selfie,Non-Harmful,NULL,"The image shows a woman taking a selfie, which is a common activity and does not target women for abuse or harassment."
img03980.jpg,woman's appearance,Non-Harmful,NULL,The image uses multiple images of a woman to humorously depict the internal struggle of trying to let something go.
img03981.jpg,woman,Implicit-Harm,Sexual-Harassment,"The meme uses a stereotype to imply that women are inherently dangerous, which can be offensive."
img03982.jpg,SpongeBob SquarePants,Non-Harmful,NULL,The image uses SpongeBob as a positive representation without targeting women for abuse or degradation.
img03983.jpg,woman holding trash can,Non-Harmful,NULL,The image uses a humorous context without targeting women for abuse or degradation.
img03984.jpg,woman,Non-Harmful,NULL,"The image is a meme expressing frustration about a mother being rude to someone doing their job, which is a personal situation unrelated to women."
img03985.jpg,woman,Non-Harmful,NULL,"The image shows a woman with a surprised expression, but there is no indication of harm or negative portrayal."
img03986.jpg,woman,Non-Harmful,NULL,"The meme uses a neutral expression to convey a dismissive attitude towards someone speaking, which is not inherently harmful."
img03987.jpg,woman in sports attire,Non-Harmful,NULL,The image uses a woman in sports attire as part of a humorous comparison without targeting her for abuse or harassment.
img03988.jpg,woman's underwear,Non-Harmful,NULL,The comic humorously discusses the timing of buying new underwear without targeting women for abuse or harassment.
img03989.jpg,woman's appearance,Non-Harmful,NULL,"The image uses a dress to represent a woman's appearance, which is not harmful."
img03990.jpg,women's rule,Non-Harmful,NULL,The meme suggests a hypothetical scenario without explicitly targeting women for harm.
img03991.jpg,woman's appearance,Non-Harmful,NULL,The meme uses a woman's appearance as a humorous element without targeting her for abuse or harassment.
img03992.jpg,woman in women's restroom,Explicit-Harm,Sexual-Harassment,"The meme depicts a transgender person entering a women's restroom, which could be interpreted as an attempt to harass or intimidate the women present."
img03993.jpg,woman eating,Non-Harmful,NULL,The image contrasts two scenarios but does not depict any harmful actions towards women.
img03994.jpg,women walking,Implicit-Harm,Misogyny,"The caption suggests superiority based on nationality, which can be seen as degrading."
img03995.jpg,woman,Explicit-Harm,Sexual-Harassment,"The meme uses a derogatory term 'bitch' and suggests a sexual act as a way to check if someone is cheating, which is inappropriate and disrespectful."
img03996.jpg,woman in suit,Non-Harmful,NULL,The meme uses a neutral statement without targeting women for abuse or harassment.
img03998.jpg,nurse,Non-Harmful,NULL,The meme celebrates the positive attitude of a nurse without targeting her for abuse or harassment.
img03999.jpg,woman,Non-Harmful,NULL,The meme humorously expresses a relatable struggle without targeting women for abuse or degradation.
img04000.jpg,woman in Wonder Woman costume,Implicit-Harm,Sexual-Harassment,The meme uses a character associated with strength and empowerment to promote a sexist stereotype about women's roles.
