filename,women-related target,harm_type,harm_category,rationale
img00001.jpg,female shoppers,Implicit-Harm,Misogyny,"The meme suggests that female shoppers take significantly longer and spend more money shopping compared to males, implying a gender-based difference in efficiency and cost."
img00002.jpg,girls,Implicit-Harm,Misogyny,"The meme suggests that being attractive makes a man a 'womanizer', implying that girls are inherently interested in men based on their looks."
img00003.jpg,women taking a selfie,Non-Harmful,NULL,"The image shows three women taking a selfie, which is a common social activity and does not target women for abuse."
img00004.jpg,woman in red dress,Non-Harmful,NULL,"The meme uses a humorous misunderstanding to highlight a playful interaction between a police officer and a woman, without targeting the woman for abuse."
img00005.jpg,woman,Non-Harmful,NULL,"The meme uses a humorous comparison to Alzheimer's disease to discuss relationships, but it does not target women for abuse."
img00006.jpg,Daphne,Non-Harmful,NULL,"The meme uses Daphne as a character in a humorous context, but there is no explicit or implicit harm directed towards her."
img00007.jpg,woman,Implicit-Harm,Misogyny,"The meme criticizes the woman's age and appearance, implying she is not mature enough to be a girlfriend."
img00008.jpg,girls,Non-Harmful,NULL,The meme promotes equality between genders but does not target women for abuse.
img00009.jpg,woman in red dress,Non-Harmful,NULL,"The meme is a humorous observation about someone wearing a big hat, not targeting the woman for abuse."
img00010.png,woman sitting on the bench,Non-Harmful,NULL,The meme depicts a humorous scenario but does not target the woman for abuse.
img00011.jpg,woman,Explicit-Harm,Sexual-Harassment,"The meme suggests that moving to a country with a lower age of consent can lead to being accused of pedophilia, objectifying women's bodies and sexual autonomy."
img00012.png,woman,Non-Harmful,NULL,The meme is a humorous observation about a common issue without any form of harm or criticism towards women.
img00013.jpg,woman,Non-Harmful,NULL,The meme does not target a woman for abuse; it is a humorous interaction between a man and a puppet.
img00014.jpg,woman's anger,Implicit-Harm,Misogyny,"The meme compares a woman's anger to a check engine light, implying it's unpredictable and should be ignored, which perpetuates the idea that women's emotions are irrational and need to be suppressed."
img00015.jpg,female relationships,Non-Harmful,NULL,The image showcases age differences in relationships but does not imply any negative judgment or harm towards the women involved.
img00016.jpg,woman,Non-Harmful,NULL,The meme quotes a statement about vaccination requirements without targeting women for abuse.
img00017.png,unemployed women,Non-Harmful,NULL,"The meme uses sarcasm to critique the idea of dating unemployed women, but it does not directly harm or demean them."
img00018.png,woman,Non-Harmful,NULL,The meme does not target a woman for abuse; it is a humorous commentary on group dynamics.
img00019.jpg,women,Non-Harmful,NULL,"The meme praises women who can cook while implying future generations will only do TikTok, but it does not directly harm or demean women."
img00020.png,wife,Non-Harmful,NULL,The meme lists negative consequences of having a wife and children but does not explicitly harm or demean the woman.
img00021.jpg,woman passenger,Non-Harmful,NULL,The meme does not target a woman for abuse; it is a humorous observation about seatbelt design.
img00022.jpg,woman in swimsuit,Implicit-Harm,Sexual-Harassment,"The meme suggests a sexual proposition, implying the woman should kneel to eat sausage, which is a sexualized gesture."
img00023.jpg,woman,Explicit-Harm,Sexual-Harassment,The comment uses a derogatory term 'fat bitch' to objectify the woman and make a sexualized attack.
img00024.jpg,woman,Non-Harmful,NULL,The meme discusses the impact of banning TikTok on Gen Z influencers but does not target women for abuse.
img00025.png,girl playing with pet goat,Non-Harmful,NULL,"The meme is a humorous exaggeration of police overreaction, not targeting the girl for abuse."
img00026.jpg,woman,Explicit-Harm,Sexual-Harassment,"The meme suggests a preference for women with low body counts, implying sexual interest based on physical attributes."
img00027.jpg,woman,Explicit-Harm,Sexual-Harassment,"The meme suggests a sexual act as a challenge, objectifying the woman."
img00028.png,Latina characters,Non-Harmful,NULL,The meme does not target women for abuse but rather comments on cultural sensitivity and community responses.
img00029.jpg,woman,Non-Harmful,NULL,"The meme discusses personal experiences and opinions about dating, but does not target women for abuse."
img00030.png,OnlyFans girls,Non-Harmful,NULL,The meme references OnlyFans users but does not target them for abuse.
img00031.jpg,woman's appearance,Implicit-Harm,Appearance-Attack,The meme suggests that makeup is used to deceive others about a person's true appearance.
img00032.jpg,woman,Explicit-Harm,Sexual-Harassment,The meme objectifies the woman by reducing her to a 'chick' and implies sexual interest based on her appearance.
img00033.jpg,woman fishing,Non-Harmful,NULL,"The meme suggests a preference for men fishing over women, but it does not explicitly harm or demean the woman."
img00034.jpg,girlfriend,Non-Harmful,NULL,The meme uses a common trope to express disappointment but does not directly harm or demean the woman.
img00035.png,Aloy,Non-Harmful,NULL,The meme discusses changes to a character's appearance but does not target women for abuse.
img00036.png,woman's dress,Non-Harmful,NULL,The meme uses humor to point out a shared outfit without implying any negative intent towards the women involved.
img00037.jpg,woman,Explicit-Harm,Character-Assassination,"The meme objectifies the woman by focusing on her thighs and comparing her to a dog, implying she lacks strength."
img00038.jpg,female officer,Explicit-Harm,Violence,"The meme depicts a violent act against a female officer, endorsing physical harm towards law enforcement."
img00039.jpg,woman,Explicit-Harm,Sexual-Harassment,"The meme depicts a man holding a gun while a woman is in the shower, suggesting a sexual threat."
img00040.jpg,Cartman,Non-Harmful,NULL,The meme uses derogatory terms but does not target a woman for abuse.
img00041.jpg,woman in the trunk,Non-Harmful,NULL,The meme uses a humorous scenario to question loyalty but does not harm the woman visually or verbally.
img00042.jpg,woman,Non-Harmful,NULL,"The meme is a humorous exchange between a father and son, not targeting women for abuse."
img00043.png,woman's appearance,Non-Harmful,NULL,The meme references a search history but does not directly harm or demean the woman's appearance.
img00044.png,woman in the audience,Non-Harmful,NULL,"The meme is a humorous observation about a player's behavior during a game campaign, not targeting the woman herself."
img00045.png,woman's sexual fantasies,Non-Harmful,NULL,The meme does not target a woman for abuse; it is a humorous comparison between two different types of sexual desires.
img00046.jpg,woman,Non-Harmful,NULL,"The meme promotes a video game that depicts domestic violence as a humorous scenario, which is not harmful but rather a form of entertainment."
img00047.jpg,woman,Implicit-Harm,Misogyny,"The meme suggests that mistreating women will make someone more attractive, promoting harmful gender stereotypes."
img00048.jpg,woman's vagina,Explicit-Harm,Sexual-Harassment,"The meme objectifies the woman's vagina, suggesting it has extreme depth and value."
img00049.png,The Owner's Wife,Non-Harmful,NULL,The meme does not target the woman for abuse; it simply describes her behavior.
img00050.jpg,woman,Explicit-Harm,Sexual-Harassment,"The meme suggests teaching a woman to talk is harmful, implying speech is dangerous."
img00051.png,girlfriend,Implicit-Harm,Misogyny,"The meme portrays jealousy as a negative trait, implying that a girlfriend should not feel jealous, which is a form of gender-role stereotyping."
img00052.png,fat girls,Implicit-Harm,Appearance-Attack,"The meme suggests that being a 'fat girl' is a negative attribute, implying that women should avoid being overweight."
img00053.jpg,woman,Non-Harmful,NULL,"The meme promotes family over technology, which is a positive message about relationships but does not harm women."
img00054.jpg,women shoppers,Non-Harmful,NULL,The meme uses a humorous scenario but does not target women for abuse.
img00055.jpg,woman driver,Non-Harmful,NULL,The meme uses humor to depict a common scenario but does not target the woman for abuse.
img00056.jpg,woman in bed,Explicit-Harm,Sexual-Harassment,"The image depicts a man in a suggestive pose above a woman in bed, implying sexual harassment."
img00057.png,history teacher,Non-Harmful,NULL,The meme does not target a woman for abuse; it is a commentary on the behavior of online communities towards educators.
img00058.png,woman,Non-Harmful,NULL,"The meme is a counter-speech addressing a common criticism towards childless individuals, not targeting women for abuse."
img00059.png,woman's appearance,Non-Harmful,NULL,"The image is a humorous meme showcasing different character designs, not targeting women for abuse."
img00060.jpg,woman,Explicit-Harm,Sexual-Harassment,"The meme objectifies the woman by equating her presence with the need for grocery shopping, implying she is solely responsible for household chores."
img00061.jpg,mother,Non-Harmful,NULL,The meme humorously highlights a common parental reaction but does not target the woman for abuse.
img00062.jpg,grandmas and great-grandmas,Non-Harmful,NULL,"The meme uses humor to depict grandmothers and great-grandmothers in a modern setting, which is not intended to harm them but rather to entertain."
img00063.jpg,woman,Non-Harmful,NULL,"The meme uses a humorous scenario involving a woman driving fast, but there is no explicit or implicit harm towards her."
img00064.jpg,nose piercing,Non-Harmful,NULL,"The meme uses sarcasm to mock the nose piercing, but it does not target women for abuse."
img00065.jpg,woman,Non-Harmful,NULL,The meme uses humor to depict changing societal attitudes over decades but does not explicitly harm or demean women.
img00066.jpg,woman's appearance,Non-Harmful,NULL,"The meme uses a humorous scenario to critique the roles assigned to women, but it does not explicitly harm or demean women."
img00067.jpg,women transitioning to men,Non-Harmful,NULL,The meme discusses a hypothetical scenario without any explicit or implicit harm towards women.
img00068.jpg,woman realtor,Non-Harmful,NULL,"The image is a collection of items and achievements related to a realtor's career, with no explicit or implicit harm towards women."
img00069.png,Russia,Non-Harmful,NULL,"The meme uses a historical figure to make a political statement, which is not directed at a specific woman."
img00070.jpg,woman athlete,Explicit-Harm,Sexual-Harassment,"The comment suggests a sexualized and objectifying comparison to a garden hose, implying the woman's performance is related to her sexual function."
img00071.png,woman in the 'Barbie' movie poster,Non-Harmful,NULL,"The image is a meme comparing reactions to 'Oppenheimer' and 'Barbie', focusing on cultural differences rather than targeting women."
img00072.jpg,woman's appearance,Non-Harmful,NULL,"The meme contrasts the woman's confidence in a glamorous setting versus her fear in a mundane environment, but does not explicitly harm or demean her."
img00073.jpg,woman,Explicit-Harm,Sexual-Harassment,The meme objectifies women by suggesting their problems should be shared with a man rather than another woman.
img00074.jpg,woman standing behind man,Non-Harmful,NULL,"The meme depicts a common scenario where a man is interrupted by his wife while texting his girlfriend, but there is no explicit or implicit harm towards the woman."
img00075.jpg,women drivers,Non-Harmful,NULL,"The meme uses a colloquial greeting 'Ladies' to address women, but there is no underlying harm or offensive content directed towards them."
img00076.png,woman,Implicit-Harm,Violence,"The meme implies that the woman's muscular physique is a result of being hit by her husband, which is a form of domestic violence."
img00077.jpg,waifu,Non-Harmful,NULL,"The meme criticizes games for having 'shitty underage waifus', but does not directly harm or demean women."
img00078.jpg,woman,Non-Harmful,NULL,"The meme uses humor to depict a humorous scenario involving a shipwreck, but there is no explicit or implicit harm towards women."
img00079.jpg,woman,Implicit-Harm,Sexual-Harassment,"The meme suggests the woman is being objectified and reduced to a means of keeping quiet, implying sexual harassment."
img00080.jpg,woman,Non-Harmful,NULL,"The meme is a humorous scenario involving a man and a woman, but it does not target a woman for abuse."
img00081.jpg,women,Implicit-Harm,Misogyny,"The meme suggests that women live longer due to the absence of marriage, implying that marriage is detrimental to longevity."
img00082.jpg,woman,Implicit-Harm,Sexual-Harassment,"The meme suggests a sexual proposition, implying the woman's attractiveness is contingent on her being a lamp, which is objectifying her."
img00083.jpg,woman,Non-Harmful,NULL,"The meme uses 'Let's Go Brandon!' as a reference to a historical incident, which is a political statement and not directed at women."
img00084.jpg,woman,Non-Harmful,NULL,The meme celebrates diversity and individuality among women without attacking or demeaning them.
img00085.jpg,woman holding coffee mug,Non-Harmful,NULL,The meme uses humor to highlight a common social dynamic but does not target or demean the woman.
img00086.png,woman in armor,Non-Harmful,NULL,"The meme is a playful question about roles within a fictional universe, not targeting the woman for abuse."
img00087.jpg,woman,Non-Harmful,NULL,"The meme uses humor to make light of a situation involving a woman, but it does not target her for abuse."
img00088.png,women who want or have kids,Non-Harmful,NULL,"The meme provides positive stereotypes and scenarios related to women who choose to have children, without any negative connotations."
img00089.jpg,woman's appearance,Non-Harmful,NULL,"The meme uses a cartoon character to discuss unrealistic body expectations, which is a commentary rather than an attack."
img00090.jpg,woman's legs,Implicit-Harm,Sexual-Harassment,"The meme objectifies the woman's legs, suggesting a sexualized interaction without consent."
img00091.jpg,woman,Non-Harmful,NULL,"The interaction appears consensual and playful, with no explicit or implicit harm depicted."
img00092.jpg,girl,Implicit-Harm,Misogyny,"The meme suggests that getting a desired girl can be frustrating due to her perceived craziness and annoyance, implying that women can be irrational and difficult."
img00093.jpg,feminists,Implicit-Harm,Misogyny,"The meme uses the term 'womanace' to imply feminists are dangerous, a stereotype that reduces them to a threat rather than a person."
img00094.jpg,Hennig Brandt discovering Phosphorus in 1669,Non-Harmful,NULL,"The meme uses historical context to discuss urban development post-1945, unrelated to any harm towards women."
img00095.png,woman,Explicit-Harm,Sexual-Harassment,"The meme depicts a woman threatening a cashier with a knife, which is a sexualized and violent act against a woman."
img00096.png,black and brown girls,Non-Harmful,NULL,The meme lists various interests and characteristics without any negative connotations towards 'black and brown girls'.
img00097.jpg,witches,Non-Harmful,NULL,"The meme compares 'witches' unfavorably to 'wizards', but does not target women for abuse."
img00098.jpg,woman wearing a trans flag shirt,Non-Harmful,NULL,"The image shows a person wearing a trans flag shirt, which is a symbol of pride and representation, not an attack on women."
img00099.png,Ukrainian armed forces,Non-Harmful,NULL,"The meme is a humorous observation about changing flags in bios, not targeting women for abuse."
img00100.jpg,woman,Non-Harmful,NULL,The meme does not target a woman for abuse; it is a humorous depiction of thoughts in a person's head.
img00101.jpg,women,Explicit-Harm,Sexual-Harassment,"The meme suggests that women should have babies as a form of sexual gratification, objectifying them."
img00102.png,woman,Non-Harmful,NULL,The meme uses a humorous comparison but does not target or demean women.
img00103.jpg,woman in Superman costume,Implicit-Harm,Sexual-Harassment,The meme uses a sexualized question about menstruation to make a suggestive comparison between the woman's powers and her monthly cycle.
img00104.jpg,Teenage Girls,Non-Harmful,NULL,The meme uses a hyperbolic comparison to criticize the comment section but does not directly harm or demean the women.
img00105.jpg,woman's appearance,Non-Harmful,NULL,"The meme uses humor to depict a man's reaction to finding a dog in a shoe store parking lot, which is not directed at a specific woman or her appearance."
img00106.jpg,woman in store,Non-Harmful,NULL,The meme does not target a woman for abuse; it is a humorous reference to a popular meme format.
img00107.jpg,woman in green coat,Implicit-Harm,Sexual-Harassment,"The character in the green coat makes a sexual advance towards the pink dog, implying inappropriate behavior."
img00108.png,woman,Implicit-Harm,Sexual-Harassment,"The meme suggests sending unsolicited diptychs is offensive to women, implying a sexual interest in their bodies."
img00109.jpg,woman politician,Non-Harmful,NULL,The meme praises the woman's political position without any negative connotations.
img00110.png,unaware women and children,Non-Harmful,NULL,The meme discusses AI-generated porn but does not directly target women for abuse.
img00111.jpg,woman mechanic,Implicit-Harm,Misogyny,"The meme suggests that women lack the strength to work as mechanics, perpetuating a stereotype about women's physical capabilities."
img00112.jpg,women,Implicit-Harm,Misogyny,"The meme uses a metaphor comparing women to pizza, suggesting their behavior is irrational and illogical, which perpetuates a stereotype about women being difficult to understand."
img00113.jpg,woman,Non-Harmful,NULL,"The meme contrasts the parents' aspirations with the narrator's current lifestyle, but it does not target women for abuse."
img00114.jpg,wise women,Implicit-Harm,Misogyny,"The meme suggests that women are less capable than men, implying that women would have been less effective at bringing gifts."
img00115.jpg,woman,Non-Harmful,NULL,"The meme references books about understanding men and women, which is a neutral observation rather than an attack on women."
img00116.jpg,woman,Non-Harmful,NULL,"The meme uses sarcasm to mock the idea of a woman being unwanted, but it does not directly harm or demean women."
img00117.jpg,female characters,Non-Harmful,NULL,The meme uses a humorous progression of reactions to gender roles but does not target women for abuse.
img00118.png,woman,Non-Harmful,NULL,The meme does not target a woman for abuse; it is a humorous exchange about spelling.
img00119.jpg,woman,Explicit-Harm,Misogyny,"The meme uses statistics to imply that men are more capable than women, which is a form of gender-based discrimination."
img00120.jpg,woman customer,Non-Harmful,NULL,"The meme is a humorous exchange between a mechanic and a customer, with no intent to harm the woman."
img00121.jpg,single moms on dating apps,Implicit-Harm,Misogyny,"The meme stereotypes single mothers as mentally unstable, financially dependent, and high drama, which perpetuates negative generalizations about their character."
img00122.jpg,woman,Implicit-Harm,Sexual-Harassment,"The meme objectifies the woman by suggesting she is irresistible to men, which is a form of sexual harassment."
img00123.jpg,woman stretching,Non-Harmful,NULL,"The meme uses humor to depict men's reactions to women stretching, but it does not target women for abuse."
img00124.jpg,blonde woman,Non-Harmful,NULL,"The meme is a humorous anecdote about a woman's unconventional behavior, not targeting her for abuse."
img00125.jpg,misogynistic memes/edits,Non-Harmful,NULL,"The meme criticizes the audience for liking misogynistic content but suggests it was meant as a joke, which is counter-speech."
img00126.jpg,daughter,Explicit-Harm,Sexual-Harassment,"The meme suggests the daughter is engaged in prostitution, which is a form of sexual exploitation."
img00127.jpg,woman,Non-Harmful,NULL,"The meme uses a humorous exchange between two individuals to critique societal beauty standards, but it does not target women for abuse."
img00128.png,woman's weight gain,Implicit-Harm,Misogyny,The meme uses a threat about weight gain to imply the woman is overweight and undesirable.
img00129.jpg,mother,Non-Harmful,NULL,"The meme quotes a mother's advice about tattoos and marriage, which is a form of parental guidance rather than an attack on women."
img00130.jpg,woman's appearance,Implicit-Harm,Sexual-Harassment,"The meme suggests that women are difficult to please and often change their preferences, implying a lack of consistency and predictability."
img00131.jpg,transgender individuals,Non-Harmful,NULL,"The meme uses a transphobic slur and promotes hunting as a metaphor for violence against transgender people, but it does not directly harm women."
img00132.png,women shoppers,Implicit-Harm,Misogyny,"The meme suggests that women are more indecisive and time-consuming compared to men when shopping, implying a negative stereotype about their decision-making abilities."
img00133.jpg,wife,Non-Harmful,NULL,"The meme is a humorous play on the idea that a wise man would not need to tell his wife anything, but it does not target the wife for abuse."
img00134.jpg,white woman,Explicit-Harm,Misogyny,"The meme uses a racial slur and implies that a white woman's unvaccinated child is a threat, attacking her as a class based on race and vaccination status."
img00135.jpg,woman's skeleton,Non-Harmful,NULL,"The meme uses a historical context to make a humorous observation about a married couple, but it does not target or demean women."
img00136.jpg,woman,Implicit-Harm,Misogyny,"The meme suggests women are more talkative than men, implying excessive speech is a negative trait."
img00137.jpg,woman,Non-Harmful,NULL,The meme uses a scenario involving a woman but does not target her for abuse.
img00138.jpg,woman,Non-Harmful,NULL,The meme contrasts historical roles of women but does not target them for abuse.
img00139.jpg,woman in bed,Implicit-Harm,Misogyny,"The meme suggests the woman is suspicious of her partner's thoughts, implying jealousy and distrust towards women in general."
img00140.jpg,woman,Implicit-Harm,Sexual-Harassment,"The meme suggests the woman is objectified and reduced to her body parts, implying sexual interest based on a minor detail."
img00141.jpg,motherhood,Non-Harmful,NULL,The meme contrasts different roles of women but does not demean or attack them.
img00142.png,woman in the office,Non-Harmful,NULL,The comic uses humor to critique gender stereotypes but does not explicitly harm or demean the woman.
img00143.jpg,woman,Implicit-Harm,Misogyny,"The meme uses a biblical narrative to imply that women's decisions have catastrophic consequences, perpetuating a harmful stereotype."
img00144.jpg,waitress,Non-Harmful,NULL,The comic portrays a casual interaction between a customer and a waitress without any apparent harm.
img00145.jpg,woman's appearance,Implicit-Harm,Appearance-Attack,"The meme contrasts an idealized version of a woman's appearance with a more realistic depiction, suggesting that women should conform to certain beauty standards."
img00146.jpg,older woman,Implicit-Harm,Sexual-Harassment,"The meme objectifies the older woman by suggesting she is desirable based on her age, which is a form of sexual harassment."
img00147.jpg,bride,Explicit-Harm,Misogyny,"The text 'MAN & STRIFE' suggests a negative outcome for the marriage, implying conflict and dissatisfaction, which is a form of character assassination against the bride."
img00148.jpg,woman sitting in a chair,Implicit-Harm,Misogyny,"The meme suggests that women are lazy and unproductive, implying they should be doing household chores instead of relaxing."
img00149.jpg,woman,Non-Harmful,NULL,The meme uses humor to highlight a long-standing issue but does not explicitly harm the woman.
img00150.jpg,woman passenger,Implicit-Harm,Misogyny,"The meme implies women are more likely to cause car accidents, perpetuating a gender-role stereotype."
img00151.jpg,woman,Non-Harmful,NULL,The meme does not target a woman for abuse; it is a humorous depiction of a conversation between a couple.
img00152.jpg,woman walking down the street,Implicit-Harm,Sexual-Harassment,"The meme suggests that whistling at women was once considered a compliment, implying that women were objectified and treated as mere objects of male desire."
img00153.jpg,woman,Non-Harmful,NULL,The meme uses SpongeBob characters humorously to depict a situation but does not target women for abuse.
img00154.jpg,woman's shoes,Implicit-Harm,Misogyny,"The meme uses a humorous but offensive comparison between 'women's shoes' and 'hell', implying that women's shoes are inferior."
img00155.jpg,woman,Explicit-Harm,Character-Assassination,The meme objectifies the woman by equating her worth to the number of people she has slept with.
img00156.jpg,Asian women,Implicit-Harm,Appearance-Attack,"The meme portrays Asian women as saviors, implying they are the solution to men's problems, which reinforces harmful stereotypes."
img00157.jpg,woman,Explicit-Harm,Sexual-Harassment,The meme objectifies the woman by suggesting she is seeking sexual attention through physical contact.
img00158.png,married woman,Implicit-Harm,Misogyny,"The meme suggests that married women should not be invited out, implying they are less desirable or less worthy of social interaction."
img00159.jpg,fat girls,Explicit-Harm,Appearance-Attack,"The meme directly insults women based on their body size, equating their worthiness with their physical appearance."
img00160.jpg,woman,Implicit-Harm,Misogyny,"The meme perpetuates the stereotype that women are more argumentative and potentially dangerous, implying they should be avoided."
img00161.jpg,ideal woman,Implicit-Harm,Misogyny,"The meme lists numerous characteristics that define an 'ideal' woman, implying these are the qualities women should possess, which reinforces harmful gender stereotypes."
img00162.jpg,woman's appearance,Non-Harmful,NULL,"The meme does not directly target a woman for abuse but rather discusses a hypothetical scenario involving a wife and an affair, which is not explicitly harmful."
img00163.jpg,woman,Non-Harmful,NULL,The meme uses a humorous exchange between characters but does not target a woman for abuse.
img00164.jpg,woman,Implicit-Harm,Misogyny,"The meme suggests that arguing with a woman is as tedious as reading a software license agreement, implying that women are difficult to deal with."
img00165.jpg,woman,Non-Harmful,NULL,"The meme is a humorous observation about the similarities between romantic and platonic interest signals, not targeting women for abuse."
img00166.png,woman,Non-Harmful,NULL,"The meme uses a humorous tone to discuss a recurring phone call, but there is no explicit or implicit harm towards the woman."
img00167.jpg,woman,Non-Harmful,NULL,The meme uses a humorous scenario but does not target the woman for abuse.
img00168.jpg,girlfriend,Non-Harmful,NULL,"The meme is a self-congratulatory statement about the man's dating success, not targeting the woman for abuse."
img00169.jpg,woman's appearance,Non-Harmful,NULL,"The meme uses humor to mock a large book titled 'Understanding women volume 1', suggesting a trivial or exaggerated approach to understanding women."
img00170.png,girlfriend,Non-Harmful,NULL,"The meme is a humorous announcement of a relationship change, not targeting the woman for abuse."
img00171.jpg,woman in office,Implicit-Harm,Sexual-Harassment,The meme uses a character to imply sexual harassment towards the woman in the office setting.
img00172.png,wife,Non-Harmful,NULL,The meme uses humor to depict a wife's actions without implying harm.
img00173.jpg,wife,Non-Harmful,NULL,"The meme uses sarcasm to mock the idea of marrying multiple women to help a wife, but it does not directly harm or demean the wife."
img00174.png,woman player,Explicit-Harm,Sexual-Harassment,The meme objectifies the woman player by reducing her to a mere object of desire.
img00175.jpg,woman giving birth,Implicit-Harm,Misogyny,"The meme compares the pain of childbirth to the stress of working in IT, implying childbirth is extremely difficult and devaluing the experience of women."
img00176.jpg,woman's appearance,Implicit-Harm,Appearance-Attack,The meme objectifies the women by focusing on their buttocks and suggesting superficial value.
img00177.jpg,woman,Non-Harmful,NULL,The meme does not target a woman for abuse; it appears to be a humorous exchange between two individuals discussing their health issues.
img00178.jpg,my wife,Non-Harmful,NULL,The meme uses humor to depict a common scenario without targeting the woman for abuse.
img00179.jpg,wife,Implicit-Harm,Misogyny,"The meme perpetuates the stereotype that women should stay in the kitchen, reinforcing traditional gender roles."
img00180.png,woman's appearance,Non-Harmful,NULL,The meme uses a comparison between a formal suit and a casual t-shirt to make a humorous observation about fashion choices.
img00181.jpg,celebrity,Implicit-Harm,Appearance-Attack,"The meme criticizes the celebrity's appearance, suggesting that her beauty is exaggerated and unrealistic."
img00182.jpg,woman,Non-Harmful,NULL,The meme uses humor to depict a situation but does not target the woman for abuse.
img00183.jpg,woman with wings,Non-Harmful,NULL,"The image shows a character with wings, but there is no indication of harm towards women."
img00184.jpg,women's rights,Non-Harmful,NULL,The meme discusses the logical implications of certain arguments but does not directly harm or demean women.
img00185.jpg,woman,Non-Harmful,NULL,"The meme is a critique of unhealthy INFP behavior, not directed at women."
img00186.png,psychiatrist,Non-Harmful,NULL,"The meme is a humorous observation about a patient's perspective, not targeting the psychiatrist for abuse."
img00187.jpg,woman's appearance,Non-Harmful,NULL,"The comic uses a humorous scenario to highlight the contrast between the woman's appearance and her inner beliefs, but it does not explicitly harm or demean her."
img00188.png,wife,Implicit-Harm,Misogyny,"The meme suggests that wives are overly concerned with trivial matters like TV shows, implying a lack of respect for their interests."
img00189.jpg,girlfriend,Non-Harmful,NULL,"The meme uses a humorous analogy comparing a girlfriend to a unicorn, which is a playful and non-abusive comparison."
img00190.jpg,woman,Non-Harmful,NULL,The meme does not target a woman for abuse; it is a humorous anecdote about a teacher's experience.
img00191.png,Bella Ramsey,Non-Harmful,NULL,The meme criticizes the HBO casting team but does not target Bella Ramsey herself for abuse.
img00192.jpg,woman,Non-Harmful,NULL,The meme does not target a woman for abuse; it discusses historical development plans and their success.
img00193.png,folks experiencing extreme loss,Non-Harmful,NULL,The meme discusses a political statement without targeting women for abuse.
img00194.jpg,woman,Explicit-Harm,Sexual-Harassment,"The meme suggests that rape is trivialized and not serious enough to be considered a homicide, objectifying the victim's experience."
img00195.jpg,woman,Explicit-Harm,Sexual-Harassment,"The meme contains a sexual proposition and a direct accusation of infidelity, which is a form of sexual harassment."
img00196.png,woman,Non-Harmful,NULL,The meme does not target a woman for abuse; it is a humorous commentary on societal reactions to unusual appearances.
img00197.jpg,woman's appearance,Implicit-Harm,Misogyny,"The meme suggests that a woman's attractiveness diminishes when she becomes a wife, implying a negative change in her value."
img00198.jpg,woman,Non-Harmful,NULL,The meme is a playful description of a 'Smol Angel Girlfriend' without any harmful intent.
img00199.jpg,woman,Non-Harmful,NULL,The meme does not target a woman for abuse; it is a humorous exchange between two anonymous users discussing their sexual activities.
img00200.jpg,woman,Implicit-Harm,Sexual-Harassment,"The meme objectifies the woman by asking about her fantasies, implying she is only valuable for her sexual appeal."
img00201.jpg,trans women,Non-Harmful,NULL,The meme discusses trans identities but does not target women for abuse.
img00202.jpg,girl,Explicit-Harm,Sexual-Harassment,The meme objectifies the girl by focusing on her height and suggesting she is only interested in the narrator for his physical attributes.
img00203.jpg,robot,Non-Harmful,NULL,"The robot is shown as a tool for creating memes, which is a neutral function and not directed at a specific woman."
img00204.jpg,woman,Explicit-Harm,Sexual-Harassment,The meme uses derogatory language and objectifies the woman by focusing on her physical attributes and sexual appeal.
img00205.jpg,women voters,Non-Harmful,NULL,The meme does not target women for abuse but rather makes a political statement about voting preferences.
img00206.jpg,woman,Non-Harmful,NULL,The meme discusses equality in a relationship without implying any form of harm towards women.
img00207.png,woman's appearance,Implicit-Harm,Appearance-Attack,"The meme criticizes women for their physical appearance and suggests that wearing bras, applying makeup, and having a certain hairstyle are unnecessary."
img00208.jpg,woman,Non-Harmful,NULL,The meme quotes a statement from 'Bee Movie' without implying harm towards the woman.
img00209.jpg,woman,Non-Harmful,NULL,"The meme is a discussion about a comment made by another user, which is a form of social interaction rather than targeting a woman for abuse."
img00210.jpg,woman,Non-Harmful,NULL,The meme does not target a woman for abuse; it is a humorous comparison between two groups.
img00211.jpg,wife,Non-Harmful,NULL,"The meme uses a train metaphor to humorously depict the wife's credit card bill as a 'train wreck', but it does not target the wife for abuse."
img00212.jpg,woman,Non-Harmful,NULL,"The image shows a chocolate-covered pastry, but there is no indication of harm towards women."
img00213.png,fat girls,Explicit-Harm,Appearance-Attack,"The post criticizes those who don't like fat girls, implying they are weird and suggesting that liking fat girls is normal, which reinforces negative stereotypes about body size and attractiveness."
img00214.jpg,woman's appearance,Non-Harmful,NULL,The meme uses a humorous but non-abusive comparison to make a point about gender roles and financial expectations.
img00215.jpg,woman,Non-Harmful,NULL,"The image shows a group of people having fun at a party, with no specific targeting or harm towards a woman."
img00216.jpg,woman,Non-Harmful,NULL,The meme uses a humorous comparison between two scenarios but does not target the woman for abuse.
img00217.jpg,cute girlfriend,Non-Harmful,NULL,The meme uses a humorous scenario but does not target the woman for abuse.
img00218.jpg,tall woman,Non-Harmful,NULL,The meme criticizes redditors for spamming with low-quality GIFs but does not target the tall woman herself for abuse.
img00219.jpg,woman,Explicit-Harm,Sexual-Harassment,"The meme objectifies women by suggesting they are mere objects to be 'plush' or 'get some', implying sexual availability."
img00220.png,woman's wife,Non-Harmful,NULL,"The meme criticizes Coldplay for allegedly forcing Andy Byron to cheat on his wife, but the context suggests it is a joke rather than a serious accusation."
img00221.jpg,woman,Non-Harmful,NULL,"The meme uses sarcasm to criticize Bob's forgetfulness, but it does not target the woman for abuse."
img00222.png,Kaiser Wilhelm the I.,Non-Harmful,NULL,"The image depicts a child in a crown, but there is no explicit or implicit harm towards women."
img00223.png,contestant,Non-Harmful,NULL,The meme uses humor to critique a contestant's ignorance but does not target women for abuse.
img00224.jpg,woman barista,Non-Harmful,NULL,The meme does not target a woman for abuse; it is a humorous observation about the lack of non-binary individuals with blue hair.
img00225.jpg,Muslim woman,Non-Harmful,NULL,"The meme discusses beliefs about modest Muslim women and trans women, but does not directly harm or demean any woman."
img00226.jpg,android girl,Implicit-Harm,Sexual-Harassment,"The meme suggests a sexualized interaction between the android and the viewer, implying inappropriate behavior towards a robot."
img00227.jpg,woman,Non-Harmful,NULL,The meme does not target a woman for abuse; it appears to be a humorous exchange between individuals discussing a situation.
img00228.jpg,woman in a skirt,Implicit-Harm,Misogyny,"The meme uses a derogatory term to describe a woman, implying she is mentally unstable, which is a form of dehumanization and attack against her mental health."
img00229.jpg,woman in scrubs,Non-Harmful,NULL,The meme uses a scenario involving a woman but does not target her for abuse or make a harmful statement about her.
img00230.jpg,woman in the middle,Non-Harmful,NULL,"The meme is a humorous juxtaposition of a serious negotiation scenario with a trivial concert tour announcement, which does not target or harm the woman depicted."
img00231.jpg,women,Non-Harmful,NULL,The meme discusses anti-AI sentiments and does not target women for abuse.
img00232.jpg,woman,Non-Harmful,NULL,The meme compares emotional responses between genders but does not demean or harm women.
img00233.jpg,pregnant woman,Implicit-Harm,Misogyny,"The meme suggests that the pregnant woman should have been with someone who owns a car, implying she is not capable of owning one herself."
img00234.jpg,woman,Non-Harmful,NULL,"The meme uses a cartoon character to represent Reddit users reacting to a suggestive video, but it does not target women for abuse."
img00235.jpg,trans women,Non-Harmful,NULL,"The meme supports trans women and criticizes cis women, but does not harm them."
img00236.png,woman,Non-Harmful,NULL,The meme is a humorous statement about friendship and does not target or harm women.
img00237.jpg,women in a nightclub,Non-Harmful,NULL,The meme humorously questions a situation but does not explicitly harm or demean women.
img00238.jpg,woman driver,Implicit-Harm,Sexual-Harassment,"The meme suggests the woman is objectifying the car as a romantic partner, implying sexual interest in the vehicle."
img00239.jpg,woman,Implicit-Harm,Sexual-Harassment,The meme promotes a double standard where women are expected to remain pure until marriage but men are encouraged to gain experience through sexual encounters.
img00240.jpg,woman sleeping,Implicit-Harm,Sexual-Harassment,"The meme suggests that women regret not hiding their infidelity better, implying a sexual double standard where men are not held accountable for their actions."
img00241.jpg,woman in medieval attire,Non-Harmful,NULL,The meme uses a historical painting to humorously depict a scenario but does not target women for abuse.
img00242.jpg,celebrity,Non-Harmful,NULL,"The meme is a joke about celebrities' body positivity, not targeting women for abuse."
img00243.jpg,women,Explicit-Harm,Misogyny,"The meme proposes a segregation based on gender, which perpetuates harmful stereotypes about women's roles and value."
img00244.jpg,archaeologist,Non-Harmful,NULL,"The meme uses a stereotype to make a humorous observation about the profession of archaeologists, without attacking or demeaning women."
img00245.png,woman,Explicit-Harm,Misogyny,"The meme criticizes women for liking 'bad boys' and suggests they should stay home, promoting gender roles and objectifying women."
img00246.png,woman,Non-Harmful,NULL,"The meme uses sarcasm to mock the idea of 'Stacy types,' but it does not directly harm or demean women."
img00247.jpg,woman wearing an Antifa shirt,Non-Harmful,NULL,"The meme uses a cartoon character to represent a person, but there is no direct harm towards women."
img00248.jpg,woman,Explicit-Harm,Misogyny,The meme uses a derogatory term 'bitchen' and promotes a gender-stereotype about women's roles.
img00249.png,woman's appearance,Non-Harmful,NULL,"The meme promotes body positivity regarding women's hairiness, which is a positive message rather than an attack."
img00250.jpg,single mom,Non-Harmful,NULL,The meme criticizes the scrutiny of a single mom's grocery cart but does not target women for abuse.
img00251.jpg,girlfriend,Implicit-Harm,Misogyny,"The meme suggests that giving logical advice to a girlfriend is met with resistance, implying a dismissive attitude towards her input."
img00252.jpg,woman smoking,Non-Harmful,NULL,The meme uses humor to point out a logical observation rather than targeting the woman for abuse.
img00253.png,women,Non-Harmful,NULL,The meme does not target women for abuse; it is a statement promoting a controversial viewpoint.
img00254.jpg,single mother,Non-Harmful,NULL,The meme does not target a woman for abuse; it is a humorous scenario involving a police officer and a grocery store theft.
img00255.jpg,woman,Non-Harmful,NULL,The meme discusses naming conventions without targeting women for abuse.
img00256.png,woman,Explicit-Harm,Sexual-Harassment,The meme objectifies the woman by suggesting she might 'use her bomb' as a sexual threat.
img00257.jpg,woman's appearance,Non-Harmful,NULL,The meme is praising a man's achievements without targeting a woman for abuse.
img00258.png,female employee,Implicit-Harm,Sexual-Harassment,"The meme portrays a boss making a sexual joke to a female employee, which is a form of sexual harassment."
img00259.jpg,woman's appearance,Non-Harmful,NULL,"The meme suggests creating a 'snappier' version of a headline, which is a playful suggestion rather than a harmful statement."
img00260.jpg,daughter,Non-Harmful,NULL,"The meme uses a humorous comparison between mothers teaching daughters about puberty and fathers teaching sons, but it does not explicitly harm or demean either group."
img00261.png,female rappers,Non-Harmful,NULL,"The meme is a humorous observation about the challenges female rappers face, not a harmful attack."
img00262.jpg,woman's appearance,Explicit-Harm,Misogyny,The meme uses derogatory language to distinguish between 'real' and 'not real' women based on their appearance.
img00263.jpg,woman,Non-Harmful,NULL,The meme does not target a woman for abuse; it is a humorous statement about creating a robot.
img00264.png,woman golfer,Non-Harmful,NULL,"The meme depicts a humorous scenario involving a dog and a golf ball, but there is no explicit or implicit harm towards a woman."
img00265.jpg,woman,Non-Harmful,NULL,The image depicts a humorous scenario but does not target or demean the woman.
img00266.jpg,women in yoga class,Implicit-Harm,Misogyny,"The meme suggests a binary classification of women based on their marital status, implying superiority of married women over those who are dating."
img00267.jpg,Marge Simpson,Implicit-Harm,Sexual-Harassment,"The meme objectifies Marge by focusing on her body and suggesting she is wrapped like a present, implying sexual availability."
img00268.jpg,journalist,Non-Harmful,NULL,The meme does not target a woman for abuse; it discusses a news article about a leaked memo related to the Epstein Files.
img00269.jpg,manic pixie dream girl,Non-Harmful,NULL,The meme uses a common trope to critique a specific personality type but does not explicitly harm or demean the target.
img00270.jpg,woman's appearance,Non-Harmful,NULL,"The meme compares Sabrina Carpenter's appearance with and without makeup, but does not attack or demean her."
img00271.png,woman's appearance,Non-Harmful,NULL,"The meme compares Sabrina Carpenter's appearance with and without makeup, but does not attack or demean her."
img00272.jpg,woman's appearance,Non-Harmful,NULL,The meme does not target a woman for abuse; it is a humorous observation about the game releasing a sexy skin for a character.
img00273.jpg,woman,Non-Harmful,NULL,The meme does not target a woman for abuse; it is a humorous statement about a couple's plans for New Year's Eve.
img00274.jpg,woman,Non-Harmful,NULL,"The meme uses a 'nice guy' trope to question a woman's stress level, which is a common form of subtle sexism but not explicitly harmful."
img00275.jpg,woman,Explicit-Harm,Misogyny,"The meme criticizes the treatment of women through marriage and citizenship, equating it to slavery, which is a form of explicit harm."
img00276.jpg,woman mechanic,Implicit-Harm,Misogyny,"The meme suggests women lack the strength or capability to work as mechanics, perpetuating gender stereotypes."
img00277.jpg,trans women,Explicit-Harm,Sexual-Harassment,"The meme uses derogatory language and a 'trans girl indoctrination machine' hat to attack trans women, promoting harmful stereotypes."
img00278.png,regular woman,Implicit-Harm,Sexual-Harassment,"The meme portrays a large, wealthy, and physically imposing character as harassing a regular woman, which implies sexual aggression and objectification."
img00279.jpg,woman performing acrobatics,Non-Harmful,NULL,The image depicts a playful acrobatic performance without any harmful intent towards the woman.
img00280.jpg,female characters from various books,Non-Harmful,NULL,"The image showcases characters from different books, which is a celebration of diverse literature and characters, not targeting any specific gender for abuse."
img00281.png,woman,Non-Harmful,NULL,"The meme is a humorous observation about bathroom temperature, not targeting women for abuse."
img00282.png,women,Implicit-Harm,Sexual-Harassment,"The meme suggests that women are overly cautious and closed off due to fear of sexual advances from men, implying a sexual harassment dynamic."
img00283.png,woman electrical worker,Non-Harmful,NULL,"The meme uses a cartoon to make a humorous point about gender roles in electrical work, but it does not target women for abuse."
img00284.jpg,woman's appearance,Non-Harmful,NULL,"The image shows various items typically packed for travel or outdoor activities, but there is no specific targeting of a woman or any form of harm."
img00285.jpg,woman's appearance,Non-Harmful,NULL,The meme does not target a woman for abuse; it is a political statement about keeping politics out of sports.
img00286.jpg,women,Non-Harmful,NULL,"The image celebrates the achievement of buying a house, which is a positive event."
img00287.png,woman,Non-Harmful,NULL,"The meme is a statement of empowerment and equality, not an attack on women."
img00288.png,woman holding a baby,Explicit-Harm,Misogyny,"The meme uses a derogatory term 'ugly ass baby' to criticize the woman's child, attacking her as a mother."
img00289.png,young ladies,Explicit-Harm,Sexual-Harassment,The meme objectifies young women by suggesting they are 'underage' and implying sexual interest in them.
img00290.jpg,woman,Explicit-Harm,Misogyny,"The meme labels women as 'perverted' in a derogatory manner, attacking their character."
img00291.jpg,woman's appearance,Non-Harmful,NULL,The meme does not target a woman for abuse; it is a humorous observation about the frequency of seeing a meme.
img00292.jpg,fat acceptance activist,Implicit-Harm,Appearance-Attack,"The meme suggests that women who were once advocates for body positivity are now abandoning the movement due to their own desire to be thin, implying a double standard."
img00293.jpg,woman,Non-Harmful,NULL,"The image features two women in separate panels, but there is no explicit or implicit harm directed towards them."
img00294.jpg,woman struggling,Non-Harmful,NULL,"The meme uses a metaphorical drowning scenario to illustrate the struggle of a woman, but it does not explicitly harm or demean her."
img00295.jpg,Sue Sylvester,Non-Harmful,NULL,The meme quotes Sue Sylvester in a way that is meant to be humorous rather than harmful.
img00296.jpg,woman,Non-Harmful,NULL,The meme does not target a woman for abuse; it is a satirical commentary on QAnon beliefs.
img00297.jpg,weather girl,Implicit-Harm,Sexual-Harassment,"The meme suggests that dating a weather girl is desirable due to their frequent mistakes, implying a sexual interest in their incompetence."
img00298.jpg,Cinderella,Non-Harmful,NULL,"The meme quotes a statement about Cinderella's happiness with her animal friends, which is a neutral observation."
img00299.jpg,girlfriend with alopecia,Non-Harmful,NULL,The meme praises the boyfriend's kindness without targeting the woman for abuse.
img00300.jpg,none,Non-Harmful,NULL,The image shows characters from different video games but does not target women for abuse.
img00301.jpg,woman,Non-Harmful,NULL,The meme uses the terms 'oppressed' and 'liberated' as labels but does not explicitly harm or demean women.
img00302.jpg,woman wearing a dress made of dollar bills,Non-Harmful,NULL,The meme celebrates creativity in costume without targeting the woman for abuse.
img00303.jpg,women,Non-Harmful,NULL,The meme expresses admiration for women without any form of harm or criticism towards them.
img00304.png,woman,Non-Harmful,NULL,The meme uses humor to discuss marriage issues but does not target a woman for abuse.
img00305.png,woman,Non-Harmful,NULL,"The meme is a humorous list of behaviors in relationships, not targeting women for abuse."
img00306.jpg,feminist,Non-Harmful,NULL,"The meme uses a feminist character to advocate for stopping violence against women, which is a positive message."
img00307.png,woman,Implicit-Harm,Misogyny,"The meme compares a woman's expectations versus contributions in a relationship, implying she brings more to the relationship than what she expects."
img00308.jpg,woman in Mulan,Non-Harmful,NULL,"The meme references a fictional Disney character and event, not targeting real women."
img00309.png,woman,Non-Harmful,NULL,The meme uses a humorous scenario involving a wedding but does not target or harm the woman.
img00310.png,women,Non-Harmful,NULL,The meme does not target women for abuse but rather makes a statement about societal portrayals.
img00311.jpg,woman,Explicit-Harm,Sexual-Harassment,"The meme depicts a woman being forced into a compromising situation, suggesting sexual coercion."
img00312.jpg,woman,Explicit-Harm,Sexual-Harassment,The meme objectifies the woman by suggesting marriage based on her physical attributes and implying sexual interest.
img00313.png,female character,Implicit-Harm,Sexual-Harassment,"The meme implies unwanted physical contact with a female character, suggesting a sexual harassment scenario."
img00314.jpg,women in uniform,Non-Harmful,NULL,The tweet expresses gratitude for military personnel but does not target women for abuse.
img00315.png,woman,Non-Harmful,NULL,The meme does not target a woman for abuse; it is a humorous observation about couples.
img00316.png,woman's appearance,Non-Harmful,NULL,"The image shows a woman in shorts, but there is no explicit or implicit harm directed towards her."
img00317.jpg,woman's appearance,Non-Harmful,NULL,"The image shows a person holding a note, but there is no indication of harm towards women."
img00318.png,woman,Non-Harmful,NULL,The meme does not target a woman for abuse; it is a humorous critique of religion.
img00319.jpg,woman sniffing out abuse,Implicit-Harm,Misogyny,"The meme suggests women are overly sensitive to potential abuse, implying they are overprotective and overly critical."
img00320.png,woman monkey,Non-Harmful,NULL,"The meme is a humorous observation about a famous monkey's romantic life, not targeting the woman monkey for abuse."
img00321.png,woman in the background,Non-Harmful,NULL,The image depicts a scene from a video game where characters are engaged in a discussion. There is no specific targeting of a woman for abuse or harm.
img00322.png,woman,Explicit-Harm,Misogyny,"The meme criticizes women for discussing feminist films, implying they are inherently negative and promoting hatred towards men."
img00323.jpg,girls with daddy issues and mommy issues,Non-Harmful,NULL,The meme uses a metaphorical comparison to discuss personal issues but does not target women for abuse.
img00324.jpg,elf witch,Non-Harmful,NULL,The image depicts a fantasy character without any harmful connotations.
img00325.png,woman breastfeeding,Non-Harmful,NULL,"The meme uses a humorous and relatable scenario to discuss breastfeeding, without targeting or demeaning women."
img00326.png,woman's fantasy,Implicit-Harm,Sexual-Harassment,"The meme suggests a sexual scenario involving duct tape, which is a form of restraint and control, implying a lack of consent."
img00327.png,woman,Non-Harmful,NULL,The meme uses SpongeBob to humorously address a personal issue but does not target women for abuse.
img00328.jpg,woman,Implicit-Harm,Sexual-Harassment,The meme objectifies the woman by focusing on her attractiveness and desiring her as a sexual partner.
img00329.jpg,female character,Non-Harmful,NULL,"The meme compares customization options for male and female characters, highlighting differences in appearance but not targeting women for abuse."
img00330.jpg,woman carrying wood,Non-Harmful,NULL,The image depicts a woman engaged in a common rural activity without any form of harm or criticism.
img00331.jpg,robots,Non-Harmful,NULL,"The image shows two robot figures in a dynamic pose, which is typical for action figures and does not target women for abuse."
img00332.jpg,woman,Non-Harmful,NULL,The meme uses a cat to mock the woman's behavior without directly harming her.
img00333.png,woman's appearance,Non-Harmful,NULL,The meme does not target a woman for abuse but rather shows a comparison of fitness levels.
img00334.jpg,single mother,Non-Harmful,NULL,The meme uses humor to critique banks rather than targeting women for abuse.
img00335.jpg,woman,Non-Harmful,NULL,The meme does not target a woman for abuse; it is a critique of a moderator's actions.
img00336.png,woman,Non-Harmful,NULL,The meme uses a humorous scenario but does not explicitly harm or demean the woman.
img00337.jpg,woman,Non-Harmful,NULL,"The meme uses sarcasm to criticize a man for not helping pay rent, but it does not target women for abuse."
img00338.png,woman as a homemaker,Non-Harmful,NULL,"The meme uses irony to critique the idea of homemaking as a burden, but does not explicitly harm or demean women."
img00339.jpg,woman in scrubs,Non-Harmful,NULL,"The meme uses a woman in scrubs to illustrate a point about ignoring someone, but there is no explicit or implicit harm towards her."
img00340.jpg,bride,Non-Harmful,NULL,"The image depicts a wedding scene with Spider-Man reacting to the situation, but there is no explicit or implicit harm towards the bride."
img00341.png,astronaut,Non-Harmful,NULL,"The image depicts a person in a space suit, which is a positive representation of a career and achievement."
img00342.jpg,princess,Non-Harmful,NULL,The meme contrasts two scenarios but does not explicitly harm or demean either character.
img00343.jpg,woman,Non-Harmful,NULL,"The meme uses a comic book panel depicting a woman being attacked, but the focus is on the reaction of the man in the video, not the woman."
img00344.png,women's roles,Implicit-Harm,Misogyny,"The meme suggests that women should stay in the kitchen, implying a gender role stereotype about women's place in the home."
img00345.jpg,wife,Non-Harmful,NULL,The meme uses a humorous scenario but does not target the wife for abuse.
img00346.png,woman's appearance,Non-Harmful,NULL,The meme does not target a woman for abuse; it is a humorous observation about a character's reaction to a situation.
img00347.jpg,woman,Explicit-Harm,Misogyny,"The meme objectifies the woman by associating her with mental health conditions, implying she is undesirable."
img00348.jpg,female partner,Non-Harmful,NULL,The meme contrasts societal reactions to male versus female infidelity but does not explicitly harm either.
img00349.png,woman,Non-Harmful,NULL,"The image is promoting a series of episodes featuring multiple women, but there is no explicit or implicit harm towards them."
img00350.jpg,women,Explicit-Harm,Sexual-Harassment,The meme objectifies women by focusing on their physical attributes and implying sexual expectations.
img00351.jpg,women,Non-Harmful,NULL,"The meme compares statistics about women being charged with pregnancy-related crimes to the number of men arrested in the Epstein files, but does not directly harm or attack women."
img00352.jpg,woman,Explicit-Harm,Character-Assassination,"The meme compares two women unfavorably, suggesting that one is a 'proper housewife' while the other is a 'worst wife material', which is a form of character assassination."
img00353.jpg,women,Explicit-Harm,Misogyny,"The meme suggests that women's rights vary based on location, implying that their rights are less important or subject to change compared to men's rights."
img00354.png,woman,Non-Harmful,NULL,The meme does not target a woman for abuse; it is a humorous comparison of IQ distributions.
img00355.png,woman,Explicit-Harm,Misogyny,The meme uses a derogatory statement about women's reproductive roles to attack their value.
img00356.jpg,girl,Non-Harmful,NULL,"The meme uses humor to depict a humorous situation involving a character reacting to an unexpected event, not targeting women for abuse."
img00357.jpg,woman's appearance,Implicit-Harm,Misogyny,"The meme criticizes women's bodies, suggesting they should dress modestly and implying that women's choices are embarrassing."
img00358.jpg,woman transitioning,Non-Harmful,NULL,The meme discusses personal choices related to gender identity without attacking or demeaning the individual.
img00359.png,woman,Non-Harmful,NULL,The image does not target a woman for abuse; it appears to be a political commentary.
img00360.jpg,girlfriend,Non-Harmful,NULL,"The meme is a humorous exchange between a couple, not targeting the girlfriend for abuse."
img00361.jpg,cis girls,Non-Harmful,NULL,"The meme uses a comparison between cis and trans girls' reactions to compliments, which is a form of counter-speech."
img00362.jpg,suicidal women,Implicit-Harm,Misogyny,"The meme suggests that suicidal women are more frequent but less successful compared to suicidal men, implying a superiority complex."
img00363.png,woman's appearance,Non-Harmful,NULL,"The meme shows a comparison of a woman's appearance with and without makeup, which is a neutral observation rather than an attack."
img00364.jpg,woman,Non-Harmful,NULL,"The meme is a humorous depiction of a character's reaction to another character's success, without any harmful intent."
img00365.jpg,woman's appearance,Non-Harmful,NULL,"The meme discusses preferences regarding facial hair, which is a personal choice and not a form of discrimination against women."
img00366.png,Barbie doll,Implicit-Harm,Appearance-Attack,"The meme suggests that Barbie dolls are often depicted as thin, implying that the 'average' Barbie is fat, which criticizes her body shape."
img00367.jpg,woman's appearance,Explicit-Harm,Appearance-Attack,"The meme criticizes women for their bodies, specifically mentioning tummy rolls, thighs, and stretch marks as undesirable features."
img00368.jpg,woman,Explicit-Harm,Sexual-Harassment,"The meme objectifies the woman's body, focusing on her breasts and buttocks, and uses derogatory language to degrade her."
img00369.png,Wonder Woman,Implicit-Harm,Misogyny,"The meme questions Wonder Woman's gender, implying doubt about her identity as a woman superhero, which is a form of gender-based discrimination."
img00370.png,woman's appearance,Non-Harmful,NULL,"The meme discusses a comparison between a woman with and without makeup, but does not explicitly harm or attack women."
img00371.jpg,woman,Non-Harmful,NULL,The meme uses a humorous scenario involving a woman's family but does not target her for abuse.
img00372.jpg,woman,Explicit-Harm,Character-Assassination,"The meme objectifies the woman by equating her with 'gold digger', implying she is solely motivated by financial gain."
img00373.jpg,woman writer,Non-Harmful,NULL,"The meme is a humorous observation about the writer's concentration while working, not targeting the woman for abuse."
img00374.png,female characters,Non-Harmful,NULL,"The image is a MBTI grid featuring various characters from video games, which is a neutral representation of different personality types."
img00375.jpg,woman,Explicit-Harm,Sexual-Harassment,"The meme objectifies the woman by reducing her to a mere body part, specifically her baby."
img00376.png,transgender individuals,Implicit-Harm,Misogyny,"The meme implies that transgender individuals are petty and unhelpful, which generalizes negative traits to a group."
img00377.png,pregnant woman,Non-Harmful,NULL,The meme does not target the pregnant woman for abuse; it is a humorous scenario depicting a situation where a pregnant woman is trying to reassure her partner.
img00378.jpg,women,Non-Harmful,NULL,The meme does not target women for abuse; it is a humorous observation about a situation involving men.
img00379.png,woman,Non-Harmful,NULL,The meme uses a humorous scenario to critique societal expectations rather than targeting women for abuse.
img00380.png,trans women,Explicit-Harm,Misogyny,"The meme uses derogatory language to express disapproval of trans women, attacking their identity."
img00381.jpg,woman's appearance,Implicit-Harm,Misogyny,"The meme criticizes the 'artificial femininity' marketed to women, implying it is inherently masculine."
img00382.jpg,woman,Explicit-Harm,Misogyny,"The meme suggests that women would be inferior to men in the 1920s, promoting a gender-based hierarchy."
img00383.png,woman's appearance,Non-Harmful,NULL,"The meme celebrates the unblocking of Reddit, which is unrelated to any specific woman or gender-based harm."
img00384.jpg,woman,Explicit-Harm,Misogyny,"The meme uses derogatory language to describe a woman as 'ugly', attacking her appearance."
img00385.jpg,woman's appearance,Implicit-Harm,Appearance-Attack,"The meme criticizes the woman's use of makeup, suggesting she should appear more 'natural' and implying that makeup is unnatural or undesirable."
img00386.jpg,female warrior,Non-Harmful,NULL,"The meme contrasts a fictionalized and an accurate portrayal of a female warrior, highlighting the differences between them."
img00387.jpg,woman applying makeup,Non-Harmful,NULL,The meme criticizes a study but does not directly harm the woman depicted.
img00388.jpg,step daughter,Non-Harmful,NULL,The meme quotes a scenario involving a step daughter without any apparent harm or criticism towards her.
img00389.jpg,woman musician,Non-Harmful,NULL,The meme praises the woman's musical talent without any form of abuse or criticism.
img00390.jpg,women,Implicit-Harm,Misogyny,"The meme suggests that even the best women are men, implying that women cannot excel in sports."
img00391.jpg,women,Non-Harmful,NULL,"The image is a public statement addressing assailants, but it does not target women for abuse."
img00392.jpg,woman's appearance,Non-Harmful,NULL,"The image is a meme referencing a video game character, not targeting women for abuse."
img00393.jpg,bullies,Non-Harmful,NULL,"The meme compares bullies from movies to real-life bullies, highlighting the contrast between idealized and realistic portrayals without targeting women."
img00394.jpg,woman,Explicit-Harm,Sexual-Harassment,"The meme explicitly threatens sexual harassment and degradation, targeting the woman's sexual autonomy."
img00395.jpg,woman in bed,Implicit-Harm,Misogyny,"The meme suggests the woman is unattractive compared to Elon Musk, implying she is undesirable."
img00396.jpg,woman's boyfriend,Implicit-Harm,Misogyny,"The meme suggests that a woman's boyfriend should ride a motorcycle, implying that he is not a good enough partner if he doesn't."
img00397.jpg,woman's diary,Non-Harmful,NULL,"The meme quotes a private diary entry without context, which is not intended to harm the woman but rather to make a humorous point about boundary issues."
img00398.png,woman,Implicit-Harm,Sexual-Harassment,"The meme uses a sexual proposition to make a suggestive joke about exponential growth, implying a sexual encounter."
img00399.png,woman,Non-Harmful,NULL,The meme praises the woman for her actions but does not demean or harm her.
img00400.jpg,woman's appearance,Explicit-Harm,Sexual-Harassment,"The meme uses a derogatory term 'cheese tits' to objectify the woman's body, suggesting a sexual interest in her physical attributes."
img00401.jpg,woman,Non-Harmful,NULL,"The meme quotes a statement about men cheating on their partners, which is a general observation rather than targeting women for abuse."
img00402.jpg,woman's appearance,Implicit-Harm,Appearance-Attack,"The meme suggests that having a tattoo on one's face is a reason to not get a job, implying that tattoos are undesirable."
img00403.png,woman,Non-Harmful,NULL,"The meme uses a cartoon character to make a humorous statement about gender preference, which is not directed at a specific woman or harmful towards women."
img00404.jpg,woman's request,Non-Harmful,NULL,"The meme is a humorous scenario depicting a playful interaction between a couple, not targeting women for abuse."
img00405.jpg,woman's behavior,Non-Harmful,NULL,"The meme humorously depicts a scenario involving a woman's first sexual experience, but it does not target or harm the woman herself."
img00406.png,lesbian porn,Non-Harmful,NULL,The meme does not target women for abuse; it is a commentary on societal reactions to different types of pornography.
img00407.png,woman babysitter,Non-Harmful,NULL,"The meme humorously depicts a scenario where a babysitter finds a dead dog, but there is no explicit or implicit harm towards women."
img00408.png,woman,Non-Harmful,NULL,"The meme is a humorous request for cookie dip, which is a common food item and does not target women for abuse."
img00409.jpg,woman,Explicit-Harm,Sexual-Harassment,"The meme objectifies the woman by equating travel plans with going to a store known for selling women's clothing, implying she is only valuable for shopping."
img00410.png,woman,Explicit-Harm,Sexual-Harassment,"The meme objectifies the woman by suggesting she is having more sex than the speaker, implying sexual interest."
img00411.png,woman,Non-Harmful,NULL,The meme does not target a woman for abuse; it is a humorous critique of time management.
img00412.png,woman,Non-Harmful,NULL,"The meme is a humorous observation about birth control pills, not targeting women for abuse."
img00413.jpg,girlfriend,Non-Harmful,NULL,The meme humorously highlights a common scenario but does not target or demean the girlfriend.
img00414.jpg,Tweety Bird ice cream pop,Non-Harmful,NULL,"The image shows a creative ice cream pop designed to resemble Tweety Bird, which is a character from Looney Tunes. There is no harm intended towards women."
img00415.jpg,stay-at-home mom,Implicit-Harm,Misogyny,"The meme criticizes the stay-at-home mom's choice as undermining feminism, implying that women should work outside the home."
img00416.jpg,girlfriend,Non-Harmful,NULL,The meme does not target a woman for abuse; it is a humorous commentary on cultural differences.
img00417.jpg,woman transitioning,Explicit-Harm,Sexual-Harassment,"The meme objectifies the woman by suggesting she would become a lesbian if she were transitioning, focusing on her sexuality rather than her identity or transition process."
img00418.png,woman's appearance,Non-Harmful,NULL,"The meme uses a seal's exaggerated expression to humorously depict a situation involving a playground, but there is no direct harm to a woman."
img00419.jpg,cute girls,Implicit-Harm,Sexual-Harassment,"The meme suggests a sexual interest in a girl based on her appearance, which is objectifying."
img00420.jpg,woman's Thanksgiving plans,Non-Harmful,NULL,The meme discusses a man's uncertainty about Thanksgiving plans but does not target women for abuse.
img00421.jpg,clothes,Non-Harmful,NULL,"The meme uses a historical figure to make a humorous observation about clothing, which is not directed at women."
img00422.jpg,two women,Non-Harmful,NULL,"The meme uses a humorous exchange between two women to critique a situation, but it does not target women for abuse."
img00423.png,wife,Non-Harmful,NULL,"The meme uses sarcasm to criticize the wife's financial situation, but it does not target her for abuse."
img00424.png,woman,Explicit-Harm,Sexual-Harassment,"The meme uses a threatening tone and a provocative statement about a woman's body, implying sexual aggression."
img00425.jpg,wife,Non-Harmful,NULL,The meme praises a highly skilled and well-paid wife without any negative connotations or stereotypes.
img00426.jpg,mother,Non-Harmful,NULL,"The meme uses a child's statement to critique a mother's behavior, but it is presented as a humorous observation rather than an attack."
img00427.jpg,woman's appearance,Non-Harmful,NULL,The meme praises a man's actions without targeting a woman for abuse.
img00428.jpg,woman,Non-Harmful,NULL,"The meme uses a bear to humorously express a desire for solitude, which is unrelated to any form of harm towards women."
img00429.png,woman's mum,Non-Harmful,NULL,"The meme is a humorous statement about not joining in on a discussion about a woman's mother, but it does not target the woman herself for abuse."
img00430.jpg,woman wearing dreadlocks,Non-Harmful,NULL,The meme criticizes anti-vaccination beliefs but does not target women personally or with harmful language.
img00431.png,woman's sleep,Non-Harmful,NULL,"The meme uses a metaphor comparing a nap to an appetizer for sleep, which is a humorous observation rather than an attack on women."
img00432.png,woman's behavior,Implicit-Harm,Sexual-Harassment,"The meme portrays the woman's behavior as inappropriate and objectifying, suggesting she is trying to sexually interact with the person's leg."
img00433.jpg,woman,Non-Harmful,NULL,"The meme praises feminism for treating women equally, which is a positive message promoting equality."
img00434.jpg,woman asking man to do dishes,Non-Harmful,NULL,"The meme depicts a humorous scenario where a woman asks a man to do dishes, but he declines due to commitment issues. There is no explicit or implicit harm towards the woman."
img00435.jpg,woman,Non-Harmful,NULL,"The meme is a humorous exchange between two people, not targeting a woman for abuse."
img00436.jpg,woman's scar,Non-Harmful,NULL,"The meme uses a scar as a metaphor for a lasting impression, which is not intended to harm the woman but rather to emphasize a memorable characteristic."
img00437.jpg,woman's appearance,Non-Harmful,NULL,"The meme humorously contrasts a father's reaction to his daughter's request for a lullaby with his own choice of music, highlighting a generational difference rather than attacking the woman's appearance."
img00438.jpg,woman's appearance,Non-Harmful,NULL,"The meme humorously exaggerates desires for expensive items, but does not target women for abuse."
img00439.jpg,women's interaction,Non-Harmful,NULL,"The meme uses a humorous exchange between two women to critique a situation, but it does not target women for abuse."
img00440.jpg,crazy ex-girlfriends,Implicit-Harm,Character-Assassination,"The meme suggests that ex-girlfriends are unpredictable and potentially dangerous, which perpetuates harmful stereotypes about women's behavior and intentions."
img00441.jpg,woman,Non-Harmful,NULL,"The meme is a humorous observation about a person's age and lack of purchasing underwear, which is not directed at a specific woman or intended to harm."
img00442.png,girlfriend,Non-Harmful,NULL,"The meme uses sarcasm to mock the girlfriend's reaction to criticism, which is not directed at her but rather at the difficulty of facing criticism."
img00443.png,woman's appearance,Non-Harmful,NULL,"The meme uses a Star Wars character's famous line 'It's a trap' in a humorous context, but there is no direct harm towards a woman."
img00444.png,girl on date,Implicit-Harm,Sexual-Harassment,"The meme objectifies the girl by reducing her to a sexual proposition, implying she is only valued for her physical presence."
img00445.jpg,woman,Non-Harmful,NULL,The meme does not target a woman for abuse; it is a humorous comparison between two individuals.
img00446.png,women,Non-Harmful,NULL,The meme discusses wage gaps and career choices but does not explicitly harm or demean women.
img00447.png,girlfriend,Implicit-Harm,Misogyny,"The meme suggests that loving a girlfriend's son but hating the girlfriend justifies kidnapping him, promoting harmful attitudes towards women."
img00448.jpg,ex-girlfriend,Non-Harmful,NULL,"The meme is defending the ex-girlfriend against a stereotype, not attacking her."
img00449.png,woman,Non-Harmful,NULL,"The meme is a humorous observation about a woman's behavior, not targeting her for abuse."
img00450.png,girlfriend,Non-Harmful,NULL,"The meme humorously depicts a man's mixed reaction to his girlfriend's comfort level with farting around him, without targeting the woman herself."
img00451.png,woman,Explicit-Harm,Violence,"The meme depicts a violent scenario where a woman stabs a man, suggesting a justification for the act based on his alleged cheating."
img00452.png,woman's appearance,Non-Harmful,NULL,The meme humorously depicts a positive health outcome but does not target or demean a woman.
img00453.png,girlfriend,Non-Harmful,NULL,The meme does not target a woman for abuse; it is a humorous scenario involving a man's girlfriend.
img00454.png,woman wearing ice pop shirt,Non-Harmful,NULL,The meme is a humorous self-portrait with no intent to harm or offend.
img00455.jpg,woman's appearance,Non-Harmful,NULL,"The meme is a humorous question about finding burrito paper, unrelated to any specific harm towards women."
img00456.png,wife,Non-Harmful,NULL,"The meme uses a humorous scenario to critique a man's behavior towards his wife, but it does not directly harm the woman."
img00457.jpg,my daughter's mom,Non-Harmful,NULL,The meme is expressing frustration about a legal situation but does not target the woman for abuse.
img00458.jpg,wife,Non-Harmful,NULL,The meme is a humorous commentary on behavior rather than targeting the wife for abuse.
img00459.jpg,girlfriend,Non-Harmful,NULL,The meme expresses love for a girlfriend but does not target or demean women in general.
img00460.png,feminists,Non-Harmful,NULL,The meme uses humor to critique a political stance rather than targeting women for abuse.
img00461.png,wife,Non-Harmful,NULL,The meme uses humor to express frustration but does not target the wife for abuse.
img00462.jpg,woman,Explicit-Harm,Sexual-Harassment,"The meme objectifies the woman by equating her desire for Thai food with sexual services, implying she is only valued for her ability to provide sexual favors."
img00463.jpg,woman,Non-Harmful,NULL,The meme humorously depicts a situation involving a car repair shop but does not target or harm women.
img00464.jpg,girlfriend,Explicit-Harm,Misogyny,"The meme suggests that the girlfriend is aggressive towards her boyfriend, implying she is dangerous and should be feared, which perpetuates harmful gender stereotypes."
img00465.jpg,girlfriend's dad,Non-Harmful,NULL,"The meme is a humorous scenario depicting a man asking his girlfriend's father for financial assistance, which is a common social situation and not intended to harm anyone."
img00466.jpg,woman wearing glasses,Implicit-Harm,Appearance-Attack,"The meme suggests that dating a woman with glasses is like dating two women, implying that removing makeup would reveal a different person."
img00467.png,woman,Non-Harmful,NULL,"The meme uses a character from Dr. Seuss to humorously depict Bruce Jenner's announcement, but it does not target women for abuse."
img00468.png,woman,Non-Harmful,NULL,"The meme is a playful suggestion for a name change, not targeting the woman for abuse."
img00469.png,wife,Non-Harmful,NULL,"The meme is a humorous anecdote about a man's mistake, not targeting the wife for abuse."
img00470.jpg,woman's boyfriend,Implicit-Harm,Character-Assassination,"The meme suggests that cheating on a woman's boyfriend is acceptable, promoting a harmful stereotype about infidelity and relationships."
img00471.jpg,woman's appearance,Non-Harmful,NULL,"The meme uses a suggestive image of a woman's feet to imply infidelity, but the focus is on the man's reaction rather than the woman herself."
img00472.jpg,woman,Non-Harmful,NULL,The meme is a humorous take on a common trope but does not explicitly harm or demean the woman.
img00473.jpg,woman climber,Non-Harmful,NULL,"The meme is a humorous reaction to a news story about a woman climbing Mount Everest, which is not intended to harm or demean the woman."
img00474.png,woman,Explicit-Harm,Misogyny,"The meme objectifies the woman by equating her mental state with her memory capabilities, implying that being 'crazy' is desirable."
img00475.jpg,woman's response,Implicit-Harm,Sexual-Harassment,"The meme implies that a woman's response to receiving a sexual image is inappropriate, suggesting she should send nudes instead."
img00476.jpg,girlfriend,Non-Harmful,NULL,"The meme uses a cartoon character to depict a reaction to hearing a girlfriend talk negatively about herself, but it does not target women for abuse."
img00477.jpg,woman,Implicit-Harm,Sexual-Harassment,"The meme suggests a sexual predator is lurking behind the woman, implying she is prey for unwanted advances."
img00478.jpg,woman singing along to Disney songs,Non-Harmful,NULL,The meme praises the woman's singing ability without any negative connotations.
img00479.jpg,Wonder Woman,Non-Harmful,NULL,"The meme uses playful wordplay to rename Wonder Woman, but it does not target her for abuse."
img00480.jpg,woman,Non-Harmful,NULL,"The meme uses sarcasm to mock the existence of Rick and Morty memes, which is not directed at the woman."
img00481.jpg,woman,Non-Harmful,NULL,The meme does not target a woman for abuse but rather makes a general statement about different racial groups.
img00482.jpg,feminist,Non-Harmful,NULL,The meme uses humor to depict a scenario but does not target or harm women.
img00483.jpg,woman,Explicit-Harm,Violence,"The meme suggests physical violence as a solution to a breakup, promoting domestic violence."
img00484.jpg,girlfriend,Non-Harmful,NULL,"The meme uses a sarcastic tone to critique the idea of beating a girlfriend, but it does not directly harm the woman."
img00485.jpg,woman's appearance,Non-Harmful,NULL,"The meme uses a food product to make a humorous comparison, but there is no direct harm to a woman."
img00486.png,nurse,Non-Harmful,NULL,The meme is a humorous observation about the longevity of a meme format rather than targeting the nurse herself.
img00487.jpg,teachers,Non-Harmful,NULL,The meme criticizes teachers but does not target women specifically for abuse.
img00488.jpg,female relationship,Non-Harmful,NULL,"The meme uses a frog to humorously depict a protective gesture towards a girlfriend, which is a lighthearted and affectionate scenario."
img00489.png,Black women in sci-fi movies,Non-Harmful,NULL,"The meme is a collection of images showcasing different Black women characters from sci-fi movies, which is informative rather than harmful."
img00490.png,woman,Explicit-Harm,Character-Assassination,"The meme depicts a violent act against a woman, portraying her as the aggressor in a real-world incident."
img00491.jpg,woman seeking abortion,Non-Harmful,NULL,The meme uses humor to highlight the absurdity of the situation but does not target the woman for abuse.
img00492.jpg,woman driving,Implicit-Harm,Misogyny,"The meme suggests that men feel threatened or uncomfortable when women drive, implying a gender-based fear or prejudice."
img00493.jpg,women,Non-Harmful,NULL,The meme poses a hypothetical scenario involving money and living conditions but does not target women for abuse.
img00494.jpg,woman's appearance,Non-Harmful,NULL,The meme does not target a woman for abuse; it is a humorous observation about traffic conditions.
img00495.jpg,naked girl,Non-Harmful,NULL,"The meme compares the number of likes a naked girl can get to the number of likes a meme war veteran can get, which is a playful comparison without any harmful intent."
img00496.jpg,woman,Non-Harmful,NULL,"The meme is a fitness test instruction, not targeting women for abuse."
img00497.jpg,woman sleeping,Non-Harmful,NULL,The meme uses a humorous scenario but does not target or demean the woman.
img00498.png,woman's appearance,Non-Harmful,NULL,"The meme uses a humorous exchange about a girlfriend to make a point about social behavior, not targeting women for abuse."
img00499.jpg,woman's sister,Non-Harmful,NULL,The meme is a humorous commentary on dating dynamics rather than targeting the woman herself.
img00500.jpg,woman,Non-Harmful,NULL,The tweet describes a woman's action without any negative connotation or criticism.
img00501.jpg,woman,Non-Harmful,NULL,The meme does not target a woman for abuse; it is a humorous comparison between milk production and a fluid coming out of a person's urethra.
img00502.jpg,Wookiees,Non-Harmful,NULL,"The meme references Wookiees, a fictional species from Star Wars, but does not target women or make any harmful statements towards them."
img00503.jpg,woman as girlfriend,Implicit-Harm,Sexual-Harassment,"The meme objectifies the woman as a source of cuddles and massages, implying she is valuable only for her physical attributes."
img00504.jpg,women,Non-Harmful,NULL,The meme compares rape statistics across different countries but does not target women for abuse.
img00505.jpg,woman wearing a bikini,Implicit-Harm,Sexual-Harassment,The meme suggests a humorous but objectifying scenario where a woman's body is the focus of a joke about where to put Pokéballs.
img00506.jpg,woman,Non-Harmful,NULL,"The meme is a humorous scenario involving spam messages, not targeting women for abuse."
img00507.png,woman,Non-Harmful,NULL,"The meme uses a humorous scenario to critique a man's attitude towards respecting women, but it does not directly harm or demean women."
img00508.jpg,female spectators,Non-Harmful,NULL,The meme uses humor to highlight the difference between equality and equity but does not target women for abuse.
img00509.jpg,parents,Non-Harmful,NULL,"The meme is a humorous commentary on parenting, not targeting women for abuse."
img00510.jpg,woman passenger,Non-Harmful,NULL,The meme is a humorous depiction of a common airplane annoyance but does not target the woman for abuse.
img00511.jpg,woman,Implicit-Harm,Misogyny,"The logic gate implies that women are always right, perpetuating the stereotype that women have superior judgment."
img00512.jpg,woman,Explicit-Harm,Sexual-Harassment,"The meme uses fruit to depict a sexual act, objectifying the woman and suggesting inappropriate behavior."
img00513.jpg,woman,Implicit-Harm,Appearance-Attack,"The meme suggests that women look different without makeup, implying a negative change in appearance."
img00514.jpg,woman,Non-Harmful,NULL,"The meme uses a conversation to critique a man's behavior, but it does not target women for abuse."
img00515.jpg,woman,Non-Harmful,NULL,The meme does not target a woman for abuse; it is a humorous exchange between two people.
img00516.jpg,a Woman,Non-Harmful,NULL,"The meme references a book titled 'How to understand a Man', implying a counterpart exists for understanding women, which perpetuates gender stereotypes."
img00517.jpg,woman,Explicit-Harm,Sexual-Harassment,The meme objectifies the woman by reducing her to a sexual object through the use of derogatory language and the suggestion of fleshlights.
img00518.png,women's gossiping,Non-Harmful,NULL,"The meme humorously highlights the ability of women to gossip, without implying any negative connotations or harm towards them."
img00519.jpg,feminist,Non-Harmful,NULL,The meme uses humor to critique the feminist movement rather than targeting individuals for abuse.
img00520.jpg,woman,Implicit-Harm,Sexual-Harassment,"The meme suggests that a woman's teeth chattering is a reason for not wanting a blowjob, implying sexual objectification."
img00521.jpg,woman,Non-Harmful,NULL,The meme does not target a woman for abuse; it is a humorous observation about a man's appearance.
img00522.jpg,woman,Explicit-Harm,Sexual-Harassment,The meme objectifies the woman by suggesting she is a 'thin woman trying to get out' and uses derogatory language to trivialize her.
img00523.jpg,wife,Non-Harmful,NULL,The meme humorously depicts the bear's frustration but does not target the wife for abuse.
img00524.jpg,woman,Explicit-Harm,Sexual-Harassment,"The meme suggests that impressing a woman involves sexual behavior, which objectifies her."
img00525.png,aunts,Non-Harmful,NULL,"The meme uses a colloquial expression to humorously suggest a way to get aunts, which is not intended to harm anyone."
img00526.jpg,woman,Explicit-Harm,Sexual-Harassment,"The meme uses racial slurs and aggressive language to attack the woman, promoting harmful stereotypes."
img00527.jpg,women's activities,Non-Harmful,NULL,"The meme humorously contrasts 'Men's STEM' with 'Women's STEM' activities, but does not target women for abuse."
img00528.jpg,woman,Non-Harmful,NULL,The meme does not target a woman for abuse; it is a humorous critique of online subcultures.
img00529.jpg,woman,Non-Harmful,NULL,The meme references a historical event but does not target or harm a woman.
img00530.jpg,woman from teds video,Non-Harmful,NULL,The meme references a specific woman but does not imply any harm or negative connotation towards her.
img00531.jpg,women empowerment conference,Non-Harmful,NULL,"The image promotes a women empowerment conference, which is a positive event aimed at supporting women's rights and development."
img00532.jpg,woman,Explicit-Harm,Sexual-Harassment,"The meme suggests a severe sexual assault scenario, which is a form of sexual harassment."
img00533.jpg,woman cooking,Non-Harmful,NULL,The meme uses humor to depict a common household scenario without targeting the woman for abuse.
img00534.jpg,women drivers,Non-Harmful,NULL,The meme celebrates a positive change for women without targeting them for abuse.
img00535.jpg,woman,Explicit-Harm,Sexual-Harassment,"The meme suggests a sexual proposition from a woman to a cop, implying sexual harassment."
img00536.jpg,girlfriend,Non-Harmful,NULL,"The meme expresses affection towards a girlfriend regardless of her zodiac sign, promoting inclusivity and love."
img00537.jpg,nurses,Explicit-Harm,Sexual-Harassment,"The meme objectifies the nurses by depicting them as sexual objects rather than professionals, and the scenario involves inappropriate behavior towards a dead body."
img00538.jpg,woman,Explicit-Harm,Appearance-Attack,The comment 'Damn she’s one ugly bitch' directly criticizes the woman's appearance.
img00539.jpg,woman,Non-Harmful,NULL,The meme shows a dating app profile but does not target the woman for abuse.
img00540.png,woman,Non-Harmful,NULL,"The meme is a joke about a man's reaction to a girl he likes not liking a certain type of meme, which is not directed at the woman herself."
img00541.jpg,woman being cut in half,Explicit-Harm,Sexual-Harassment,"The meme depicts a woman being cut in half as part of a magic trick, which is a sexualized and violent act against her."
img00542.jpg,wife,Non-Harmful,NULL,The meme uses 'WIFE' as a punchline but does not explicitly harm or demean women.
img00543.png,sexual assault victim,Explicit-Harm,Sexual-Harassment,"The meme depicts RiceGum as harassing a sexual assault victim, which is a form of sexual harassment."
img00544.jpg,women,Non-Harmful,NULL,The meme compares accusations of sexual assault/harassment among political figures but does not target women themselves for abuse.
img00545.jpg,woman,Non-Harmful,NULL,"The meme uses a sarcastic tone to mock the idea of respecting women's opinions, which is not intended as a genuine statement."
img00546.jpg,woman,Implicit-Harm,Character-Assassination,The meme objectifies the woman by focusing on her body and suggesting inappropriate thoughts.
img00547.jpg,woman,Explicit-Harm,Sexual-Harassment,The meme objectifies the woman by comparing receiving a naked photo to a sexual proposition.
img00548.jpg,woman,Non-Harmful,NULL,"The meme is a humorous discussion among users, not targeting women for abuse."
img00549.jpg,woman Lena Dunham,Non-Harmful,NULL,The meme quotes Lena Dunham's statement without criticism or harm towards her.
img00550.jpg,woman,Implicit-Harm,Misogyny,"The meme suggests that women's days are more chaotic and less enjoyable compared to men's day, implying that women have more problems."
img00551.jpg,woman,Implicit-Harm,Sexual-Harassment,"The meme objectifies women by associating their attractiveness with a stereotypical vocal pitch, implying sexual interest."
img00552.png,woman,Non-Harmful,NULL,"The meme uses a humorous exchange between partners, but neither party is being attacked or demeaned."
img00553.jpg,woman,Non-Harmful,NULL,"The meme is a humorous exchange between a doctor and a woman about breast implants, which is not intended to harm or demean the woman."
img00554.jpg,blind wife,Non-Harmful,NULL,The meme praises the husband's actions without any negative connotations towards the woman.
img00555.jpg,woman,Explicit-Harm,Sexual-Harassment,"The meme uses racial slurs and threats against a woman, attacking her identity and threatening violence."
img00556.jpg,woman,Non-Harmful,NULL,The meme uses a sensational headline to create a humorous scenario but does not target or harm women.
img00557.jpg,mother,Non-Harmful,NULL,"The meme is a humorous anecdote about a child's questions, not targeting the mother for abuse."
img00558.jpg,woman,Non-Harmful,NULL,The meme uses a family photo with a 'Peace on Earth' message but does not target the woman for abuse.
img00559.jpg,woman's problems,Implicit-Harm,Misogyny,"The meme suggests that fixing a woman's problems is a trap, implying that women's issues are inherently problematic."
img00560.jpg,woman,Non-Harmful,NULL,"The meme uses a neutral statement about equality followed by a mundane construction scene, suggesting a lack of immediate change."
img00561.jpg,woman,Implicit-Harm,Misogyny,"The meme suggests that women's activities are trivial and unimportant compared to the man's concerns, implying a hierarchy of importance based on gender roles."
img00562.jpg,woman,Explicit-Harm,Character-Assassination,"The meme accuses the woman of being unfaithful and shifting blame, which attacks her reputation."
img00563.jpg,doormat,Non-Harmful,NULL,The image contains instructions and warnings about the doormat but does not target women for abuse.
img00564.jpg,woman,Explicit-Harm,Sexual-Harassment,The meme objectifies the woman by reducing her to her breasts and uses a sexualized greeting ('Merry Titmas') to harass her.
img00565.jpg,woman,Implicit-Harm,Sexual-Harassment,"The meme uses exaggerated and unrealistic attributes to define the 'perfect woman', objectifying her."
img00566.jpg,female celebrities,Non-Harmful,NULL,The meme uses celebrity images to represent different phone users but does not demean or attack them.
img00567.jpg,woman's appearance,Non-Harmful,NULL,"The meme uses hyperbole to express admiration for someone's penis size, which is not directed at a woman but rather a humorous statement about personal preferences."
img00568.jpg,woman,Non-Harmful,NULL,The meme uses stereotypes but does not explicitly harm or demean the women.
img00569.jpg,woman,Non-Harmful,NULL,"The meme uses a character from an anime to make a statement about not accepting kisses from 'thots', which is a derogatory term for women."
img00570.jpg,ladies,Implicit-Harm,Misogyny,"The meme uses a child's innocent question to imply that women have long hair because they lie, perpetuating a stereotype about women's dishonesty."
img00571.jpg,woman,Explicit-Harm,Sexual-Harassment,"The meme depicts a man verbally assaulting a woman, suggesting he will rape her, which is a sexual attack."
img00572.jpg,mommy,Non-Harmful,NULL,"The meme is a humorous conversation between a child and a parent, not targeting the woman for abuse."
img00573.jpg,fashion models,Explicit-Harm,Appearance-Attack,"The meme equates fashion models to 'glorified coat hangers', insulting their appearance and suggesting they lack substance beyond their looks."
img00574.jpg,woman,Non-Harmful,NULL,"The meme depicts two men with thought bubbles showing a tractor and high heels, suggesting a contrast between traditional roles but does not explicitly harm or demean either."
img00575.png,woman,Non-Harmful,NULL,"The meme uses humor to critique the attention given to video game trailers rather than empowering women, but it does not directly harm women."
img00576.jpg,woman's appearance,Non-Harmful,NULL,"The meme uses a humorous exchange between characters to highlight the absurdity of leaving memes everywhere, but there is no direct harm towards a woman."
img00577.jpg,woman,Non-Harmful,NULL,The meme uses humor to highlight a common parental dynamic but does not target or demean the woman.
img00578.jpg,bride,Non-Harmful,NULL,"The image depicts a wedding cake topper with a bride and groom, but the groom is holding a PlayStation controller, suggesting a humorous take on gaming preferences rather than any form of harm."
img00579.jpg,woman,Non-Harmful,NULL,"The meme uses a comparison between money notes to argue against judging people based on their appearance, which is a form of counter-speech."
img00580.jpg,women,Implicit-Harm,Sexual-Harassment,The meme objectifies women by suggesting they are only interested in the gas pedal.
img00581.jpg,women,Non-Harmful,NULL,"The meme quotes a statement about Barack Obama's sexual history, which is a political topic rather than a personal attack on women."
img00582.jpg,girls at the gym,Implicit-Harm,Sexual-Harassment,"The meme suggests that girls at the gym feel uncomfortable when guys stare at them, implying a sexual harassment scenario."
img00583.png,woman,Explicit-Harm,Sexual-Harassment,"The meme depicts a man in a bathroom using a phone while a woman outside demands immediate attention, suggesting he is ignoring her sexually."
img00584.png,woman,Non-Harmful,NULL,The meme uses offensive language but does not target a woman for abuse.
img00585.jpg,woman,Non-Harmful,NULL,"The comic depicts a conversation between a couple discussing their relationship dynamics, but there is no explicit or implicit harm towards the woman."
img00586.png,woman,Non-Harmful,NULL,The meme uses a dramatic scene to emphasize the importance of 'love and respect' but does not target women for abuse.
img00587.jpg,pregnant woman,Explicit-Harm,Sexual-Harassment,The meme objectifies the pregnant woman by suggesting she should be treated differently based on her pregnancy status.
img00588.jpg,woman's appearance,Implicit-Harm,Appearance-Attack,"The meme criticizes women's makeup choices and natural beauty, implying that wearing makeup is a lie and that natural beauty is superior."
img00589.jpg,movie tickets,Non-Harmful,NULL,"The image shows movie tickets for 'Iron Man' and 'Avengers: Infinity War', which are films featuring male characters. There is no specific targeting of women."
img00590.jpg,woman in a leaf skirt,Implicit-Harm,Misogyny,"The meme uses Eve's attire to equate her with nature and primitive behavior, implying she is less civilized than Adam."
img00591.jpg,woman's appearance,Non-Harmful,NULL,"The meme uses a humorous scenario involving a man's credit card being used to send flowers to his wife, but there is no direct harm to a woman."
img00592.jpg,mother,Non-Harmful,NULL,"The meme is a humorous observation about a mother's affectionate behavior towards her child, not targeting the mother for abuse."
img00593.png,woman,Explicit-Harm,Misogyny,The meme uses a derogatory statement about women's identity to attack their fundamental characteristics.
img00594.jpg,woman,Non-Harmful,NULL,"The meme uses sarcasm to criticize the idea of a perfect relationship, but it does not target women for abuse."
img00595.jpg,woman in the kitchen,Non-Harmful,NULL,"The meme humorously suggests that women are no longer in kitchens, but it does not target women for abuse."
img00596.png,women drivers,Implicit-Harm,Misogyny,"The meme suggests that women drivers are inherently dangerous, perpetuating a stereotype about their driving abilities."
img00597.jpg,woman,Non-Harmful,NULL,The meme depicts a humorous scenario but does not target a woman for abuse.
img00598.jpg,women,Non-Harmful,NULL,"The meme uses a hypothetical scenario to suggest that without men, chaos would ensue, but it does not target women for abuse."
img00599.jpg,woman,Explicit-Harm,Sexual-Harassment,"The meme uses the phrase 'buy ass' to make a sexual proposition, objectifying the woman."
img00600.jpg,Michelle Obama,Non-Harmful,NULL,"The meme uses a photograph of Michelle Obama to illustrate a point about women fighting, but it does not target her for abuse."
img00601.jpg,woman,Non-Harmful,NULL,"The meme is a humorous comparison between Mother's Day and Father's Day, suggesting that mothers deserve rest while fathers should spend time with their families. There is no explicit or implicit harm towards women."
img00602.jpg,wife,Non-Harmful,NULL,"The meme is a humorous anecdote about a man's reaction to his wife's response, which is not directed at her but rather at the man himself."
img00603.jpg,woman,Implicit-Harm,Sexual-Harassment,The meme objectifies the woman by focusing on her appearance and using a suggestive tone.
img00604.jpg,waitress,Implicit-Harm,Violence,"The meme implies the waitress is not listened to, suggesting she is not valued or respected, which is a form of gender-based discrimination."
img00605.jpg,woman's appearance,Non-Harmful,NULL,"The image shows a phone screen with a timer app open, but there is no indication of harm towards a woman."
img00606.jpg,woman,Implicit-Harm,Sexual-Harassment,"The meme portrays the woman as a source of addiction and dependency, which is a form of sexual harassment."
img00607.jpg,woman,Explicit-Harm,Misogyny,"The meme uses aggressive language and a threatening tone towards a woman, attacking her sensitivity and implying she will retaliate violently."
img00608.png,woman passenger,Implicit-Harm,Misogyny,"The meme implies women are more likely to cause car accidents, perpetuating a gender-role stereotype about competence."
img00609.jpg,woman,Implicit-Harm,Misogyny,"The meme suggests that women are inherently right, perpetuating the stereotype that women have a moral superiority."
img00610.jpg,woman,Non-Harmful,NULL,"The meme is a humorous exchange between a couple, not targeting the woman for abuse."
img00611.jpg,older woman,Implicit-Harm,Misogyny,"The meme suggests that older women are less attractive than younger women, perpetuating ageist stereotypes."
img00612.jpg,woman sitting on the beach,Non-Harmful,NULL,"The image depicts a casual beach scene with people enjoying their time, and there is no indication of harm towards the woman."
img00613.png,woman,Non-Harmful,NULL,The meme discusses a subreddit change without targeting or harming women.
img00614.jpg,girlfriend,Non-Harmful,NULL,"The meme uses affectionate language but depicts a physically abusive situation, which is not the intended focus."
img00615.png,girlfriends,Explicit-Harm,Character-Assassination,"The meme uses derogatory language to dehumanize and degrade girlfriends as 'domesticated thots', attacking their worth and agency."
img00616.png,woman,Non-Harmful,NULL,The meme is a humorous critique of the subreddit's moderation policy rather than targeting women for abuse.
img00617.jpg,girlfriend,Explicit-Harm,Character-Assassination,"The meme suggests that girlfriends are equivalent to 'thots', implying a derogatory stereotype."
img00618.jpg,woman's boyfriend,Non-Harmful,NULL,"The meme uses sarcasm to mock the woman's boyfriend's reaction, but it does not target women themselves for abuse."
img00619.jpg,woman,Non-Harmful,NULL,"The meme uses a humorous comparison between childbirth pain and being kicked on the nuts, but it does not target women for abuse."
img00620.jpg,woman passenger,Implicit-Harm,Misogyny,"The meme implies women are more likely to cause accidents, perpetuating a gender-role stereotype about competence."
img00621.jpg,woman construction worker,Implicit-Harm,Sexual-Harassment,The meme uses a suggestive pun about building a sandwich to imply sexual innuendo.
img00622.jpg,female NFL referee,Non-Harmful,NULL,The meme celebrates the achievement of a female NFL referee without any negative connotations.
img00623.jpg,woman wearing tight clothing,Implicit-Harm,Appearance-Attack,The meme suggests criticism of the woman's body shape and clothing choice.
img00624.jpg,woman,Non-Harmful,NULL,"The meme is a political advertisement promoting a candidate named Ulf, not targeting women for abuse."
img00625.png,woman,Non-Harmful,NULL,The meme does not target a woman for abuse; it is a humorous critique of meme culture.
img00626.jpg,woman's patience,Non-Harmful,NULL,"The meme uses a humorous statement about patience to make a light-hearted joke, not targeting women for abuse."
img00627.png,woman,Explicit-Harm,Sexual-Harassment,The meme objectifies women by equating their existence with sexual availability.
img00628.jpg,wife,Implicit-Harm,Misogyny,"The meme suggests that breaking a glass is more severe when done by a wife compared to a husband, implying that women are more destructive."
img00629.jpg,women joggers,Implicit-Harm,Sexual-Harassment,"The meme suggests that women are dangerous and should be avoided, perpetuating fear and mistrust towards women."
img00630.png,woman,Explicit-Harm,Sexual-Harassment,The meme suggests rating girls' attractiveness is degrading and implies sexual objectification.
img00631.jpg,woman,Non-Harmful,NULL,The meme does not target a woman for abuse; it is a humorous observation about a man's appearance and behavior.
img00632.png,Google,Implicit-Harm,Misogyny,"The meme suggests Google is a woman who interrupts conversations, implying a gender-based stereotype about assertiveness."
img00633.jpg,widow,Non-Harmful,NULL,"The meme is a humorous observation about a widow's reaction to a grave marker, not targeting women for abuse."
img00634.jpg,woman,Non-Harmful,NULL,"The meme uses a crowd scene to make a point about respecting women, but it does not target a specific woman for abuse."
img00635.jpg,woman lying on the tracks,Non-Harmful,NULL,The meme uses a dramatic scenario but does not explicitly harm or demean the woman.
img00636.jpg,woman,Non-Harmful,NULL,The meme uses a humorous comparison but does not target women for abuse.
img00637.jpg,woman wearing a gun holster,Explicit-Harm,Sexual-Harassment,The meme objectifies the woman’s body by associating bulges with sexual organs rather than practical items.
img00638.jpg,woman,Non-Harmful,NULL,"The meme uses a dramatic reaction to a mundane observation, which is meant to be humorous rather than harmful."
img00639.jpg,woman's appearance,Non-Harmful,NULL,The meme does not target a woman for abuse; it is a humorous exchange about stereotypes.
img00640.jpg,woman,Explicit-Harm,Sexual-Harassment,The meme objectifies the woman by reducing her to a sexual object and implying she should be submissive.
img00641.jpg,woman's appearance,Non-Harmful,NULL,"The image shows a person wearing a shirt with a cat pattern, but there is no indication of harm towards women."
img00642.jpg,woman,Implicit-Harm,Misogyny,"The meme suggests that the woman's life revolves around her partner, implying dependency and lack of independence."
img00643.jpg,woman,Explicit-Harm,Sexual-Harassment,The meme objectifies the woman by focusing on her physical appearance and suggesting inappropriate sexual behavior.
img00644.jpg,woman sitting on couch,Explicit-Harm,Misogyny,The meme uses derogatory language to demean the woman's perceived powerlessness compared to men.
img00645.jpg,woman,Non-Harmful,NULL,The meme does not target a woman for abuse; it is a humorous critique of historical ignorance.
img00646.jpg,woman,Non-Harmful,NULL,"The meme uses a humorous scenario involving a holiday worker, but there is no direct harm towards women."
img00647.jpg,woman's dress choice,Non-Harmful,NULL,The meme humorously exaggerates a common situation without targeting the woman herself for abuse.
img00648.jpg,woman,Explicit-Harm,Sexual-Harassment,"The meme objectifies the woman by comparing her to Wi-Fi, suggesting she is easily accessible to others."
img00649.jpg,woman holding a baby,Non-Harmful,NULL,The meme uses a cartoon scenario to illustrate a humorous situation but does not target the woman for abuse.
img00650.jpg,female friends,Implicit-Harm,Sexual-Harassment,"The meme suggests unwanted physical contact from female friends during a movie, implying sexual harassment."
img00651.jpg,woman in wedding dress,Implicit-Harm,Misogyny,"The meme suggests the woman is unappreciated despite being married to a wealthy man, implying she lacks value."
img00652.png,woman,Explicit-Harm,Sexual-Harassment,The meme objectifies the woman by reducing her to a 'girl' and implying she should not have problems discussed with others.
img00653.jpg,woman,Explicit-Harm,Sexual-Harassment,"The meme objectifies the woman by reducing her to a sexual role, suggesting she should prioritize oral sex."
img00654.jpg,woman's appearance,Non-Harmful,NULL,The meme does not target a woman for abuse; it is a humorous observation about a character's home state.
img00655.jpg,woman,Explicit-Harm,Sexual-Harassment,"The meme objectifies the woman by suggesting her sexual satisfaction depends on her friend's actions, implying she is only valuable for sexual purposes."
img00656.jpg,mother,Explicit-Harm,Appearance-Attack,"The mother is criticized for her weight, which is a form of body shaming."
img00657.jpg,mother,Non-Harmful,NULL,"The meme uses sarcasm to critique parenting styles, not targeting women for abuse."
img00658.jpg,woman,Non-Harmful,NULL,The meme uses a therapist's suggestion to humorously highlight a common issue in relationships without targeting the woman negatively.
img00659.jpg,woman,Non-Harmful,NULL,"The meme uses SpongeBob to humorously depict a common scenario where a man feels he is too good for his girlfriend, but there is no explicit harm or offensive content directed at women."
img00660.jpg,woman,Explicit-Harm,Sexual-Harassment,"The meme objectifies the woman by focusing on her breasts and age guessing, which is a form of sexual harassment."
img00661.png,woman's appearance,Non-Harmful,NULL,"The meme uses a humorous comparison between a person's appearance and their calculator, but it does not target a woman for abuse."
img00662.jpg,woman's appearance,Non-Harmful,NULL,The meme does not target a woman for abuse; it is a humorous observation about a news headline.
img00663.jpg,woman,Non-Harmful,NULL,The meme quotes a news article about a woman's experience but does not directly harm or demean her.
img00664.jpg,woman,Non-Harmful,NULL,The meme uses humor to depict a situation but does not explicitly harm or demean the woman.
img00665.jpg,woman,Explicit-Harm,Sexual-Harassment,"The meme suggests cutting off a baby boy's foreskin as a joke, which is a form of genital mutilation."
img00666.jpg,woman,Non-Harmful,NULL,The meme is a humorous observation about ambiguous desires without targeting women for abuse.
img00667.jpg,white girls on Snapchat,Non-Harmful,NULL,"The meme is a humorous observation about the behavior of white girls on Snapchat, not targeting them for abuse."
img00668.png,woman,Non-Harmful,NULL,The meme quotes a personal experience but does not target or demean women.
img00669.jpg,woman in a white dress,Non-Harmful,NULL,"The image shows historical photographs of women in various settings, but there is no explicit or implicit harm directed towards them."
img00670.jpg,mom,Non-Harmful,NULL,The meme does not target the mom for abuse; it is a comparison between two children's activities.
img00671.jpg,women,Non-Harmful,NULL,"The meme uses humor to make light of historical figures, but it does not target women for abuse."
img00672.jpg,pregnant woman,Implicit-Harm,Misogyny,The meme suggests that pregnant women should be treated as a burden rather than being given priority seating.
img00673.jpg,woman's appearance,Non-Harmful,NULL,"The meme uses before-and-after images to humorously suggest that women change their appearance dramatically, but it does not target women for abuse."
img00674.jpg,fat girl in yoga pants,Implicit-Harm,Appearance-Attack,"The meme uses the term 'fat' to describe the woman, which is a derogatory term used to attack her body size."
img00675.jpg,woman's appearance,Non-Harmful,NULL,"The meme uses a joke to make light of a woman's body, but it is presented as a humorous exchange rather than an attack."
img00676.jpg,girlfriend,Non-Harmful,NULL,"The meme is a joke about a girlfriend's preference for metal music, not targeting women for abuse."
img00677.jpg,woman,Non-Harmful,NULL,"The meme uses a humorous comparison between two dogs to make a point about relationships, not targeting women for abuse."
img00678.jpg,woman,Explicit-Harm,Sexual-Harassment,The meme objectifies the woman by suggesting she will perform intimate grooming services for the man.
img00679.jpg,14 year old girls,Implicit-Harm,Misogyny,"The meme criticizes young girls for sharing deep thoughts online, implying they are shallow."
img00680.jpg,woman wearing a niqab,Non-Harmful,NULL,"The image shows a woman wearing a niqab, which is a religious practice, not a form of harm."
img00681.jpg,woman Helen,Implicit-Harm,Sexual-Harassment,The meme suggests that going topless on the beach is inappropriate and offensive.
img00682.jpg,woman,Non-Harmful,NULL,"The meme uses a humorous juxtaposition of a protest sign with a sandwich-making scene, which is not intended to harm or demean anyone."
img00683.jpg,woman,Explicit-Harm,Sexual-Harassment,The meme objectifies the woman by reducing her to a body part (vagina) rather than respecting her choice of sending cute cats instead.
img00684.jpg,gamer girls,Non-Harmful,NULL,The meme uses a stereotype about mothers understanding online games but does not explicitly harm or demean the women depicted.
img00685.jpg,women,Implicit-Harm,Misogyny,The meme suggests that women are more expensive due to their need for multiple products compared to men using multi-functional items.
img00686.png,woman,Non-Harmful,NULL,"The image depicts a grim reaper, which is a neutral figure often used in games, and there is no specific targeting or harm towards women."
img00687.jpg,woman wearing a bra,Implicit-Harm,Sexual-Harassment,"The meme objectifies the woman by equating her wearing a bra with the necessity of having feet, implying that bras are essential for women's bodies."
img00688.jpg,woman's appearance,Non-Harmful,NULL,"The meme uses humor to highlight the absurdity of worrying about skin tone, which is a common concern but not inherently harmful."
img00689.jpg,woman's appearance,Non-Harmful,NULL,"The sign is a humorous critique of men's behavior, not directed at women."
img00690.jpg,woman's appearance,Non-Harmful,NULL,The meme uses a humorous image of a young man to critique a controversial sex education policy but does not directly harm or demean women.
img00691.jpg,female character,Non-Harmful,NULL,"The meme is a humorous suggestion for an all-female Avengers movie, which is not intended to harm or demean women."
img00692.jpg,women,Non-Harmful,NULL,The meme criticizes Apple's naming convention but does not target women for abuse.
img00693.jpg,woman,Implicit-Harm,Misogyny,"The meme suggests that women without children are irresponsible and should hire babysitters, implying a lack of maternal responsibility."
img00694.jpg,women in bikinis,Non-Harmful,NULL,"The meme is a comparison between women in bikinis and women on a sex strike, but it does not target women for abuse."
img00695.jpg,woman,Explicit-Harm,Sexual-Harassment,The meme objectifies the woman by equating her to a 'pig' and suggesting sexual behavior.
img00696.jpg,8 year old me after I finished my veggies at dinner,Non-Harmful,NULL,"The meme is a humorous reflection on childhood behavior, not targeting women for abuse."
img00697.jpg,woman in blue dress,Non-Harmful,NULL,"The meme uses a scene from a children's movie to humorously depict a modern scenario involving a cult, but there is no explicit or implicit harm towards the woman depicted."
img00698.jpg,Tati Westbrook,Non-Harmful,NULL,The meme uses a Star Wars reference to express skepticism about a situation but does not target Tati Westbrook for abuse.
img00699.png,girl on Twitch,Non-Harmful,NULL,"The meme is a humorous observation about a person's reaction to a girl on Twitch, without any harmful intent towards the woman."
img00700.jpg,European countries during the age of colonization,Non-Harmful,NULL,The meme does not target a woman for abuse; it is a historical comparison between Africa and European countries during colonization.
img00701.png,woman doctor,Explicit-Harm,Sexual-Harassment,"The meme suggests a sexual proposition involving a woman doctor, which is inappropriate and objectifies her."
img00702.jpg,woman's panties,Non-Harmful,NULL,"The meme uses a humorous scenario involving a wife's concern about her husband buying matching panties, but there is no explicit or implicit harm towards women."
img00703.jpg,woman's appearance,Non-Harmful,NULL,"The meme uses humor to comment on stress and fitness, but does not target women for abuse."
img00704.jpg,woman,Non-Harmful,NULL,"The image is a humorous comparison between European and American measurement systems, not targeting women for abuse."
img00705.jpg,beachgoers,Non-Harmful,NULL,"The image depicts a historical military scene with arrows pointing towards beachgoers, but there is no explicit or implicit harm directed at them."
img00706.jpg,woman's place,Explicit-Harm,Misogyny,"The meme directly states a harmful stereotype about women's roles, implying that women should stay home."
img00707.jpg,women,Explicit-Harm,Character-Assassination,"The meme uses derogatory language to describe women as 'rich, spoilt and disrespectful', attacking their social status and behavior."
img00708.jpg,woman,Non-Harmful,NULL,The meme uses humor to critique modern dietary concerns rather than targeting women for abuse.
img00709.jpg,woman's appearance,Non-Harmful,NULL,"The meme uses a humorous scenario involving a dog waiting for a woman in a shoe store parking lot, but there is no explicit or implicit harm towards women."
img00710.jpg,woman,Explicit-Harm,Sexual-Harassment,"The meme uses a suggestive title and imagery to objectify the woman, implying she is a sexual object."
img00711.jpg,wife,Implicit-Harm,Misogyny,"The meme suggests that teaching a man fishing skills will keep him away from his wife, implying that women are a burden."
img00712.jpg,woman,Non-Harmful,NULL,The meme is a humorous critique of meme creation processes without targeting women for abuse.
img00713.jpg,woman,Non-Harmful,NULL,The meme does not target a woman for abuse; it is a comparison between characters from Disney movies.
img00714.jpg,woman in the audience,Non-Harmful,NULL,"The meme uses a reaction shot to humorously depict a family's disapproval of the speaker's behavior towards a woman, but it does not directly harm the woman."
img00715.jpg,woman in fridge,Non-Harmful,NULL,The meme uses a humorous scenario but does not target or harm the woman depicted.
img00716.jpg,woman trying on shoes,Non-Harmful,NULL,"The meme is a humorous exchange between two characters, not targeting the woman for abuse."
img00717.jpg,women shoppers,Implicit-Harm,Sexual-Harassment,The meme objectifies women as mere 'boobs' and suggests they are there solely for men's pleasure.
img00718.jpg,woman's appearance,Implicit-Harm,Appearance-Attack,"The meme mocks the woman's legs, suggesting they are unattractive."
img00719.jpg,girls in Minecraft,Non-Harmful,NULL,"The meme is a humorous comparison between boys and girls playing Minecraft, highlighting different reactions to horse presence."
img00720.jpg,girls,Non-Harmful,NULL,"The meme uses a video game character to humorously depict girls' expectations versus boys' actions, but it does not target women for abuse."
img00721.jpg,mother,Explicit-Harm,Misogyny,"The meme uses derogatory language like 'whores' and 'bitches' to attack the mother's character and behavior, implying she prioritizes chores over her son's desires."
img00722.jpg,woman asking for help,Non-Harmful,NULL,"The meme depicts a scenario where a woman is seeking assistance, which is a neutral situation."
img00723.jpg,model,Non-Harmful,NULL,"The meme uses a model's Instagram profile as a joke, but it does not target the woman for abuse."
img00724.jpg,women fishing,Implicit-Harm,Misogyny,"The meme suggests that men are only interested in women's appearances, reducing them to mere objects of gaze."
img00725.jpg,women,Implicit-Harm,Sexual-Harassment,"The meme questions women's desires in a way that implies they are insatiable or greedy, perpetuating a stereotype about women's sexual appetites."
img00726.jpg,woman,Non-Harmful,NULL,"The meme uses a humorous scenario involving a well-wishing wish, but there is no direct harm to the woman depicted."
img00727.jpg,woman,Implicit-Harm,Appearance-Attack,"The meme criticizes the woman's appearance, suggesting she feels unattractive due to her age, weight, and looks."
img00728.jpg,women shoppers,Implicit-Harm,Misogyny,"The meme suggests women are more indecisive and time-consuming compared to men, implying a negative stereotype about their shopping habits."
img00729.jpg,woman accusing me of sexism,Non-Harmful,NULL,The meme uses a woman to illustrate a point but does not target her for abuse.
img00730.png,mother,Non-Harmful,NULL,"The meme quotes a mother asking to meet her son's girlfriend, which is a neutral request and not intended to harm the woman."
img00731.jpg,Minecraft girlfriend,Non-Harmful,NULL,"The meme humorously depicts a scenario involving a Minecraft character, not a real person."
img00732.jpg,woman's appearance,Non-Harmful,NULL,"The image shows a Spider-Man meme where a woman is depicted as a 'hero', but there is no explicit or implicit harm towards women."
img00733.png,woman,Non-Harmful,NULL,The meme discusses a chair designed to restrict men's sitting posture but does not target women for abuse.
img00734.jpg,woman asking for a date,Non-Harmful,NULL,The meme depicts a typical dating scenario without any form of harm or criticism towards the woman.
img00735.png,woman poker player,Non-Harmful,NULL,"The image shows a woman poker player alongside other players, but there is no indication of harm towards her."
img00736.jpg,woman,Non-Harmful,NULL,The meme uses a poll to discuss self-defense but does not explicitly harm or demean women.
img00737.jpg,woman,Non-Harmful,NULL,The meme criticizes the chairs' design but does not target the woman herself for abuse.
img00738.jpg,Facebook account,Non-Harmful,NULL,"The meme is a humorous exchange about Facebook usage, not targeting women for abuse."
img00739.jpg,woman eating hot dog,Non-Harmful,NULL,"The meme uses humor to make a light-hearted observation about eating hot dogs, without targeting or demeaning the woman."
img00740.png,woman's relationship,Non-Harmful,NULL,"The meme uses Thanos from 'Avengers' to express frustration, but it does not target a woman for abuse."
img00741.jpg,girl,Non-Harmful,NULL,The meme uses humor to playfully address a common social situation without targeting the girl for abuse.
img00742.png,female characters,Non-Harmful,NULL,The image depicts a humorous interaction between characters without any harmful intent.
img00743.jpg,Alinity,Non-Harmful,NULL,"The meme is a humorous comparison between two characters, not targeting Alinity for abuse."
img00744.jpg,American woman,Implicit-Harm,Misogyny,"The meme portrays the American woman as aggressive and dismissive towards a foreign employee, implying a superiority complex based on nationality."
img00745.jpg,woman's appearance,Non-Harmful,NULL,The meme praises the woman's fitness and appearance without any negative connotations.
img00746.jpg,feminists,Non-Harmful,NULL,"The meme uses humor to critique feminists, but it does not directly harm or demean them."
img00747.jpg,woman's sexual partner,Implicit-Harm,Sexual-Harassment,"The meme suggests that not finding a sexual partner is equated with disability, implying that women's worth is tied to their ability to find a partner."
img00748.jpg,woman,Non-Harmful,NULL,"The meme is a humorous statement about being late, not targeting women for abuse."
img00749.jpg,woman,Non-Harmful,NULL,The meme uses SpongeBob to illustrate a point about domestic violence but does not directly harm or demean women.
img00750.jpg,woman in bikini,Implicit-Harm,Sexual-Harassment,"The meme uses a 'warning' label to mock the woman's body, implying she is dangerous or problematic."
img00751.jpg,woman's appearance,Implicit-Harm,Appearance-Attack,"The meme suggests that women are judged based on their appearance, implying that their beauty is a significant factor in how they are perceived."
img00752.jpg,wife,Non-Harmful,NULL,"The meme is a humorous observation about a wife's lack of interest in attending church, but it does not target the woman for abuse."
img00753.jpg,woman,Explicit-Harm,Appearance-Attack,The meme uses derogatory language to attack the woman's appearance.
img00754.jpg,woman's anniversary date,Implicit-Harm,Character-Assassination,"The meme suggests that the woman intentionally chose an anniversary date as a password, implying she is manipulative and controlling."
img00755.jpg,woman smoking meth,Non-Harmful,NULL,"The meme uses a factual account to make a point about meth use, but does not target women for abuse."
img00756.jpg,woman,Non-Harmful,NULL,"The meme uses a humorous scenario involving a woman's mood and food preferences, but there is no explicit or implicit harm towards women."
img00757.png,girls wearing the same outfit,Non-Harmful,NULL,"The meme compares girls' fashion choices to boys' attire, which is a neutral observation."
img00758.jpg,woman,Non-Harmful,NULL,The meme uses a cartoon style to depict a humorous scenario but does not target or demean the woman.
img00759.jpg,woman's relationship,Non-Harmful,NULL,"The meme uses road signs to humorously compare different relationship dynamics, but it does not target a specific woman or attack her."
img00760.png,woman,Non-Harmful,NULL,"The meme uses a humorous context to make a statement about equality, which is not intended to harm."
img00761.jpg,mother,Non-Harmful,NULL,"The meme is a humorous observation about a mother's reaction to her child's frustration, without targeting the mother for abuse."
img00762.jpg,woman,Explicit-Harm,Sexual-Harassment,"The comment suggests a desire to dominate the woman, which is a form of sexual harassment."
img00763.jpg,woman,Non-Harmful,NULL,"The meme uses a humorous scenario involving a man's pocket to make a point about alcohol consumption, but it does not target women for abuse."
img00764.jpg,woman,Non-Harmful,NULL,The meme uses a humorous juxtaposition of historical achievements but does not target women for abuse.
img00765.jpg,woman wearing a 'CAT' hoodie,Explicit-Harm,Sexual-Harassment,The meme uses a cat wearing a shirt saying 'WHORE' to make a sexual comment about the woman.
img00766.jpg,woman trying to parallel park,Explicit-Harm,Sexual-Harassment,The meme objectifies the woman by suggesting she is a sexual object rather than a person capable of parking.
img00767.jpg,woman,Non-Harmful,NULL,"The meme uses a humorous scenario to critique a man's behavior, not targeting the woman for abuse."
img00768.jpg,woman mechanic,Implicit-Harm,Misogyny,"The meme suggests that women lack the necessary skills or strength to work as mechanics, perpetuating gender stereotypes."
img00769.jpg,woman,Non-Harmful,NULL,"The meme uses humor to depict a conversation among cavemen, but there is no explicit or implicit harm towards women."
img00770.jpg,woman,Non-Harmful,NULL,"The meme uses humor to critique a man's lack of understanding towards women, but it does not target women themselves for abuse."
img00771.jpg,woman's appearance,Non-Harmful,NULL,The meme uses a humorous scenario but does not target a woman for abuse.
img00772.jpg,waitress,Implicit-Harm,Sexual-Harassment,"The meme objectifies the waitress by focusing on her appearance and suggesting a sexual interaction, which is inappropriate."
img00773.jpg,woman driving,Implicit-Harm,Misogyny,"The meme suggests that men feel threatened or insecure when their wife drives, implying a gender-based fear of female competence."
img00774.jpg,girls on their period,Implicit-Harm,Misogyny,"The meme suggests that girls on their period are irrational and prone to extreme reactions, perpetuating the stereotype of emotional instability associated with menstruation."
img00775.jpg,woman doctor,Non-Harmful,NULL,"The meme uses a humorous scenario involving a doctor to make a point about gender studies, which is not abusive towards women."
img00776.jpg,women,Explicit-Harm,Misogyny,"The poster lists reasons why handguns are better than women, implying women are inferior and less useful."
img00777.jpg,woman posing on train tracks,Implicit-Harm,Misogyny,"The meme criticizes the woman for posing in a dangerous location, implying a lack of safety awareness."
img00778.jpg,girls playing video games,Implicit-Harm,Misogyny,"The meme uses ageism and objectifies the girls by comparing their gaming habits to pregnancy, attacking their competence."
img00779.jpg,woman's appearance,Non-Harmful,NULL,The meme uses a humorous comparison between 'she shed' and 'kitchen' but does not target women for abuse.
img00780.jpg,woman's appearance,Implicit-Harm,Sexual-Harassment,"The meme mocks the woman's body shape and suggests that cleavage is more important than facial features, objectifying her."
img00781.jpg,women shoppers,Implicit-Harm,Misogyny,"The meme suggests women are more indecisive and time-consuming compared to men, implying a negative stereotype about their shopping habits."
img00782.jpg,woman's appearance,Implicit-Harm,Appearance-Attack,The meme uses exaggerated comparisons to attack the woman's body size.
img00783.jpg,woman,Non-Harmful,NULL,The meme is a humorous story that does not target the woman for abuse or harm.
img00784.jpg,woman,Explicit-Harm,Sexual-Harassment,"The meme depicts inappropriate and aggressive physical interactions with a woman, suggesting unwanted sexual advances."
img00785.jpg,air hostess,Non-Harmful,NULL,The meme uses a humorous scenario but does not target the air hostess for abuse.
img00786.jpg,women construction workers,Non-Harmful,NULL,"The meme uses a humorous juxtaposition of construction workers with a sandwich diagram, but there is no explicit or implicit harm towards women."
img00787.jpg,woman,Non-Harmful,NULL,"The meme is a humorous depiction of a pet store scenario, not targeting women for abuse."
img00788.jpg,woman,Implicit-Harm,Sexual-Harassment,"The meme suggests that women are more willing to engage in sexual acts than men, implying a double standard."
img00789.jpg,woman's appearance,Non-Harmful,NULL,"The meme uses a humorous reference to a video game character's outfit, which is not directed at any specific individual or group."
img00790.png,woman's appearance,Non-Harmful,NULL,The image showcases a creative makeup design but does not target or demean women.
img00791.jpg,woman customer,Non-Harmful,NULL,"The meme uses a pun to playfully misunderstand a customer's request, which is a humorous exchange rather than an attack on the woman."
img00792.jpg,mother,Non-Harmful,NULL,The meme uses Yoda's famous line 'There is another' to express a humorous misunderstanding rather than a harmful statement towards the mother.
img00793.jpg,woman holding baby,Non-Harmful,NULL,"The meme uses a humorous juxtaposition of a 'Got Milk?' ad with a mother holding a baby, without any apparent intent to harm."
img00794.jpg,woman,Non-Harmful,NULL,The meme does not target a woman for abuse; it is a commentary on societal reactions to sexual assault.
img00795.png,woman's bottom,Explicit-Harm,Sexual-Harassment,"The meme objectifies a woman's body part by comparing it to a man's own body part, suggesting sexual interest in her."
img00796.jpg,female weeb,Implicit-Harm,Misogyny,"The meme suggests that female fans of anime (weeb) do not exist, which is a stereotype implying their non-existence or lack of importance."
img00797.jpg,mom,Non-Harmful,NULL,"The meme depicts a humorous interaction between a son and his mother, highlighting a generational gap rather than any form of harm towards the woman."
img00798.jpg,mother,Non-Harmful,NULL,"The meme uses a humorous comparison to make a point about a father's behavior, but it does not target the mother for abuse."
img00799.jpg,woman,Implicit-Harm,Misogyny,"The meme implies that older women need more preservatives, which is a stereotype about their health and aging."
img00800.jpg,woman's girlfriend,Non-Harmful,NULL,"The meme is a humorous exchange between two people, not targeting the woman's girlfriend for abuse."
img00801.jpg,woman's appearance,Explicit-Harm,Sexual-Harassment,"The meme focuses on physical attributes ('tits' and 'ass') rather than personality, objectifying the woman."
img00802.jpg,woman's appearance,Non-Harmful,NULL,"The meme uses humor to depict a mummy, but there is no explicit or implicit harm towards women."
img00803.jpg,woman,Non-Harmful,NULL,"The meme uses a humorous exchange to make a point about language, not targeting women for abuse."
img00804.png,woman holding 'Free Hugs' sign,Non-Harmful,NULL,"The meme uses a 'Free Hugs' sign to make a humorous comparison between Google and Bing, neither of which is targeting a woman for abuse."
img00805.png,woman in high heels,Explicit-Harm,Sexual-Harassment,The meme objectifies the woman by suggesting she is available for sexual favors based on her appearance.
img00806.jpg,woman in prison,Explicit-Harm,Sexual-Harassment,"The meme suggests a sexual proposition involving a woman in prison, which is a form of sexual harassment."
img00807.jpg,woman,Explicit-Harm,Character-Assassination,"The meme uses a derogatory term 'thot' to describe a woman, objectifying her sexuality."
img00808.png,woman,Non-Harmful,NULL,The meme uses humor to depict a historical scenario but does not target women for abuse.
img00809.jpg,female scientists,Non-Harmful,NULL,"The meme uses a humorous scenario involving top female scientists diagnosing a president, which is not intended to harm or demean them."
img00810.png,woman's driver's test,Non-Harmful,NULL,"The meme is a humorous observation about a man's reaction to his wife's driver's test result, not targeting women for abuse."
img00811.png,female characters,Non-Harmful,NULL,"The meme uses SpongeBob SquarePants to critique the lack of strong female characters in legends, which is a commentary rather than an attack."
img00812.jpg,woman,Explicit-Harm,Sexual-Harassment,"The meme suggests that the woman's lack of sobriety is a reason to avoid sexual intercourse, objectifying her and implying she is not capable of giving consent."
img00813.png,beautiful girl,Explicit-Harm,Sexual-Harassment,The meme objectifies the woman by focusing on her physical attributes and suggesting she is being used for sexual purposes.
img00814.png,woman,Non-Harmful,NULL,"The meme uses a woman's frustration as a setup for a humorous situation involving men, but it does not target or harm the woman herself."
img00815.png,woman,Non-Harmful,NULL,The meme is a humorous job interview scenario and does not target the woman for abuse.
img00816.jpg,nurse,Non-Harmful,NULL,"The meme uses a humorous scenario involving a nurse, but there is no explicit or implicit harm towards women."
img00817.png,woman,Non-Harmful,NULL,The meme uses a humorous scenario but does not target or demean the woman.
img00818.png,woman,Explicit-Harm,Sexual-Harassment,"The meme directly states an intent to touch the woman's breasts, which is a sexual proposition."
img00819.jpg,A female friend of mine,Non-Harmful,NULL,The meme is a humorous depiction of a social interaction without any form of harm towards the woman.
img00820.jpg,women cooking,Non-Harmful,NULL,The meme is a humorous observation about traditional gender roles but does not target women for abuse.
img00821.jpg,woman,Implicit-Harm,Appearance-Attack,"The meme suggests marriage leads to weight gain, implying women are responsible for their own obesity through marriage."
img00822.jpg,women programmers,Non-Harmful,NULL,The meme highlights historical facts about women in programming without implying any negative stereotypes or discrimination.
img00823.jpg,woman,Explicit-Harm,Sexual-Harassment,The meme objectifies the woman by focusing on her physical attributes and suggesting they are a condition for a relationship.
img00824.jpg,woman in wheelchair,Non-Harmful,NULL,"The meme uses humor to suggest a romantic reconciliation, but it does not target the woman for abuse."
img00825.jpg,woman in bikini,Implicit-Harm,Sexual-Harassment,"The meme objectifies the woman by suggesting she is there to be admired for her body, implying sexual interest from the man."
img00826.jpg,woman walking down the street,Implicit-Harm,Sexual-Harassment,"The meme implies that whistling at women was a form of sexual harassment, reducing them to objects of sexual interest."
img00827.png,woman,Non-Harmful,NULL,"The meme uses SpongeBob characters to humorously depict interactions between individuals, but there is no explicit or implicit harm towards women."
img00828.jpg,woman,Non-Harmful,NULL,"The meme uses a racial slur and a derogatory term to describe a woman, which is harmful."
img00829.jpg,wife,Non-Harmful,NULL,"The meme is a humorous observation about a man's reaction to his wife making soup, but it does not target the woman for abuse."
img00830.jpg,woman's shopping behavior,Non-Harmful,NULL,The meme humorously depicts a common online shopping scenario without any negative connotations towards women.
img00831.jpg,woman,Non-Harmful,NULL,The meme uses a clown to represent a negative stereotype but does not directly harm or demean women.
img00832.jpg,woman,Non-Harmful,NULL,"The meme uses a dog running through snow as a metaphor for a woman's enthusiastic response to her husband's sadness, which is a positive and supportive gesture."
img00833.jpg,mother,Non-Harmful,NULL,"The meme is a humorous comparison between childhood and adulthood, not targeting the mother for abuse."
img00834.jpg,woman,Explicit-Harm,Sexual-Harassment,The meme objectifies the woman by suggesting she is the source of the man's sexual frustration.
img00835.jpg,hot women,Implicit-Harm,Appearance-Attack,"The meme suggests that hot women marry for material gain, perpetuating the stereotype that they prioritize wealth over love."
img00836.jpg,wife,Non-Harmful,NULL,"The meme uses a humorous scenario involving a wife, but it does not target women for abuse or demeans them."
img00837.jpg,woman in store window,Non-Harmful,NULL,The comic uses humor to depict a situation but does not intend to harm or demean the woman.
img00838.jpg,woman sitting on the subway,Non-Harmful,NULL,The meme criticizes toxic masculinity but does not directly harm the woman depicted.
img00839.jpg,woman's dress,Non-Harmful,NULL,"The meme uses a visual gag about wearing the same dress, which is a common party game, not targeting women for abuse."
img00840.jpg,Aphrodite,Non-Harmful,NULL,"The image is a humorous comparison of Greek gods, not targeting Aphrodite for abuse."
img00841.jpg,woman,Non-Harmful,NULL,The meme uses a humorous comparison of love phrases but does not target or demean women.
img00842.jpg,woman knitting,Non-Harmful,NULL,"The image shows a woman engaged in a craft activity, which is neither harmful nor offensive."
img00843.jpg,woman,Explicit-Harm,Sexual-Harassment,The meme objectifies the woman by suggesting she is being photographed for her appearance rather than her personality.
img00844.png,woman's appearance,Non-Harmful,NULL,"The image depicts a humorous scenario involving a TV showing a cartoon character, but there is no direct harm to a woman."
img00845.jpg,woman,Non-Harmful,NULL,The meme does not target a woman for abuse; it is a humorous exchange between two men.
img00846.jpg,woman shopping,Non-Harmful,NULL,The meme depicts a casual interaction between two shoppers without any apparent harm or offensive content.
img00847.jpg,woman in tiger costume,Non-Harmful,NULL,"The image is a humorous meme depicting a character reacting to another character, but there is no explicit or implicit harm towards a woman."
img00848.jpg,police officer,Explicit-Harm,Sexual-Harassment,The meme objectifies the police officer by focusing on her breasts and using the word 'boobs' in a suggestive manner.
img00849.jpg,woman,Explicit-Harm,Sexual-Harassment,"The meme objectifies the woman by suggesting a gift of soap as a sexual proposition, reducing her to a body part."
img00850.jpg,woman,Non-Harmful,NULL,"The meme is a quote from a movie, not targeting women for abuse."
img00851.jpg,flight attendant,Implicit-Harm,Sexual-Harassment,"The meme suggests the flight attendant is attractive and a potential romantic interest, implying sexual harassment."
img00852.jpg,woman's appearance,Non-Harmful,NULL,"The meme humorously contrasts the typical behavior of others versus the narrator's actions, focusing on the time of day rather than any specific harm."
img00853.jpg,woman,Non-Harmful,NULL,The meme uses a humorous play on words but does not target or demean women.
img00854.jpg,woman sitting on a stool,Non-Harmful,NULL,"The meme uses a humorous comparison between a woman's strength and a dog's faith, which is not intended to harm or demean the woman."
img00855.jpg,woman taking a photo,Implicit-Harm,Sexual-Harassment,"The meme suggests the woman is objectified and reduced to a body part (her legs) for the sake of a photo, implying sexual interest in her appearance."
img00856.jpg,feminists,Non-Harmful,NULL,The meme uses humor to critique a feminist perspective without directly harming or insulting women.
img00857.jpg,woman on ladder,Implicit-Harm,Misogyny,"The meme suggests women should stick to domestic tasks like making sandwiches, implying their capabilities are limited."
img00858.jpg,woman's voting rights,Explicit-Harm,Misogyny,"The meme criticizes women's right to vote, suggesting it should be abolished, which is a form of gender-based discrimination."
img00859.jpg,wife,Non-Harmful,NULL,"The meme is a humorous observation about waiting for someone to get ready, not targeting the wife for abuse."
img00860.jpg,wife,Non-Harmful,NULL,"The meme contrasts the wife's behavior at home versus when she goes out, but it does not explicitly harm or demean either scenario."
img00861.jpg,woman,Non-Harmful,NULL,"The meme uses a character to make a humorous comparison between having a girlfriend and a Zero Two body pillow, which is not directed at a specific woman."
img00862.jpg,woman,Non-Harmful,NULL,"The meme uses a humorous exchange between two individuals, but there is no explicit or implicit harm directed towards the woman."
img00863.jpg,woman,Explicit-Harm,Sexual-Harassment,The meme objectifies the woman by equating her with a sexual act and using a suggestive term 'G spot'.
img00864.jpg,waitress Margaret,Implicit-Harm,Sexual-Harassment,The meme objectifies the waitress by suggesting she is there solely for the husband's sexual gratification.
img00865.jpg,women construction workers,Non-Harmful,NULL,"The meme uses a humorous scenario involving construction workers, but there is no explicit or implicit harm towards women."
img00866.png,woman,Non-Harmful,NULL,"The meme is a humorous self-reference about a meme creator's identity, not targeting women for abuse."
img00867.jpg,wife,Non-Harmful,NULL,"The meme depicts a humorous scenario where the person is lying down after winning an argument, but there is no explicit or implicit harm towards the wife."
img00868.jpg,woman in wedding dress,Non-Harmful,NULL,The meme uses a cartoon depiction of a wedding scene to illustrate a humorous situation but does not target women for abuse.
img00869.png,woman,Non-Harmful,NULL,The meme uses a generic term 'women' but does not target a specific woman or make a harmful statement about her.
img00870.jpg,woman doing laundry,Non-Harmful,NULL,"The meme humorously suggests the woman is trying to reach a fitness goal through laundry, which is a lighthearted observation rather than an attack on her."
img00871.png,woman's appearance,Non-Harmful,NULL,"The meme uses humor to comment on the frequency of taking off clothes, but it does not target women for abuse."
img00872.jpg,prostitute,Explicit-Harm,Sexual-Harassment,The meme objectifies the prostitute by reducing her to a sexual commodity and implying she should be treated as such.
img00873.jpg,woman,Non-Harmful,NULL,"The meme uses humor to critique Google's suggestion feature, which is not directed at women."
img00874.jpg,woman,Explicit-Harm,Sexual-Harassment,The meme uses a scenario involving sexual harassment and objectification of a woman.
img00875.jpg,woman,Non-Harmful,NULL,"The meme uses a metaphorical comparison involving a mousetrap to discuss design variations, which is not directed at women."
img00876.jpg,woman's appearance,Non-Harmful,NULL,"The meme uses a monkey to humorously suggest that a person is always busy with their girlfriend, but there is no direct harm towards women."
img00877.jpg,mother,Non-Harmful,NULL,"The meme is a humorous self-deprecating statement about a mother's plant-killing abilities, not targeting women for abuse."
img00878.jpg,woman walking down the street,Non-Harmful,NULL,"The image depicts a humorous scenario where builders are watching a woman walk, but there is no explicit or implicit harm towards the woman."
img00879.jpg,my wife,Non-Harmful,NULL,"The meme uses a humorous exaggeration to express affection towards a specific person, not targeting women in general."
img00880.jpg,woman passenger,Implicit-Harm,Sexual-Harassment,The meme objectifies the woman passenger by depicting her as a distraction to the driver.
img00881.jpg,woman's appearance,Non-Harmful,NULL,"The meme uses a reaction image of a man expressing surprise, but there is no direct harm towards a woman."
img00882.png,woman's Reddit account,Non-Harmful,NULL,"The meme is a humorous observation about the potential benefits of interacting with someone on Reddit, not targeting women for abuse."
img00883.jpg,female gamers,Implicit-Harm,Sexual-Harassment,"The meme equates overpowering female gamers in online games to rape, objectifying them sexually."
img00884.jpg,girl,Implicit-Harm,Sexual-Harassment,The meme objectifies the girl by reducing her to a source of sexual gratification through vomiting.
img00885.jpg,teacher's copy,Non-Harmful,NULL,"The meme compares a detailed teacher's copy with a simplified version, highlighting the difference but not targeting women for abuse."
img00886.png,woman,Non-Harmful,NULL,"The meme uses Pepe the Frog to express disappointment, but it does not target women for abuse."
img00887.jpg,angelic character,Non-Harmful,NULL,"The image depicts an angelic character with positive connotations, and there is no indication of harm towards women."
img00888.jpg,woman,Non-Harmful,NULL,The meme does not directly target a woman for abuse but rather uses a quote to critique a broader societal issue.
img00889.jpg,woman caller,Non-Harmful,NULL,The meme is a humorous critique of social media behavior rather than targeting the woman caller for abuse.
img00890.jpg,woman crush,Non-Harmful,NULL,The comic humorously depicts a scenario involving a crush but does not target women for abuse.
img00891.png,woman's appearance,Non-Harmful,NULL,The meme does not directly target a woman for abuse but instead criticizes Giannis' behavior towards women through a comparison to his girlfriend's treatment.
img00892.jpg,female characters,Non-Harmful,NULL,"The image is a humorous depiction of characters reacting to a strength check, but there is no explicit or implicit harm towards women."
img00893.jpg,woman in bikini,Explicit-Harm,Sexual-Harassment,"The meme objectifies the woman by associating her with tires, implying she is only valuable for her body."
img00894.jpg,woman,Non-Harmful,NULL,The meme uses a humorous scenario involving a woman but does not target her for abuse.
img00895.jpg,woman,Implicit-Harm,Sexual-Harassment,"The meme suggests a sexual expectation from a woman, implying she should fulfill a romanticized notion of a dinner date, which is objectifying."
img00896.jpg,woman voter,Non-Harmful,NULL,The meme depicts a woman participating in a democratic process without any form of discrimination or harm being implied.
img00897.jpg,woman's appearance,Non-Harmful,NULL,"The meme uses the term 'thot' in a casual context, which is not inherently harmful but can be offensive depending on the audience."
img00898.png,The girls watching the game,Non-Harmful,NULL,The meme does not target a woman for abuse; it is a humorous observation about the reaction of the audience.
img00899.jpg,woman sleeping,Implicit-Harm,Misogyny,"The meme suggests that women's silence is due to their karma, implying that their silence is deserved."
img00900.jpg,woman,Explicit-Harm,Sexual-Harassment,The meme objectifies the woman's body part and uses a graphic depiction to imply sexual aggression.
img00901.jpg,woman fishing,Non-Harmful,NULL,"The image shows a woman engaging in a peaceful outdoor activity, fishing, without any form of harm or criticism."
img00902.jpg,woman,Non-Harmful,NULL,"The meme is a compliment exchange between two characters, with no harmful intent towards the woman."
img00903.jpg,woman's appearance,Non-Harmful,NULL,"The image shows a woman in a bikini, but the meme is not targeting her for abuse; it's a humorous comparison between two different groups."
img00904.png,woman,Non-Harmful,NULL,"The image depicts a humorous scenario involving a woman, but there is no explicit or implicit harm towards her."
img00905.jpg,woman,Explicit-Harm,Sexual-Harassment,"The meme objectifies the woman by suggesting she is only interested in men who have everything, implying a sexual interest."
img00906.png,Queen Elizabeth,Non-Harmful,NULL,"The meme is a humorous juxtaposition of Queen Elizabeth with cavemen, not targeting her for abuse."
img00907.jpg,middle-aged women,Implicit-Harm,Misogyny,"The meme suggests that middle-aged women with healing crystals are responsible for the virus, implying they are a threat or burden."
img00908.png,Undertaker,Non-Harmful,NULL,The meme is promoting a voting contest for a 'Meme of the Month' and does not target or harm any specific individual.
img00909.jpg,woman,Non-Harmful,NULL,The meme uses a woman's belly as a visual element but does not target her for abuse.
img00910.jpg,woman's ankle,Implicit-Harm,Sexual-Harassment,"The meme objectifies the woman's ankle as a source of sexual interest, implying it is provocative."
img00911.jpg,woman in pink dress,Non-Harmful,NULL,The meme uses a comparison to highlight the difference between expectations and reality but does not target the woman for abuse.
img00912.jpg,woman passenger,Non-Harmful,NULL,"The meme depicts a supportive interaction between two characters, with no harmful intent towards the woman."
img00913.png,mother,Non-Harmful,NULL,"The meme is a humorous exchange between a child and their mother, not targeting women for abuse."
img00914.jpg,naked woman holding a sword,Non-Harmful,NULL,"The image depicts a scene from a video game where a naked woman is holding a sword, which is part of the game's narrative and does not target women for abuse."
img00915.jpg,woman,Explicit-Harm,Sexual-Harassment,"The meme suggests a sexual proposition involving a woman, specifically targeting her as a potential 'wife' to be 'taken' by the rescue team."
img00916.jpg,woman sunbathing,Non-Harmful,NULL,The image depicts a humorous scene without any explicit or implicit harm towards the woman.
img00917.png,Karen,Non-Harmful,NULL,"The meme discusses the Karen meme, which is a social construct, not targeting a specific individual or group of women for abuse."
img00918.jpg,Ariel and Cinderella,Explicit-Harm,Sexual-Harassment,The meme objectifies Ariel by equating her worth with sexual attributes.
img00919.jpg,woman's appearance,Non-Harmful,NULL,"The meme compares the amount of money in wallets, implying financial status, but does not target women for abuse."
img00920.jpg,woman,Non-Harmful,NULL,The meme uses a humorous scenario involving a dog to make a point about a legal issue but does not target or harm women.
img00921.jpg,woman,Explicit-Harm,Sexual-Harassment,The meme objectifies women by equating their existence with sexual availability.
img00922.jpg,woman,Non-Harmful,NULL,The meme uses a humorous comparison but does not target or demean the woman.
img00923.png,grandmother,Non-Harmful,NULL,"The meme uses humor to depict a humorous scenario involving a grandmother and grandchildren, without targeting or demeaning the grandmother."
img00924.jpg,women,Non-Harmful,NULL,The meme criticizes the idea of women having more voice in public matters but does not directly harm or demean them.
img00925.jpg,Dick head,Non-Harmful,NULL,"The meme uses a derogatory term 'Dick head' to describe people who enjoy a post but don't upvote, which is a form of social commentary rather than direct harm."
img00926.jpg,girl,Non-Harmful,NULL,"The meme uses a humorous scenario to highlight the awkwardness of dating, but it does not target the girl for abuse."
img00927.jpg,woman's appearance,Non-Harmful,NULL,"The image uses a humorous comparison to depict fear, but there is no direct harm towards women."
img00928.jpg,woman,Non-Harmful,NULL,"The image uses a comparison between a pyramid and a ziggurat to make a humorous observation about architecture, without targeting or demeaning women."
img00929.jpg,woman,Non-Harmful,NULL,"The meme uses a humorous comparison between lightsaber duels and gender roles, but does not explicitly harm or demean women."
img00930.png,female sexual organs,Explicit-Harm,Sexual-Harassment,"The meme objectifies women by asking about their lack of male sexual organs, implying they are incomplete or inferior."
img00931.jpg,wife,Non-Harmful,NULL,"The meme is a humorous observation about a wife sharing a cute animal video and the husband still enjoying it, which is not abusive towards the wife."
img00932.jpg,girls,Implicit-Harm,Sexual-Harassment,"The meme suggests that girls receive compliments, but clarifies that most are cat calls and sexist remarks, implying sexual harassment."
img00933.jpg,women's appearance,Implicit-Harm,Appearance-Attack,"The meme compares women's legs unfavorably to men's, suggesting women are more focused on their appearance."
img00934.jpg,woman,Non-Harmful,NULL,"The meme uses humor to make a point about marriage, but it does not target women for abuse."
img00935.jpg,woman shoppers,Implicit-Harm,Sexual-Harassment,"The meme uses a sexualized greeting towards women, implying a sexual interest in them."
img00936.jpg,women,Non-Harmful,NULL,The meme discusses gender pay gap and political representation but does not directly harm or demean women.
img00937.jpg,girlfriend,Non-Harmful,NULL,"The meme is a humorous comparison between letting a girlfriend win games and reacting to criticism from ex-partners, neither of which targets women for abuse."
img00938.png,women's depression,Non-Harmful,NULL,"The meme contrasts societal reactions to women's and men's depression, highlighting a lack of empathy towards women's mental health issues."
img00939.jpg,woman,Non-Harmful,NULL,The image contains a humorous cross-stitch pattern with no explicit or implicit harm towards women.
img00940.jpg,feminist meme,Non-Harmful,NULL,The meme references a 'feminist meme' but does not directly target women or imply harm towards them.
img00941.jpg,feminists,Explicit-Harm,Misogyny,"The meme uses offensive language to dismiss feminists, attacking their beliefs and presence as a group."
img00942.png,women,Non-Harmful,NULL,"The meme is a humorous request for more words containing 'man', which is a neutral term and not directed at women."
img00943.jpg,woman,Non-Harmful,NULL,"The meme depicts a scenario where a man is seen in bed with another woman, but the context suggests it is a humorous or satirical take rather than a harmful depiction."
img00944.jpg,girl,Implicit-Harm,Sexual-Harassment,"The meme suggests that a man's interest in gaming over a phone call is a sign of his suitability as a partner, implying that he is not interested in the girl."
img00945.jpg,woman,Non-Harmful,NULL,"The meme discusses the experiences of 'alt-right' women within a political context, without targeting them for abuse."
img00946.jpg,woman,Non-Harmful,NULL,"The meme is a humorous observation about time passing quickly between dating and having a child, without targeting the woman for abuse."
img00947.jpg,woman's appearance,Non-Harmful,NULL,The meme uses a humorous scenario to highlight the absurdity of men's opinions on women's clothing choices.
img00948.jpg,woman,Non-Harmful,NULL,"The meme uses a humorous scenario involving a woman driving fast, but there is no explicit or implicit harm towards her."
img00949.jpg,woman,Non-Harmful,NULL,"The meme uses a wrestler holding a wedding dress to humorously suggest that the woman is the reason for falling in love, but it does not target women for abuse."
img00950.jpg,bisexual individuals,Non-Harmful,NULL,"The meme uses humor to highlight the challenges bisexual individuals face, but it does not target women specifically for abuse."
img00951.jpg,woman in bed,Explicit-Harm,Sexual-Harassment,"The meme objectifies the woman by suggesting she is there solely for sexual purposes, which is a form of sexual harassment."
img00952.jpg,woman,Explicit-Harm,Violence,"The meme depicts a violent act against a woman, suggesting a response to disrespect towards women."
img00953.png,woman,Non-Harmful,NULL,The meme uses humor to depict a common scenario but does not explicitly harm or demean the woman.
img00954.jpg,woman's appearance,Non-Harmful,NULL,"The meme uses a cartoon character to make a statement about porn, but there is no direct harm towards women."
img00955.jpg,woman,Non-Harmful,NULL,The meme uses humor to critique media sensationalism but does not directly harm or demean the woman.
img00956.jpg,woman's appearance,Non-Harmful,NULL,"The meme uses a humorous comparison between AirPods and a phallic-shaped object, but it does not target women for abuse."
img00957.png,women 40 years younger than him,Implicit-Harm,Misogyny,"The meme suggests that younger women are more attractive or desirable, implying a negative stereotype about older women."
img00958.jpg,My girlfriend,Non-Harmful,NULL,The meme is a humorous comparison of temperatures but does not target women for abuse.
img00959.jpg,woman,Explicit-Harm,Sexual-Harassment,"The comic depicts a man making inappropriate sexual advances towards a woman, including touching her inappropriately."
img00960.jpg,girlfriend,Non-Harmful,NULL,"The meme is a humorous exchange about getting fries, with no explicit or implicit harm towards the girlfriend."
img00961.jpg,woman astronaut,Non-Harmful,NULL,The meme uses a humorous exchange to celebrate the achievement of a woman astronaut without any negative connotations.
img00962.jpg,students,Non-Harmful,NULL,"The meme is a humorous take on Gauss solving a math problem quickly, not targeting students for abuse."
img00963.jpg,girls,Non-Harmful,NULL,The meme does not target girls for abuse; it is a humorous observation about societal perceptions of relationships between girls and boys.
img00964.jpg,female character in Star Wars universe,Non-Harmful,NULL,"The meme uses a Star Wars character to make a humorous point about language fluency, which is not directed at a specific woman or gender."
img00965.jpg,anime girls,Implicit-Harm,Sexual-Harassment,The meme objectifies anime girls by associating their cuteness with their guitar-playing ability.
img00966.jpg,woman's appearance,Implicit-Harm,Appearance-Attack,"The meme suggests that the woman needs plastic surgery to improve her appearance, implying that her current look is undesirable."
img00967.png,woman,Non-Harmful,NULL,The meme does not target a woman for abuse; it is a humorous scenario about a man's reaction to his wife's high income.
img00968.jpg,woman's appearance,Non-Harmful,NULL,"The meme uses a humorous context to make a point about men being stupid, but it does not target a specific woman or attack her appearance."
img00969.jpg,woman character,Non-Harmful,NULL,The meme uses a character to illustrate a generational change among Reddit users but does not target women for abuse.
img00970.jpg,female superheroes,Non-Harmful,NULL,"The meme uses a humorous juxtaposition of female superheroes with a religious figure, but it does not target women for abuse."
img00971.png,Karen,Non-Harmful,NULL,The meme uses Karen as a placeholder for a person who says 'heil Hitler' but does not target her for abuse.
img00972.jpg,woman,Non-Harmful,NULL,The meme does not target a woman for abuse; it is a humorous depiction of a father's role.
img00973.png,single mom,Non-Harmful,NULL,The meme uses humor to depict a single mom's daily challenges but does not target or demean her.
img00974.png,woman,Implicit-Harm,Misogyny,"The meme suggests that women are more likely to make excuses rather than take action, implying a stereotype about their lack of initiative."
img00975.png,woman on Tinder,Implicit-Harm,Misogyny,"The meme criticizes women for bullying men based on height, perpetuating the idea that women are superior and men are inferior due to their height."
img00976.jpg,girls,Non-Harmful,NULL,"The meme compares girls' attitudes towards P.E. with boys' attitudes, but does not explicitly harm or demean them."
img00977.jpg,baby girl,Explicit-Harm,Sexual-Harassment,"The meme references a baby girl as a victim of violence, implying sexual aggression."
img00978.jpg,woman's appearance,Non-Harmful,NULL,"The image is a humorous depiction of a 'starter pack' for a stereotypical Panera Bread customer, but there is no explicit or implicit harm towards women."
img00979.png,woman in Hong Kong,Non-Harmful,NULL,"The meme uses a humorous image to make a point about a legal loophole, not to harm or demean women."
img00980.jpg,woman,Non-Harmful,NULL,"The meme is a humorous exchange between two men, making light of a situation without targeting or demeaning a woman."
img00981.jpg,woman,Non-Harmful,NULL,"The meme humorously depicts a scenario where a man is excited to show off his cooking but is interrupted by a woman's unexpected behavior, which is not intended to harm or demean her."
img00982.jpg,woman astronaut,Non-Harmful,NULL,The meme uses a humorous twist on a famous Apollo 8 quote but does not target or demean the woman astronaut.
img00983.png,woman,Non-Harmful,NULL,The meme uses a sarcastic tone to express frustration but does not explicitly harm or demean the woman.
img00984.jpg,woman,Explicit-Harm,Sexual-Harassment,The meme objectifies the woman by equating her profession with her sexual availability.
img00985.jpg,woman,Non-Harmful,NULL,The meme does not target a woman for abuse but rather depicts a scenario involving spouses of law enforcement officers.
img00986.jpg,woman customer,Implicit-Harm,Appearance-Attack,"The meme criticizes the woman's appearance and lifestyle choices, implying she is vain and overly concerned with her looks."
img00987.jpg,Mineta,Non-Harmful,NULL,The meme does not target Mineta for abuse; it is a humorous reaction to the failure of Todoroki and Bakugou.
img00988.jpg,single mother,Non-Harmful,NULL,The meme does not target a woman for abuse; it is a commentary on social behavior and rights.
img00989.jpg,women,Non-Harmful,NULL,The meme does not target women for abuse but instead uses a reaction template that could be considered harmless.
img00990.jpg,woman police officer,Non-Harmful,NULL,"The meme does not target a woman for abuse; it is a humorous comparison between real police officers and a cartoon version, which is meant to be playful rather than harmful."
img00991.jpg,woman,Non-Harmful,NULL,"The meme uses a humorous comparison to describe a relationship, which is not directed at the woman herself but rather a playful statement about her value."
img00992.png,waitress,Non-Harmful,NULL,The meme uses a stereotype but does not explicitly harm or demean the waitress.
img00993.jpg,girl,Implicit-Harm,Misogyny,"The meme implies that girls should have specific interests based on their gender, which is a form of gender stereotyping."
img00994.jpg,girls,Non-Harmful,NULL,"The meme uses a supportive tone towards girls gaining weight but a dismissive tone towards boys, highlighting a double standard."
img00995.png,woman's behavior,Implicit-Harm,Sexual-Harassment,"The meme suggests a double standard where a woman's sexual behavior is judged based on her initial statement, implying she should conform to certain expectations."
img00996.jpg,grandma,Non-Harmful,NULL,"The meme is a humorous take on a common scenario involving a grandparent giving money anonymously, which is not directed at women."
img00997.jpg,woman's appearance,Non-Harmful,NULL,"The meme uses a cat wearing a bottle as a humorous juxtaposition, not targeting women for abuse."
img00998.png,gender reveal,Non-Harmful,NULL,"The meme is a humorous reference to a gender reveal party, which is a common social event and does not target women for abuse."
img00999.jpg,a tree,Non-Harmful,NULL,"The meme uses a tree as a metaphor for diversity, which is a neutral statement about inclusivity."
img01000.png,woman's appearance,Non-Harmful,NULL,The image promotes a game development team recruitment without targeting women for abuse.
img01001.jpg,ex girlfriend,Non-Harmful,NULL,The meme uses a humorous scenario involving a cheating ex-girlfriend but does not target women for abuse.
img01002.jpg,daughter,Non-Harmful,NULL,"The tweet discusses school policies regarding shorts and masks, but does not target women for abuse."
img01003.png,girls,Non-Harmful,NULL,"The meme is a humorous comparison between boys and girls, not targeting either group for abuse."
img01004.jpg,female characters,Non-Harmful,NULL,The image contrasts American and British TV/film from the 70s but does not target women for abuse.
img01005.jpg,woman,Explicit-Harm,Sexual-Harassment,"The sign references sexual assault and implies the woman was not believed, which is a form of sexual harassment."
img01006.jpg,woman's appearance,Non-Harmful,NULL,"The meme uses a thought bubble to question the concept of a girlfriend, but it does not target women for abuse."
img01007.jpg,female Jedi,Non-Harmful,NULL,The meme discusses the concept of Force Ghosts without targeting or demeaning any specific woman.
img01008.jpg,woman's appearance,Non-Harmful,NULL,"The meme compares different levels of makeup and naturalness, but does not demean or attack women."
img01009.jpg,woman,Non-Harmful,NULL,The meme uses a humorous juxtaposition of anime characters turning into monsters but does not target women for abuse.
img01010.jpg,woman's appearance,Non-Harmful,NULL,"The image depicts dolls covered in chocolate on a cake, which is a creative and playful setup, not intended to harm or demean women."
img01011.jpg,girl,Non-Harmful,NULL,"The meme uses a character from a fictional story to make a point about emotional responses, not targeting real women for abuse."
img01012.jpg,woman,Non-Harmful,NULL,The meme does not target a woman for abuse; it is a humorous comparison between siblings' concerns.
img01013.jpg,horny milfs,Non-Harmful,NULL,The meme references 'horny milfs' but does not directly harm or stereotype them.
img01014.jpg,woman,Non-Harmful,NULL,The meme does not target a woman for abuse; it is a humorous comparison of groups.
img01015.jpg,wife,Non-Harmful,NULL,"The meme uses a dramatic scenario to highlight the wife's survival against expectations, but it does not target her for abuse."
img01016.jpg,woman,Non-Harmful,NULL,"The meme is a humorous critique of a man's behavior towards his wife, not directed at women themselves."
img01017.jpg,woman performing yoga,Non-Harmful,NULL,The meme uses a suggestive scenario but does not directly harm or demean the woman.
img01018.jpg,woman,Implicit-Harm,Misogyny,"The meme suggests that women are jealous of men's clothing having pockets, implying a conspiracy against cargo shorts."
img01019.jpg,woman,Non-Harmful,NULL,The meme does not target a woman for abuse; it is a humorous observation about the height difference between Darth Vader and General Grievous.
img01020.jpg,woman Waldo,Non-Harmful,NULL,"The meme uses a playful scenario involving Waldo, a character known for being hard to find, but there is no explicit or implicit harm towards women."
img01021.jpg,wife,Explicit-Harm,Violence,"The meme suggests the wife's murder is trivialized by implying there were multiple victims, reducing her death to a statistic."
img01022.png,sister,Explicit-Harm,Character-Assassination,"The meme uses the term 'TikTok thot' to demean the sister's social media activity, implying she is shallow and only cares about appearances."
img01023.jpg,communication,Non-Harmful,NULL,"The meme uses a humorous exchange to highlight a difference in communication styles between genders, which is not intended to harm anyone."
img01024.jpg,mother,Non-Harmful,NULL,The meme humorously depicts a child's perspective but does not target the mother for abuse.
img01025.jpg,woman holding protest sign,Explicit-Harm,Sexual-Harassment,"The meme uses a protest sign against rape to make a sexual proposition, implying that women should be respected but also used sexually."
img01026.jpg,woman,Explicit-Harm,Sexual-Harassment,The meme objectifies the woman by suggesting she is being rated for her sexual attributes.
img01027.png,woman patient,Non-Harmful,NULL,"The meme is a humorous depiction of a patient's interaction with a doctor, not targeting the woman for abuse."
img01028.jpg,woman explaining maths,Implicit-Harm,Misogyny,"The meme suggests that women are magical and their explanations are not taken seriously, implying a lack of respect for their knowledge."
img01029.jpg,students,Non-Harmful,NULL,"The meme depicts students at a book fair, which is a neutral activity and does not target women for abuse."
img01030.jpg,woman,Explicit-Harm,Sexual-Harassment,"The meme depicts a woman threatening to sell nude content to buy a PS5, implying sexual exploitation."
img01031.jpg,woman's appearance,Non-Harmful,NULL,"The meme uses a comparison between a woman's appearance and a bus driver's job, but it does not explicitly harm or demean either."
img01032.jpg,bride,Non-Harmful,NULL,"The meme is a positive statement about the woman's relationship and happiness, not targeting her for abuse."
img01033.jpg,woman applying perfume,Non-Harmful,NULL,The meme uses a humorous scenario but does not target the woman for abuse.
img01034.jpg,woman,Non-Harmful,NULL,"The meme uses humor to express a preference for the 'hooman' over the woman, but it does not harm the woman herself."
img01035.jpg,woman,Non-Harmful,NULL,The meme uses a humorous scenario but does not target or harm a woman.
img01036.jpg,Kamala Harris,Non-Harmful,NULL,The meme celebrates Kamala Harris's achievement without any derogatory or harmful intent towards her.
img01037.jpg,woman's appearance,Non-Harmful,NULL,The meme uses a humorous comparison but does not target or demean women.
img01038.jpg,woman,Non-Harmful,NULL,The meme uses a humorous scenario involving child custody but does not target a woman for abuse.
img01039.jpg,woman's favorite Netflix series,Non-Harmful,NULL,The meme is a humorous depiction of a couple's dynamic rather than a harmful portrayal of a woman.
img01040.jpg,woman's fashion choices,Implicit-Harm,Misogyny,"The meme suggests that women are being marketed unrealistic and unattainable fashion ideals, implying that their true desires are more extreme and unconventional."
img01041.jpg,woman's appearance,Implicit-Harm,Appearance-Attack,"The cake is decorated with the word 'FAT' and the phrase 'HAH', suggesting a negative perception of the woman's body size."
img01042.jpg,woman's pockets,Non-Harmful,NULL,The image compares the contents of a woman's and a man's pockets but does not imply any harm towards women.
img01043.jpg,woman from 'That Thing',Non-Harmful,NULL,The meme references a specific character from a movie without implying any harm towards her.
img01044.jpg,female employees,Non-Harmful,NULL,The meme compares fast food chains humorously but does not target women for abuse.
img01045.jpg,woman,Non-Harmful,NULL,"The meme uses SpongeBob to make a statement about respecting men, which is a neutral observation."
img01046.jpg,German teacher,Non-Harmful,NULL,The meme is a humorous observation about language proficiency rather than targeting the German teacher for abuse.
img01047.jpg,women's anatomy,Non-Harmful,NULL,"The meme uses humor to highlight a common misconception about women's anatomy, which is not intended to harm or offend."
img01048.jpg,girls,Implicit-Harm,Sexual-Harassment,"The meme suggests that girls would experience negative consequences from a gender swap, implying that boys have more privilege."
img01049.jpg,women,Implicit-Harm,Misogyny,"The meme suggests that God imposed childbirth pain on women as a punishment for eating forbidden fruit, implying that women are inherently sinful and deserve suffering."
img01050.jpg,game developers,Non-Harmful,NULL,"The meme humorously depicts game developers choosing villains from Russia or Germany, but there is no direct harm towards women."
img01051.png,Power rangers introducing themselves,Non-Harmful,NULL,"The meme uses a humorous juxtaposition of Power Rangers' introduction with a serious situation, but it does not target women for abuse."
img01052.jpg,12-year-old girl,Explicit-Harm,Sexual-Harassment,"The meme objectifies a child by suggesting she should be legally capable of sexual consent, which is a form of sexual harassment."
img01053.jpg,woman,Non-Harmful,NULL,"The meme humorously depicts a scenario where a woman kisses someone in front of her parents, but there is no explicit or implicit harm towards the woman."
img01054.jpg,squirrels,Non-Harmful,NULL,"The meme uses squirrels as a humorous analogy for a 'rave', which is a type of party, and does not target women for abuse."
img01055.jpg,female characters,Non-Harmful,NULL,"The image shows movie posters from Star Wars prequel trilogy, which are not targeted for abuse."
img01056.jpg,woman giving birth,Implicit-Harm,Misogyny,"The meme uses a pregnancy as a metaphor for YouTube's time limit, implying women's bodies are limited and inefficient."
img01057.jpg,woman,Non-Harmful,NULL,The meme uses a woman's image as part of a humorous comparison but does not target her for abuse.
img01058.jpg,girlfriend,Explicit-Harm,Misogyny,"The post criticizes various behaviors of women in relationships, implying they are inherently abusive and should be condemned."
img01059.jpg,feminists,Non-Harmful,NULL,The meme quotes a statement about feminists but does not target them for abuse.
img01060.jpg,woman,Implicit-Harm,Sexual-Harassment,"The meme suggests renting a girlfriend as a service, implying sexual availability and commodification of women."
img01061.png,woman,Non-Harmful,NULL,"The meme uses a humorous comparison to illustrate the difficulty of understanding women, but it does not target women for abuse."
img01062.jpg,woman,Non-Harmful,NULL,"The meme uses a metaphor comparing the woman to wild animals, which is a neutral observation rather than an attack."
img01063.jpg,woman's health,Non-Harmful,NULL,The meme discusses the health risks associated with pregnancy but does not target women for abuse.
img01064.jpg,woman,Non-Harmful,NULL,"The meme is a humorous observation about a father's gift choice, not targeting the woman for abuse."
img01065.jpg,woman,Non-Harmful,NULL,"The meme uses sarcasm to question the woman's interest in video game skins, but it does not target her for abuse."
img01066.jpg,women,Non-Harmful,NULL,"The meme lists reasons why men prefer guns over women, but it does not target women for abuse."
img01067.jpg,woman,Non-Harmful,NULL,"The meme is a humorous comparison between imagined and actual upvoters, not targeting women for abuse."
img01068.jpg,woman's appearance,Non-Harmful,NULL,The meme does not target a woman for abuse; it is a humorous commentary on a game scenario.
img01069.jpg,woman's appearance,Non-Harmful,NULL,The meme uses humor to discuss fashion compatibility but does not target women for abuse.
img01070.jpg,woman,Implicit-Harm,Sexual-Harassment,The meme objectifies the woman by focusing on her physical attributes and suggesting she is attractive solely due to her gender.
img01071.jpg,wife's picture,Non-Harmful,NULL,"The meme uses a marriage certificate and wife's picture as a humorous example of what might be considered sufficient documentation for a prescription, but it does not target women for abuse."
img01072.jpg,girlfriend,Implicit-Harm,Misogyny,"The meme contrasts the girlfriend's reactions based on who is wrong, implying that she should always be submissive."
img01073.jpg,woman,Non-Harmful,NULL,The meme criticizes people for downvoting posts with suggestive comments but does not target women themselves.
img01074.jpg,woman,Implicit-Harm,Appearance-Attack,"The meme suggests that women use skincare products to look young, implying that men naturally age."
img01075.jpg,woman,Non-Harmful,NULL,The meme does not target a woman for abuse; it is a humorous interaction between two individuals.
img01076.jpg,woman,Non-Harmful,NULL,The meme is a humorous conversation exchange without any harmful intent towards the woman.
img01077.jpg,woman's health,Implicit-Harm,Misogyny,"The meme criticizes body positivity by implying that being positive about one's body can lead to health issues, attacking women's self-image."
img01078.jpg,woman in elevator,Non-Harmful,NULL,The meme does not target a woman for abuse; it is a humorous observation about repeatedly being banned from Reddit.
img01079.png,woman,Non-Harmful,NULL,The meme uses a scene from 'Friends' to discuss intimacy but does not target women for abuse.
img01080.jpg,woman,Non-Harmful,NULL,The meme does not target a woman for abuse; it is a humorous observation about technology distraction and gender roles.
img01081.jpg,pregnant girlfriend,Non-Harmful,NULL,The comment praises the woman's appearance without addressing the tragic event or the individuals involved.
img01082.jpg,woman,Explicit-Harm,Sexual-Harassment,"The meme objectifies the woman by comparing her lips to a man's penis, which is a sexualized and dehumanizing attack."
img01083.jpg,woman,Non-Harmful,NULL,"The meme uses a humorous exchange to critique Google's AI, but it does not target women for abuse."
img01084.png,woman,Non-Harmful,NULL,The meme does not target a woman for abuse; it is a political discussion.
img01085.png,woman,Non-Harmful,NULL,"The meme praises the woman for being strong, which is a positive attribute and not an attack."
img01086.png,women's privacy,Non-Harmful,NULL,The meme compares surveillance levels across countries but does not target women directly or imply harm towards them.
img01087.jpg,Polka,Non-Harmful,NULL,"The meme is a humorous exchange between characters, not targeting Polka for abuse."
img01088.jpg,woman,Explicit-Harm,Sexual-Harassment,The meme objectifies a young girl by suggesting she is desirable based on her age.
img01089.jpg,woman's appearance,Non-Harmful,NULL,"The image humorously contrasts the idealized expectations with the reality of a Dungeons & Dragons party, but there is no direct harm towards women."
img01090.jpg,daughter,Non-Harmful,NULL,"The meme uses sarcasm to highlight the different reactions to daughters versus sons bringing home their partners, but it does not explicitly harm the daughter."
img01091.jpg,woman,Non-Harmful,NULL,The meme does not target a woman for abuse.
img01092.jpg,woman,Non-Harmful,NULL,The meme does not target a woman for abuse; it is a humorous critique of sensitivity.
img01093.jpg,women's financial habits,Non-Harmful,NULL,The meme uses historical context to criticize modern financial practices but does not target women personally or harmfully.
img01094.png,woman astronaut,Non-Harmful,NULL,The meme does not target a woman for abuse; it is a humorous observation about the context of the news headline.
img01095.png,woman,Explicit-Harm,Sexual-Harassment,"The image uses the word 'Rape' repeatedly in a circular pattern, suggesting a cycle of sexual violence."
img01096.jpg,woman,Explicit-Harm,Violence,"The image depicts a man threatening a woman with a raised fist, suggesting a violent interaction."
img01097.jpg,woman,Explicit-Harm,Sexual-Harassment,"The meme objectifies the woman by focusing on her body part and suggesting a sexual encounter, which is inappropriate and disrespectful."
img01098.jpg,Sayyida al Hurra,Non-Harmful,NULL,The meme does not target Sayyida al Hurra for abuse; it provides historical context about her.
img01099.jpg,woman,Non-Harmful,NULL,"The meme is a humorous observation about a game application feature, not targeting women for abuse."
img01100.jpg,Hector,Non-Harmful,NULL,"The meme is a humorous observation about an actor playing multiple roles, not targeting women for abuse."
img01101.jpg,women,Implicit-Harm,Sexual-Harassment,"The meme suggests that women have a 'virginity force field' that makes them immune to romantic advances, implying sexual objectification and devaluation."
img01102.jpg,woman,Explicit-Harm,Sexual-Harassment,"The meme depicts a character saying 'I hate women!' while physically assaulting another character, implying sexual aggression and violence towards women."
img01103.jpg,woman,Non-Harmful,NULL,The meme uses a playful pun without targeting or demeaning the woman.
img01104.png,Karen,Explicit-Harm,Misogyny,"The meme suggests that 'Karens' are responsible for causing harm to others, which is a generalization and stereotype about women."
img01105.png,HR professional,Non-Harmful,NULL,The meme criticizes an HR professional for lack of knowledge but does not target women specifically for abuse.
img01106.jpg,woman,Non-Harmful,NULL,"The meme humorously depicts a young boy's wish to marry a woman who cooks, but later shows him happily cooking for his wife and kids, highlighting a positive change over time."
img01107.png,bride,Non-Harmful,NULL,"The image depicts a wedding ceremony where the bride is in a hospital bed, which is a poignant and touching moment rather than a harmful depiction."
img01108.png,girl in the class,Non-Harmful,NULL,"The meme uses Yoda's iconic 'There is another' line to imply there's more than one girl in the class, but it doesn't target the girl herself for abuse."
img01109.png,females,Non-Harmful,NULL,"The meme uses 'Females' as a placeholder term, which is neutral and does not target women for abuse."
img01110.png,girlfriend,Non-Harmful,NULL,"The meme praises the girlfriend despite the partner's struggles, which is a positive message rather than an attack."
img01111.jpg,woman,Non-Harmful,NULL,"The meme uses a photograph of a woman to make a humorous comparison, but there is no explicit or implicit harm towards her."
img01112.jpg,woman,Implicit-Harm,Sexual-Harassment,The meme objectifies the woman by suggesting she is a source of sexual harassment.
img01113.jpg,woman,Non-Harmful,NULL,The meme references past memes but does not target or harm women directly.
img01114.jpg,housewife,Implicit-Harm,Misogyny,"The meme implies that cleanliness is solely the housewife's responsibility, reinforcing traditional gender roles."
img01115.png,woman,Non-Harmful,NULL,The meme does not target a woman for abuse; it compares the learning experiences of teenagers and adults.
img01116.png,woman,Non-Harmful,NULL,"The meme uses a humorous comparison between a character and Darth Vader, but there is no direct harm towards women."
img01117.jpg,woman couple,Non-Harmful,NULL,"The image depicts a romantic scene between two women, which is not intended to harm them."
img01118.jpg,a woman in the 1600's,Non-Harmful,NULL,"The meme uses a historical context to make a humorous comparison, not targeting women for abuse."
img01119.jpg,girlfriend,Non-Harmful,NULL,The meme is a humorous observation about communication dynamics rather than targeting the girlfriend for abuse.
img01120.jpg,woman,Non-Harmful,NULL,"The meme is a humorous comparison between two characters, not targeting the woman for abuse."
img01121.jpg,wife,Explicit-Harm,Misogyny,The meme uses a derogatory term 'wife I hate' to attack the woman's marital status and relationship.
img01122.jpg,woman HR representative,Non-Harmful,NULL,"The meme uses sarcasm to mock the idea of reporting sexual harassment, but does not directly harm the woman HR representative."
img01123.jpg,woman working late,Non-Harmful,NULL,"The meme humorously depicts a man's attempt to show affection while his girlfriend works, but there is no harm intended towards the woman."
img01124.jpg,cats,Non-Harmful,NULL,The image uses cats to humorously depict reactions to different scenarios but does not target women for abuse.
img01125.png,woman,Implicit-Harm,Misogyny,"The meme suggests that women are inherently lazy and expect others to pay for them, perpetuating a stereotype about women's behavior."
img01126.jpg,woman,Explicit-Harm,Sexual-Harassment,The meme objectifies the woman by equating her worth to financial gain and romantic relationships.
img01127.png,women,Explicit-Harm,Misogyny,"The meme references 'misogyny' directly and includes images associated with anti-women sentiments, such as 'friendzone' and 'Pornhub', which contribute to a negative portrayal of women."
img01128.jpg,woman,Non-Harmful,NULL,"The meme uses hyperbole to make a point about respect and boundaries, not targeting women for abuse."
img01129.png,woman,Non-Harmful,NULL,"The meme uses a list of items to suggest domestic violence, but it ends with a hotline number for help, indicating it is meant to raise awareness rather than harm."
img01130.png,step mom,Non-Harmful,NULL,The meme does not target the step mom for abuse; it is a humorous comparison between two perspectives.
img01131.jpg,movie for women empowerment,Non-Harmful,NULL,The meme criticizes the approach to making movies for women empowerment but does not directly harm women.
img01132.png,girlfriend,Non-Harmful,NULL,"The meme is a humorous self-reflection about a relationship dynamic, not targeting the girlfriend for abuse."
img01133.png,girlfriend,Non-Harmful,NULL,"The meme expresses a humorous reaction to receiving a love message from the girlfriend, which is not directed at her but rather the narrator's perspective."
img01134.png,woman,Non-Harmful,NULL,"The meme is a humorous comparison between self-perception and perception by a girlfriend, not targeting the woman for abuse."
img01135.png,woman,Implicit-Harm,Sexual-Harassment,"The meme objectifies the woman by focusing on her beauty rather than her personality or actions, suggesting she is solely valuable for her appearance."
img01136.jpg,woman's note,Non-Harmful,NULL,"The meme humorously depicts a man finding a love note in his pocket, but there is no harm intended towards the woman."
img01137.jpg,woman in bikini,Non-Harmful,NULL,"The image depicts two characters in a playful interaction, but there is no explicit or implicit harm towards the woman."
img01138.png,woman's appearance,Non-Harmful,NULL,"The meme uses a humorous scenario involving a blood transfusion and a credit card decline, but there is no direct harm to a woman."
img01139.png,woman,Non-Harmful,NULL,The meme uses a dog to humorously contrast societal expectations but does not target women for abuse.
img01140.jpg,woman's behavior,Implicit-Harm,Sexual-Harassment,"The meme suggests that the woman's behavior is inappropriate and objectifies her, implying she is seeking sex."
img01141.png,woman,Non-Harmful,NULL,"The meme is a humorous reflection on childhood fears, not targeting women for abuse."
img01142.png,woman wearing blindfold,Non-Harmful,NULL,"The meme uses a scene from a movie to make a political statement, but it does not target a woman for abuse."
img01143.jpg,woman's appearance,Non-Harmful,NULL,The meme uses a cartoon to humorously depict a scenario but does not explicitly harm or demean women.
img01144.jpg,woman doing laundry,Implicit-Harm,Sexual-Harassment,The meme objectifies the woman by suggesting her clothing will attract unwanted attention during laundry day.
img01145.jpg,woman,Non-Harmful,NULL,The meme does not target a woman for abuse and is a humorous exchange about a large garbage pile.
img01146.png,women,Non-Harmful,NULL,"The meme compares mental healthcare options for men and women, but does not target women for abuse."
img01147.jpg,woman,Explicit-Harm,Misogyny,The meme uses a 'Frauenparkplätze' (women's parking spaces) sign to stereotype women as needing special treatment.
img01148.jpg,woman's appearance,Non-Harmful,NULL,"The meme uses a humorous comparison between taking off clothes and having a bowel movement, but it does not target women for abuse."
img01149.png,woman,Non-Harmful,NULL,"The meme is a humorous comparison between learning C++ and another language, making no specific reference to women."
img01150.jpg,wife,Non-Harmful,NULL,"The meme uses sarcasm to criticize the man's perspective on marriage, but it does not target the wife for abuse."
img01151.jpg,woman,Non-Harmful,NULL,"The meme is a humorous observation about moderation efforts, not targeting women for abuse."
img01152.jpg,woman,Non-Harmful,NULL,The meme uses sarcasm to mock a situation but does not target a woman for abuse.
img01153.jpg,wife,Non-Harmful,NULL,"The meme humorously depicts a wife arguing even after death, but it does not target women for abuse."
img01154.jpg,woman being called 'ma'am',Implicit-Harm,Misogyny,"The meme suggests that women are treated differently from men based on their gender, implying a lack of respect towards women."
img01155.jpg,woman,Non-Harmful,NULL,"The meme uses a card game scenario to make a point about language, but it does not target a woman for abuse."
img01156.jpg,woman,Non-Harmful,NULL,"The image shows artwork of a woman, but there is no explicit or implicit harm directed towards her."
img01157.png,woman watching football,Non-Harmful,NULL,"The meme is a humorous observation about a fan's reaction, not directed at a specific woman or harmful towards women."
img01158.jpg,woman,Implicit-Harm,Misogyny,"The meme suggests that women are less desirable due to their preferences and behaviors, perpetuating stereotypes about women's worth."
img01159.jpg,girlfriend,Non-Harmful,NULL,"The meme humorously depicts a common interaction between a couple, highlighting the small details shared in texts without implying any harm or negativity towards the girlfriend."
img01160.jpg,woman,Non-Harmful,NULL,"The meme uses a humorous scenario involving a character from 'Rick and Morty' to make a point about liking Captain Marvel, but it does not target a woman for abuse."
img01161.jpg,women,Non-Harmful,NULL,The meme discusses a game mechanic and does not target women for abuse.
img01162.jpg,woman's appearance,Non-Harmful,NULL,The meme does not target a woman for abuse; it is a humorous depiction of a character's reaction to a situation involving a picture hanging.
img01163.jpg,woman's appearance,Non-Harmful,NULL,"The meme contrasts two versions of a woman's appearance, but neither version is explicitly harmful or insulting."
img01164.png,women,Non-Harmful,NULL,"The meme is a humorous observation about memes lacking captions, not targeting women for abuse."
img01165.png,woman's gender,Non-Harmful,NULL,"The meme uses a factory setting to humorously depict the overwhelming number of messages received after revealing gender on Reddit, but it does not target women for abuse."
img01166.jpg,woman singing,Explicit-Harm,Sexual-Harassment,The meme objectifies the woman by associating her singing with her past as a porn actor.
img01167.jpg,naked girlfriend,Non-Harmful,NULL,The meme uses a dog to humorously depict a situation but does not target or demean the naked girlfriend.
img01168.jpg,woman's appearance,Non-Harmful,NULL,"The meme uses a suggestive gesture and text to imply a sexual scenario, but it is presented as a humorous observation rather than an attack."
img01169.png,mother lion,Non-Harmful,NULL,"The meme celebrates the loving relationship between a mother and child, without any form of harm or criticism towards the mother."
img01170.jpg,wife,Non-Harmful,NULL,"The meme humorously depicts a skeleton of a married couple where the wife appears to be arguing, but there is no explicit or implicit harm towards the woman."
img01171.jpg,woman in the center,Non-Harmful,NULL,The meme does not target the woman for abuse; it is a statement about her role in Afghanistan.
img01172.jpg,woman in the image,Explicit-Harm,Sexual-Harassment,"The meme objectifies the woman by depicting her as a fragile figure in a war context, which is a form of sexual harassment."
img01173.jpg,woman,Non-Harmful,NULL,"The meme uses a humorous anecdote to critique a man's reaction to his wife's death, but it does not target the woman herself for abuse."
img01174.jpg,female characters,Non-Harmful,NULL,"The meme compares different lightsaber duels from Star Wars, which is a fictional context and does not target real women."
img01175.jpg,feminists who fight for women's rights,Non-Harmful,NULL,"The meme distinguishes between 'actual feminists' and those who just fight for women's rights, which is a factual clarification rather than an attack."
img01176.jpg,woman,Implicit-Harm,Misogyny,"The meme suggests that women should not have opinions unless asked, implying they are not valued."
img01177.jpg,women's opinions,Non-Harmful,NULL,The meme humorously contrasts male and female perspectives on everyday activities but does not target women for abuse.
img01178.png,wife,Non-Harmful,NULL,The meme uses a humorous scenario to express frustration but does not target the wife for abuse.
img01179.png,woman,Non-Harmful,NULL,"The meme uses a humorous comparison between boys and girls reacting to being called 'man' and 'woman', respectively, but it does not target women for abuse."
img01180.png,women,Explicit-Harm,Misogyny,"The meme uses derogatory statements about women's roles and emotions, promoting harmful gender stereotypes."
img01181.jpg,woman,Non-Harmful,NULL,"The meme quotes a statement about arguing with a wife, but it is presented as a humorous observation rather than an attack on women."
img01182.png,woman wearing pink shorts,Non-Harmful,NULL,The meme does not target the woman for abuse; it is a humorous interaction between two individuals.
img01183.jpg,woman's vagina,Explicit-Harm,Sexual-Harassment,The meme objectifies the woman's vagina and uses it as a target for sexual aggression.
img01184.jpg,woman's appearance,Non-Harmful,NULL,The meme uses a humorous comparison between chess pieces and kitchen floors but does not target women for abuse.
img01185.jpg,woman answering phone,Implicit-Harm,Sexual-Harassment,"The meme implies sexual harassment is a common occurrence in the workplace, suggesting a lack of respect towards the woman."
img01186.jpg,woman,Non-Harmful,NULL,"The meme uses SpongeBob to humorously list qualities of a woman, but it does not target women for abuse."
img01187.jpg,woman's appearance,Non-Harmful,NULL,The meme uses a humorous exchange to critique dating preferences but does not explicitly harm or demean women.
img01188.png,Fatima,Non-Harmful,NULL,"The meme uses a fictional scenario involving a character named Fatima to humorously depict a situation, but it does not target or harm a real woman."
img01189.png,Wonder Woman,Non-Harmful,NULL,"The meme humorously contrasts a serious character with a player's decision, but does not target Wonder Woman for abuse."
img01190.jpg,woman,Implicit-Harm,Misogyny,"The meme suggests that women were attracted to men's strength due to their ability to protect them, implying that women need protection from dinosaurs, which reinforces the idea that women are weak and need male protection."
img01191.jpg,woman's appearance,Non-Harmful,NULL,"The meme uses a photograph of a person with a severe medical condition to humorously comment on the contrast between online and real-life appearances, but it does not target women for abuse."
img01192.jpg,woman,Explicit-Harm,Sexual-Harassment,"The meme objectifies the woman by associating her with a sexual act, reducing her to a tool for sexual aggression."
img01193.jpg,wife,Non-Harmful,NULL,The meme is a humorous depiction of a couple's interaction without targeting the wife for abuse.
img01194.png,girls,Implicit-Harm,Misogyny,"The meme uses a stereotype about girls from Haryana to make a generalization about their appearance and origin, attacking women as a group."
img01195.jpg,woman,Non-Harmful,NULL,"The image is a collage of various scenes and characters, none of which specifically target a woman for abuse."
img01196.png,wife,Non-Harmful,NULL,"The meme uses sarcasm to highlight a perceived lack of care from the husband towards the wife, but it does not explicitly harm or demean the woman."
img01197.jpg,woman,Non-Harmful,NULL,"The image shows two generations of a family sitting together, which is a positive depiction of intergenerational bonding and does not target a woman for abuse."
img01198.png,woman in white dress,Non-Harmful,NULL,The meme uses a visual trick to highlight the woman's presence but does not target her for abuse.
img01199.jpg,female anatomy types,Explicit-Harm,Sexual-Harassment,"The meme objectifies women by comparing their anatomy to animal types, reducing them to body parts."
img01200.jpg,woman wearing sunglasses,Non-Harmful,NULL,"The meme is a humorous observation about the evolution of countdown apps, not targeting the woman for abuse."
img01201.png,Demi Lovato,Non-Harmful,NULL,The meme references Demi Lovato's actions but does not target her for abuse.
img01202.jpg,woman,Non-Harmful,NULL,The meme is a humorous observation about a relationship dynamic rather than targeting a woman for abuse.
img01203.jpg,woman,Non-Harmful,NULL,The meme does not target a woman for abuse; it is a humorous and nonsensical statement.
img01204.jpg,woman's appearance,Non-Harmful,NULL,"The meme uses a cartoonish depiction of a woman to humorously list 'banana' as one of the 'three things women want', but there is no explicit harm towards women."
img01205.jpg,angel,Non-Harmful,NULL,"The meme uses humor to contrast a biblical angel with a shepherd, but it does not target women for abuse."
img01206.jpg,woman's appearance,Non-Harmful,NULL,"The image is a humorous comparison between two characters' abilities, but there is no explicit or implicit harm towards women."
img01207.jpg,wife,Non-Harmful,NULL,"The meme uses sarcasm to mock the wife's obedience, which is not intended as a serious criticism."
img01208.jpg,woman,Implicit-Harm,Sexual-Harassment,"The meme lists numerous materialistic desires for women, implying that their worth is defined by possessions rather than genuine connection."
img01209.png,mother,Non-Harmful,NULL,"The meme is a humorous observation about a common scenario involving a parent and their child's video games, without targeting the mother for abuse."
img01210.jpg,women,Non-Harmful,NULL,"The meme uses statistics to make a point about men's happiness, which is a neutral statement and does not target women for abuse."
img01211.png,woman starterpack,Implicit-Harm,Misogyny,"The meme uses a 'starterpack' format to stereotype women, implying they are defined by their possessions and relationships, which reinforces harmful gender roles."
img01212.jpg,woman in wedding dress,Non-Harmful,NULL,"The meme depicts a couple discussing their first date, which is a common scenario and not targeting the woman for abuse."
img01213.jpg,woman,Non-Harmful,NULL,The meme uses a humorous scenario but does not target or demean the woman.
img01214.png,young wives,Non-Harmful,NULL,The meme is a humorous observation about the situation but does not target women for abuse.
img01215.png,mother,Non-Harmful,NULL,"The meme humorously depicts a common scenario where a mother pays for lunch, but there is no intent to harm or demean the mother."
img01216.jpg,woman's shower water,Implicit-Harm,Sexual-Harassment,"The image humorously suggests that women's showers are hotter than men's, implying a sexualized comparison between genders."
img01217.jpg,woman,Non-Harmful,NULL,"The meme is a humorous observation about dating, not targeting the woman herself."
img01218.jpg,woman talking on the phone,Non-Harmful,NULL,The meme uses a humorous scenario but does not target the woman for abuse.
img01219.jpg,computer programmers,Non-Harmful,NULL,The meme highlights the historical fact that computer programmers were women without any negative connotation.
img01220.jpg,woman,Non-Harmful,NULL,The meme discusses historical facts about syphilis without targeting or demeaning a woman.
img01221.png,mother,Non-Harmful,NULL,The meme is a humorous observation about family dynamics rather than targeting the mother for abuse.
img01222.jpg,woman's appearance,Non-Harmful,NULL,The meme does not target a woman for abuse; it is a humorous depiction of a character interacting with a magical scroll.
img01223.png,female characters,Implicit-Harm,Sexual-Harassment,"The meme criticizes artists for objectifying female characters by adding exaggerated sexual features, which reduces them to mere body parts."
img01224.png,woman,Non-Harmful,NULL,The meme uses Homer Simpson's reaction to a hypothetical scenario but does not directly harm or demean women.
img01225.png,females,Non-Harmful,NULL,"The image explains a fictional hierarchy among male lizards, but does not target women for abuse."
img01226.jpg,woman's husband,Non-Harmful,NULL,"The meme is a humorous observation about generational differences, not targeting women for abuse."
img01227.jpg,woman,Non-Harmful,NULL,The image depicts a family scene with no apparent harm towards the woman.
img01228.png,woman's appearance,Non-Harmful,NULL,"The meme quotes a father's reaction to his wife's self-criticism about her weight, but it does not target the woman herself for abuse."
img01229.jpg,woman,Non-Harmful,NULL,"The meme uses a comparison between marriage and slap/cap, but it does not explicitly harm or demean the woman."
img01230.png,Russian iOS developers,Non-Harmful,NULL,"The meme is a reaction to a news headline about Russia being banned from Swift, targeting Russian developers rather than women."
img01231.jpg,woman,Explicit-Harm,Misogyny,"The meme uses a derogatory term 'bitchen' to demean women, promoting a stereotype of women being difficult."
img01232.png,woman,Non-Harmful,NULL,"The meme uses a dark figure to represent a wife, but it does not explicitly harm or demean her."
img01233.png,single mother,Explicit-Harm,Misogyny,"The meme uses a loaded term 'crime production facility' to dehumanize and stigmatize single mothers, equating them with criminal behavior."
img01234.jpg,woman signing autographs,Non-Harmful,NULL,"The meme is a humorous depiction of a celebrity signing autographs, which is a common public interaction."
img01235.jpg,woman holding a knife,Explicit-Harm,Sexual-Harassment,"The meme suggests that a woman's presence with a knife during an argument is a sexual proposition, objectifying her."
img01236.jpg,woman in a dress,Non-Harmful,NULL,"The meme contrasts a glamorous photo shoot with a military operation, highlighting the contrast between traditional femininity and modern roles."
img01237.jpg,women,Non-Harmful,NULL,"The meme contrasts the expectations of Women's Day wishes versus Men's Day, but does not target women for abuse."
img01238.jpg,woman's appearance,Non-Harmful,NULL,"The meme uses a suggestive image of a hand unzipping pants to make a humorous point about a woman's humor style, but it does not target women for abuse."
img01239.jpg,women,Implicit-Harm,Sexual-Harassment,"The meme suggests that women are objectified and reduced to their attractiveness, which is a form of sexual harassment."
img01240.jpg,women,Implicit-Harm,Sexual-Harassment,"The meme suggests that women should be treated with condescension and objectification, which is a form of misogyny."
img01241.jpg,women,Non-Harmful,NULL,"The meme categorizes women based on their ethnicity and political ideology, which is a form of stereotyping but does not explicitly harm or demean them."
img01242.jpg,waitress,Implicit-Harm,Sexual-Harassment,"The meme objectifies the waitress by focusing on her appearance and suggesting a sexual interaction, which is inappropriate."
img01243.jpg,woman's appearance,Implicit-Harm,Misogyny,"The meme uses before-and-after images to imply that feminism changes a woman's appearance negatively, focusing on her looks rather than her actions or beliefs."
img01244.jpg,woman's appearance,Non-Harmful,NULL,The meme does not target a woman for abuse; it is a humorous observation about scheduling difficulties.
img01245.png,women's legs,Implicit-Harm,Appearance-Attack,"The meme criticizes women for needing to shave their legs, implying they are vain or not naturally smooth."
img01246.jpg,female DM,Non-Harmful,NULL,The meme does not target the female DM for abuse; it is a humorous observation about the gender of NPCs.
img01247.png,female character,Implicit-Harm,Misogyny,"The meme portrays a 'badass' female character who is perpetually in conflict with men and uses aggressive language, which reinforces negative stereotypes about women."
img01248.jpg,woman,Non-Harmful,NULL,"The meme is a humorous observation about forgetting to buy a Valentine's gift, not targeting women for abuse."
img01249.jpg,woman's dress,Implicit-Harm,Sexual-Harassment,"The meme suggests that a woman's dress is inherently sexy, implying that she is objectified."
img01250.jpg,Captain Marvel,Implicit-Harm,Misogyny,"The meme uses a derogatory term 'beauty' to belittle Captain Marvel, implying she lacks strength or importance."
img01251.jpg,trans women,Non-Harmful,NULL,"The meme uses a historical analogy to make a point about trans women, which is not inherently harmful."
img01252.jpg,Daenerys Targaryen,Implicit-Harm,Misogyny,"The meme suggests that Daenerys becomes more aggressive or dominant when she is married, implying that marriage changes her personality negatively."
img01253.jpg,woman,Non-Harmful,NULL,"The image contains two diary entries, one from a woman and one from a man, discussing their interactions. There is no explicit or implicit harm towards the woman."
img01254.jpg,woman,Explicit-Harm,Appearance-Attack,"The meme criticizes women for spending money on makeup tricks to look more beautiful, implying their efforts are excessive."
img01255.jpg,woman,Non-Harmful,NULL,The meme uses a humorous scenario involving a woman's schedule but does not target her for abuse.
img01256.jpg,woman cosplayer,Non-Harmful,NULL,The meme compares a cosplayer to Giancarlo Esposito but does not demean the cosplayer.
img01257.jpg,woman,Explicit-Harm,Misogyny,"The cross-stitch uses offensive language directed at a woman, attacking her as a 'bitch' and 'liberal'."
img01258.png,wife,Non-Harmful,NULL,"The meme uses a humorous scenario involving a wife dancing with a pregnancy test to express relief, not harm towards the woman."
img01259.png,Karen,Implicit-Harm,Misogyny,"The meme portrays Karens as bullies who cause psychological harm through their behavior, attacking women's roles and rights."
img01260.jpg,woman in golden dress,Non-Harmful,NULL,"The image depicts a scene from a movie, showing characters in costume, but there is no explicit or implicit harm towards the women depicted."
img01261.jpg,woman's preferences,Implicit-Harm,Sexual-Harassment,"The meme suggests that women should not have preferences, implying that having preferences is inappropriate or offensive."
img01262.jpg,wife,Non-Harmful,NULL,"The meme uses sarcasm to critique the idea that opening a car door for a wife is a sign of newness or respect, rather than a common courtesy."
img01263.jpg,woman,Non-Harmful,NULL,The meme uses profanity and derogatory language but does not target a specific woman for abuse.
img01264.jpg,woman's appearance,Non-Harmful,NULL,The meme uses a humorous scenario but does not target a woman for abuse.
img01265.jpg,women fishing,Implicit-Harm,Sexual-Harassment,"The meme suggests the men are looking at the women's bodies instead of the water, objectifying them."
img01266.jpg,woman,Non-Harmful,NULL,The meme does not target a woman for abuse; it is a humorous self-reflection on social media interactions.
img01267.png,woman's body wash,Implicit-Harm,Sexual-Harassment,"The meme suggests a humorous but objectifying reaction to a woman's body, implying sexual interest or arousal."
img01268.png,wife,Non-Harmful,NULL,"The meme praises the wife for supporting her husband's hobbies, which is a positive portrayal and not an attack on women."
img01269.jpg,Texan women,Non-Harmful,NULL,The image categorizes different types of Texan women but does not demean them.
img01270.png,woman,Non-Harmful,NULL,"The meme is a critique of a dating profile, not targeting the woman herself for abuse."
img01271.jpg,woman,Implicit-Harm,Misogyny,"The meme attributes negative traits to women based on their speech patterns, perpetuating stereotypes about their behavior."
img01272.jpg,woman,Implicit-Harm,Misogyny,"The meme uses a child's interaction to imply that women are inherently more demanding or difficult, perpetuating a stereotype about women's behavior."
img01273.png,Asian girlfriend,Non-Harmful,NULL,"The meme is a starter pack for dating, not targeting the woman for abuse."
img01274.jpg,girlfriend,Non-Harmful,NULL,"The meme uses humor to express disbelief at the idea of someone loving more than another person, but it does not target women for abuse."
img01275.jpg,woman,Non-Harmful,NULL,"The meme uses a cartoon character to represent a woman, but the overall message is political satire rather than targeting women."
img01276.jpg,wife,Implicit-Harm,Misogyny,"The meme associates 'W' with 'wife', implying that wives are inherently problematic or dangerous, which is a form of gender-based discrimination."
img01277.jpg,woman's appearance,Non-Harmful,NULL,"The meme uses a humorous statement about reading ability to make a point about language skills, not targeting women for abuse."
img01278.jpg,mother with child,Non-Harmful,NULL,The meme uses a puppet to humorously depict a common scenario but does not target the mother for abuse.
img01279.jpg,fat girls,Implicit-Harm,Appearance-Attack,The meme uses derogatory language to describe 'fat girls' as a negative outcome for single men over 30.
img01280.jpg,woman,Non-Harmful,NULL,"The meme is a humorous observation about a man's reaction to a woman's response to his message, but it does not target the woman for abuse."
img01281.jpg,woman,Non-Harmful,NULL,"The meme is a humorous compilation of stereotypes and tropes, not targeting women for abuse."
img01282.jpg,girlfriend,Non-Harmful,NULL,The meme uses a sports context to humorously suggest that the girlfriend's message is overshadowed by the excitement of watching football games.
img01283.jpg,daughter,Non-Harmful,NULL,"The meme advocates for a daughter's autonomy, which is a positive message promoting choice and rights."
img01284.png,woman,Non-Harmful,NULL,The meme references a historical event involving Anatoli Bugorski but does not target women for abuse.
img01285.png,unconventional appearance,Implicit-Harm,Sexual-Harassment,"The meme suggests that unconventional appearance can be sexually arousing, which objectifies the person based on their looks."
img01286.jpg,woman,Non-Harmful,NULL,"The meme uses a historical context to make a humorous observation about modern behavior, not targeting women for abuse."
img01287.jpg,woman's appearance,Explicit-Harm,Appearance-Attack,"The comic depicts a character objectifying another's body, specifically focusing on her buttocks."
img01288.jpg,woman,Non-Harmful,NULL,"The meme promotes a book that appears to stereotype women, but the context suggests it is a humorous advertisement rather than a harmful statement."
img01289.jpg,woman in scrubs,Non-Harmful,NULL,The meme uses a humorous scenario but does not target the woman for abuse.
img01290.jpg,woman's appearance,Non-Harmful,NULL,"The meme uses humor to discuss a common concern about appearance, but it does not target women for abuse."
img01291.png,woman,Non-Harmful,NULL,"The meme is a humorous collection of stereotypical behaviors and characteristics, not targeting women for abuse."
img01292.jpg,woman's appearance,Non-Harmful,NULL,"The meme uses a comparison between a technical interview and a job involving a bear, but there is no direct harm to a woman."
img01293.jpg,woman,Implicit-Harm,Misogyny,"The meme uses a stereotype about women having multiple husbands, implying a lack of fidelity."
img01294.png,mother,Non-Harmful,NULL,The meme uses a humorous comparison but does not target the mother for abuse.
img01295.jpg,woman's appearance,Implicit-Harm,Misogyny,"The meme uses a visual stereotype to imply that women are inherently less capable of handling themselves, perpetuating a harmful gender stereotype."
img01296.jpg,woman's appearance,Non-Harmful,NULL,"The meme uses a humorous scenario involving a wife's death and household chores, but it does not target women for abuse."
img01297.png,women,Non-Harmful,NULL,"The meme quotes a feminist argument against porn, which is counter-speech and does not target women for abuse."
img01298.jpg,woman's appearance,Non-Harmful,NULL,The meme compares the woman's appearance in two different contexts but does not imply any negative judgment or harm towards her.
img01299.jpg,women,Non-Harmful,NULL,The image depicts political ideologies but does not target women for abuse.
img01300.png,women,Non-Harmful,NULL,The meme uses humor to critique a sexist assumption but does not directly harm or demean women.
img01301.jpg,women drivers,Implicit-Harm,Misogyny,"The meme suggests that women are inherently good drivers, implying that men should be cautious around them, which reinforces the stereotype that women are better drivers."
img01302.png,woman,Non-Harmful,NULL,The image does not target a woman for abuse; it is a political meme comparing different ideological groups.
img01303.jpg,feminists,Non-Harmful,NULL,"The meme uses a rhetorical question to mock feminists' interest in sports, but it does not target women themselves for abuse."
img01304.png,woman,Non-Harmful,NULL,The meme uses a character to express frustration but does not target women for abuse.
img01305.jpg,woman,Non-Harmful,NULL,"The meme uses a humorous exchange to make a point about marriage, but it does not target a woman for abuse."
img01306.jpg,woman's appearance,Non-Harmful,NULL,The meme discusses personal preferences and comparisons without attacking or demeaning the woman.
img01307.jpg,woman's appearance,Non-Harmful,NULL,"The meme uses a clown face to represent the woman's appearance, but it is not used to attack or demean her."
img01308.jpg,woman passenger,Implicit-Harm,Misogyny,"The meme implies women are more likely to cause car accidents, a gender-role stereotype about competence."
img01309.jpg,woman,Non-Harmful,NULL,The meme does not target a woman for abuse; it is a humorous interaction between two individuals.
img01310.jpg,woman,Non-Harmful,NULL,"The meme compares a woman favorably to a homeless man, but does not target the woman for abuse."
img01311.jpg,wife,Non-Harmful,NULL,"The meme uses humor to mock the wife's criticism, but it does not target her for abuse."
img01312.png,woman on a first date,Non-Harmful,NULL,"The meme uses humor to depict exaggerated scenarios a woman might encounter on a first date, but it does not target women for abuse."
img01313.jpg,woman holding a man,Non-Harmful,NULL,The meme discusses consent in a respectful manner without demeaning the woman.
img01314.jpg,woman,Non-Harmful,NULL,The meme does not target a woman for abuse; it is a humorous interaction between two individuals.
img01315.png,Leonardo DiCaprio's girlfriend,Non-Harmful,NULL,"The meme humorously depicts a scenario involving Leonardo DiCaprio's girlfriend, but it does not target women for abuse."
img01316.jpg,woman's appearance,Non-Harmful,NULL,The meme does not target a woman for abuse; it is a humorous observation about a man's reaction to his wife being out of town.
img01317.jpg,woman in bed,Implicit-Harm,Sexual-Harassment,"The meme objectifies the woman's body and suggests a sexual scenario involving her, which is inappropriate and disrespectful."
img01318.jpg,woman's day,Non-Harmful,NULL,"The image compares 'a man's day' and 'a woman's day' using emojis, which is a playful comparison rather than a harmful statement."
img01319.jpg,woman,Non-Harmful,NULL,The meme does not target a woman for abuse; it is a statement about men's experiences.
img01320.jpg,software engineer,Non-Harmful,NULL,"The meme is a humorous exchange between two individuals, not targeting a specific gender or race."
img01321.jpg,women's appearance,Implicit-Harm,Appearance-Attack,"The meme criticizes modern women's fashion choices, implying that traditional styles are superior."
img01322.jpg,wife,Explicit-Harm,Violence,"The headline suggests domestic violence, specifically physical abuse, as a consequence of a wife deleting her husband's memes."
img01323.jpg,woman character,Non-Harmful,NULL,The meme criticizes the game's content but does not target women themselves for abuse.
img01324.jpg,woman,Implicit-Harm,Sexual-Harassment,"The meme references sexualization of a teenager and catcalling, which are forms of sexual harassment."
img01325.jpg,women protesters,Non-Harmful,NULL,"The image shows a protest where women are holding signs and participating actively, which is a peaceful demonstration."
img01326.jpg,woman,Implicit-Harm,Misogyny,"The meme suggests the woman spends more time on personal grooming than with the man, implying she prioritizes herself over him."
img01327.jpg,woman,Non-Harmful,NULL,The meme does not target a woman for abuse; it is a humorous juxtaposition of different scenarios.
img01328.jpg,women shoppers,Non-Harmful,NULL,"The image shows a restaurant exterior with people standing outside, but there is no specific targeting or harm directed towards women."
img01329.jpg,women associated with OnlyFans,Non-Harmful,NULL,"The meme compares OnlyFans to a marriage scam, but it does not directly harm or demean women associated with OnlyFans."
img01330.jpg,woman,Explicit-Harm,Sexual-Harassment,The meme objectifies the woman by reducing her to a body part (floor) and implies sexual aggression through the context of a mopped floor.
img01331.png,woman,Non-Harmful,NULL,"The meme is a humorous critique of a user's behavior, not targeting women for abuse."
img01332.jpg,wife,Non-Harmful,NULL,The meme humorously portrays the husband's perspective but does not target or demean the wife.
img01333.png,woman,Non-Harmful,NULL,The meme references a video that could be offensive but does not directly target a woman for abuse.
img01334.jpg,woman's appearance,Non-Harmful,NULL,"The meme uses humor to contrast the speaker's wife's attractiveness with another woman's perceived lack thereof, but it does not explicitly harm or demean either woman."
img01335.jpg,woman,Non-Harmful,NULL,"The meme uses a metaphorical comparison to warn against being deceived by appearances, but it does not target women for abuse."
img01336.jpg,woman,Non-Harmful,NULL,"The meme uses a comparison between a woman's behavior in love and motherhood, which is a common trope but not inherently harmful."
img01337.png,woman's heart,Implicit-Harm,Misogyny,"The meme implies that rejecting a woman is a way to break her heart, perpetuating the idea that women's emotions are fragile and easily hurt."
img01338.jpg,woman,Non-Harmful,NULL,"The meme uses humor to contrast the longevity of a relationship with a dog versus a new romantic interest, but it does not target women for abuse."
img01339.png,pregnant woman,Non-Harmful,NULL,"The meme uses a cartoon to illustrate a point about pregnancy and parenting, without targeting the woman for abuse."
img01340.jpg,wife,Implicit-Harm,Misogyny,"The meme suggests that a wife should cook breakfast, perpetuating the stereotype that women are responsible for meal preparation."
img01341.jpg,woman's appearance,Non-Harmful,NULL,"The meme compares watching 'Star Wars: Episode VI - Return of the Jedi' as a child versus an adult, focusing on the change in perspective rather than targeting women."
img01342.png,woman,Explicit-Harm,Misogyny,"The meme criticizes the woman's beliefs and accuses her of being a Republican, which is a form of political discrimination."
img01343.jpg,woman,Non-Harmful,NULL,"The meme uses a bear to represent a woman reacting to a rapper disrespecting women, but it does not directly harm the woman."
img01344.jpg,woman's appearance,Non-Harmful,NULL,The meme uses height difference as a humorous premise but does not attack the woman's appearance or make derogatory comments about her.
img01345.jpg,woman,Non-Harmful,NULL,The meme uses humor to critique societal expectations rather than directly harming or insulting the woman.
img01346.png,woman,Explicit-Harm,Sexual-Harassment,"The meme uses a sexual proposition to make a joke about a woman's lack of understanding, which is an attempt to objectify her."
img01347.jpg,woman computer programmer,Non-Harmful,NULL,The meme celebrates a historical fact without implying any negative stereotype or harm towards women.
img01348.jpg,woman wearing a shirt,Non-Harmful,NULL,The meme does not target a woman for abuse; it is a statement directed at men.
img01349.jpg,woman,Explicit-Harm,Misogyny,"The meme directly states that a beer is better than a woman, implying that women are inferior and less desirable than alcohol."
img01350.jpg,woman victim,Explicit-Harm,Sexual-Harassment,"The meme objectifies the woman as a victim, suggesting she is desirable despite her tragic circumstances."
img01351.png,wife,Explicit-Harm,Sexual-Harassment,"The meme suggests that beating a wife is acceptable, which is a form of sexual harassment and objectification of women's roles."
img01352.jpg,wife,Non-Harmful,NULL,"The meme is a humorous observation about a wife thanking her husband for putting up Christmas lights, implying a lack of effort from the husband. There is no direct harm towards the wife."
img01353.jpg,woman,Explicit-Harm,Sexual-Harassment,The meme objectifies the woman by focusing on her financial value rather than her character or agency.
img01354.jpg,woman,Non-Harmful,NULL,The meme does not target a woman for abuse; it is a humorous observation about community stereotypes.
img01355.jpg,woman in bed,Implicit-Harm,Sexual-Harassment,The meme suggests the woman is being objectified and treated as a sexual object.
img01356.jpg,LGBTQ+ advocates,Non-Harmful,NULL,The meme references LGBTQ+ advocacy but does not directly harm or demean women.
img01357.jpg,Bihar woman,Non-Harmful,NULL,The meme does not target a woman for abuse but rather uses a juxtaposition of news headlines to create a humorous effect.
img01358.jpg,wives,Non-Harmful,NULL,"The meme references a historical tradition involving wives apologizing to their husbands, but it does not criticize or demean them."
img01359.jpg,moderators,Non-Harmful,NULL,"The meme is a humorous critique of subreddit moderation, not targeting women for abuse."
img01360.jpg,wife,Non-Harmful,NULL,"The meme is a positive expression of affection towards the wife, praising her sweetness and expressing love."
img01361.jpg,girlfriend,Non-Harmful,NULL,The meme does not target a woman for abuse; it is a humorous scenario involving a man's perspective.
img01362.jpg,woman,Non-Harmful,NULL,"The meme uses a general statement about men having girlfriends to contrast with a stereotype about 'legends' being single, but it does not directly harm or demean the woman."
img01363.jpg,woman,Non-Harmful,NULL,"The meme uses a humorous context to discuss a book, but there is no direct harm towards women."
img01364.jpg,liberal women,Non-Harmful,NULL,The meme compares conservative and liberal women but does not attack either group for their beliefs or characteristics.
img01365.png,women's appearance,Implicit-Harm,Sexual-Harassment,"The meme compares modern lingerie to traditional nightgowns, implying that modern fashion is frivolous compared to historical modesty."
img01366.jpg,woman,Non-Harmful,NULL,"The meme uses a cartoon character to make a statement about male feminists, but it does not target women for abuse."
img01367.jpg,women in red robes,Non-Harmful,NULL,"The meme uses a scene from 'The Handmaid's Tale' to make a political statement, which is not directed at harming women."
img01368.jpg,woman in suit,Non-Harmful,NULL,"The meme uses a quote to make a point about mansplaining, which is a general social issue rather than targeting a specific woman."
img01369.jpg,woman,Implicit-Harm,Sexual-Harassment,"The meme suggests that consent is irrelevant if a woman is not visibly resisting, implying sexual objectification."
img01370.jpg,woman,Non-Harmful,NULL,"The meme is a humorous scenario involving a woman's interaction with her ex, but it does not target her for abuse."
img01371.jpg,woman,Non-Harmful,NULL,"The image depicts a character in a fantasy setting, but there is no explicit or implicit harm directed towards women."
img01372.jpg,woman,Non-Harmful,NULL,"The meme is a playful statement about a woman being taken, not targeting her for abuse."
img01373.jpg,woman working from home,Non-Harmful,NULL,"The image depicts a woman multitasking in a messy environment, which is a common scenario but does not imply harm towards her."
img01374.jpg,feminists,Non-Harmful,NULL,"The meme uses a Japanese wordplay to make a humorous observation about feminists, which is not intended to harm them."
img01375.jpg,woman's appearance,Non-Harmful,NULL,"The image depicts a character with a diseased appearance, but there is no harm intended towards women as a group."
img01376.jpg,woman's appearance,Non-Harmful,NULL,"The image uses a skeleton to humorously depict waiting for a 'perfect man,' but there is no direct harm to a woman."
img01377.jpg,woman,Explicit-Harm,Sexual-Harassment,The meme objectifies the woman by reducing her to a sexual object through the phrase 'Beat it chick!'
img01378.jpg,woman,Non-Harmful,NULL,The meme uses a humorous scenario but does not target a woman for abuse.
img01379.jpg,woman's appearance,Non-Harmful,NULL,"The image uses a gas pump nozzle to humorously suggest a woman's lack of fuel, but there is no intent to harm or demean her."
img01380.jpg,woman,Non-Harmful,NULL,The meme uses humor to critique societal attitudes towards sexual violence but does not directly harm or demean women.
img01381.jpg,feminists,Implicit-Harm,Misogyny,"The meme criticizes the idea that feminists can't be abusers, implying that women are inherently weaker and less capable."
img01382.jpg,women,Non-Harmful,NULL,"The meme uses sarcasm to critique men who treat women poorly but expect immediate change, which is not harmful to women."
img01383.jpg,woman's appearance,Non-Harmful,NULL,The meme uses a character to illustrate a point about social fears but does not target or demean women.
img01384.jpg,woman,Non-Harmful,NULL,"The meme uses a woman's expression of sadness to contrast with the humorous scenarios of men wishing for sex, but it does not target women for abuse."
img01385.jpg,woman in bikini,Non-Harmful,NULL,"The meme uses a photo of a woman in a bikini to make a humorous observation about a yacht named 'Grace', but there is no explicit or implicit harm towards the woman herself."
img01386.jpg,women in their 20s,Non-Harmful,NULL,The meme discusses age preferences in dating but does not explicitly harm or stereotype women based on their age.
img01387.jpg,woman driving e-rickshaw,Non-Harmful,NULL,The meme celebrates a woman's independence and resilience without any form of discrimination or harm.
img01388.jpg,woman,Non-Harmful,NULL,"The meme reports a news story about a scam involving a fake astronaut, which does not target women for abuse."
img01389.jpg,woman cook,Non-Harmful,NULL,"The meme is a humorous self-deprecating statement about cooking abilities, not targeting women for abuse."
img01390.jpg,female stand-up comedian,Implicit-Harm,Sexual-Harassment,The meme uses derogatory language and stereotypes about women's bodies and experiences.
img01391.jpg,women,Explicit-Harm,Sexual-Harassment,"The meme objectifies women by asking if they like being touched or used as a sponge, which is a sexual proposition."
img01392.jpg,woman in lingerie,Non-Harmful,NULL,The meme uses a woman in lingerie as a visual element but does not explicitly harm or attack her.
img01393.jpg,woman,Explicit-Harm,Sexual-Harassment,"The meme suggests defending a rapist as a sexual proposition, objectifying the woman's actions."
img01394.jpg,woman,Implicit-Harm,Sexual-Harassment,"The meme uses the term 'sexual harassment' in a way that implies it is a serious issue, potentially targeting women in professional settings."
img01395.jpg,woman,Implicit-Harm,Misogyny,The meme criticizes women for being financially irresponsible based on the assumption that frequent dating is a way to avoid grocery shopping costs.
img01396.jpg,woman,Non-Harmful,NULL,"The meme uses a chaotic racing scene to humorously depict a complex situation involving two men, but it does not target a woman for abuse."
img01397.jpg,wife,Non-Harmful,NULL,"The meme depicts a situation where a wife blocks her husband's mobile after reaching New Zealand, but it does not explicitly harm the wife or attack her in any way."
img01398.jpg,woman,Non-Harmful,NULL,"The image shows a man and a woman posing together, likely for a social media post, without any apparent harm or offensive content directed at the woman."
img01399.jpg,femboy fox,Non-Harmful,NULL,The meme does not target a woman for abuse; it is a playful comparison between two character traits.
img01400.jpg,Noa,Non-Harmful,NULL,The meme does not target a woman for abuse; it discusses a tragic event involving a woman but does not demean her.
img01401.jpg,woman,Implicit-Harm,Appearance-Attack,"The meme uses a potato to make a derogatory comparison to a woman's appearance, implying she lacks beauty even with makeup."
img01402.jpg,woman,Non-Harmful,NULL,The meme does not target a woman for abuse; it is a humorous observation about a character's reaction to a large cup.
img01403.jpg,woman's appearance,Non-Harmful,NULL,The meme discusses fashion choices without implying any negative judgment.
img01404.jpg,women drivers,Explicit-Harm,Misogyny,"The meme criticizes women for multiple traffic violations, implying they are inherently unsafe drivers."
img01405.jpg,women protesters,Non-Harmful,NULL,"The meme uses quotes from a protest to highlight differing viewpoints, which is a form of counter-speech."
img01406.jpg,woman wearing short shorts,Explicit-Harm,Sexual-Harassment,The meme suggests women are sexually objectified and at risk of sexual assault due to their clothing choice.
img01407.jpg,woman's appearance,Non-Harmful,NULL,The meme contrasts two scenarios but does not target a woman for abuse.
img01408.jpg,women,Explicit-Harm,Sexual-Harassment,"The quote suggests that the sexual revolution allows women to escape abusive relationships, implying that their current situation is abusive."
img01409.jpg,women,Explicit-Harm,Misogyny,"The meme states that controlling lust will reveal the boredom of most women, implying women are uninteresting."
img01410.jpg,women,Non-Harmful,NULL,"The image shows two groups of people, one labeled 'Twitter' and the other 'X', but there is no specific targeting or harm towards women."
img01411.jpg,woman applying makeup,Non-Harmful,NULL,"The image shows a woman applying makeup, which is a neutral activity and does not target or harm women."
img01412.jpg,woman,Non-Harmful,NULL,"The meme is a positive interaction between two people discussing a show, with no harmful content directed at the woman."
img01413.jpg,woman,Non-Harmful,NULL,"The meme is a playful exchange between two people expressing their love for math, without any harmful intent towards women."
img01414.jpg,woman,Non-Harmful,NULL,"The meme uses a playful exchange about cherries to create a lighthearted interaction between characters, without targeting or demeaning the woman."
img01415.jpg,woman expressing divorce desire,Non-Harmful,NULL,The meme does not target a woman for abuse; it appears to be a dialogue from a drama or film.
img01416.jpg,Mexican women,Implicit-Harm,Misogyny,"The tweet suggests that Mexican women are expected to hit a wall at age 22, implying a stereotype about their physical capabilities."
img01417.jpg,woman expressing fear,Non-Harmful,NULL,The meme does not target a woman for abuse; it is a commentary on societal issues.
img01418.jpg,woman,Non-Harmful,NULL,"The meme discusses a woman's pregnancy after her husband's death, which is a sensitive topic but does not explicitly harm or attack the woman."
img01419.jpg,historic all-female space flight,Non-Harmful,NULL,The meme celebrates the historic event without any negative connotations towards the women involved.
img01420.jpg,woman,Non-Harmful,NULL,"The meme is a humorous depiction of a social scenario involving a woman, but it does not target her for abuse."
img01421.jpg,single mother,Non-Harmful,NULL,The meme criticizes the term 'single mothers' but does not directly harm or demean the woman depicted.
img01422.jpg,young women,Non-Harmful,NULL,The meme discusses young women's desires without attacking them.
img01423.jpg,woman wearing a mask,Non-Harmful,NULL,"The image depicts a cartoon scene with characters wearing patriotic attire, but there is no explicit or implicit harm towards the woman."
img01424.jpg,woman,Non-Harmful,NULL,"The meme uses a book to present a statement about women being equal to men, which is a neutral statement and does not target women for abuse."
img01425.jpg,woman,Non-Harmful,NULL,"The quote discusses dating multiple people simultaneously, which is a personal choice and not inherently harmful."
img01426.jpg,woman pilot,Non-Harmful,NULL,"The image depicts a woman pilot in a strong, confident pose, which is empowering rather than harmful."
img01427.jpg,woman,Implicit-Harm,Appearance-Attack,"The meme criticizes the woman's appearance, suggesting she should always wear makeup."
img01428.jpg,divorced women,Implicit-Harm,Misogyny,"The meme suggests that marriage leads to dissatisfaction, implying that women are inherently unhappy in relationships."
img01429.jpg,woman at desk,Implicit-Harm,Sexual-Harassment,The man's repeated compliment about the woman's appearance is inappropriate and could be interpreted as sexual harassment.
img01430.jpg,woman's appearance,Non-Harmful,NULL,"The image shows a comparison between a muscular male figure and a woman's face, but there is no explicit or implicit harm directed towards the woman."
img01431.jpg,woman,Non-Harmful,NULL,The meme does not target a woman for abuse; it is a political statement about Hamas.
img01432.jpg,woman being arrested,Non-Harmful,NULL,The meme does not target a woman for abuse; it is a satirical commentary on a controversial policy.
img01433.jpg,woman,Non-Harmful,NULL,The meme discusses a book but does not target a woman for abuse.
img01434.jpg,women,Non-Harmful,NULL,"The meme quotes a statement about men's preferences, which is a form of counter-speech."
img01435.jpg,woman,Non-Harmful,NULL,The meme discusses personal regrets but does not target women for abuse.
img01436.jpg,women pilots,Non-Harmful,NULL,The meme celebrates the presence of women in aviation roles without any negative connotations.
img01437.jpg,woman's relationship,Non-Harmful,NULL,"The meme quotes a statement from a woman about her ex-husband, which is a personal account rather than a harmful depiction."
img01438.jpg,woman,Explicit-Harm,Sexual-Harassment,"The meme suggests a woman burned someone's home to live together, implying sexual coercion through destruction."
img01439.jpg,women's appearance,Non-Harmful,NULL,"The image depicts a large number of people in traditional Japanese attire, but there is no explicit or implicit harm towards women."
img01440.jpg,Susan B. Anthony,Non-Harmful,NULL,"The meme uses Susan B. Anthony as a reference point for a question about historical knowledge, which is educational rather than harmful."
img01441.jpg,girl staying up late playing games,Non-Harmful,NULL,The meme praises a girl for her gaming habits without any negative connotations.
img01442.jpg,woman,Explicit-Harm,Misogyny,"The book title 'Why Women Deserve Less' directly criticizes women's worth and value, promoting a harmful stereotype."
img01443.jpg,women,Non-Harmful,NULL,The meme uses a historical context to make a humorous comparison but does not target women for abuse.
img01444.jpg,woman,Non-Harmful,NULL,"The meme uses sarcasm to criticize a situation involving a woman, but it does not explicitly harm or demean her."
img01445.jpg,woman,Explicit-Harm,Violence,"The headline suggests the woman killed her mother, indicating a violent act against a family member."
img01446.jpg,feminists,Non-Harmful,NULL,"The meme uses a stereotype to make a humorous point, but it does not target feminists for abuse."
img01447.jpg,woman's appearance,Non-Harmful,NULL,"The meme humorously depicts a person ignoring a toothpaste instruction, but there is no direct harm to a woman."
img01448.jpg,woman in blue dress,Non-Harmful,NULL,"The image depicts a scene from a children's toy set, showing characters engaging in everyday activities without any form of harm."
img01449.jpg,woman's dress,Implicit-Harm,Sexual-Harassment,"The meme uses the same phrase 'That dress looks sexy on you' to differentiate between flirting and harassment, implying that the latter is more aggressive."
img01450.jpg,female role,Non-Harmful,NULL,"The image features a collage of male musicians, but there are no women present, so the meme does not target women for abuse."
img01451.jpg,women,Non-Harmful,NULL,The meme compares the consequences of crossing borders in various countries but does not target women for abuse.
img01452.jpg,woman,Non-Harmful,NULL,"The post expresses gratitude and encouragement towards someone, focusing on personal growth and perseverance rather than targeting a woman for abuse."
img01453.jpg,woman,Non-Harmful,NULL,"The meme is a humorous question about choosing between two items, unrelated to any form of harm towards women."
img01454.jpg,woman,Non-Harmful,NULL,The meme uses a sarcastic tone but does not explicitly harm or demean a woman.
img01455.jpg,Tori Trades,Non-Harmful,NULL,"The meme is a humorous observation about a marketing campaign, not targeting Tori Trades for abuse."
img01456.jpg,woman,Non-Harmful,NULL,"The meme uses a Pokémon character to deliver a humorous line, which is not directed at a specific woman."
img01457.jpg,woman,Implicit-Harm,Misogyny,"The meme perpetuates the stereotype that women should support their partners through difficult times, implying they are often wrong and need to listen to men."
img01458.jpg,woman carrying children,Non-Harmful,NULL,"The image depicts a woman carrying multiple children, which is a common depiction of maternal responsibility but does not inherently convey harm."
img01459.jpg,woman engineer,Non-Harmful,NULL,"The meme contrasts the preparation of a fresh grad engineer with the lack of preparation of an experienced engineer, highlighting competence rather than贬低女性。"
img01460.jpg,woman,Non-Harmful,NULL,The meme does not target a woman for abuse; it is a news headline discussing corruption involving the European Union.
img01461.jpg,girlfriend,Explicit-Harm,Sexual-Harassment,"The meme suggests engaging in sexual violence against a boyfriend, which is a form of sexual harassment."
img01462.jpg,woman,Non-Harmful,NULL,The meme discusses societal pressures regarding relationships but does not target women for abuse.
img01463.jpg,woman,Non-Harmful,NULL,The meme uses humor to depict various scenarios in marriage but does not explicitly harm or demean women.
img01464.jpg,nurse,Non-Harmful,NULL,"The image depicts a nurse conducting an eye test, which is a professional activity."
img01465.png,woman,Non-Harmful,NULL,"The meme is a humorous observation about wage discrimination based on gender identity, not a direct attack on women."
img01466.jpg,girls,Non-Harmful,NULL,The meme criticizes men for wearing boxers outside but does not target women for abuse.
img01467.jpg,woman,Non-Harmful,NULL,The meme uses a humorous observation about silence but does not target or harm women.
img01468.png,women,Non-Harmful,NULL,The meme compares different payment behaviors among women without implying any negative stereotype or harm.
img01469.png,son's wedding,Non-Harmful,NULL,"The meme is a humorous observation about family dynamics during a wedding, not targeting women for abuse."
img01470.png,woman,Implicit-Harm,Sexual-Harassment,"The meme suggests that the woman should have sex after dating, implying a sexual expectation."
img01471.jpg,furries,Non-Harmful,NULL,The meme does not target furries for abuse; it is a comparison between different types of fetishes.
img01472.png,woman,Explicit-Harm,Sexual-Harassment,The meme objectifies the woman by focusing on her physical attributes and suggesting she is a sexual object.
img01473.jpg,wife,Non-Harmful,NULL,"The meme uses statistics to highlight the disparity in phone call durations between different relationships, but it does not target women for abuse."
img01474.png,woman washing dishes,Non-Harmful,NULL,"The meme uses a woman washing dishes as a neutral activity, not targeting her for abuse."
img01475.jpg,woman,Non-Harmful,NULL,The meme does not target a woman for abuse; it is a humorous observation about asking women personal questions.
img01476.jpg,woman driving,Implicit-Harm,Misogyny,"The meme suggests that women are more aggressive drivers than men, perpetuating a stereotype about women's driving abilities."
img01477.jpg,woman's appearance,Non-Harmful,NULL,"The image depicts two women with exaggerated body types, but there is no explicit or implicit harm towards them."
img01478.jpg,bride,Implicit-Harm,Misogyny,"The meme suggests that marriage can lead to legal issues, implying women have more power in relationships, which is a form of gender stereotyping."
img01479.png,woman,Explicit-Harm,Sexual-Harassment,"The meme objectifies the woman by depicting her as a mere object of sexual interest, reducing her to a body part in a crude manner."
img01480.jpg,woman,Explicit-Harm,Sexual-Harassment,"The meme objectifies women by comparing them to coffee and whiskey, suggesting they should be consumed in a specific way."
img01481.png,woman,Non-Harmful,NULL,The comic uses exaggerated violence as a humorous scenario but does not target women for abuse.
img01482.png,woman driver,Non-Harmful,NULL,"The meme uses humor to highlight the woman's preparedness and practical skills, not to harm or demean her."
img01483.jpg,woman's appearance,Non-Harmful,NULL,"The meme compares two women's appearances, one with makeup and one without, but does not attack or demean either."
img01484.jpg,woman,Non-Harmful,NULL,"The meme is a humorous exchange between family members, not targeting the woman for abuse."
img01485.png,woman customer,Implicit-Harm,Sexual-Harassment,"The meme suggests the pharmacist is objectifying the woman by asking if she can stay to see who buys condoms, implying she is there for personal reasons."
img01486.jpg,woman's dress,Non-Harmful,NULL,The meme uses humor to point out a shared fashion choice without implying any negative intent towards the women involved.
img01487.png,woman as James Bond,Implicit-Harm,Misogyny,"The meme suggests that a woman would make a better James Bond due to exaggerated stereotypes about women being more accident-prone and explosive, promoting harmful gender roles."
img01488.jpg,women's fashion,Non-Harmful,NULL,The image compares past and present fashion styles but does not target women for abuse.
img01489.jpg,woman's role,Implicit-Harm,Misogyny,"The meme suggests women should prioritize men's happiness over their own feelings, perpetuating the idea that women exist solely to please men."
img01490.jpg,woman being cut in half,Explicit-Harm,Violence,"The meme depicts a violent act of cutting a woman in half, which is a form of extreme violence against her."
img01491.jpg,woman,Explicit-Harm,Sexual-Harassment,The meme objectifies the woman by reducing her to a source of sexual interest and later depicts her as a threat requiring violence.
img01492.jpg,pregnant woman,Explicit-Harm,Sexual-Harassment,The image objectifies the pregnant woman by associating her with a beer and a suggestive pose.
img01493.jpg,woman's appearance,Non-Harmful,NULL,"The meme compares sending a meme to sending a 'dick pic', but it does not target women for abuse."
img01494.jpg,woman,Implicit-Harm,Misogyny,"The meme suggests that impressing a girl requires respect, honor, protection, and care, while impressing a boy only requires saying hi, implying that girls require more effort and respect."
img01495.jpg,widow,Non-Harmful,NULL,The joke is a play on words rather than a harmful statement towards widows.
img01496.jpg,earrings,Non-Harmful,NULL,"The image showcases earrings and expresses admiration for their color, which is a positive statement about the item itself, not directed at women."
img01497.jpg,prostitute,Explicit-Harm,Sexual-Harassment,"The meme objectifies the prostitute by comparing her services to marriage, implying she is interchangeable with a wife."
img01498.png,woman's change room,Explicit-Harm,Sexual-Harassment,"The security guard demands the woman pull down her pants for a gender inspection, implying a sexual interest in her body."
img01499.jpg,woman keeping a secret,Non-Harmful,NULL,The meme uses humor to comment on a common situation without attacking or demeaning the woman.
img01500.jpg,woman,Non-Harmful,NULL,"The meme is a humorous take on a situation involving a woman expressing love, but it does not target the woman for abuse."
img01501.png,woman,Explicit-Harm,Sexual-Harassment,The meme objectifies the woman by equating her presence with sexual availability.
img01502.png,woman's appearance,Explicit-Harm,Appearance-Attack,The meme objectifies women by focusing on their natural body shape and suggesting preference for unaltered appearances.
img01503.jpg,woman's appearance,Non-Harmful,NULL,"The meme humorously comments on the amount of milk in tea, but does not target or demean the woman."
img01504.jpg,woman in bikini,Non-Harmful,NULL,"The meme uses a humorous juxtaposition of a man carrying an octopus and a woman in a bikini, but there is no explicit or implicit harm towards the woman."
img01505.jpg,woman,Explicit-Harm,Misogyny,"The meme uses derogatory language ('bitchen') and prescribes traditional gender roles ('More Kitchen'), attacking women's autonomy and equality."
img01506.jpg,Daenerys Targaryen,Implicit-Harm,Misogyny,"The meme suggests that Daenerys' appearance changes when she becomes a wife, implying a negative shift in her character or value."
img01507.jpg,woman,Implicit-Harm,Violence,"The meme suggests dating a black man is dangerous, implying racial stereotypes about violence."
img01508.png,Iron Man,Non-Harmful,NULL,The meme uses a scientific fact to make a humorous observation about Iron Man's name but does not target women for abuse.
img01509.jpg,British people cooking,Non-Harmful,NULL,"The meme is making a humorous comparison between Gordon Ramsay and British cooking, not targeting women for abuse."
img01510.png,woman,Non-Harmful,NULL,The meme does not target a woman for abuse; it is a critique of religious intolerance and hate speech.
img01511.png,woman,Non-Harmful,NULL,"The meme uses a before-and-after format to humorously suggest a change in the woman's appearance over time, but it does not target or demean her."
img01512.jpg,woman's appearance,Non-Harmful,NULL,"The meme compares two women's appearances, but does not attack or demean either."
img01513.jpg,BPD individuals,Non-Harmful,NULL,"The meme uses Shrek to illustrate a point about BPD individuals, but it does not target women for abuse."
img01514.jpg,International Women's Day banner,Implicit-Harm,Misogyny,"The meme suggests that International Women's Day should be about ironing, implying that women's contributions are trivial."
img01515.jpg,woman,Non-Harmful,NULL,The meme does not target a woman for abuse; it discusses men's desires and actions towards women.
img01516.png,woman hacker,Non-Harmful,NULL,The meme is a humorous representation of a stereotypical 'hacker girl' trope without any explicit or implicit harm towards women.
img01517.jpg,woman's appearance,Non-Harmful,NULL,The meme does not target a woman for abuse; it is a humorous comparison between drawing skills and online behavior.
img01518.png,female clothing,Non-Harmful,NULL,The meme does not target women for abuse; it is a game interface showing precepts related to clothing.
img01519.jpg,female characters in video games,Implicit-Harm,Sexual-Harassment,"The meme suggests that male gamers are objectifying female characters in video games, reducing them to mere sex symbols."
img01520.jpg,feminist women,Explicit-Harm,Misogyny,"The meme objectifies feminist women by suggesting they are sent to live with a Muslim man as part of a dating show premise, implying their motivations are purely for 'free Palestine' rather than personal choice or equality."
img01521.jpg,woman in bikini,Non-Harmful,NULL,The meme uses a woman's body as a visual element but does not target her for abuse.
img01522.png,school teacher,Non-Harmful,NULL,The meme criticizes the actions of Americans but does not target a woman for abuse.
img01523.jpg,woman,Non-Harmful,NULL,"The meme uses a quote from a famous person to make a humorous observation, not to harm or demean women."
img01524.png,woman,Non-Harmful,NULL,The meme does not target a woman for abuse; it is a humorous comparison between men and women's bodies.
img01525.jpg,woman's marriage preference,Implicit-Harm,Misogyny,"The meme suggests that women prioritize men with physical attributes over their character, perpetuating the idea that physical appearance is more important than personality or compatibility."
img01526.jpg,woman,Explicit-Harm,Sexual-Harassment,The meme objectifies the woman by reducing her to a sexual object and implying she is disposable.
img01527.jpg,women,Non-Harmful,NULL,"The meme is a humorous observation about someone's motivations, not targeting women for abuse."
img01528.jpg,woman's appearance,Non-Harmful,NULL,"The meme uses a close-up of a woman's face to illustrate a point about social behavior, but it does not target her for abuse."
img01529.jpg,woman,Implicit-Harm,Sexual-Harassment,"The meme uses a spider to make a sexual innuendo about a woman's scream, implying she might be easily frightened or sexually excited by small things."
img01530.jpg,woman Karen,Implicit-Harm,Sexual-Harassment,The meme objectifies the woman by associating her healing power with her physical appearance.
img01531.jpg,woman's appearance,Implicit-Harm,Appearance-Attack,"The meme suggests that women's appearances change dramatically after bathing, implying that their natural state is unattractive."
img01532.png,woman,Non-Harmful,NULL,The meme does not target a woman for abuse; it is a political commentary.
img01533.jpg,woman,Non-Harmful,NULL,"The meme is a humorous take on insurance, not targeting women for abuse."
img01534.jpg,woman's appearance,Explicit-Harm,Appearance-Attack,"The meme criticizes women based on their physical attributes, specifically their height, looks, and wealth, which are presented as unrealistic and unattainable standards."
img01535.jpg,woman's appearance,Explicit-Harm,Sexual-Harassment,"The meme objectifies the woman's body and suggests a sexual proposition, implying she is dangerous."
img01536.png,woman,Non-Harmful,NULL,"The meme is a humorous greeting directed at children, not targeting women for abuse."
img01537.jpg,women,Non-Harmful,NULL,"The meme uses statistics to discuss abortion reasons, which is a factual discussion."
img01538.jpg,woman,Non-Harmful,NULL,"The image shows a scrapbook page featuring a character from 'Lilo & Stitch' and various drawings, but there is no explicit or implicit harm towards women."
img01539.jpg,woman,Non-Harmful,NULL,"The image shows a collage of individuals, including a woman, but there is no explicit or implicit harm directed towards her."
img01540.png,woman's appearance,Non-Harmful,NULL,The meme praises the woman's body without attacking or demeaning her.
img01541.jpg,woman,Explicit-Harm,Appearance-Attack,"The meme suggests that plastic surgery is disfiguring, implying that women should not undergo it."
img01542.png,woman in a relationship,Non-Harmful,NULL,The meme discusses a personal relationship scenario but does not target the woman for abuse.
img01543.jpg,man,Non-Harmful,NULL,"The image depicts a transformation from a bloodied man to a more muscular version, but there is no explicit or implicit harm towards a woman."
img01544.jpg,topologist,Non-Harmful,NULL,The image humorously depicts a topologist's morning routine but does not target women for abuse.
img01545.jpg,woman,Explicit-Harm,Violence,"The meme depicts a man physically assaulting a woman, endorsing domestic violence."
img01546.jpg,chicken lady,Non-Harmful,NULL,The meme references 'chicken lady' memes but does not directly target women for abuse.
img01547.jpg,woman in black dress,Non-Harmful,NULL,"The image shows a woman in a social setting, but there is no indication of harm towards her."
img01548.jpg,woman,Implicit-Harm,Misogyny,"The meme suggests that winning arguments with women is a significant achievement, implying that women are inherently argumentative or difficult to win over."
img01549.jpg,woman,Non-Harmful,NULL,"The meme uses a woman to illustrate a point about understanding differences between men and women, but it does not target her for abuse."
img01550.png,woman,Implicit-Harm,Misogyny,"The meme suggests that Delhi girls have a high 'body count', implying sexual promiscuity and objectifying their sexuality."
img01551.jpg,woman,Non-Harmful,NULL,"The meme quotes a statement about women being difficult to please, which is a generalization rather than a specific attack on a woman."
img01552.jpg,woman eating,Non-Harmful,NULL,"The meme uses mathematical constants to humorously compare eating habits, which is a playful comparison and not harmful."
img01553.png,woman,Non-Harmful,NULL,The meme discusses trends in dating and relationships without targeting or demeaning women.
img01554.jpg,woman,Implicit-Harm,Misogyny,"The meme suggests that women are more attracted to men based on their height rather than their criminal history or behavior, perpetuating a harmful stereotype."
img01555.jpg,Supergirl,Non-Harmful,NULL,"The meme compares two versions of Supergirl, but does not target or harm either character."
img01556.png,women's romance novels,Non-Harmful,NULL,The meme uses a humorous reaction to critique the genre but does not directly harm or demean women.
img01557.jpg,woman,Non-Harmful,NULL,The meme does not target a woman for abuse but rather reports a news story.
img01558.png,Alchemist,Non-Harmful,NULL,"The Alchemist is described neutrally as a character type in a game, with no negative connotations towards women."
img01559.jpg,Jenna Ortega,Non-Harmful,NULL,"The image is a positive portrayal of Jenna Ortega, praising her as 'divine' and mentioning her roles and achievements, which is not harmful."
img01560.png,woman wearing 'The Merry Widow' hat,Non-Harmful,NULL,"The image is educational and historical, providing context about fashion trends during the early 20th century."
img01561.png,woman,Non-Harmful,NULL,"The meme uses a humorous exchange to make a point about communication, not targeting women for abuse."
img01562.jpg,woman,Explicit-Harm,Violence,The meme uses a Quranic verse to justify domestic violence against a woman.
img01563.jpg,woman,Non-Harmful,NULL,"The meme compares a woman's reaction to a man's shower routine, but it does not target or demean women."
img01564.jpg,Frodo,Non-Harmful,NULL,The meme discusses Frodo's character without targeting women for abuse.
img01565.png,woman arriving from work,Non-Harmful,NULL,"The meme contrasts the appearance of a woman after work with a man showering, but it does not target the woman for abuse."
img01566.jpg,woman's appearance,Implicit-Harm,Misogyny,"The meme suggests that women's bodies have become less desirable since 2016, implying a loss of attractiveness."
img01567.png,woman,Non-Harmful,NULL,"The meme uses a 'yes, but' format to question the sincerity of a compliment, which is a common form of counter-speech rather than an attack on the woman."
img01568.png,women,Implicit-Harm,Misogyny,"The meme suggests that women are taught to be passive in relationships, implying a lack of equality and respect for their autonomy."
img01569.png,popular modern romance books written by women,Non-Harmful,NULL,The meme criticizes the genre but does not target women themselves for abuse.
img01570.png,woman's appearance,Implicit-Harm,Appearance-Attack,"The meme suggests that women spend money on superficial items like wigs, manicures, and fast food instead of paying bills."
img01571.png,woman's pregnancy,Implicit-Harm,Misogyny,The meme uses a humorous but degrading comparison to suggest that women are overly concerned about their appearance after discovering they are pregnant.
img01572.jpg,woman's height,Implicit-Harm,Misogyny,"The meme uses a stereotype about women's average height to imply that women are shorter than men, which is a form of gender-based discrimination."
img01573.jpg,woman,Non-Harmful,NULL,"The meme is seeking advice from others, not targeting the woman for abuse."
img01574.jpg,woman,Non-Harmful,NULL,The meme quotes a statement that is critical towards misogynists and incels but does not target the woman herself for abuse.
img01575.jpg,women,Non-Harmful,NULL,"The image uses a metaphorical comparison between women and viruses, which is a common form of dehumanization and derogatory language."
img01576.jpg,woman,Non-Harmful,NULL,The meme celebrates the woman's academic achievement without any negative connotations.
img01577.jpg,woman,Explicit-Harm,Sexual-Harassment,"The meme suggests that false accusations against women should be treated like sex offenders, implying that women are more likely to make false accusations."
img01578.jpg,wife,Non-Harmful,NULL,The meme categorizes different emotions associated with a wife but does not demean or attack her.
img01579.jpg,woman,Non-Harmful,NULL,The meme quotes a child's statement without criticism or harm.
img01580.jpg,woman in historical attire,Non-Harmful,NULL,"The meme uses a historical portrait to make a humorous statement about health advice, which is not directed at any specific gender."
img01581.jpg,mother,Non-Harmful,NULL,"The meme uses a historical painting to humorously depict a mother's irritation, but it does not target the mother for abuse."
img01582.jpg,woman,Non-Harmful,NULL,"The meme defines 'dogtrovert' as someone who prefers dogs over people, which is a neutral description and does not harm women."
img01583.jpg,woman,Non-Harmful,NULL,"The meme is a humorous observation about age groups and partying, not targeting women for abuse."
img01584.png,woman,Explicit-Harm,Sexual-Harassment,"The headline directly states 'sexually harassing woman', indicating explicit sexual harm."
img01585.jpg,woman,Implicit-Harm,Sexual-Harassment,"The image depicts a woman being stared at, with text suggesting she feels uncomfortable and wants the attention to stop, indicating a sexual harassment scenario."
img01586.jpg,women,Non-Harmful,NULL,"The image discusses statistics about domestic violence, which is a serious issue but does not target women for abuse."
img01587.jpg,woman,Explicit-Harm,Sexual-Harassment,"The meme lists explicit sexual harassment and degradation as conditions for posting, directly insulting the woman."
img01588.jpg,woman,Non-Harmful,NULL,The meme does not target a woman for abuse; it is a humorous commentary on preventing date rape.
img01589.jpg,girlfriend,Non-Harmful,NULL,"The meme is a humorous exchange about gift-giving, not targeting the girlfriend for abuse."
img01590.jpg,pregnant woman,Explicit-Harm,Sexual-Harassment,The meme objectifies the pregnant woman by focusing on her body part during sexual activity.
img01591.jpg,woman's appearance,Non-Harmful,NULL,"The meme uses a baby to humorously depict a girlfriend's reaction, but there is no explicit or implicit harm towards women."
img01592.jpg,woman breastfeeding,Implicit-Harm,Appearance-Attack,"The comparison to a cow objectifies the woman's breastfeeding act, reducing it to a mere animal function."
img01593.jpg,woman,Explicit-Harm,Sexual-Harassment,"The meme suggests that the woman can be 'raped' after reading the Quran, implying sexual violence as a solution to arguments involving women."
img01594.png,woman trying to get an education,Explicit-Harm,Misogyny,The meme uses derogatory language to demean a woman pursuing education.
img01595.jpg,penguins wearing graduation caps,Non-Harmful,NULL,"The image humorously depicts penguins wearing graduation caps, which is a playful scenario unrelated to any form of harm towards women."
img01596.jpg,woman's appearance,Non-Harmful,NULL,"The meme uses a cartoon character to illustrate a humorous point about communication, not targeting women for abuse."
img01597.jpg,woman,Non-Harmful,NULL,"The meme uses a baby to make a humorous comparison, which is not directed at a specific woman."
img01598.jpg,woman's appearance,Non-Harmful,NULL,"The meme uses fruit to make a suggestive gesture, but there is no direct harm to a woman."
img01599.jpg,woman's appearance,Non-Harmful,NULL,The meme does not target a woman for abuse; it is a humorous exchange about a dating app feature.
img01600.jpg,woman,Non-Harmful,NULL,The meme does not target a woman for abuse; it appears to be a humorous exchange between characters.
img01601.jpg,woman,Non-Harmful,NULL,"The meme is a humorous statement about workplace behavior, not targeting women for abuse."
img01602.jpg,woman,Explicit-Harm,Sexual-Harassment,"The meme contains explicit sexual content and references sexual acts, which is inappropriate and offensive."
img01603.jpg,woman,Implicit-Harm,Sexual-Harassment,The meme suggests that men are objectifying women based on their appearance.
img01604.jpg,woman in the car,Implicit-Harm,Sexual-Harassment,"The meme uses a song to objectify the woman, suggesting she is reduced to a body part or objectified through music."
img01605.jpg,spooky meme,Non-Harmful,NULL,The meme is a humorous observation about the timing of memes on r/dankmemes and does not target women for abuse.
img01606.jpg,woman's appearance,Explicit-Harm,Sexual-Harassment,The meme objectifies the woman by focusing on her large breasts and using a derogatory term 'SLOTH' to describe her.
img01607.png,mother,Non-Harmful,NULL,The meme does not target a woman for abuse; it discusses dentures made from baby teeth.
img01608.png,wife,Non-Harmful,NULL,"The meme is a humorous scenario involving a wife and husband, but there is no explicit or implicit harm towards the wife."
img01609.jpg,woman,Non-Harmful,NULL,"The meme is a humorous statement about alcoholism, not targeting women for abuse."
img01610.jpg,woman,Explicit-Harm,Sexual-Harassment,"The remote control suggests controlling a woman's behavior through sexual means, objectifying her."
img01611.jpg,women,Implicit-Harm,Misogyny,The meme perpetuates gender stereotypes by suggesting that video games are exclusively for boys and implying that women should stay in the kitchen.
img01612.png,feminist,Non-Harmful,NULL,The meme uses a feminist label as part of a humorous scenario but does not target women for abuse.
img01613.png,woman,Non-Harmful,NULL,The meme does not target a woman for abuse; it is a humorous comparison between two images.
img01614.jpg,woman's appearance,Implicit-Harm,Appearance-Attack,"The meme suggests that eating makes a woman look bigger, implying a negative change in her appearance."
img01615.png,nerdy girl,Non-Harmful,NULL,"The meme is a starter pack for a 'nerdy girl' in a porn video, which is a stereotype and not harmful."
img01616.jpg,woman,Non-Harmful,NULL,"The poster promotes awareness and reporting of sexual harassment, which is not harmful."
img01617.jpg,woman's appearance,Explicit-Harm,Sexual-Harassment,The meme uses a 'starter pack' format to objectify and stereotype Asian women based on their physical characteristics and fashion choices.
img01618.jpg,woman,Non-Harmful,NULL,The meme does not target a woman for abuse; it is a critique of criticism.
img01619.png,woman,Implicit-Harm,Misogyny,"The meme suggests that women are responsible for car crashes, perpetuating the stereotype that women are careless drivers."
img01620.jpg,fat booty date,Explicit-Harm,Sexual-Harassment,The meme objectifies the woman by reducing her to her body type and implies sexual aggression through the use of the word 'Dick'.
img01621.jpg,woman,Non-Harmful,NULL,The poster discusses 'mansplaining' and does not target women for abuse.
img01622.jpg,woman,Implicit-Harm,Sexual-Harassment,"The meme suggests that a woman's beauty is more important than her physical attributes, promoting a harmful stereotype about women."
img01623.jpg,woman,Implicit-Harm,Sexual-Harassment,"The meme suggests that joining the #MeToo movement is futile for women who have never been raped, implying that such women are not truly victims."
img01624.png,woman's appearance,Non-Harmful,NULL,"The meme uses a humorous and exaggerated depiction of a woman's body to make a joke about 'free real estate', but it does not target women for abuse."
img01625.jpg,woman,Non-Harmful,NULL,The meme uses a woman to illustrate a humorous scenario but does not target her for abuse.
img01626.jpg,woman,Explicit-Harm,Sexual-Harassment,"The meme uses a sexual proposition and a threat of violence, implying the woman is a sexual object."
img01627.jpg,woman,Non-Harmful,NULL,"The meme is a humorous response to a question about name, not targeting women for abuse."
img01628.png,wife,Explicit-Harm,Violence,"The meme suggests hitting a wife as a humorous scenario, endorsing domestic violence."
img01629.jpg,woman,Non-Harmful,NULL,"The meme uses a factual statement to promote equality and rights for women, which is not abusive towards women."
img01630.jpg,woman's appearance,Non-Harmful,NULL,The meme does not target a woman for abuse; it is a humorous observation about a dog entering a stall.
img01631.jpg,woman,Non-Harmful,NULL,The meme references a YouTube video title that criticizes a woman's behavior but does not directly harm or demean her.
img01632.png,Australian thot,Implicit-Harm,Misogyny,"The meme uses the term 'thot' to refer to Australian women, which is a derogatory term implying promiscuity and objectification."
img01633.jpg,14 year old white girls,Non-Harmful,NULL,"The meme uses a stereotype to make a joke, which is not intended to harm or demean the group being targeted."
img01634.jpg,Princess Peach,Explicit-Harm,Sexual-Harassment,"The meme directly states that female masturbation is a sin, objectifying Princess Peach and reducing her to a sexual object."
img01635.jpg,woman,Explicit-Harm,Sexual-Harassment,"The meme objectifies the woman by comparing her sexual frequency to a bull, implying she should be more sexually active."
img01636.png,woman,Non-Harmful,NULL,"The meme uses a cartoon character to make a humorous comparison between 'dicks' and 'thots', but it does not target women for abuse."
img01637.jpg,woman,Non-Harmful,NULL,The meme does not target a woman for abuse; it appears to be a supportive message about perseverance.
img01638.jpg,Emily,Implicit-Harm,Character-Assassination,"The meme suggests that Emily's behavior is causing frustration among men interested in her, implying that her actions are preventing them from pursuing relationships, which is a form of slut-shaming."
img01639.jpg,mother,Non-Harmful,NULL,"The meme quotes a compliment from a mother to her son, which is a positive interaction and not an attack on women."
img01640.jpg,woman,Non-Harmful,NULL,"The meme is a humorous observation about marriage motivations, not targeting women for abuse."
img01641.jpg,woman,Non-Harmful,NULL,"The image depicts a couple in a playful pose, but there is no explicit or implicit harm towards the woman."
img01642.jpg,woman,Non-Harmful,NULL,"The meme criticizes the use of 'false accusations per rape' as a metric, but does not target women for abuse."
img01643.jpg,woman,Non-Harmful,NULL,The meme does not target a woman for abuse; it is a humorous observation about fearlessness.
img01644.jpg,woman,Non-Harmful,NULL,The meme does not target a woman for abuse; it is a humorous comparison between two methods of quitting a job.
img01645.png,woman's appearance,Non-Harmful,NULL,"The meme uses a humorous exchange to comment on fashion, but there is no explicit or implicit harm towards women."
img01646.png,woman driver,Non-Harmful,NULL,"The meme humorously portrays a situation where a woman is driving, but the focus is on the humorous interaction between characters rather than any form of harm towards women."
img01647.jpg,cute girls,Implicit-Harm,Misogyny,"The meme suggests that 'cute' is superior to 'hot', implying that physical attractiveness is a binary quality rather than a spectrum."
img01648.jpg,woman,Non-Harmful,NULL,"The meme is a humorous exchange between a couple, with no explicit or implicit harm towards women."
img01649.jpg,woman's appearance,Implicit-Harm,Appearance-Attack,"The meme uses a derogatory term 'pancakes' to describe a woman's body shape, implying she is overweight."
img01650.jpg,woman smoking while pregnant,Explicit-Harm,Sexual-Harassment,"The meme portrays a man physically assaulting a pregnant woman for smoking, which is a form of sexual harassment and violence against women."
img01651.jpg,women,Non-Harmful,NULL,"The meme uses a humorous scenario involving hair pulling, but there is no explicit or implicit harm towards women."
img01652.jpg,woman with Adidas branded leg,Non-Harmful,NULL,The meme uses a news headline to create a humorous situation but does not target the woman for abuse.
img01653.jpg,woman wearing bikini,Implicit-Harm,Sexual-Harassment,"The meme suggests the woman is objectified and reduced to her body, implying sexual interest."
img01654.jpg,woman,Non-Harmful,NULL,The meme does not target a woman for abuse; it is a reaction to news about a gun raid.
img01655.jpg,woman,Implicit-Harm,Misogyny,"The meme suggests that a woman's request for autonomy should be ignored, implying a lack of respect for her desires."
img01656.jpg,woman,Non-Harmful,NULL,"The meme is a humorous observation about budgeting, not targeting women for abuse."
img01657.jpg,women,Explicit-Harm,Misogyny,"The sign promotes the idea that women are always right, which is a generalization and stereotype about women's roles and opinions."
img01658.png,women's footwear assortment,Non-Harmful,NULL,The image compares women's and men's footwear assortments but does not target women for abuse.
img01659.png,mother,Non-Harmful,NULL,"The meme uses a humorous scenario to highlight the father's reaction to the son's statement, but it does not target the mother for abuse."
img01660.png,woman,Explicit-Harm,Sexual-Harassment,"The meme objectifies the woman by referencing her as a sexual conquest and then marrying her, implying sexual exploitation."
img01661.jpg,woman in yoga attire,Implicit-Harm,Sexual-Harassment,"The meme suggests that the woman's toplessness is distracting, implying a sexual objectification of her."
img01662.jpg,alien heads,Non-Harmful,NULL,"The image features alien heads, but there is no direct harm towards women."
img01663.jpg,TA (Teaching Assistant),Explicit-Harm,Sexual-Harassment,"The meme explicitly states a desire for the TA to keep hands off the person, indicating a sexual harassment scenario."
img01664.jpg,woman,Non-Harmful,NULL,"The meme is a joke about a doctor telling a patient he can see his deceased wife again, which is a humorous misunderstanding rather than a harmful statement."
img01665.jpg,woman's appearance,Non-Harmful,NULL,"The meme uses a humorous comparison between a 'man cave' and a 'kitchen', but it does not target women for abuse."
img01666.jpg,fat girls,Implicit-Harm,Appearance-Attack,"The meme uses a derogatory term 'fat' to describe women, promoting negative stereotypes about their size and worth."
img01667.jpg,woman's appearance,Non-Harmful,NULL,"The meme is a humorous observation about a child sleeping naked during pajama day, without targeting or demeaning women."
img01668.png,Walmart shoppers,Non-Harmful,NULL,The meme criticizes Walmart shoppers but does not specifically target women for abuse.
img01669.jpg,vegan artistic girl,Non-Harmful,NULL,"The meme is a humorous observation about a person's reaction to a vegan diet, not targeting women for abuse."
img01670.jpg,woman,Explicit-Harm,Sexual-Harassment,The meme objectifies the woman by reducing her to a sexual object and making a sexual proposition without consent.
img01671.png,girlfriend,Implicit-Harm,Sexual-Harassment,"The meme suggests the girlfriend wants more intimate contact, implying sexual pressure on the boyfriend."
img01672.jpg,woman's appearance,Non-Harmful,NULL,"The meme uses exaggerated visuals to humorously critique the idea of a 'perfect woman', but it does not target women for abuse."
img01673.jpg,girl,Implicit-Harm,Misogyny,"The meme suggests that asking a girl out can lead to severe consequences, implying that women are fragile and easily influenced by romantic advances."
img01674.jpg,women's sexuality,Implicit-Harm,Misogyny,"The meme suggests that women are uninterested in sex, implying a lack of interest in relationships from women, which is a form of gender stereotyping."
img01675.jpg,woman playing ukulele,Non-Harmful,NULL,"The meme contrasts the perceived enthusiasm of girls versus boys when getting a ukulele, but does not explicitly harm or demean either group."
img01676.jpg,women,Explicit-Harm,Sexual-Harassment,The meme objectifies women by reducing them to their sexuality and suggesting sexual acts.
img01677.jpg,Mrs. Paint,Non-Harmful,NULL,"The meme is a humorous comparison between a teacher and a student, not targeting Mrs. Paint for abuse."
img01678.png,woman,Explicit-Harm,Sexual-Harassment,"The meme objectifies the woman by referring to her as 'nice pussy babe', which is a sexualized insult."
img01679.jpg,woman,Non-Harmful,NULL,The meme does not target a woman for abuse and is a humorous comparison of debate formats.
img01680.jpg,woman driver,Non-Harmful,NULL,"The meme is a humorous introduction to a character named Rea, without targeting her for abuse."
img01681.png,Tom and Jerry,Non-Harmful,NULL,"The image is a comparison between 'Tom and Jerry' and 'Me and the Boys', both being memes, and does not target a woman for abuse."
img01682.jpg,Athens,Non-Harmful,NULL,The meme compares Athens and Sparta but does not target a woman for abuse.
img01683.jpg,woman,Non-Harmful,NULL,"The meme praises a woman for cooking, which is a positive portrayal and not an attack."
img01684.png,woman,Non-Harmful,NULL,The meme does not target a woman for abuse; it is a humorous statement about removing someone to take a picture.
img01685.jpg,woman driving,Implicit-Harm,Misogyny,"The meme equates women driving with UFOs, implying they are unusual and potentially dangerous, which is a form of dehumanization and fear-mongering."
img01686.jpg,man in the math problem,Non-Harmful,NULL,"The meme is a humorous depiction of a character from a math problem, not targeting women for abuse."
img01687.jpg,woman,Implicit-Harm,Misogyny,"The meme suggests that a woman's intelligence is irrelevant to marriage, implying that women should be valued based on their appearance rather than their capabilities."
img01688.jpg,woman,Non-Harmful,NULL,"The meme is a humorous exchange between two characters, not targeting the woman for abuse."
img01689.jpg,woman,Non-Harmful,NULL,The meme uses a humorous image but does not target or demean women.
img01690.jpg,woman,Non-Harmful,NULL,"The meme depicts a loving interaction between two birds, symbolizing affection and support, which is not directed at a woman but rather praises a relationship."
img01691.jpg,girl,Explicit-Harm,Sexual-Harassment,"The meme uses the term 'superthot' to objectify the girl, suggesting she is sexually attractive based on her actions."
img01692.png,woman's appearance,Non-Harmful,NULL,"The meme uses a humorous comparison between a hamster and a girlfriend's actions, but there is no explicit or implicit harm towards women."
img01693.jpg,mother,Non-Harmful,NULL,"The meme uses a cat to humorously express sadness over a mother being fired, but it does not target women for abuse."
img01694.jpg,woman,Implicit-Harm,Misogyny,"The meme suggests that asking about dinner is trivializing the woman's stress, implying she should be more focused on household tasks."
img01695.jpg,girl,Implicit-Harm,Sexual-Harassment,"The meme suggests a sexual encounter involving condoms, implying a sexual proposition without consent."
img01696.jpg,woman,Non-Harmful,NULL,The meme uses a mugshot to illustrate a humorous scenario but does not target or demean the woman herself.
img01697.jpg,woman golfer,Implicit-Harm,Sexual-Harassment,"The meme implies the woman is being objectified for her body, suggesting she is only there for sexual purposes."
img01698.jpg,Medusa,Non-Harmful,NULL,The meme references Medusa but does not target her for abuse; it is a humorous comparison to a challenging case.
img01699.jpg,woman's breast,Non-Harmful,NULL,"The image uses a grain of rice to compare sizes, which is a neutral comparison and not intended to harm or stereotype."
img01700.jpg,woman,Non-Harmful,NULL,The meme does not target a woman for abuse; it is a humorous observation about Lego characters.
img01701.jpg,woman's appearance,Non-Harmful,NULL,"The meme uses a dog's exaggerated expression to humorously depict the virus's perspective, which is not directed at women."
img01702.jpg,woman's appearance,Non-Harmful,NULL,"The meme uses a cartoon turtle to humorously depict a woman's self-perception, but it does not target her for abuse."
img01703.jpg,girl,Non-Harmful,NULL,The meme uses a humorous scenario but does not target the girl for abuse.
img01704.jpg,woman,Non-Harmful,NULL,"The meme uses a Star Wars reference to humorously critique Tinder matches, but it does not target women for abuse."
img01705.png,woman,Non-Harmful,NULL,"The meme is a playful tribute to empowering women in action movies, not targeting women for abuse."
img01706.jpg,woman,Non-Harmful,NULL,The meme does not target a woman for abuse; it is a humorous reference to childhood imagination.
img01707.jpg,woman,Non-Harmful,NULL,"The meme is a humorous reaction to a situation involving a woman, but it does not target her for abuse."
img01708.jpg,woman wearing yoga pants,Implicit-Harm,Misogyny,"The meme suggests that women wearing yoga pants are not practicing yoga, implying a lack of fitness or commitment to health."
img01709.jpg,woman in court,Non-Harmful,NULL,The meme uses a courtroom setting to illustrate a humorous situation but does not target the woman for abuse.
img01710.jpg,girls in bikinis and girls in underwear,Non-Harmful,NULL,"The meme uses a cat's reaction to contrast bikini-clad and underwear-clad women, which is a common internet meme format but does not inherently harm or demean either group."
img01711.jpg,woman,Non-Harmful,NULL,The meme does not target a woman for abuse; it appears to be a humorous juxtaposition of a person holding a trophy and a monkey on a banana.
img01712.jpg,woman soldier,Explicit-Harm,Sexual-Harassment,"The meme objectifies the woman soldier by suggesting she is only valuable when she is part of a group, implying her worth is tied to her sexuality."
img01713.jpg,woman,Non-Harmful,NULL,The image is a humorous self-portrait with no explicit or implicit harm towards women.
img01714.jpg,teacher,Non-Harmful,NULL,The meme does not target the teacher for abuse; it is a humorous scenario involving a school email address.
img01715.jpg,woman's appearance,Non-Harmful,NULL,"The image depicts a stylized figure with exaggerated features, but there is no explicit or implicit harm towards women."
img01716.jpg,suffragette,Non-Harmful,NULL,The image commemorates the suffrage movement and does not target women for abuse.
img01717.jpg,woman,Non-Harmful,NULL,The meme does not target a woman for abuse; it is a statement about hating pedophiles.
img01718.jpg,girls,Non-Harmful,NULL,The meme discusses statistics about sexual abuse among children but does not directly harm or attack women.
img01719.jpg,woman,Non-Harmful,NULL,The meme uses a news headline to make a humorous observation about a legal decision but does not target women for abuse.
img01720.jpg,married woman,Implicit-Harm,Misogyny,"The meme suggests that marriage benefits women financially more than remaining single, implying that women should prioritize marriage."
img01721.png,woman,Non-Harmful,NULL,"The meme is a humorous observation about teachers using memes in presentations, but it does not target women for abuse."
img01722.jpg,small youtuber,Non-Harmful,NULL,The meme does not target a woman for abuse; it is a humorous critique of YouTube's moderation policies.
img01723.jpg,girls,Non-Harmful,NULL,"The meme uses humor to contrast idealized and realistic flirtation styles, without targeting or demeaning girls."
img01724.jpg,mother,Non-Harmful,NULL,The meme uses a humorous scenario but does not target the mother for abuse.
img01725.jpg,girls with flat chests,Explicit-Harm,Sexual-Harassment,The meme objectifies women by associating their physical appearance with a violent sexual proposition.
img01726.jpg,woman,Non-Harmful,NULL,The meme uses a comparison to suggest a humorous consequence but does not explicitly harm or demean the woman.
img01727.png,woman,Non-Harmful,NULL,The meme does not target a woman for abuse; it is a reaction to a controversial statement about a woman's actions.
img01728.png,teacher,Non-Harmful,NULL,"The meme is a humorous scenario depicting a teacher's reaction to being called 'mom', but it does not target the teacher for abuse."
img01729.jpg,woman's appearance,Non-Harmful,NULL,"The meme uses a suggestive image to contrast expectations, but does not explicitly harm or demean the woman."
img01730.jpg,woman,Non-Harmful,NULL,The meme uses humor to make a point about technology dependence but does not target women for abuse.
img01731.jpg,woman's appearance,Non-Harmful,NULL,"The meme uses the characters' names to make a humorous observation about relationships, but does not target women for abuse."
img01732.png,woman in glasses,Non-Harmful,NULL,The meme uses a question to highlight a humorous misunderstanding rather than attacking the woman.
img01733.jpg,woman,Explicit-Harm,Sexual-Harassment,"The meme objectifies the woman by suggesting she should sit on someone's face, which is a sexual proposition."
img01734.jpg,Eve,Non-Harmful,NULL,The meme references Eve from the Bible but does not target women for abuse.
img01735.jpg,girlfriend,Non-Harmful,NULL,"The meme uses a humorous scenario involving a girlfriend cheating, but it does not target women for abuse."
img01736.png,woman,Explicit-Harm,Sexual-Harassment,"The meme objectifies the woman by reducing her to a sexual object, suggesting she is only interested in her husband's achievements."
img01737.jpg,girls,Implicit-Harm,Misogyny,The meme uses derogatory labels ('hiii' and 'bruh') to demean girls based on their speech patterns.
img01738.jpg,makeup brushes,Non-Harmful,NULL,"The image shows a collection of makeup brushes, which are tools used for personal grooming and beauty routines."
img01739.jpg,girls walking together,Non-Harmful,NULL,The meme does not target a woman for abuse; it appears to be a humorous observation about language and personal pronouns.
img01740.jpg,woman,Non-Harmful,NULL,The meme does not target a woman for abuse; it is a commentary on Elon Musk's actions towards workers.
img01741.jpg,woman,Non-Harmful,NULL,"The meme uses a humorous scenario involving a dog and a cat to make a point about a man's reaction to a woman's behavior, but it does not target women for abuse."
img01742.jpg,wife,Non-Harmful,NULL,"The meme is a humorous scenario about a man learning Korean to surprise his wife, which is not intended to harm or demean women."
img01743.jpg,woman's appearance,Non-Harmful,NULL,"The meme uses a humorous comparison between a tennis player's performance and a girlfriend's mood, but it does not target a woman for abuse."
img01744.png,woman,Explicit-Harm,Sexual-Harassment,"The meme suggests that the woman's presence is annoying and implies she should be removed from the car, which is a form of sexual harassment."
img01745.png,woman,Explicit-Harm,Sexual-Harassment,"The meme uses a sexual reference ('Hoevid-19') to attack the woman's sexual behavior, implying she spreads sexually transmitted infections."
img01746.png,woman,Non-Harmful,NULL,"The meme is a humorous observation about a person's casual attire, not targeting women for abuse."
img01747.jpg,woman,Non-Harmful,NULL,The image is a meme about Schrödinger's cat and does not target a woman for abuse.
img01748.png,woman shooter,Explicit-Harm,Misogyny,"The meme objectifies the woman as a dangerous weapon, reducing her to a tool for violence."
img01749.jpg,woman's appearance,Non-Harmful,NULL,The meme uses a humorous scenario but does not target or harm a specific woman or her appearance.
img01750.jpg,mom,Non-Harmful,NULL,"The meme is a humorous observation about the abundance of items available online compared to in-store options, not targeting the mom for abuse."
img01751.jpg,woman's appearance,Non-Harmful,NULL,The meme uses a comparison of two women's appearances to make a humorous point about social media interactions.
img01752.jpg,girls doing boy stuff,Non-Harmful,NULL,The meme uses humor to highlight societal double standards but does not explicitly harm or demean anyone.
img01753.jpg,woman dancing,Non-Harmful,NULL,"The meme is a humorous observation about the background activity, not targeting the woman herself."
img01754.jpg,woman's appearance,Non-Harmful,NULL,"The meme is a humorous exchange between a couple, praising each other's appearance, which is a positive interaction and not harmful."
img01755.png,woman,Implicit-Harm,Sexual-Harassment,"The image uses exaggerated pricing labels on a woman's physical features, implying a dehumanizing objectification of her body."
img01756.png,woman's appearance,Non-Harmful,NULL,"The image shows a Minecraft character in a room, but there is no indication of harm towards a woman or any women-related target."
img01757.jpg,woman,Non-Harmful,NULL,The meme does not target a woman for abuse; it appears to be a humorous interaction between characters.
img01758.png,woman's appearance,Non-Harmful,NULL,"The image shows a person in a costume, but there is no explicit or implicit harm directed towards women."
img01759.png,female friends,Non-Harmful,NULL,"The image depicts two female characters in a friendly pose, with no indication of harm or negative connotations."
img01760.jpg,woman,Explicit-Harm,Misogyny,"The meme suggests violence as a response to a wife not doing housework, promoting harmful gender roles."
img01761.jpg,woman,Non-Harmful,NULL,"The meme uses a dictionary definition to discuss feminism and misandry, which is educational rather than harmful."
img01762.jpg,woman,Implicit-Harm,Sexual-Harassment,"The meme perpetuates the stereotype that boys are only interested in sex, which dismisses their potential for deeper relationships."
img01763.jpg,woman,Implicit-Harm,Sexual-Harassment,"The meme uses a suggestive phrase 'Stop teasin and put it in, already!' to imply sexual harassment and objectification of the woman."
img01764.jpg,woman,Non-Harmful,NULL,The image does not target a woman for abuse; it categorizes different political ideologies.
img01765.jpg,woman,Explicit-Harm,Sexual-Harassment,The meme objectifies women by equating them with sheep and suggesting sexual acts.
img01766.jpg,woman,Non-Harmful,NULL,"The meme uses a comparison between a protest sign and a video game character to humorously depict a student's state during online classes, without targeting or demeaning women."
img01767.jpg,woman's appearance,Non-Harmful,NULL,"The meme uses a humorous comparison between a frog and a person vacuuming, but there is no direct harm towards women."
img01768.jpg,girlfriend,Non-Harmful,NULL,"The meme is a humorous exaggeration of a man's reaction to his girlfriend's actions, not targeting her for abuse."
img01769.jpg,Wonder Woman,Implicit-Harm,Misogyny,"The meme suggests that Wonder Woman is not a real woman, implying a lack of respect for her as a character and a criticism of her gender."
img01770.jpg,woman,Non-Harmful,NULL,"The meme uses a celebrity couple to make a generalization about Indian couples, which is not inherently harmful but can be seen as stereotypical."
img01771.jpg,naked woman,Explicit-Harm,Sexual-Harassment,"The image depicts a naked woman in a suggestive pose, which objectifies her."
img01772.jpg,woman sunbathing,Non-Harmful,NULL,"The image depicts a beach scene with people relaxing, but there is no explicit or implicit harm towards women."
img01773.jpg,woman's appearance,Non-Harmful,NULL,The meme does not target a woman for abuse; it is a humorous observation about social media interactions.
img01774.jpg,young woman,Implicit-Harm,Misogyny,"The meme criticizes the young woman's age and working status, implying she should wait until 18 to work."
img01775.jpg,random girl,Non-Harmful,NULL,The meme does not target a woman for abuse; it is a humorous reaction to someone claiming credit for a song.
img01776.jpg,woman,Explicit-Harm,Sexual-Harassment,"The meme uses a sexual innuendo to question a woman's ability to count, implying a sexual double standard."
img01777.png,woman wearing a hat,Non-Harmful,NULL,"The image depicts a character in a whimsical style, with no apparent harm or offensive content directed towards women."
img01778.jpg,daughter,Non-Harmful,NULL,"The meme is a playful introduction suggesting a connection through shared gaming experiences, not targeting women for abuse."
img01779.jpg,women fighting,Non-Harmful,NULL,"The image depicts a traditional fight between two women, which is a cultural activity and not intended to harm them."
img01780.jpg,woman,Implicit-Harm,Sexual-Harassment,"The meme suggests a sexual proposition where the woman enthusiastically agrees to a potentially harmful situation, implying sexual objectification."
img01781.jpg,woman's appearance,Non-Harmful,NULL,"The image shows a woman smiling and holding a plant, which is a positive and non-harmful depiction."
img01782.jpg,woman,Non-Harmful,NULL,The meme does not target a woman for abuse; it is a humorous comparison between two individuals' reactions.
img01783.jpg,woman,Non-Harmful,NULL,"The meme uses a monkey to represent a wife, but the context is humorous and not meant to harm."
img01784.jpg,woman's appearance,Non-Harmful,NULL,"The meme uses a woman's attractive appearance to humorously contrast it with a physical pain, but it does not target or demean the woman herself."
img01785.png,Obi-Wan Kenobi,Non-Harmful,NULL,The meme references a Star Wars character but does not target him for abuse.
img01786.jpg,mom,Non-Harmful,NULL,"The meme is a humorous take on a common scenario where a mother asks for a smile during a family photo, but it does not target the mother for abuse."
img01787.jpg,female users,Non-Harmful,NULL,"The meme uses a cat's reaction to humorously depict the excitement of female users about sending photos via DMs, without any negative connotation towards women."
img01788.jpg,woman's day,Implicit-Harm,Misogyny,"The meme suggests women have a harder day compared to men, implying their experiences are more challenging and less enjoyable."
img01789.png,woman's appearance,Non-Harmful,NULL,The image does not target a woman for abuse; it is a political meme discussing vaccine distribution.
img01790.jpg,All American women according to him,Implicit-Harm,Misogyny,The meme uses stereotypes and derogatory comments to generalize and degrade different groups of women.
img01791.jpg,His Wife,Non-Harmful,NULL,The meme does not target a woman for abuse; it is a humorous observation about marital dynamics.
img01792.jpg,girlfriend,Non-Harmful,NULL,"The meme is a humorous observation about a girlfriend's reaction to a public declaration of love, not targeting her for abuse."
img01793.jpg,woman cooking,Implicit-Harm,Misogyny,"The meme suggests that women are primarily responsible for cooking, perpetuating the stereotype that women should be homemakers."
img01794.jpg,woman,Implicit-Harm,Sexual-Harassment,The meme suggests the woman is being objectified and reduced to a sexual object through the context of the text implying she was made wet by the man.
img01795.png,woman's appearance,Implicit-Harm,Appearance-Attack,"The meme suggests that a woman's beauty is contingent upon her hair, implying that her natural state is less attractive."
img01796.png,woman,Explicit-Harm,Sexual-Harassment,"The meme uses a sexual proposition to question the woman's identity, implying she is being objectified."
img01797.png,woman,Non-Harmful,NULL,The meme does not target a woman for abuse; it is a humorous statement about a fictional character.
img01798.png,woman,Non-Harmful,NULL,"The meme uses sarcasm to critique a character's personality, which is not directed at a specific gender."
img01799.png,woman reading a magazine,Implicit-Harm,Sexual-Harassment,"The meme suggests that girls will react to a sexual image with excitement, objectifying their response."
img01800.jpg,cat,Non-Harmful,NULL,"The meme is a humorous interaction between cats, with no explicit or implicit harm towards women."
img01801.png,female characters,Non-Harmful,NULL,"The image depicts a group of animated characters in a playful, competitive setting, likely from a video game, with no specific targeting or harm towards women."
img01802.jpg,women's rights movement,Non-Harmful,NULL,"The meme uses a book titled 'Women's Rights' as part of a humorous comparison, not to attack or demean women."
img01803.png,girlfriend,Non-Harmful,NULL,The meme does not target a woman for abuse; it is a humorous comparison between two scenarios involving a girlfriend.
img01804.png,wife,Non-Harmful,NULL,"The meme uses humor to make light of the wife's silence, which is not intended as a serious criticism."
img01805.png,woman,Explicit-Harm,Misogyny,"The meme suggests that women are beautiful only when they are quiet, promoting silence as a prerequisite for beauty."
img01806.jpg,girls,Explicit-Harm,Sexual-Harassment,"The meme objectifies girls by reducing them to their desire for 'pockets', implying sexual interest."
img01807.png,woman,Explicit-Harm,Character-Assassination,"The meme suggests the woman betrayed a large number of women, implying she is disloyal and harmful to women as a group."
img01808.jpg,woman,Explicit-Harm,Misogyny,The meme suggests making women illegal as a form of extreme discrimination against women.
img01809.jpg,woman,Explicit-Harm,Sexual-Harassment,The meme objectifies the woman by reducing her to a sexual object and implying she should be punished for sexual behavior.
img01810.png,women,Non-Harmful,NULL,"The meme uses humor to critique the expectation of women being available for men, but it does not directly harm or demean women."
img01811.jpg,woman,Implicit-Harm,Misogyny,"The meme suggests women are inherently unreliable due to their inability to keep secrets, perpetuating a stereotype about their character."
img01812.jpg,British people,Non-Harmful,NULL,"The meme uses a cartoon character to represent British people reacting to a statement about Ukraine, but there is no direct harm towards women."
img01813.jpg,mother,Non-Harmful,NULL,The meme does not target a woman for abuse; it is a situational scenario involving a shop assistant and a child.
img01814.jpg,Asian woman in her mid 30s,Non-Harmful,NULL,The meme uses a scenario involving reincarnation but does not target or harm the woman directly.
img01815.jpg,woman,Explicit-Harm,Sexual-Harassment,The meme objectifies the woman by equating her with a 'cute soft femboy' and suggesting sexual scenarios involving her.
img01816.png,raccoons,Non-Harmful,NULL,"The image uses raccoons to represent different personality types, which is a creative and non-abusive representation."
img01817.jpg,woman,Non-Harmful,NULL,"The meme is a public service announcement warning against sexual harassment, not targeting women for abuse."
img01818.png,women,Non-Harmful,NULL,"The tweet makes a generalization about women's attractiveness, which is a form of misogyny but not directed at a specific woman."
img01819.jpg,average female height per country,Non-Harmful,NULL,The image simply displays data on average female heights across different countries without any form of criticism or harm towards women.
img01820.jpg,woman in a pool,Non-Harmful,NULL,"The image shows a woman in a pool, but there is no indication of harm or offensive content directed towards her."
img01821.jpg,woman's appearance,Non-Harmful,NULL,"The images show different stages of a woman's body transformation, focusing on her physical changes over time."
img01822.jpg,woman's appearance,Explicit-Harm,Appearance-Attack,"The meme suggests that a woman's true worth lies beneath her outward appearance, objectifying her."
img01823.jpg,bride,Non-Harmful,NULL,"The conversation is praising the bride and discussing her wedding attire, which is a positive interaction."
img01824.jpg,badminton players,Non-Harmful,NULL,"The image showcases badminton players celebrating their achievements, which is a positive depiction of athletic success."
img01825.jpg,woman,Non-Harmful,NULL,The meme is a humorous critique of societal expectations rather than a harmful attack.
img01826.jpg,woman,Explicit-Harm,Sexual-Harassment,The meme objectifies the woman by focusing on her height and using sexualized language like 'pussy purring'.
img01827.jpg,women's appearance,Implicit-Harm,Appearance-Attack,"The meme suggests that men prefer women with minimal makeup, implying that heavily made-up women are undesirable."
img01828.jpg,Ariel's appearance,Non-Harmful,NULL,"The meme compares Ariel's appearance with and without kids, but it does not intend to harm or demean her."
img01829.jpg,woman pretending to be a dog,Non-Harmful,NULL,"The meme is a humorous take on a news article, not targeting the woman for abuse."
img01830.jpg,woman,Non-Harmful,NULL,The meme does not target a woman for abuse; it appears to be a casual chat among friends.
img01831.jpg,woman's appearance,Non-Harmful,NULL,The meme does not target a woman for abuse; it is a humorous statement about personal choices and privacy.
img01832.jpg,woman's offer,Implicit-Harm,Character-Assassination,"The meme suggests the woman is materialistic and prioritizes possessions over a pre-owned home, implying a lack of financial responsibility."
img01833.jpg,delivery riders,Non-Harmful,NULL,"The image shows delivery riders in uniform, which is a neutral depiction of their profession."
img01834.jpg,woman,Non-Harmful,NULL,"The image shows a person in a casual setting, but there is no indication of harm towards a woman."
img01835.jpg,woman,Non-Harmful,NULL,"The image shows a woman speaking into a microphone, likely participating in a public event or interview, without any apparent harm."
img01836.jpg,female speaker,Non-Harmful,NULL,The meme is a critique of a statement rather than targeting the woman herself.
img01837.jpg,woman being praised,Implicit-Harm,Misogyny,"The meme suggests that praising a woman for her appearance is inherently problematic, implying that such praise is insincere."
img01838.jpg,woman's appearance,Non-Harmful,NULL,"The meme lists mundane activities as 'horror movies', but there is no explicit or implicit harm towards women."
img01839.jpg,girls,Non-Harmful,NULL,"The meme compares laptop preferences between 'girls' and 'boys', which is a neutral comparison."
img01840.jpg,woman,Explicit-Harm,Sexual-Harassment,The meme objectifies the woman by suggesting she is only interested in sexual relationships.
img01841.jpg,woman,Non-Harmful,NULL,"The meme shows a conversation where one person dismisses another's thoughts, but there is no explicit or implicit harm towards the woman."
img01842.jpg,woman's appearance,Non-Harmful,NULL,"The image depicts a character in a video game, but there is no explicit or implicit harm towards a woman."
img01843.jpg,female wrestlers,Non-Harmful,NULL,"The image shows three female wrestlers in a professional wrestling context, which is not inherently harmful."
img01844.jpg,woman,Explicit-Harm,Sexual-Harassment,The meme objectifies the woman by labeling her 'Virgin' and implying she is a sexual object.
img01845.jpg,American women wearing hijabs,Non-Harmful,NULL,The meme poses a question about cultural attire without implying any negative connotations towards the women depicted.
img01846.jpg,mother,Non-Harmful,NULL,The meme does not target the mother for abuse; it is a humorous exchange between family members.
img01847.jpg,woman playing cards,Non-Harmful,NULL,"The meme uses the phrase 'disgustingly in love' humorously to describe the woman's actions, which is not intended as an insult."
img01848.jpg,woman,Explicit-Harm,Sexual-Harassment,"The meme suggests sexual danger from sleeping with the depicted woman, implying she might be dangerous or aggressive."
img01849.jpg,woman drinking alcohol,Non-Harmful,NULL,"The image shows a woman drinking alcohol, but there is no explicit or implicit harm directed towards her."
img01850.jpg,woman,Non-Harmful,NULL,"The meme uses a motivational quote to encourage women, which is supportive rather than harmful."
img01851.jpg,woman wearing a latex outfit,Non-Harmful,NULL,"The meme is a humorous depiction of a person in a latex outfit, likely meant as a playful or satirical statement rather than an attack on women."
img01852.jpg,woman,Explicit-Harm,Sexual-Harassment,The meme objectifies the woman by equating her with a product (Colgate) and suggests a sexualized interaction involving her mouth.
img01853.jpg,woman in a pool,Non-Harmful,NULL,"The meme is a humorous question about responding sarcastically, not targeting the woman for abuse."
img01854.jpg,woman's appearance,Explicit-Harm,Appearance-Attack,"The meme depicts a woman with sunburned skin, implying that red-haired individuals are vulnerable to sun damage."
img01855.jpg,woman,Non-Harmful,NULL,"The meme uses humor to highlight a man's discomfort with dating a tall woman, but it does not target the woman herself for abuse."
img01856.jpg,woman,Non-Harmful,NULL,The meme uses a common internet format to express admiration but does not target or demean the woman.
img01857.jpg,woman,Non-Harmful,NULL,The meme uses a humorous comparison of brain structures but does not target women for abuse.
img01858.jpg,woman driver,Implicit-Harm,Misogyny,"The meme uses a stereotype about women's roles to question their ability to drive, implying they are not capable of handling responsibilities beyond the home."
img01859.jpg,female characters,Non-Harmful,NULL,"The meme uses characters from various cartoons to make a humorous statement about personal preferences, without targeting or demeaning any specific woman."
img01860.jpg,woman in bikini,Non-Harmful,NULL,"The meme uses a humorous comparison between the woman's perception of her appearance and reality, which is meant to be funny rather than harmful."
img01861.jpg,women doing yoga,Non-Harmful,NULL,The meme contrasts the perception of yoga between genders but does not demean either group.
img01862.jpg,crazy woman,Implicit-Harm,Misogyny,"The meme suggests that men are responsible for making women 'crazy', implying that women's behavior is influenced by men."
img01863.jpg,girls who don't wear makeup,Implicit-Harm,Appearance-Attack,"The meme criticizes girls for their lack of makeup, implying they are unattractive."
img01864.jpg,woman,Explicit-Harm,Misogyny,"The meme uses derogatory language to describe the woman's facial expression, implying she is perpetually angry or aggressive."
img01865.jpg,woman in labor,Implicit-Harm,Misogyny,"The meme compares the pain of childbirth to the discomfort of a fever, implying childbirth is more painful than a man experiencing a fever."
img01866.jpg,woman's appearance,Implicit-Harm,Sexual-Harassment,"The meme suggests that looking at women should be regulated, implying that men's gaze is inherently problematic and should be controlled."
img01867.jpg,woman,Non-Harmful,NULL,"The meme uses a visual metaphor to advocate for equal rights, but the context suggests it is meant to be humorous rather than harmful."
img01868.jpg,woman,Explicit-Harm,Sexual-Harassment,The meme objectifies the woman by suggesting a private space for sexual activities.
img01869.jpg,woman wearing a feminist shirt,Implicit-Harm,Misogyny,"The meme uses a stereotype of a 'SJW Feminist' to imply that feminists are irrational and simplistic, attacking their intellectual capabilities."
img01870.jpg,woman,Explicit-Harm,Misogyny,"The meme criticizes women for their appearance and intelligence, using derogatory terms like 'slut' and 'nerd'."
img01871.jpg,angry woman,Implicit-Harm,Misogyny,"The meme suggests that anger in women is always caused by men, perpetuating the idea that women's emotions are controlled by men."
img01872.jpg,woman,Implicit-Harm,Misogyny,"The meme suggests that women are only valuable for their contribution to men's success, implying their worth is secondary."
img01873.jpg,woman checking out men,Non-Harmful,NULL,The meme humorously depicts a common social interaction without any harmful intent towards the woman.
img01874.jpg,feminists,Non-Harmful,NULL,"The meme uses a child's reaction to contrast 'Equal Rights' and 'Equal Responsibility', but it does not target women for abuse."
img01875.jpg,woman,Implicit-Harm,Sexual-Harassment,"The meme uses a sexual comment about a woman's body part, objectifying her."
img01876.jpg,women's strength,Implicit-Harm,Misogyny,"The meme suggests that women's strength is exaggerated by lifting weights, implying that their strength is a result of artificial means rather than inherent capability."
img01877.jpg,woman,Implicit-Harm,Misogyny,"The meme uses derogatory labels like 'cake faced' and 'fake nails' to attack the woman's appearance and behavior, stereotyping her as superficial."
img01878.jpg,woman's appearance,Non-Harmful,NULL,"The meme uses a metaphorical 'pill' to suggest that women's preferences are difficult to understand, but it does not explicitly harm or attack women."
img01879.jpg,woman,Non-Harmful,NULL,The meme criticizes a person's actions but does not directly harm or demean women.
img01880.jpg,woman's appearance,Non-Harmful,NULL,The meme uses humor to depict a common frustration but does not target or demean women.
img01881.jpg,woman,Non-Harmful,NULL,The meme is a humorous expression of frustration rather than an attack on the woman.
img01882.jpg,women scientists,Non-Harmful,NULL,"The image shows two women working together with a microscope, suggesting a positive portrayal of women in science."
img01883.jpg,woman in a dress,Non-Harmful,NULL,"The meme uses a woman as a neutral subject to discuss personal interests, which is not harmful."
img01884.jpg,mom,Non-Harmful,NULL,"The meme uses a humorous tone to highlight the constant demands of children, but it does not target the mom for abuse."
img01885.jpg,chained woman,Non-Harmful,NULL,The meme uses a chained woman as a visual metaphor but does not explicitly harm or demean her.
img01886.jpg,women,Non-Harmful,NULL,The meme compares fighting between men and women but does not target women for abuse.
img01887.jpg,Wonder Woman,Non-Harmful,NULL,"The meme uses sarcasm and humor to critique opinions about Wonder Woman, but does not target her for abuse."
img01888.jpg,woman,Non-Harmful,NULL,"The meme uses a metaphor comparing a woman's opinion to a bank account, which is a neutral statement."
img01889.jpg,woman,Explicit-Harm,Misogyny,"The meme suggests that the woman's existence is solely for the purpose of erasing historical records, implying a negative and dehumanizing view of her value."
img01890.jpg,woman,Non-Harmful,NULL,The meme uses a quote to make a point about curiosity rather than targeting the woman for abuse.
img01891.jpg,housewife,Non-Harmful,NULL,"The meme uses a dated image of a housewife to make a humorous statement about loneliness, which is not intended to harm or demean women."
img01892.jpg,woman's appearance,Non-Harmful,NULL,"The meme uses sarcasm to criticize the woman's appearance, but it is not meant to be taken seriously as a form of abuse."
img01893.jpg,Caitlyn Jenner,Non-Harmful,NULL,"The meme uses Caitlyn Jenner as a vehicle for a humorous statement about a car accident, but it does not target her for abuse."
img01894.jpg,girls who grew up without a father,Non-Harmful,NULL,The meme compares girls and boys growing up without a father but does not target women for abuse.
img01895.jpg,gingers,Non-Harmful,NULL,"The meme uses humor to contrast different perceptions of ginger women, but it does not target or demean any specific group."
img01896.jpg,woman,Explicit-Harm,Misogyny,"The meme uses a derogatory statement implying women are scarce and hard to find, perpetuating the idea that women are less valuable than men."
img01897.jpg,woman,Explicit-Harm,Sexual-Harassment,"The meme suggests a violent sexual assault scenario, objectifying the woman's body and implying sexual aggression."
img01898.jpg,woman,Non-Harmful,NULL,"The meme depicts a relatable scenario of a woman's emotional reaction to receiving texts from different people, but it does not target or harm women."
img01899.jpg,woman,Explicit-Harm,Sexual-Harassment,"The meme uses the word 'period' in a way that objectifies the woman's menstrual cycle, suggesting it is trivial or humorous."
img01900.jpg,woman,Explicit-Harm,Misogyny,The meme uses the word 'Bitch' as a derogatory term directed at a woman.
img01901.jpg,woman,Explicit-Harm,Sexual-Harassment,The meme objectifies the woman by reducing her to a sexual object through the use of the term 'bitch' and the suggestive tone.
img01902.jpg,woman's appearance,Non-Harmful,NULL,"The image uses a dramatic expression to convey fear, but there is no explicit or implicit harm directed at the woman."
img01903.jpg,women,Implicit-Harm,Misogyny,"The meme suggests that women inherently understand each other, implying a lack of understanding from others, which reinforces stereotypes about women's relationships and behavior."
img01904.jpg,woman,Explicit-Harm,Sexual-Harassment,The meme objectifies the woman by suggesting she should be 'fucked' based on her appearance.
img01905.jpg,woman,Implicit-Harm,Appearance-Attack,"The meme uses a visual of a woman pointing to attack her body shape, implying criticism."
img01906.jpg,angry woman,Implicit-Harm,Misogyny,"The meme suggests that angry women are caused by men, implying that men are responsible for their anger, which is a form of blaming women for their emotions."
img01907.jpg,woman,Non-Harmful,NULL,The meme uses before-and-after images to humorously depict changes in behavior post-marriage but does not explicitly harm or demean the woman.
img01908.jpg,woman,Non-Harmful,NULL,"The meme uses sarcasm to critique the idea of equal splitting in both scenarios, but it does not target women for abuse."
img01909.jpg,women's behavior,Non-Harmful,NULL,The meme contrasts expectations with reality but does not demean or harm the women depicted.
img01910.jpg,police officer,Implicit-Harm,Sexual-Harassment,"The image objectifies the woman by focusing on her buttocks, suggesting a sexual interest in her appearance."
img01911.jpg,woman,Implicit-Harm,Misogyny,"The meme uses sarcasm to imply that the woman's attitude is undesirable, attacking her as a class."
img01912.jpg,woman,Explicit-Harm,Character-Assassination,The meme uses a derogatory term 'side chick' to trivialize the woman's grief over a miscarriage.
img01913.jpg,woman,Explicit-Harm,Appearance-Attack,"The meme uses a derogatory term to attack the woman's weight, implying she is deceptive."
img01914.jpg,women,Non-Harmful,NULL,"The image uses the word 'WOMEN' in a meme format, but there is no specific harm directed towards women."
img01915.jpg,woman texting,Non-Harmful,NULL,The meme is a humorous scenario depicting a common situation without any form of harm.
img01916.jpg,woman,Implicit-Harm,Misogyny,"The meme implies that the woman is the only girl worth talking to, suggesting she is the most interesting or valuable person to interact with."
img01917.jpg,woman,Non-Harmful,NULL,"The meme depicts a scenario where a person helps another after dropping their wallet, which is a positive action."
img01918.jpg,woman,Implicit-Harm,Misogyny,"The meme suggests that women have poor memory, which is a stereotype about their cognitive abilities."
img01919.jpg,woman,Non-Harmful,NULL,"The meme uses Cher's quote to critique the importance of men, but it is presented as a humorous observation rather than an insult."
img01920.jpg,nude girl,Explicit-Harm,Sexual-Harassment,"The meme objectifies the nude girl by placing her in a domestic setting, suggesting a sexual proposition."
img01921.jpg,woman driver,Implicit-Harm,Misogyny,"The meme uses a dated stereotype of women drivers as reckless and dangerous, implying they are inherently unsafe."
img01922.jpg,woman's appearance,Implicit-Harm,Misogyny,"The meme suggests that the woman's public display of emotion is a loss of femininity, implying that women should suppress their emotions in public."
img01923.jpg,woman at Sephora,Non-Harmful,NULL,"The meme is a humorous observation about the experience of finding the right shade of makeup, not targeting the woman for abuse."
img01924.jpg,woman,Explicit-Harm,Appearance-Attack,"The meme criticizes the woman's appearance, suggesting she has become unattractive recently."
img01925.jpg,woman,Non-Harmful,NULL,The meme uses a comparison between two individuals but does not target a woman for abuse.
img01926.jpg,girls,Non-Harmful,NULL,"The meme uses humor to contrast the reactions to different levels of attention, but it does not target or demean girls."
img01927.jpg,woman's appearance,Implicit-Harm,Sexual-Harassment,"The meme suggests that relatives see a woman as old and unattractive compared to her actual appearance, implying ageism and objectification."
img01928.jpg,woman's appearance,Non-Harmful,NULL,"The meme compares the woman's appearance at different times, highlighting the changes in makeup and skin condition, but does not target her for abuse."
img01929.jpg,woman,Explicit-Harm,Sexual-Harassment,"The meme suggests that the woman is objectifying the man's body, reducing him to a sexual object."
img01930.jpg,woman,Non-Harmful,NULL,The meme uses a humorous tone to express frustration about pre-period emotions but does not target or demean women.
img01931.jpg,woman's appearance,Non-Harmful,NULL,"The meme uses a woman's reaction to self-deprecating humor as a humorous anecdote, not targeting her for abuse."
img01932.jpg,woman's appearance,Non-Harmful,NULL,"The meme uses a humorous juxtaposition of a real estate sign and a cat, but there is no direct harm to a woman."
img01933.jpg,women,Implicit-Harm,Misogyny,"The meme contrasts past and present depictions of men and women, implying that women have become more masculine over time."
img01934.jpg,woman,Non-Harmful,NULL,"The image is a humorous comparison between philosophers and biologists discussing the meaning of life, with no explicit or implicit harm towards women."
img01935.jpg,woman,Non-Harmful,NULL,"The meme criticizes the use of 'female' instead of 'woman', but it does not target women themselves for abuse."
img01936.jpg,woman working,Non-Harmful,NULL,The meme humorously depicts a common workplace scenario but does not target or demean the woman.
img01937.jpg,woman's makeup,Non-Harmful,NULL,"The meme is a humorous observation about makeup, not targeting the woman herself."
img01938.jpg,woman wearing a hijab,Implicit-Harm,Misogyny,The meme uses a provocative question about the woman's appearance to make a suggestive and disrespectful comment.
img01939.jpg,woman,Implicit-Harm,Misogyny,"The meme suggests that women overreact easily, perpetuating the stereotype that they are overly emotional."
img01940.jpg,woman's appearance,Implicit-Harm,Appearance-Attack,"The meme uses exaggerated body proportions to humorously critique the woman's figure, which can be seen as objectifying her appearance."
img01941.jpg,woman's appearance,Non-Harmful,NULL,"The meme compares two images of a woman, but does not imply any harm towards her."
img01942.jpg,girls who don't wear makeup,Implicit-Harm,Appearance-Attack,"The meme criticizes girls who don't wear makeup, implying they are less attractive and less worthy of respect."
img01943.jpg,woman,Non-Harmful,NULL,"The meme uses a humorous exchange between two women to make a light-hearted joke about dietary preferences, without targeting or demeaning either woman."
img01944.jpg,woman,Explicit-Harm,Misogyny,"The meme uses laughter to mock women, implying they are the source of humor."
img01945.jpg,woman,Implicit-Harm,Misogyny,"The meme portrays jealousy and dismissiveness towards other women, attacking the woman's social relationships and implying she is unattractive or socially inadequate."
img01946.jpg,woman,Non-Harmful,NULL,The meme uses a historical painting to critique workplace inequality but does not directly harm or demean the woman depicted.
img01947.jpg,single woman,Non-Harmful,NULL,The meme uses humor to depict different perceptions of a single woman without attacking her.
img01948.jpg,woman applying makeup,Implicit-Harm,Sexual-Harassment,"The meme suggests men are objectifying women by checking them out, which can be seen as sexual harassment."
img01949.jpg,woman's appearance,Non-Harmful,NULL,The image is a meme using a celebrity's face to illustrate a humorous situation but does not target or harm women.
img01950.jpg,woman's laughter,Implicit-Harm,Sexual-Harassment,"The meme suggests that women's laughter is a sign of sexual interest, implying that their laughter is a form of seduction or flirtation."
img01951.jpg,woman,Explicit-Harm,Sexual-Harassment,The meme objectifies the woman by reducing her to a potential sexual partner based on her appearance.
img01952.jpg,Daenerys Targaryen,Implicit-Harm,Misogyny,"The meme suggests that Daenerys' appearance changes when she becomes a wife, implying a double standard."
img01953.jpg,woman applying lipstick,Implicit-Harm,Sexual-Harassment,"The meme suggests a sexualized and aggressive interpretation of a woman's actions, implying she is both seductive and violent."
img01954.jpg,fat woman,Explicit-Harm,Appearance-Attack,The meme criticizes the fat woman's appearance and mocks her for being fat while others are skinny.
img01955.jpg,girls who yearn and obsess,Implicit-Harm,Misogyny,"The meme questions the place of 'obsessive girls' in society, implying they are out of place and possibly undesirable."
img01956.jpg,woman,Non-Harmful,NULL,"The meme uses a photograph of a woman to illustrate a point about societal expectations, but it does not target her for abuse."
img01957.jpg,woman,Non-Harmful,NULL,"The meme praises women's potential to create history, which is a positive statement without any form of harm."
img01958.jpg,woman,Implicit-Harm,Appearance-Attack,"The meme suggests that women are often judged based on their appearance, which can lead to unfair treatment."
img01959.jpg,pregnant woman,Implicit-Harm,Misogyny,"The meme questions the pregnant woman's well-being in a dismissive manner, implying that pregnancy is a trivial inconvenience."
img01960.jpg,woman,Non-Harmful,NULL,"The meme uses a hyperbolic statement to express frustration, not to harm or demean the woman."
img01961.jpg,woman,Explicit-Harm,Character-Assassination,"The meme objectifies women by demanding specific traits like virginity, independence, and being a good cook."
img01962.jpg,woman,Implicit-Harm,Misogyny,The meme uses a stereotype about women's reproductive health to imply they are less capable or valuable.
img01963.jpg,women,Implicit-Harm,Misogyny,"The meme suggests that girls are overly sensitive about touch, implying a lack of understanding of appropriate interactions."
img01964.jpg,woman's appearance,Non-Harmful,NULL,"The meme uses sarcasm to comment on fashion, not targeting women for abuse."
img01965.jpg,woman's role,Implicit-Harm,Misogyny,"The meme suggests that women should cook for their men, implying that this is their primary responsibility, which reinforces traditional gender roles."
img01966.jpg,woman rolling her eyes,Implicit-Harm,Misogyny,The meme uses a stereotype about women being critical behind men's backs.
img01967.jpg,woman,Non-Harmful,NULL,The meme compares deodorant choices humorously but does not target women for abuse.
img01968.jpg,girls' laughter,Implicit-Harm,Misogyny,"The meme suggests that 'most girls' laugh differently from the person depicted, implying a stereotypical and dismissive view of their laughter."
img01969.jpg,woman,Non-Harmful,NULL,"The meme uses a comparison between the woman's friends and the man's friends to make a point about racial diversity, but it does not target the woman herself for abuse."
img01970.jpg,woman holding wine glass,Implicit-Harm,Misogyny,"The meme suggests a correlation between intelligence and alcohol consumption, perpetuating the stereotype that smarter women drink more."
img01971.jpg,women,Explicit-Harm,Misogyny,"The meme contains derogatory statements about women, such as 'Stacy sluts', 'bitches', and 'whores', which attack women as a class."
img01972.jpg,woman,Explicit-Harm,Appearance-Attack,"The meme uses food items to represent the woman's body, objectifying her and focusing on her physical appearance."
img01973.jpg,motherhood,Non-Harmful,NULL,"The meme uses humor to depict the changes in a mother's life over time, without targeting or demeaning women."
img01974.jpg,woman brushing teeth,Non-Harmful,NULL,"The meme uses a humorous scenario involving a woman brushing teeth, but there is no explicit or implicit harm towards women."
img01975.jpg,two girls,Non-Harmful,NULL,The meme uses sarcasm to highlight the absurdity of the statement rather than targeting women for abuse.
img01976.jpg,woman,Explicit-Harm,Sexual-Harassment,"The meme objectifies the woman by suggesting she would be sexually attracted to the man's socks, reducing her to a sexual object."
img01977.jpg,Karen,Non-Harmful,NULL,"The meme uses the term 'Karen' as a label for a stereotypical behavior, which is a common internet meme format."
img01978.jpg,woman,Non-Harmful,NULL,"The meme uses a character from a children's show to make a humorous statement about autism, without targeting or demeaning the woman depicted."
img01979.jpg,Lucy Ricardo,Non-Harmful,NULL,"The meme is a humorous appreciation of a coworker, not targeting Lucy Ricardo for abuse."
img01980.jpg,girls,Non-Harmful,NULL,The meme uses stereotypes but does not explicitly harm or demean the women.
img01981.jpg,woman,Explicit-Harm,Sexual-Harassment,The meme uses a sexual double entendre to make a crude joke about women's anatomy and sexuality.
img01982.jpg,woman in bed,Implicit-Harm,Sexual-Harassment,"The meme suggests the woman is being objectified and reduced to her hand, implying sexual interest in her body part."
img01983.jpg,woman,Non-Harmful,NULL,"The meme uses humor to make a light-hearted observation about a woman's appearance, but it does not target or demean her."
img01984.jpg,girls laughing,Non-Harmful,NULL,"The meme contrasts laughter between girls and boys, but does not demean or harm anyone."
img01985.jpg,woman applying makeup,Implicit-Harm,Appearance-Attack,"The meme suggests that wearing makeup is a sign of insecurity, implying that the woman's appearance is superficial and not genuine."
img01986.jpg,woman's appearance,Non-Harmful,NULL,The meme uses a humorous scenario but does not target or harm a woman.
img01987.jpg,woman passenger,Non-Harmful,NULL,"The meme is a humorous exchange between two people in a car, with no explicit or implicit harm towards the woman."
img01988.jpg,woman sleeping,Non-Harmful,NULL,The meme references a study but does not attack or demean the woman herself.
img01989.jpg,woman's personality,Non-Harmful,NULL,The meme compares two versions of a woman's personality but does not target or harm her in any way.
img01990.jpg,woman's appearance,Non-Harmful,NULL,"The meme uses contrasting images to humorously depict changes in a woman's appearance after becoming an ex-girlfriend, but it does not target or demean women."
img01991.jpg,woman,Non-Harmful,NULL,The meme criticizes a specific behavior but does not target women as a group for abuse.
img01992.jpg,woman,Non-Harmful,NULL,"The meme uses a woman's statement to critique a man's behavior, but it does not directly harm the woman."
img01993.jpg,woman's appearance,Non-Harmful,NULL,"The meme uses a comparison to highlight a humorous contrast between the person's stated dislike of drama and their actual behavior, which is not harmful."
img01994.jpg,woman trying to square dance,Implicit-Harm,Sexual-Harassment,"The meme uses a derogatory term 'hoe' to describe a woman's attempt at dancing, implying sexual immorality."
img01995.jpg,woman caller,Explicit-Harm,Sexual-Harassment,The meme uses a sexualized insult ('left nut') to demand a sexual favor from the caller.
img01996.jpg,cashier,Non-Harmful,NULL,The meme does not target the cashier for abuse; it is a humorous observation about customer behavior.
img01997.jpg,women in formal attire,Non-Harmful,NULL,The meme uses a humorous scenario to express frustration but does not target women for abuse.
img01998.jpg,girls,Implicit-Harm,Sexual-Harassment,The meme objectifies girls by reducing them to their physical attractiveness and sexual appeal.
img01999.jpg,woman pushing another woman over,Non-Harmful,NULL,"The meme uses humor to depict a scenario where a woman pushes another woman, but there is no explicit or implicit harm intended towards either woman."
img02000.jpg,woman in a political position,Non-Harmful,NULL,"The meme contrasts the woman's determination with her eventual resignation, highlighting the contrast between her resolve and the outcome but does not target her for abuse."
img02001.jpg,women in a social setting,Non-Harmful,NULL,"The meme uses a scene from a reality TV show to humorously depict the start of drama, but it does not target women for abuse."
img02002.jpg,woman,Non-Harmful,NULL,The meme uses humor to critique societal expectations rather than targeting women for abuse.
img02003.jpg,woman in a housewife outfit,Non-Harmful,NULL,"The meme uses a vintage housewife image to make a statement about control within the home, which is a neutral topic."
img02004.jpg,mother,Non-Harmful,NULL,"The meme depicts a mother caring for her daughter, which is a positive and supportive interaction."
img02005.jpg,woman holding beer,Explicit-Harm,Sexual-Harassment,"The meme objectifies the woman by associating her with drinking beer, which is framed as a sexualized behavior."
img02006.jpg,woman's appearance,Non-Harmful,NULL,"The meme uses a muscular woman to humorously interpret a compliment, but it does not target or demean women."
img02007.jpg,woman,Non-Harmful,NULL,"The meme is a self-deprecating statement about creating memes that are not funny, which is a humorous observation rather than an attack on women."
img02008.jpg,woman,Non-Harmful,NULL,"The meme uses a woman's expression to humorously depict anxiety, but it does not target or demean her."
img02009.jpg,women friends,Non-Harmful,NULL,"The meme compares the heights of two women, which is a neutral observation and not intended to harm either individual."
img02010.jpg,woman,Explicit-Harm,Violence,"The meme depicts a woman reacting to being hit, clearly indicating physical violence."
img02011.jpg,Wonder Woman,Non-Harmful,NULL,The meme uses Wonder Woman to illustrate a humorous situation but does not target her for abuse.
img02012.jpg,housewife,Non-Harmful,NULL,"The meme uses humor to critique the housewife's attire, but it does not target her for abuse."
img02013.jpg,woman,Non-Harmful,NULL,The meme uses sarcasm to critique societal double standards regarding dating preferences based on living arrangements.
img02014.jpg,woman,Implicit-Harm,Sexual-Harassment,"The meme questions a young girl's sexual activity and pregnancy risk, which is a form of sexual harassment."
img02015.jpg,woman,Non-Harmful,NULL,"The meme compares the emotional responses of men and women after a breakup, but does not explicitly harm or demean either."
img02016.jpg,woman,Non-Harmful,NULL,"The meme uses a humorous comparison between men and women, but it does not target women for abuse."
img02017.jpg,woman,Explicit-Harm,Sexual-Harassment,"The meme objectifies the woman by comparing her to eggs, suggesting a sexualized and dehumanizing interaction."
img02018.jpg,woman wearing Cookie Monster pajamas,Non-Harmful,NULL,The meme is a playful compliment and does not target the woman for abuse.
img02019.jpg,woman,Non-Harmful,NULL,"The meme is a humorous statement about a long-distance relationship, not targeting the woman for abuse."
img02020.jpg,woman,Implicit-Harm,Misogyny,"The meme suggests the woman is suspicious and jealous, implying she is overly concerned with other women's interactions, which can be seen as a form of gender stereotyping."
img02021.jpg,woman,Non-Harmful,NULL,"The meme uses a generalization to criticize women's motivations, which is not specific to any individual."
img02022.jpg,woman,Non-Harmful,NULL,The meme uses a comparison between two women but does not target either for abuse.
img02023.jpg,woman holding sign,Explicit-Harm,Sexual-Harassment,"The meme uses a 'stop rape' sign to make a sexual joke, implying rape as a form of respect."
img02024.jpg,woman,Non-Harmful,NULL,"The meme is a humorous observation about the perceived lack of impact of coronavirus on objects, not directed at women."
img02025.jpg,women,Implicit-Harm,Misogyny,The meme perpetuates the stereotype that women are inherently difficult to understand and often hostile towards each other.
img02026.jpg,woman,Non-Harmful,NULL,"The meme uses a humorous exaggeration about bread being crucial, but it does not target or demean women."
img02027.jpg,woman,Non-Harmful,NULL,The meme uses a humorous exchange between two characters but does not target a woman for abuse.
img02028.jpg,woman in a hole,Implicit-Harm,Misogyny,"The image depicts a woman in a hole, suggesting she is 'down to earth' in a derogatory manner, implying she lacks sophistication or intelligence."
img02029.jpg,Kylie Jenner,Non-Harmful,NULL,The meme uses Kylie Jenner as a relatable figure but does not target her for abuse.
img02030.jpg,women at a party,Non-Harmful,NULL,The meme is a casual social observation without any harmful intent towards the women depicted.
img02031.jpg,woman trying on shoes,Non-Harmful,NULL,The meme humorously depicts disappointment but does not target women for abuse.
img02032.jpg,woman,Non-Harmful,NULL,The meme uses a humorous scenario to highlight the frustration of being the drama queen but does not target the woman for abuse.
img02033.jpg,woman,Non-Harmful,NULL,"The meme is a humorous self-deprecating statement about being busy, not targeting women for abuse."
img02034.jpg,woman,Explicit-Harm,Sexual-Harassment,The meme uses offensive language and a sexual reference ('blow job') to attack the woman.
img02035.jpg,woman,Non-Harmful,NULL,"The meme is a humorous statement about a parent's decision regarding Christmas traditions, not targeting women for abuse."
img02036.jpg,woman,Non-Harmful,NULL,"The meme is a humorous critique of holiday stress, not targeting women for abuse."
img02037.jpg,woman wearing a face mask,Non-Harmful,NULL,The meme humorously contrasts expectations versus reality but does not target or demean the woman.
img02038.jpg,woman eating,Non-Harmful,NULL,The meme compares eating habits between genders but does not demean or attack women.
img02039.jpg,woman's appearance,Implicit-Harm,Sexual-Harassment,"The meme criticizes women for being overly concerned about their appearance, particularly their bikini and underwear choices."
img02040.jpg,woman's appearance,Non-Harmful,NULL,"The image shows a woman with a red, sunburnt face, but there is no explicit or implicit harm directed towards her. The context suggests a humorous or relatable situation rather than an attack."
img02041.jpg,women smoking,Non-Harmful,NULL,The meme simply shows different ways women smoke marijuana in various countries without any derogatory or harmful intent.
img02042.jpg,woman,Implicit-Harm,Misogyny,"The meme suggests that a woman's opinion is invalid because she didn't hear something, implying that her voice should be silenced."
img02043.jpg,woman,Non-Harmful,NULL,The meme uses a relatable scenario to express a common experience but does not target or demean women.
img02044.jpg,woman's appearance,Implicit-Harm,Appearance-Attack,"The meme suggests that the woman's appearance is so attractive that it would lead to a water fight on a first date, implying that her beauty is excessive and potentially inappropriate."
img02045.jpg,woman,Non-Harmful,NULL,"The meme is a humorous observation about a social interaction, not targeting women for abuse."
img02046.jpg,woman,Explicit-Harm,Violence,"The meme suggests women are dangerous and violent, implying physical harm."
img02047.jpg,woman being hugged,Non-Harmful,NULL,"The meme humorously depicts a scenario where a person regrets being kind to someone, but there is no explicit or implicit harm towards the woman being hugged."
img02048.jpg,woman's appearance,Non-Harmful,NULL,The meme uses a relatable statement about financial struggles to highlight the absurdity of the situation rather than targeting the woman's appearance.
img02049.jpg,tradtional wives,Non-Harmful,NULL,The meme presents different types of traditional wives without any negative connotations.
img02050.jpg,woman,Explicit-Harm,Sexual-Harassment,The meme suggests a sexual harassment scenario where the woman is being propositioned for liking pictures.
img02051.jpg,women,Explicit-Harm,Misogyny,"The meme promotes the idea that women are property, which is a form of dehumanization and objectification."
img02052.jpg,woman,Non-Harmful,NULL,"The meme uses a dramatic image to humorously depict a common reaction to a situation, but it does not target or demean women."
img02053.jpg,woman on death row,Non-Harmful,NULL,"The meme uses a serious topic to make a humorous observation, but it does not target or demean the woman."
img02054.jpg,woman,Implicit-Harm,Misogyny,"The meme uses a binary classification to stereotype women based on their reactions to men, promoting harmful gender roles."
img02055.jpg,woman,Non-Harmful,NULL,The meme uses a neutral expression of a woman to illustrate a relatable experience without any harmful intent.
img02056.jpg,woman,Implicit-Harm,Misogyny,The meme uses a burning background and dismissive language to stereotype women as unapproachable or difficult.
img02057.jpg,woman,Implicit-Harm,Misogyny,"The meme suggests that a woman's affection can lead to violent consequences, perpetuating harmful stereotypes about women's intentions."
img02058.jpg,women's bodies,Non-Harmful,NULL,The meme discusses various aspects of body positivity without attacking or demeaning women.
img02059.jpg,woman's appearance,Non-Harmful,NULL,"The meme humorously depicts the user's experience with catfish filters, focusing on the positive outcome rather than any negative implications towards women."
img02060.jpg,woman,Non-Harmful,NULL,"The meme is a joke about a person's priorities, not targeting the woman herself for abuse."
img02061.jpg,woman pointing,Non-Harmful,NULL,The meme uses a woman to represent Texans' strong opinion but does not target her for abuse.
img02062.jpg,woman,Non-Harmful,NULL,"The meme is a humorous observation about packing, not targeting women for abuse."
img02063.jpg,woman's pelvic floor strength,Non-Harmful,NULL,The meme humorously addresses a common experience without targeting or demeaning women.
img02064.jpg,woman,Non-Harmful,NULL,The meme quotes a statement about food quality but does not target the woman for abuse.
img02065.jpg,woman,Non-Harmful,NULL,"The meme uses a woman's reaction humorously to illustrate a common experience, without targeting or demeaning her."
img02066.jpg,feminists,Non-Harmful,NULL,"The meme uses a neutral statement to critique the term 'sexist' applied to feminists, which is a form of counter-speech rather than an attack."
img02067.jpg,women,Non-Harmful,NULL,The meme discusses gender pay inequality but does not directly harm or demean women.
img02068.jpg,woman,Implicit-Harm,Misogyny,"The meme uses a derogatory term 'vieja' (old) to describe the woman, implying ageism towards women."
img02069.jpg,woman,Non-Harmful,NULL,The meme celebrates personal freedom and mental health prioritization without targeting women for abuse.
img02070.jpg,Miss Universe contestant,Implicit-Harm,Misogyny,"The meme compares a Miss Universe contestant unfavorably to a McDonald's worker, suggesting that beauty pageants are more prestigious than low-paying jobs."
img02071.jpg,woman's grip strength,Non-Harmful,NULL,"The meme uses humor to make a point about the evolution of women's grip strength due to lack of pockets, which is not inherently harmful."
img02072.jpg,woman,Non-Harmful,NULL,The meme expresses admiration for a woman's resilience and success without any form of harm or criticism.
img02073.jpg,woman's appearance,Non-Harmful,NULL,"The meme uses a humorous image of a person with exaggerated facial features to make a joke, which is not directed at any specific harm towards women."
img02074.jpg,woman,Non-Harmful,NULL,"The meme uses humor to depict a humorous situation involving a woman, but it does not target or demean her."
img02075.jpg,woman in the dishwasher,Implicit-Harm,Misogyny,"The meme objectifies the woman by equating her presence in the dishwasher with a lack of value, implying she is merely a vessel for doing housework."
img02076.jpg,woman student,Non-Harmful,NULL,"The meme humorously depicts a student's reaction to a teacher's decision, but it does not target women for abuse."
img02077.jpg,woman's appearance,Implicit-Harm,Appearance-Attack,The meme criticizes the woman's outfit as inappropriate for a formal dinner setting.
img02078.jpg,woman's appearance,Non-Harmful,NULL,"The meme compares the number of uses for shampoo between men and women, but does not attack the woman herself."
img02079.jpg,woman,Explicit-Harm,Sexual-Harassment,The meme objectifies the woman by focusing on her appearance and suggesting she is attractive until she turns around.
img02080.jpg,woman shopping at Target or Home Goods,Non-Harmful,NULL,"The meme is a humorous observation about a woman's preference for shopping over family responsibilities, which is not intended to harm or demean her."
img02081.jpg,woman's appearance,Non-Harmful,NULL,"The meme uses humor to highlight the consequences of sunburn, but it does not target women for abuse."
img02082.jpg,woman,Non-Harmful,NULL,"The meme is a humorous observation about social media engagement, not targeting women for abuse."
img02083.jpg,extremists,Non-Harmful,NULL,The meme does not target a specific group of women but rather makes a general statement about extremism.
img02084.jpg,woman,Non-Harmful,NULL,"The meme is a humorous observation about making a woman laugh, but it does not target women for abuse."
img02085.jpg,woman sitting on toilet,Non-Harmful,NULL,"The meme is a humorous observation about a friend's behavior, not targeting the woman for abuse."
img02086.jpg,abortion,Non-Harmful,NULL,The meme does not directly target women but discusses a controversial political stance related to abortion rights.
img02087.jpg,woman eating crackers,Explicit-Harm,Sexual-Harassment,The meme objectifies the woman by reducing her to a sexualized body part (eating crackers) and implying ownership over a space.
img02088.jpg,woman,Non-Harmful,NULL,The meme is a humorous observation about relationships and does not target women for abuse.
img02089.jpg,cashier,Non-Harmful,NULL,"The meme uses a humorous scenario involving a cashier, but there is no explicit or implicit harm directed towards women."
img02090.jpg,woman,Non-Harmful,NULL,The meme uses humor to depict different perceptions of a woman during menopause but does not target or demean her.
img02091.jpg,woman in a relationship,Non-Harmful,NULL,The meme uses a humorous scenario but does not explicitly harm or demean the woman.
img02092.jpg,woman,Non-Harmful,NULL,The meme is a humorous observation about financial decisions rather than targeting women for abuse.
img02093.jpg,woman,Non-Harmful,NULL,The meme uses humor to discuss various topics related to women but does not target or demean any specific woman.
img02094.jpg,woman,Explicit-Harm,Sexual-Harassment,The meme contains a sexual proposition and derogatory language towards the woman.
img02095.jpg,woman,Implicit-Harm,Misogyny,"The meme suggests that women should be easy to please, implying that men are difficult."
img02096.jpg,women,Implicit-Harm,Misogyny,"The meme suggests that naming women is more difficult than naming video games, implying that women are less numerous or less important than video games."
img02097.jpg,woman cleaning,Non-Harmful,NULL,"The meme uses a humorous comparison to highlight the intensity of methamphetamine, but it does not target or harm the woman depicted."
img02098.jpg,Wonder Woman,Non-Harmful,NULL,"The meme uses Wonder Woman as a positive example of strength, not to attack or demean women."
img02099.jpg,woman,Non-Harmful,NULL,The meme uses a humorous scenario but does not target or demean a woman.
img02100.jpg,woman's expression,Non-Harmful,NULL,"The meme uses a woman's exaggerated facial expression to humorously depict a reaction, but it does not target or demean women."
img02101.jpg,woman's appearance,Non-Harmful,NULL,"The meme humorously comments on the difficulty of getting a good photo when someone looks attractive, without targeting the woman herself."
img02102.jpg,strong independent woman,Implicit-Harm,Misogyny,"The meme suggests that being strong and independent is equivalent to loneliness, implying that these traits are mutually exclusive and negative."
img02103.jpg,woman,Non-Harmful,NULL,"The meme uses a comparison between two women to make a humorous point about relationships, but it does not target either woman for abuse."
img02104.jpg,woman with red hair,Explicit-Harm,Sexual-Harassment,"The meme objectifies the woman by focusing on her pubic hair and suggesting it is visible on soap, which is a sexualized and dehumanizing comment."
img02105.jpg,woman in the kitchen,Non-Harmful,NULL,The meme uses a humorous scenario but does not target the woman for abuse.
img02106.jpg,Dolly Parton,Non-Harmful,NULL,The meme uses Dolly Parton's image humorously but without any apparent intent to harm or demean her.
img02107.jpg,woman's appearance,Implicit-Harm,Appearance-Attack,"The meme suggests that women should spend money on their appearance to look 'perfect', implying that their worth is tied to their looks."
img02108.jpg,woman's pregnancy,Non-Harmful,NULL,"The meme humorously suggests that even memes got pregnant in 2020, but there is no explicit or implicit harm towards women."
img02109.jpg,woman,Non-Harmful,NULL,The meme humorously expresses frustration about the day of the week without targeting or demeaning a woman.
img02110.jpg,women going to the gym,Implicit-Harm,Misogyny,"The meme criticizes women for their eating habits while exercising, implying they are not committed to fitness."
img02111.jpg,woman,Non-Harmful,NULL,"The meme is a humorous critique of a meme, not targeting women for abuse."
img02112.jpg,woman with a bruise,Explicit-Harm,Violence,"The image depicts a woman with a visible bruise, suggesting physical harm, which is directly related to the question about Congressmen and their ratings."
img02113.jpg,INTJ Female,Non-Harmful,NULL,"The meme uses a stereotype to make a humorous observation about INTJ females reacting emotionally, but it does not target them for abuse."
img02114.jpg,woman's appearance,Non-Harmful,NULL,The meme contrasts two different styles but does not demean either.
img02115.jpg,woman's appearance,Non-Harmful,NULL,The meme uses a photograph of a woman to illustrate a future scenario but does not target her for abuse.
img02116.jpg,Irish girl sunbathing,Non-Harmful,NULL,The meme is a joke about a stereotype rather than a harmful statement towards the woman.
img02117.jpg,"strong, independent woman",Implicit-Harm,Misogyny,"The meme portrays a strong, independent woman as burdened and overworked, implying she cannot handle her own strength."
img02118.jpg,Italian girls,Implicit-Harm,Misogyny,"The meme stereotypes Italian women as having only two moods, reducing them to a binary emotional state."
img02119.jpg,geeky women,Non-Harmful,NULL,"The meme praises the attractiveness of geeky women in cosplay, which is not abusive towards them."
img02120.jpg,woman,Non-Harmful,NULL,"The meme depicts a woman talking on the phone, but there is no indication of harm towards her."
img02121.jpg,girls,Implicit-Harm,Misogyny,"The meme suggests that girls are inherently unlovable, perpetuating the idea that their worth is tied to being loved."
img02122.jpg,woman wearing Wonder Woman costume,Non-Harmful,NULL,"The meme uses a humorous scenario involving a teenager's opinion about age and fashion, but it does not target women for abuse."
img02123.jpg,angry woman,Implicit-Harm,Misogyny,"The meme suggests that men are responsible for women's anger, perpetuating the idea that women's emotions are linked to men's actions, which is a form of gender-role stereotyping."
img02124.jpg,Latina woman,Implicit-Harm,Sexual-Harassment,"The meme suggests that dating a Latina woman will be sexually exciting, implying a sexual objectification of her."
img02125.jpg,woman,Explicit-Harm,Sexual-Harassment,"The meme advises the woman to be sexually available, which objectifies her and promotes sexual permissiveness."
img02126.jpg,woman's appearance,Implicit-Harm,Appearance-Attack,"The meme compares women based on their body parts, which can be objectifying."
img02127.jpg,woman's appearance,Non-Harmful,NULL,The meme uses a humorous comparison to express frustration but does not target or demean the woman's appearance.
img02128.jpg,woman,Non-Harmful,NULL,The meme uses a relatable scenario but does not target or demean a woman.
img02129.jpg,woman's emotional response to a man crying,Implicit-Harm,Misogyny,"The meme suggests that women should not cry when a man cries, implying a gender expectation around emotional expression."
img02130.jpg,woman singing,Non-Harmful,NULL,The meme is a humorous self-reference about singing habits and does not target women for abuse.
img02131.jpg,woman,Explicit-Harm,Sexual-Harassment,"The meme uses a sexual proposition to silence the woman, which is a form of sexual harassment."
img02132.jpg,woman in a blue dress,Non-Harmful,NULL,"The meme uses a still from a movie to humorously depict a reaction, but it does not target or harm the woman visually or through text."
img02133.jpg,woman at the party,Non-Harmful,NULL,The meme is a humorous critique of someone's opinion rather than targeting the woman herself.
img02134.jpg,woman's appearance,Non-Harmful,NULL,"The image shows a woman with a bold expression, but there is no explicit or implicit harm directed towards her."
img02135.jpg,crazy woman,Implicit-Harm,Misogyny,"The meme suggests that men are responsible for making women 'crazy', implying that women's behavior is inherently linked to male influence, which is a form of gender-stereotype."
img02136.jpg,woman,Non-Harmful,NULL,"The meme uses sarcasm to mock a list of positive attributes, implying they are trivial or unimportant."
img02137.jpg,woman,Non-Harmful,NULL,"The meme is a humorous comparison between a person's personality and the astrological sign Cancer, which is not intended to harm or demean anyone."
img02138.jpg,woman's appearance,Non-Harmful,NULL,"The meme is a self-deprecating joke about laughing at one's own writing, which is not directed at a specific woman or harmful towards women in general."
img02139.jpg,woman,Implicit-Harm,Sexual-Harassment,The meme suggests a sexual interest in the woman based on her appearance.
img02140.jpg,woman,Non-Harmful,NULL,The meme uses sarcasm to critique the portrayal of cancer in movies but does not directly harm or demean the woman depicted.
img02141.jpg,woman,Implicit-Harm,Misogyny,"The meme uses a fire background and the phrase 'nah I ain't mad...' to imply that women are often angry but suppress their emotions, perpetuating the stereotype of emotional repression."
img02142.jpg,woman cleaning,Non-Harmful,NULL,"The meme is a humorous comparison between the state of a house before and after cleaning, without targeting the woman for abuse."
img02143.jpg,woman,Implicit-Harm,Misogyny,"The meme suggests that the woman's speech is regressive and backward, implying she is not modern or progressive."
img02144.jpg,women,Explicit-Harm,Misogyny,"The meme suggests that women need to learn fighting skills to protect themselves from abuse, implying they are inherently vulnerable."
img02145.jpg,woman's appearance,Non-Harmful,NULL,"The meme uses a celebrity to make a humorous statement about spending money on food and clothes but still being unhappy, which is not directed at the woman herself."
img02146.jpg,woman athlete,Explicit-Harm,Sexual-Harassment,"The meme uses a sexualized phrase 'fuck yeah bitches' to express excitement, objectifying the woman as a sexual object."
img02147.jpg,woman,Non-Harmful,NULL,The meme uses a humorous expression but does not target or demean a woman.
img02148.jpg,golf girls,Implicit-Harm,Misogyny,"The meme contrasts idealized golf images with real players, suggesting that women in golf are not as attractive or skilled as portrayed online."
img02149.jpg,woman,Implicit-Harm,Misogyny,"The meme suggests that following societal rules set by men leads to a life filled with sacrifice and regret, implying that women are often treated unfairly."
img02150.jpg,woman wearing a choker,Non-Harmful,NULL,"The meme uses a health concern to suggest that the woman's choice of choker is unhealthy, but the overall tone is neutral and does not demean her."
img02151.jpg,woman wearing a wig,Non-Harmful,NULL,"The meme is a humorous observation about a woman's decision to wear a wig, but there is no explicit or implicit harm directed towards her."
img02152.jpg,woman,Non-Harmful,NULL,"The meme uses a scene from a TV show to illustrate a narrative, but it does not target a woman for abuse."
img02153.jpg,woman,Non-Harmful,NULL,"The meme provides advice on managing anger, which is not directed at a specific woman."
img02154.jpg,woman,Non-Harmful,NULL,The meme is a humorous observation about a common situation without any harmful intent towards the woman.
img02155.jpg,zombie girlfriend,Explicit-Harm,Sexual-Harassment,"The meme objectifies the woman by depicting her as a zombie with a focus on her mouth, suggesting a sexualized and dehumanizing interaction."
img02156.jpg,woman's appearance,Non-Harmful,NULL,"The meme is a humorous comparison between a psychologist's statement and a person dressed as 'Barbie Bunny', but it does not target women for abuse."
img02157.jpg,girls,Implicit-Harm,Misogyny,"The meme suggests that purchasing a car does not guarantee romantic success, implying that girls' preferences are based on superficial criteria."
img02158.jpg,woman's reaction,Non-Harmful,NULL,The meme humorously depicts a reaction but does not target or harm women.
img02159.jpg,woman's face,Non-Harmful,NULL,"The image depicts a humorous scenario involving a person's face falling off, but there is no direct harm to a woman."
img02160.jpg,woman,Non-Harmful,NULL,The meme uses a reaction image to illustrate a humorous situation but does not target or demean a woman.
img02161.jpg,woman,Implicit-Harm,Misogyny,"The meme uses hyperbolic language to describe the woman as 'crazy,' which reinforces negative stereotypes about women."
img02162.jpg,woman patient,Non-Harmful,NULL,The meme uses a humorous exchange between a patient and a doctor to critique medical professionals rather than targeting women.
img02163.jpg,Nicki Minaj,Non-Harmful,NULL,"The meme uses Nicki Minaj's image to illustrate a statement about not settling for less, which is a positive message about self-worth and ambition."
img02164.jpg,woman,Non-Harmful,NULL,The meme humorously depicts a relatable scenario without targeting or demeaning the woman.
img02165.jpg,woman,Explicit-Harm,Sexual-Harassment,"The meme explicitly states that women deserve multiple orgasms, objectifying their sexuality."
img02166.jpg,woman's appearance,Non-Harmful,NULL,The meme uses a photograph of a woman to illustrate a relatable experience but does not target her for abuse.
img02167.jpg,women,Implicit-Harm,Misogyny,"The meme suggests that treating women like objects is equivalent to treating objects like women, implying a dehumanization of women."
img02168.jpg,woman,Non-Harmful,NULL,"The meme uses a dramatic expression to humorously exaggerate a situation involving a vape cloud, but it does not target or demean the woman."
img02169.jpg,woman's age,Implicit-Harm,Misogyny,"The meme questions a woman's age in a way that implies she should change after turning 30, a common ageist stereotype."
img02170.jpg,woman,Non-Harmful,NULL,"The meme uses a humorous and exaggerated statement about a woman's attraction to nakedness, but it does not target or demean women."
img02171.jpg,woman,Non-Harmful,NULL,"The meme uses a historical painting to illustrate a humorous thought process, which is not directed at any specific gender or harmful towards women."
img02172.jpg,angry woman,Implicit-Harm,Misogyny,"The meme suggests that anger in women is a result of men's ignorance, perpetuating the idea that women's emotions are influenced by men's actions."
img02173.jpg,woman's appearance,Non-Harmful,NULL,The meme uses humor to contrast two women's appearances but does not demean either.
img02174.jpg,woman,Non-Harmful,NULL,The meme is a humorous observation about shopping desires and does not target or demean women.
img02175.jpg,woman's appearance,Non-Harmful,NULL,"The image uses a humorous comparison between bite marks and toilet damage, but there is no direct harm to the woman depicted."
img02176.jpg,woman cooking,Implicit-Harm,Misogyny,"The meme suggests that women are responsible for cleaning up after others eat, perpetuating the stereotype that women should be responsible for household chores."
img02177.jpg,woman,Non-Harmful,NULL,The meme uses a relatable scenario involving a partner to highlight a common issue without targeting the woman for abuse.
img02178.jpg,woman's hands,Implicit-Harm,Sexual-Harassment,"The meme suggests that a woman's hands around someone's neck signifies sexual interest, which is a form of sexual harassment."
img02179.jpg,women,Non-Harmful,NULL,"The meme uses Homer Simpson to humorously contrast brands' typical behavior with their exaggerated response on International Women's Day, without targeting women for abuse."
img02180.jpg,woman walking past guys,Non-Harmful,NULL,The meme humorously depicts a common social situation without any form of harm or criticism towards the woman.
img02181.jpg,woman cooking,Non-Harmful,NULL,"The meme uses a humorous scenario to make a light-hearted observation about cooking, without targeting or demeaning the woman."
img02182.jpg,woman's appearance,Implicit-Harm,Appearance-Attack,"The meme uses a caricatured image of a woman to make a comparison between friends and bras, implying that women's appearances are often 'hard to find' and 'supportive', which can be seen as objectifying."
img02183.jpg,woman,Implicit-Harm,Misogyny,"The meme perpetuates the stereotype that women are always right, which dismisses their potential for error or misunderstanding."
img02184.jpg,women's behavior during men's day,Non-Harmful,NULL,"The meme uses humor to contrast the expected behavior of men and women during different holidays, but it does not target women for abuse."
img02185.jpg,woman's appearance,Non-Harmful,NULL,"The meme uses humor to playfully misinterpret a thong as 'butt floss,' but there is no intent to harm or demean the woman."
img02186.jpg,woman,Non-Harmful,NULL,"The meme uses a humorous exchange between two women to make a point about reading habits, without targeting them for abuse."
img02187.jpg,woman,Explicit-Harm,Sexual-Harassment,"The meme objectifies the woman by suggesting she is only valuable for her sexual availability, which is a form of sexual harassment."
img02188.jpg,woman,Non-Harmful,NULL,The meme uses a comparison between 'Women's Romance' and 'Men's Romance' but does not explicitly harm or demean the woman.
img02189.jpg,Italian girls,Implicit-Harm,Misogyny,"The meme uses a stereotype about Italian women being unbothered by conflict, implying they are aggressive or dangerous."
img02190.jpg,woman,Explicit-Harm,Misogyny,"The meme criticizes women for causing instability in the family system, which is a form of gender-role stereotyping."
img02191.jpg,woman's appearance,Non-Harmful,NULL,"The meme uses a comparison to suggest that the woman's appearance is average, but there is no explicit harm or offensive content directed towards women."
img02192.jpg,women,Non-Harmful,NULL,The meme highlights historical progress but does not target women for abuse.
img02193.jpg,prisoners,Non-Harmful,NULL,"The meme uses historical imagery to make a point about oppression, but it does not target women for abuse."
img02194.jpg,woman character,Non-Harmful,NULL,The meme praises the character's appearance without implying any negative stereotype or attack.
img02195.jpg,woman,Explicit-Harm,Sexual-Harassment,The meme objectifies the woman by focusing on her appearance and suggesting she is taking photos for attention.
img02196.jpg,woman wearing sunglasses,Non-Harmful,NULL,"The meme praises men who are feminists, which is a positive statement about gender equality."
img02197.jpg,woman,Non-Harmful,NULL,The meme praises qualities of a woman without demeaning her.
img02198.jpg,woman,Non-Harmful,NULL,"The meme uses a visual of a woman looking confused to critique a statement about men, but it does not directly harm or demean the woman."
img02199.jpg,woman,Non-Harmful,NULL,"The meme uses a reaction shot to humorously depict a woman's reaction to marriage proposals, but it does not target women for abuse."
img02200.jpg,woman,Non-Harmful,NULL,The meme uses a woman's expression to illustrate a point about social dynamics but does not target her for abuse.
img02201.jpg,female actors,Non-Harmful,NULL,"The image appears to be a humorous comparison of different actresses' expressions, likely meant as a playful critique rather than an attack."
img02202.jpg,woman holding a knife,Explicit-Harm,Sexual-Harassment,"The meme objectifies the woman by associating her with a 'pokey-stabby' type, implying sexual aggression."
img02203.jpg,woman,Explicit-Harm,Sexual-Harassment,"The meme suggests that screaming obscenities is a cheaper alternative to therapy, implying that therapy is expensive."
img02204.jpg,woman holding coffee pot,Non-Harmful,NULL,"The meme humorously depicts a woman's need for coffee, which is a common everyday scenario and not intended to harm or stereotype women."
img02205.jpg,woman,Explicit-Harm,Sexual-Harassment,"The meme objectifies the woman by focusing on her smell, implying she is responsible for the 'weird coochie smell' in the bathroom."
img02206.jpg,woman,Implicit-Harm,Sexual-Harassment,"The meme perpetuates stereotypes about Asian women, suggesting they are exoticized and objectified."
img02207.jpg,Mexican moms,Implicit-Harm,Misogyny,"The meme stereotypes Mexican mothers as overly protective and dangerous, implying they can harm their children."
img02208.jpg,woman's appearance,Implicit-Harm,Appearance-Attack,"The meme questions the woman's physical appearance and actions, implying judgment based on her body."
img02209.jpg,woman with blue wig,Non-Harmful,NULL,"The image appears to be a meme or a humorous context, but there is no explicit or implicit harm directed towards the woman."
img02210.jpg,women,Non-Harmful,NULL,The meme provides self-help advice but does not target women for abuse.
img02211.jpg,woman's appearance,Non-Harmful,NULL,The meme uses a suggestive image but does not explicitly harm or demean the woman.
img02212.jpg,woman,Non-Harmful,NULL,"The meme is a humorous observation about people arguing over trivial matters rather than discussing cacao powder, which is unrelated to the woman."
img02213.jpg,woman crying,Non-Harmful,NULL,The meme uses a crying woman to illustrate frustration but does not target her for abuse.
img02214.jpg,woman pretending to be on the phone,Non-Harmful,NULL,"The meme humorously depicts a common strategy to avoid harassment, which is not inherently harmful."
img02215.jpg,woman,Non-Harmful,NULL,The image appears to be a humorous meme combining unrelated elements without targeting or harming women.
img02216.jpg,woman caller,Non-Harmful,NULL,"The meme is a humorous take on a common social media behavior, not targeting the woman caller for abuse."
img02217.jpg,angry woman,Implicit-Harm,Misogyny,"The meme suggests that angry women are a result of men's actions, implying that women's anger is unjustified and linked to men's behavior."
img02218.jpg,woman taking a selfie,Non-Harmful,NULL,"The meme uses a popular reaction image to humorously depict someone's excitement over their pet doing nothing, which is not directed at the woman herself but rather the situation being described."
img02219.jpg,woman,Non-Harmful,NULL,The meme provides a health tip unrelated to gender or harmful behavior.
img02220.jpg,woman,Explicit-Harm,Sexual-Harassment,"The meme uses a vulgar sexual phrase 'FUCK ME IN THE ASS' alongside images of women, implying sexual objectification."
img02221.jpg,woman wearing sunglasses,Non-Harmful,NULL,"The meme is a motivational quote encouraging self-confidence and resilience, not targeting women for abuse."
img02222.jpg,woman during menopause,Implicit-Harm,Misogyny,"The meme uses derogatory language to describe a woman's experience during menopause, implying a negative transformation."
img02223.jpg,woman,Non-Harmful,NULL,The meme uses a humorous scenario to critique social expectations rather than targeting women for abuse.
img02224.jpg,woman in group chat,Implicit-Harm,Sexual-Harassment,"The meme suggests sharing secrets with women is a form of sexual intimacy, objectifying the woman's presence in the group chat."
img02225.jpg,woman holding sign,Non-Harmful,NULL,"The meme uses a sign to express a feminist viewpoint, which is a form of advocacy rather than an attack on women."
img02226.jpg,woman in labor,Implicit-Harm,Misogyny,"The meme compares the pain of childbirth to the mild discomfort of a cold, trivializing the severe experience of labor and implying that women's pain is exaggerated."
img02227.jpg,mother,Explicit-Harm,Character-Assassination,"The meme criticizes the woman for prioritizing drugs and men over her children, attacking her as a bad mother."
img02228.jpg,woman,Non-Harmful,NULL,"The meme uses a provocative image and text to provoke thought, not to harm or demean."
img02229.jpg,woman,Non-Harmful,NULL,The meme uses a humorous tone to critique societal behavior rather than targeting women personally.
img02230.jpg,woman at work,Non-Harmful,NULL,The meme uses a relatable scenario to express frustration but does not target or demean the woman.
img02231.jpg,woman in bikini,Non-Harmful,NULL,"The image is a humorous comparison between two individuals, but there is no explicit or implicit harm towards either person."
img02232.jpg,woman,Explicit-Harm,Sexual-Harassment,"The meme objectifies the woman by suggesting she is too large to be sat upon, implying sexual aggression."
img02233.jpg,woman,Implicit-Harm,Sexual-Harassment,"The meme suggests that women naturally speak higher-pitched when attracted to men, implying a sexual interest."
img02234.jpg,woman,Explicit-Harm,Sexual-Harassment,The meme objectifies the woman by equating her worth to a man's physical attraction.
img02235.jpg,woman,Explicit-Harm,Sexual-Harassment,The meme objectifies the woman by reducing her to a 'milf' (mature female) and uses sexual language to describe the interaction.
img02236.jpg,goth girlfriend,Non-Harmful,NULL,The meme uses humor to contrast modern and historical perspectives but does not target the woman for abuse.
img02237.jpg,woman,Non-Harmful,NULL,"The meme uses a scenario involving a zombie apocalypse to illustrate a man's protective behavior towards a woman, which is not intended to harm or demean her."
img02238.jpg,Betty White character,Non-Harmful,NULL,The meme uses Betty White's character to illustrate a relatable scenario without targeting her personally or implying harm.
img02239.jpg,woman's appearance,Implicit-Harm,Sexual-Harassment,"The meme uses size labels ('Small', 'Medium', 'Large', 'Extra large') to objectify women's bodies, suggesting that their worth is determined by their physical attributes."
img02240.jpg,woman scientist,Implicit-Harm,Misogyny,"The meme suggests that jokes about blonde women are simplistic and cater to men, implying a lack of intelligence in women."
img02241.jpg,woman,Explicit-Harm,Sexual-Harassment,"The meme objectifies the woman by equating her reproductive function with a commodity, suggesting she is a means to an end."
img02242.jpg,pregnant woman,Implicit-Harm,Misogyny,"The meme compares a pregnant woman unfavorably to a lightbulb, suggesting she cannot be changed like a lightbulb can be unscrewed."
img02243.jpg,conventionally attractive woman,Implicit-Harm,Sexual-Harassment,"The meme suggests that conventionally attractive women are often the targets of sexual attention, implying a stereotype of objectification."
img02244.jpg,woman eating,Non-Harmful,NULL,"The meme is a humorous observation about expectations versus reality, not targeting the woman for abuse."
img02245.jpg,woman,Non-Harmful,NULL,The meme uses a humorous scenario but does not explicitly harm or demean the woman.
img02246.jpg,woman,Non-Harmful,NULL,The meme expresses a personal struggle but does not target or demean women.
img02247.jpg,femininity,Non-Harmful,NULL,The meme uses contrasting images of traditional femininity and feminism to provoke thought but does not explicitly harm or attack women.
img02248.jpg,woman,Non-Harmful,NULL,The meme is a humorous scenario depicting a supportive interaction between two people.
img02249.jpg,woman,Non-Harmful,NULL,"The meme uses a humorous tone to motivate women, not to harm them."
img02250.jpg,woman being pushed,Non-Harmful,NULL,"The meme uses a physical altercation to humorously depict different groups of people, but there is no explicit or implicit harm towards women."
img02251.jpg,woman in a grocery store,Non-Harmful,NULL,"The meme is a playful expression of admiration, not a form of harm."
img02252.jpg,women,Implicit-Harm,Misogyny,"The meme suggests that women should stop being smarter than men to be treated as equals, implying that intelligence is a barrier to equality."
img02253.jpg,woman,Explicit-Harm,Sexual-Harassment,"The meme objectifies the woman by comparing her to a 'delicate flower', reducing her to a sexualized object."
img02254.jpg,woman,Non-Harmful,NULL,"The meme uses humor to mock a situation where a woman is overly eager to marry someone who has broken up with her, but there is no explicit or implicit harm towards women."
img02255.jpg,woman's appearance,Explicit-Harm,Misogyny,"The meme uses a derogatory term 'Nature's Chastity Belt' to criticize women's bodies, equating femininity with sexual restraint."
img02256.jpg,woman sleeping,Non-Harmful,NULL,The meme humorously contrasts expectations with reality but does not target the woman for abuse.
img02257.jpg,woman drinking,Non-Harmful,NULL,The meme uses a woman as a visual element but does not target her for abuse; it's a humorous observation about karma.
img02258.jpg,woman holding a glass,Non-Harmful,NULL,"The meme uses a historical painting to humorously depict a modern scenario, without targeting or demeaning the woman."
img02259.jpg,fat woman,Implicit-Harm,Appearance-Attack,"The meme criticizes the woman's body size, implying that she is judgmental towards others based on their appearance."
img02260.jpg,therapist,Non-Harmful,NULL,"The meme is a humorous self-reference by the therapist, not targeting women for abuse."
img02261.jpg,woman's appearance,Non-Harmful,NULL,"The image shows a woman smiling and holding her hand to her face, but there is no explicit or implicit harm towards her."
img02262.jpg,woman,Non-Harmful,NULL,The meme uses a scene from 'The Devil Wears Prada' to express frustration but does not target women for abuse.
img02263.jpg,woman,Non-Harmful,NULL,The meme uses a neutral expression to humorously depict a situation without targeting the woman for abuse.
img02264.jpg,woman on the market,Implicit-Harm,Misogyny,"The meme uses a metaphor comparing the woman to a clearance sale, implying she is being discarded or devalued."
img02265.jpg,elderly women,Non-Harmful,NULL,"The meme uses humor to depict a casual conversation between two elderly women, which is not intended to harm them."
img02266.jpg,woman,Explicit-Harm,Misogyny,"The meme uses a derogatory comparison to reduce women to mere objects, promoting a harmful stereotype."
img02267.jpg,woman in labor,Implicit-Harm,Misogyny,"The meme compares the pain of childbirth to the discomfort of a cold, implying childbirth is trivial compared to a man's experience."
img02268.jpg,female groups,Implicit-Harm,Misogyny,"The meme stereotypes women into two extremes, implying that all women fit into these narrow roles."
img02269.jpg,woman,Non-Harmful,NULL,The meme is a humorous reaction to a situation but does not target a woman for abuse.
img02270.jpg,woman,Non-Harmful,NULL,"The meme is a humorous depiction of a situation where someone finds support online, but it does not target a woman for abuse."
img02271.jpg,woman,Non-Harmful,NULL,"The meme uses a comparison to highlight similarity between the woman in the foreground and others, which is a form of flattery rather than harm."
img02272.jpg,woman,Non-Harmful,NULL,"The meme is a humorous statement about a woman's statement, not targeting her for abuse."
img02273.jpg,woman,Explicit-Harm,Misogyny,"The meme uses a derogatory term 'HAT' to demean the woman, implying she is unworthy of being part of a 'circle'."
img02274.jpg,woman,Non-Harmful,NULL,"The meme uses a historical context to make a point about men being 'in touch with their feminine side,' but it does not target women for abuse."
img02275.jpg,woman,Non-Harmful,NULL,"The meme uses a humorous scenario to make a point about multitasking, not targeting women for abuse."
img02276.jpg,woman's reaction,Non-Harmful,NULL,"The meme uses a woman's exaggerated reaction to express disbelief, which is a common internet trope but does not target women for abuse."
img02277.jpg,woman,Implicit-Harm,Misogyny,"The meme criticizes women for not shaving their underarms, implying a double standard or judgment based on personal grooming."
img02278.jpg,woman,Non-Harmful,NULL,"The meme is a humorous statement about disagreement, not targeting the woman for abuse."
img02279.jpg,woman in bed,Implicit-Harm,Misogyny,"The meme suggests the woman is suspicious of her partner's intentions, implying distrust and insecurity about his fidelity."
img02280.jpg,woman cooking,Implicit-Harm,Misogyny,"The meme suggests that single women are less likely to eat certain foods, implying a stereotype about their preferences."
img02281.jpg,female athletes,Explicit-Harm,Sexual-Harassment,The meme objectifies the women by focusing on their bodies and suggesting they are desirable for men.
img02282.jpg,woman,Non-Harmful,NULL,"The meme uses a humorous comparison between humans and Titans from Attack on Titan, but it does not target women for abuse."
img02283.jpg,woman,Explicit-Harm,Sexual-Harassment,"The meme uses a derogatory term 'pres. crotch-grabber' to refer to a political figure, implying sexual harassment."
img02284.jpg,woman,Non-Harmful,NULL,The meme uses a quote to highlight a common societal expectation but does not explicitly harm or demean the woman.
img02285.jpg,woman's appearance,Non-Harmful,NULL,"The image shows a close-up of a person wearing large, round glasses, but there is no explicit or implicit harm directed towards a woman."
img02286.jpg,woman,Explicit-Harm,Sexual-Harassment,The meme objectifies the woman by depicting her as a mere body part and uses sexual aggression.
img02287.jpg,woman smoking,Non-Harmful,NULL,The meme uses a woman's smoking habit as a humorous context but does not target her for abuse.
img02288.jpg,woman,Non-Harmful,NULL,"The meme is a humorous exchange between two individuals, not targeting the woman for abuse."
img02289.jpg,women's appearance,Non-Harmful,NULL,"The image shows two women in revealing outfits, but there is no explicit or implicit harm towards them."
img02290.jpg,woman shoppers,Non-Harmful,NULL,"The meme humorously contrasts the speaker's lack of money with their extravagant shopping habits, but it does not target women for abuse."
img02291.jpg,woman's appearance,Non-Harmful,NULL,The meme does not target a woman for abuse; it appears to be a humorous commentary on a child's imaginative play.
img02292.jpg,woman,Non-Harmful,NULL,"The meme is a humorous observation about a relatable experience, not targeting or demeaning women."
img02293.jpg,women,Non-Harmful,NULL,"The meme uses humor to make a light-hearted observation about aging and life goals, without targeting women for abuse."
img02294.jpg,woman eating,Non-Harmful,NULL,"The meme humorously contrasts the woman's body's reaction with her hormones' influence, without targeting her for abuse."
img02295.jpg,Tara Reade,Non-Harmful,NULL,The meme references Tara Reade but does not explicitly harm her or make a derogatory statement about her.
img02296.jpg,woman,Non-Harmful,NULL,"The meme uses Beyoncé to illustrate a humorous comparison between male and female reactions to jokes, which is not intended to harm or demean her."
img02297.jpg,woman on her period,Non-Harmful,NULL,"The meme uses a mature content warning to humorously suggest that women are more difficult to deal with during their periods, but it does not explicitly harm or demean women."
img02298.jpg,woman in a party scene,Non-Harmful,NULL,"The meme uses a scene from a movie to humorously depict a person's attempt to be cheerful, but the context is not directed at a specific woman or gender-based harm."
img02299.jpg,woman's appearance,Implicit-Harm,Appearance-Attack,"The meme suggests that maintaining a serious expression is more attractive than smiling, implying that smiling causes wrinkles."
img02300.jpg,woman,Explicit-Harm,Character-Assassination,"The meme uses extreme scenarios to attack the woman's character, implying she is untrustworthy."
img02301.jpg,woman,Non-Harmful,NULL,"The meme uses a before-and-after format to illustrate personal growth after a breakup, which is a positive message about self-discovery."
img02302.jpg,women,Non-Harmful,NULL,The meme uses a humorous juxtaposition to critique the feminism debate but does not directly harm or demean women.
img02303.jpg,woman,Non-Harmful,NULL,The meme uses a sarcastic tone but does not directly harm or demean the woman.
img02304.jpg,women offended by man spreading,Implicit-Harm,Sexual-Harassment,"The meme suggests that women who are offended by man spreading have made a sexual preference choice, implying they are responsible for their own discomfort."
img02305.jpg,woman,Non-Harmful,NULL,The meme references a TV show but does not directly harm or demean the woman.
img02306.jpg,woman in bed,Implicit-Harm,Sexual-Harassment,"The meme suggests the woman is being objectified and the man is thinking about other women, implying sexual interest."
img02307.jpg,woman in bed,Implicit-Harm,Sexual-Harassment,"The meme suggests the woman is being thought about by others, implying sexual interest or objectification."
img02308.jpg,woman,Non-Harmful,NULL,"The meme quotes a tweet suggesting a challenge to name a woman associated with a collection of interests, which is a form of gender-based discrimination but not inherently harmful."
img02309.jpg,woman in bed,Non-Harmful,NULL,The meme uses humor to highlight a common complaint about marriage but does not target or demean women.
img02310.jpg,woman,Implicit-Harm,Misogyny,"The meme perpetuates the stereotype that women are only interested in fitness, reducing them to a superficial characteristic."
img02311.jpg,female warriors,Non-Harmful,NULL,The meme celebrates strong female characters without implying any negative connotations.
img02312.jpg,woman,Non-Harmful,NULL,The meme uses a visual of a woman to illustrate a humorous situation but does not target her for abuse.
img02313.jpg,woman,Non-Harmful,NULL,The meme references a legal consequence but does not directly harm or demean the woman.
img02314.jpg,nurse,Implicit-Harm,Sexual-Harassment,"The nurse's question about drinking, smoking, and narcotics is inappropriate and could be interpreted as a sexual advance."
img02315.jpg,woman's smile,Non-Harmful,NULL,"The meme uses a woman's smile to illustrate a humorous misunderstanding, which is not intended to harm or demean her."
img02316.jpg,woman holding a baby,Non-Harmful,NULL,"The meme is a humorous statement about holding a baby, not targeting the woman for abuse."
img02317.jpg,woman pointing,Non-Harmful,NULL,"The meme uses a scene from a TV show to humorously depict a character reacting to a cat, but there is no direct harm to a woman."
img02318.jpg,woman's appearance,Non-Harmful,NULL,"The meme uses playful language to describe women's fashion choices, which is not intended to harm them."
img02319.jpg,woman in bed,Non-Harmful,NULL,"The meme is a humorous observation about the perspective of a woman in a relationship, not targeting her for abuse."
img02320.jpg,woman pointing,Non-Harmful,NULL,The meme uses a woman pointing as part of a humorous scenario but does not target or demean women.
img02321.jpg,woman trying to make friends,Non-Harmful,NULL,"The meme uses a woman's reaction to humorously depict the awkwardness of social interactions, not targeting her for abuse."
img02322.jpg,woman's appearance,Non-Harmful,NULL,"The meme uses a before-and-after comparison to humorously highlight the change in appearance after checking in, which is a playful observation rather than an attack."
img02323.jpg,woman,Implicit-Harm,Sexual-Harassment,"The meme suggests that pleasing a woman sexually is the ultimate goal, objectifying her as a means to an end."
img02324.jpg,girl,Explicit-Harm,Appearance-Attack,"The meme uses derogatory language to describe the girl's appearance, implying she is 'ugly'."
img02325.jpg,customer,Non-Harmful,NULL,The meme does not target a woman for abuse; it is a humorous observation about customer appreciation.
img02326.jpg,woman,Non-Harmful,NULL,"The meme uses a quote that is meant to be humorous and self-deprecating, not harmful."
img02327.jpg,women walking,Non-Harmful,NULL,The meme is promoting a product and does not target women for abuse.
img02328.jpg,woman in Wonder Woman costume,Implicit-Harm,Misogyny,"The meme objectifies the woman by depicting her in a revealing costume in a professional setting, suggesting she is only valuable for her appearance."
img02329.jpg,fat woman,Implicit-Harm,Appearance-Attack,"The meme uses a large, overweight woman as a visual metaphor for lack of food, implying she is unattractive due to her size."
img02330.jpg,woman with cold hands,Non-Harmful,NULL,"The meme uses sarcasm to mock the exaggerated reaction of a woman to having cold hands, which is not intended as a serious complaint."
img02331.jpg,Crazy Woman Creek,Non-Harmful,NULL,"The sign is a geographical name, not a derogatory term directed at women."
img02332.jpg,woman holding a gun,Non-Harmful,NULL,"The meme celebrates a strong, independent woman, which is not abusive towards women."
img02333.jpg,woman runner,Non-Harmful,NULL,The meme humorously contrasts the idealized perception of running with the reality of not actually running.
img02334.jpg,woman holding a knife,Explicit-Harm,Character-Assassination,"The meme depicts a woman holding a knife, suggesting violence towards another person."
img02335.jpg,woman wearing a mask,Non-Harmful,NULL,The meme uses a woman wearing a mask as part of a humorous scenario but does not target her for abuse.
img02336.jpg,woman,Non-Harmful,NULL,"The meme questions a scenario involving a woman being right, but it does not target women for abuse."
img02337.jpg,woman pointing,Non-Harmful,NULL,"The image shows two women engaged in a heated discussion, but there is no explicit or implicit harm being targeted towards them."
img02338.jpg,woman,Non-Harmful,NULL,"The meme uses a vintage pin-up style image to mock someone's online behavior, but it does not target women for abuse."
img02339.jpg,toxic women,Implicit-Harm,Misogyny,"The meme suggests that toxic women are attractive, promoting a harmful stereotype about women."
img02340.jpg,woman,Explicit-Harm,Sexual-Harassment,The meme objectifies the woman by suggesting she will have a bad day due to her sexual behavior.
img02341.jpg,woman in pin-up style,Implicit-Harm,Misogyny,The meme uses a pin-up image to imply a dangerous and violent mindset towards women.
img02342.jpg,woman's behavior,Implicit-Harm,Misogyny,"The meme suggests that women are more likely to move away from a situation compared to men, implying a gender stereotype about assertiveness."
img02343.jpg,woman,Non-Harmful,NULL,"The meme uses a stock image of a woman pointing at a man, but the context is political commentary rather than targeting the woman."
img02344.jpg,woman,Non-Harmful,NULL,The meme uses a humorous scenario but does not target or demean the woman.
img02345.jpg,over-emotional women,Explicit-Harm,Misogyny,"The meme labels women as 'over-emotional' and 'below average intelligence', attacking their emotional state and cognitive abilities as a class."
img02346.jpg,woman wearing a costume,Non-Harmful,NULL,"The meme uses a costume to make a point about race and racism, but it does not target the woman herself for abuse."
img02347.jpg,woman's body,Explicit-Harm,Appearance-Attack,"The meme objectifies the woman's body by comparing her 'extra meat' to the idea of 'thick thighs saving lives', implying that her weight is significant."
img02348.jpg,girls,Implicit-Harm,Misogyny,"The meme uses a condescending tone to criticize girls for having pockets in their dresses, implying they are overly practical or unattractive."
img02349.jpg,woman in pin-up style,Non-Harmful,NULL,"The image is a playful, humorous depiction of a woman in a pin-up style, with no explicit or implicit harm intended."
img02350.jpg,woman,Non-Harmful,NULL,"The meme uses a woman to illustrate a complex argument about gender roles and identity, but it does not target her for abuse."
img02351.jpg,woman,Non-Harmful,NULL,"The meme uses a comparison between a leopard and a cougar to make a humorous observation about their abilities, without targeting or demeaning the woman."
img02352.jpg,woman athlete,Implicit-Harm,Sexual-Harassment,"The meme objectifies the woman by equating her muscular physique with sexual availability, implying she is only valuable for her physical attributes rather than her career achievements."
img02353.jpg,woman,Non-Harmful,NULL,The meme contrasts modern social media activism with historical military heroism but does not target women for abuse.
img02354.jpg,woman pointing,Non-Harmful,NULL,"The meme uses a woman pointing to create a humorous contrast with the church sign, but there is no explicit or implicit harm towards women."
img02355.jpg,housewife,Explicit-Harm,Misogyny,The meme uses derogatory language to demean the housewife's role and character.
img02356.jpg,woman professor,Non-Harmful,NULL,"The meme is a humorous label applied to a woman professor, not targeting her for abuse."
img02357.jpg,woman,Non-Harmful,NULL,"The meme uses a scene from a movie to make a point about gender assumptions, which is a form of social commentary rather than an attack on women."
img02358.jpg,woman,Non-Harmful,NULL,"The meme uses a comparison between a woman and a dog to make a humorous observation, but it does not target the woman for abuse."
img02359.jpg,woman,Explicit-Harm,Character-Assassination,"The meme uses derogatory language to attack the woman's independence and government assistance, implying she is dependent."
img02360.jpg,woman in 'Fuller House',Non-Harmful,NULL,The meme references a TV show and does not target the woman for abuse.
img02361.jpg,woman surfer,Non-Harmful,NULL,"The meme is a humorous depiction of a surfer, not targeting women for abuse."
img02362.jpg,woman's appearance,Implicit-Harm,Appearance-Attack,"The meme compares a woman's idealized beach body to their current state, implying dissatisfaction with their appearance."
img02363.jpg,woman's thighs,Implicit-Harm,Appearance-Attack,"The meme suggests that the woman's thighs being thick is a reason for her lack of patience, implying that her appearance affects her character."
img02364.jpg,"strong, independent black woman",Non-Harmful,NULL,"The meme celebrates a strong, independent woman without any negative connotations."
img02365.jpg,woman's appearance,Non-Harmful,NULL,"The meme uses a woman's appearance to frame a question, but it does not target her for abuse."
img02366.jpg,woman in a car,Explicit-Harm,Sexual-Harassment,The text suggests a sexual proposition and a casual attitude towards sexual behavior.
img02367.jpg,woman,Non-Harmful,NULL,"The image uses a cat to represent a woman, which is a playful comparison rather than an attack."
img02368.jpg,cosplay girl,Non-Harmful,NULL,"The meme uses a religious story to humorously contrast cosplay with Adam and Eve's situation, which is not abusive towards women."
img02369.jpg,woman taking a selfie,Non-Harmful,NULL,"The meme humorously depicts a situation where Santa misunderstands a wish, but there is no harm directed towards the woman."
img02370.jpg,black girl,Non-Harmful,NULL,"The meme is a self-affirmation statement expressing pride in being a black girl, without any harmful connotations."
img02371.jpg,girls,Implicit-Harm,Misogyny,"The meme contrasts 'good' and 'bad' aspects of girls, implying that their trustworthiness is questionable."
img02372.jpg,woman,Explicit-Harm,Misogyny,"The meme uses a medical diagnosis to mock the woman's gender, perpetuating harmful stereotypes about women's health."
img02373.jpg,women shoppers,Non-Harmful,NULL,The meme uses a humorous juxtaposition of school supplies and 'shosple colupis' (a made-up term) without targeting women for abuse.
img02374.jpg,woman,Non-Harmful,NULL,"The meme is a humorous comparison between two individuals' reactions, not targeting a woman for abuse."
img02375.jpg,women,Non-Harmful,NULL,The meme compares social interactions between men and women but does not imply any harmful behavior towards women.
img02376.jpg,Indian Aunties,Implicit-Harm,Misogyny,"The meme portrays Indian aunties as judgmental and overly concerned with a girl's future romantic prospects, which is a form of gender stereotyping."
img02377.jpg,woman,Non-Harmful,NULL,The meme humorously depicts a relatable situation without targeting or demeaning the woman.
img02378.jpg,Italian girls,Implicit-Harm,Misogyny,"The meme stereotypes Italian girls as aggressive and difficult to understand, implying they are inherently problematic."
img02379.jpg,woman,Non-Harmful,NULL,"The meme is a humorous observation about a character's role in a game, not targeting the woman for abuse."
img02380.jpg,old ladies,Explicit-Harm,Misogyny,"The meme portrays older women as angry and aggressive, suggesting they are easily offended and overreactive."
img02381.jpg,woman's appearance,Non-Harmful,NULL,"The meme uses a humorous scenario to highlight the disappointment of not getting a picture despite wearing well, which is a common social observation but not an attack."
img02382.jpg,woman,Explicit-Harm,Appearance-Attack,"The meme suggests that a woman's appearance is so important that her husband would sue her for not applying makeup, implying she is unattractive."
img02383.jpg,celebrities and models,Non-Harmful,NULL,"The meme contrasts the glamour of celebrities and models with a random cashier, but does not demean or attack the women themselves."
img02384.jpg,woman,Non-Harmful,NULL,The meme uses a humorous scenario to critique social interactions but does not target women for abuse.
img02385.jpg,woman drinking wine and smoking,Non-Harmful,NULL,"The meme humorously depicts a person's behavior on Wednesday, but there is no explicit or implicit harm towards women."
img02386.jpg,woman holding a pregnancy test,Non-Harmful,NULL,"The image shows a woman reacting to a pregnancy test result, but there is no explicit or implicit harm directed towards her."
img02387.jpg,woman drinking with friends,Non-Harmful,NULL,The meme humorously comments on a shared experience among women without implying any negative or harmful intent towards them.
img02388.jpg,woman pointing,Non-Harmful,NULL,"The meme contrasts trust in science versus television, but does not target women for abuse."
img02389.jpg,women,Implicit-Harm,Sexual-Harassment,"The meme suggests that women will never like you, perpetuating the idea that women are unattainable or difficult to please, which is a form of objectification and devaluation of women."
img02390.jpg,woman,Non-Harmful,NULL,The meme uses humor to critique a feminist perspective rather than targeting women themselves.
img02391.jpg,woman,Explicit-Harm,Misogyny,"The meme uses derogatory language to generalize men as 'pigs', attacking their character and perpetuating negative stereotypes."
img02392.jpg,woman,Implicit-Harm,Misogyny,"The meme uses a broad generalization to attack women collectively, implying they have unrealistic desires and are difficult to please."
img02393.jpg,women,Non-Harmful,NULL,"The meme uses a humorous comparison between two women's public personas and their private lives, which is a common form of self-deprecating humor."
img02394.jpg,Neanderthal woman,Non-Harmful,NULL,"The meme uses a historical context to make a humorous observation, not targeting the Neanderthal woman for abuse."
img02395.jpg,woman,Explicit-Harm,Misogyny,"The meme uses a stereotype to imply that Southern women are dangerous, which is a form of dehumanization."
img02396.jpg,woman's thoughts,Implicit-Harm,Sexual-Harassment,"The meme suggests that the woman's thoughts are focused on her physical appearance and relationships, objectifying her."
img02397.jpg,woman in bathtub,Explicit-Harm,Sexual-Harassment,"The meme depicts a woman in a suggestive pose with blood, implying sexual violence."
img02398.jpg,girls with long hair,Implicit-Harm,Appearance-Attack,"The meme suggests that girls with long hair are inherently more attractive, which can be seen as objectifying their appearance."
img02399.jpg,woman holding a gun,Non-Harmful,NULL,"The meme uses a humorous scenario involving a woman holding a gun, but there is no explicit or implicit harm towards women."
img02400.jpg,woman,Non-Harmful,NULL,"The meme criticizes the double standard of insulting men versus women, but does not directly harm the woman depicted."
img02401.jpg,girlfriend,Non-Harmful,NULL,"The meme uses a child's advice to suggest a supportive response to a crying girlfriend, which is a positive action rather than an attack."
img02402.jpg,gamer girls,Non-Harmful,NULL,"The meme compares stereotypical and realistic portrayals of gaming, aiming to educate rather than harm."
img02403.jpg,woman,Non-Harmful,NULL,The meme lists phrases commonly used by women but does not attack or demean them.
img02404.jpg,woman,Non-Harmful,NULL,The meme uses a neutral statement without targeting or demeaning a woman.
img02405.jpg,woman being comforted,Non-Harmful,NULL,"The meme depicts a supportive interaction between two women, expressing empathy rather than harm."
img02406.jpg,woman,Non-Harmful,NULL,"The meme is a reaction to a comparison between the woman and AOC, but it does not target the woman herself for abuse."
img02407.jpg,woman wearing 'THAT'S HOT!' shirt,Non-Harmful,NULL,"The meme uses a positive reaction to a crush's appearance as a joke, which is not meant to harm the woman."
img02408.jpg,woman's appearance,Non-Harmful,NULL,"The image contrasts women's perceived desires with men's actual desires, but it does not target women for abuse."
img02409.jpg,woman,Non-Harmful,NULL,"The meme compares how men and women perceive each other based on age, which is a neutral observation."
img02410.jpg,Cher,Non-Harmful,NULL,"The meme uses Cher's past and present statements to highlight a change in perspective over time, which is a form of counter-speech rather than an attack."
img02411.jpg,woman's appearance,Non-Harmful,NULL,"The meme humorously highlights a shoe choice that detracts from the overall family photo, but there is no intent to harm or demean the women."
img02412.jpg,woman shopping for shampoo,Non-Harmful,NULL,The meme compares the number of uses for different shampoos but does not target women for abuse.
img02413.jpg,woman's appearance,Non-Harmful,NULL,"The meme uses a humorous juxtaposition of a 'respect applicator' and 'women pellets' to make a light-hearted joke about women's appearance, but it does not target women for abuse."
img02414.jpg,fat women,Explicit-Harm,Appearance-Attack,"The meme uses derogatory language to describe fat women, attacking their character and worthiness."
img02415.jpg,woman,Non-Harmful,NULL,The meme uses a humorous comparison but does not demean the woman.
img02416.jpg,woman,Non-Harmful,NULL,The meme uses a humorous scenario involving a woman but does not target her for abuse.
img02417.jpg,woman,Explicit-Harm,Misogyny,"The meme directly states hatred towards women, targeting them as a group."
img02418.jpg,woman,Explicit-Harm,Sexual-Harassment,"The meme suggests a sexual proposition from the man to the woman, implying unwanted advances."
img02419.jpg,woman hunter,Implicit-Harm,Misogyny,"The meme objectifies the woman by suggesting her hunting prowess is due to her gender, implying she is only valuable as a spectacle."
img02420.jpg,woman,Non-Harmful,NULL,The meme uses a question to express confusion but does not target or demean women.
img02421.jpg,woman in lingerie,Non-Harmful,NULL,"The image appears to be a humorous comparison between two women, one in lingerie and another with donuts on her head, without any explicit or implicit harm towards either."
img02422.jpg,woman in Wonder Woman costume,Implicit-Harm,Misogyny,"The meme suggests women should control their men, implying a hierarchy where women are responsible for managing men's behavior."
img02423.jpg,woman's appearance,Implicit-Harm,Appearance-Attack,"The meme uses a large, exaggerated figure to humorously suggest that the woman's body is aware of the weekend, implying a focus on her physical attributes."
img02424.jpg,girls with brown eyes and hair,Non-Harmful,NULL,"The meme uses a comparison between two girls to highlight their differences, which is a neutral observation rather than an attack."
img02425.jpg,woman,Implicit-Harm,Misogyny,"The meme suggests that women are preferred in morgues due to their assumed cleanliness, perpetuating a stereotype about women."
img02426.jpg,two women,Non-Harmful,NULL,The meme humorously depicts a common social scenario without targeting or demeaning the women involved.
img02427.jpg,woman's appearance,Non-Harmful,NULL,The meme uses a humorous license plate and cat reference but does not target women for abuse.
img02428.jpg,blind woman,Non-Harmful,NULL,"The meme uses a visual of a blind person to make a humorous observation about the movie ""Bird Box"" without targeting the woman for abuse."
img02429.jpg,woman,Non-Harmful,NULL,The meme uses humor to express frustration during menstruation but does not target or demean women.
img02430.jpg,woman,Non-Harmful,NULL,The meme does not target a woman for abuse; it is a humorous comparison between two individuals.
img02431.jpg,woman's appearance,Non-Harmful,NULL,The meme uses a historical painting to humorously depict a common experience without targeting or demeaning the woman.
img02432.jpg,Wonder Woman,Non-Harmful,NULL,"The meme uses Wonder Woman as a humorous example of a woman experiencing everyday inconveniences, which is not intended to harm or demean her."
img02433.jpg,woman,Implicit-Harm,Misogyny,"The meme uses laughter and mocking language to trivialize women, perpetuating a stereotype of women as objects of amusement."
img02434.jpg,woman student,Non-Harmful,NULL,"The meme uses a humorous scenario to express confusion during a French exam, unrelated to any form of harm towards women."
img02435.jpg,woman being kissed,Non-Harmful,NULL,"The meme uses a visual of a woman being kissed to make a political statement, which is not targeting the woman for abuse."
img02436.jpg,woman wearing a sash,Non-Harmful,NULL,"The meme is a humorous statement about gender roles, not targeting women for abuse."
img02437.jpg,woman wearing t-shirt,Non-Harmful,NULL,The meme does not target a woman for abuse; it is a humorous reference to a popular meme format.
img02438.jpg,woman drinking wine,Non-Harmful,NULL,The meme uses a humorous scenario to critique a mother's expectation but does not target the woman for abuse.
img02439.jpg,women,Explicit-Harm,Misogyny,The meme uses derogatory language ('basic bitches') to demean women.
img02440.jpg,women posing,Non-Harmful,NULL,"The meme uses a humorous scientific term to describe a common social phenomenon, not targeting women for abuse."
img02441.jpg,Italian girl,Implicit-Harm,Misogyny,"The meme uses a stereotype about Italian women to imply they are untrustworthy, attacking their character."
img02442.jpg,woman,Non-Harmful,NULL,The meme uses a quote from a woman but does not target her for abuse.
img02443.jpg,pregnant woman,Explicit-Harm,Sexual-Harassment,"The meme suggests that a 17-year-old girl should be forced to live with the consequences of a 17-year-old boy's mistake, implying sexual coercion."
img02444.jpg,women,Implicit-Harm,Misogyny,"The meme uses exaggerated and unrealistic criteria to describe women, implying they must meet specific standards to be desirable."
img02445.jpg,woman,Non-Harmful,NULL,"The meme uses a humorous scenario involving Google Maps to question the identity of a woman, but it does not target or demean women."
img02446.jpg,mother,Non-Harmful,NULL,"The meme is a humorous depiction of a child's reaction to their mother's instruction, not targeting the mother for abuse."
img02447.jpg,woman,Implicit-Harm,Character-Assassination,"The meme suggests that a woman's polite response is sarcastic, implying she is being manipulative."
img02448.jpg,woman's appearance,Non-Harmful,NULL,"The meme uses a series of images of a woman to humorously depict the idea of constantly thinking about someone, but it does not target the woman for abuse."
img02449.jpg,woman,Non-Harmful,NULL,The meme uses a scenario involving a woman but does not target her for abuse.
img02450.jpg,woman with multiple personalities,Non-Harmful,NULL,The meme uses a humorous tone to describe a personality disorder without derogatory intent.
img02451.jpg,medical professionals,Non-Harmful,NULL,The meme uses a humorous scenario involving medical advice but does not target women for abuse.
img02452.jpg,woman,Non-Harmful,NULL,The meme does not target a woman for abuse; it is a statement about honesty.
img02453.jpg,woman's behavior,Implicit-Harm,Misogyny,"The meme suggests a preference for women who are passive or submissive, which perpetuates gender stereotypes."
img02454.jpg,woman's behavior,Implicit-Harm,Character-Assassination,"The meme suggests that a woman's polite response is a manipulative tactic to return to the friend zone, implying she is trying to control the relationship dynamics."
img02455.jpg,woman's appearance,Non-Harmful,NULL,"The meme uses a comparison between a woman's choice of religion and her lack of motivation to exercise, but it does not explicitly harm or attack the woman herself."
img02456.jpg,women wearing 'ANTI-FEMINIST' shirts,Explicit-Harm,Misogyny,"The meme uses offensive language and imagery to promote anti-feminist views, targeting women."
img02457.jpg,woman,Explicit-Harm,Violence,"The meme suggests that laughing during an argument is a sign of mental instability and imminent violence, perpetuating harmful stereotypes about women's behavior."
img02458.jpg,woman in bed,Explicit-Harm,Sexual-Harassment,"The meme suggests a violent sexual scenario, implying a threat of death if the woman does not comply."
img02459.jpg,woman wearing sunglasses,Non-Harmful,NULL,"The meme uses a statement to express solidarity among women, which is not harmful."
img02460.jpg,woman's appearance,Non-Harmful,NULL,The meme uses a comparison to highlight a humorous situation but does not target or demean the woman's appearance.
img02461.jpg,women/girls,Non-Harmful,NULL,"The meme critiques the idea that hurting women and girls is sufficient, suggesting that men's issues should also be addressed."
img02462.jpg,woman pointing,Non-Harmful,NULL,"The meme uses a popular TV show scene to make a humorous point about relationships, not targeting women for abuse."
img02463.jpg,fat woman,Implicit-Harm,Appearance-Attack,"The meme uses a fat woman as a visual metaphor to criticize the quality of food, implying she is the reason for the greasiness."
img02464.jpg,Lucy Ricardo,Non-Harmful,NULL,"The meme uses a quote from a fictional character to make a humorous point, not targeting women for abuse."
img02465.jpg,woman,Explicit-Harm,Misogyny,"The meme trivializes women's health issues by suggesting that every symptom points to death or perimenopause, implying that women's lives are constantly fraught with health problems."
img02466.jpg,woman,Non-Harmful,NULL,"The meme uses a cat to humorously represent a woman, but there is no explicit or implicit harm towards women."
img02467.jpg,Wonder Woman,Non-Harmful,NULL,"The meme uses Wonder Woman as a figure of strength and empowerment, not to attack or demean women."
img02468.jpg,woman in period dress,Non-Harmful,NULL,"The meme uses a historical context to make a philosophical point about reality, which is not directed at a specific woman or gender."
img02469.jpg,Italian women,Explicit-Harm,Sexual-Harassment,"The meme objectifies Italian women by comparing them to shotguns, suggesting they are dangerous and threatening."
img02470.jpg,cartoon characters,Non-Harmful,NULL,"The image is a humorous crossover of cartoon characters, not targeting women for abuse."
img02471.jpg,woman,Non-Harmful,NULL,The meme humorously depicts a common scenario without targeting or demeaning the woman.
img02472.jpg,women in a party setting,Non-Harmful,NULL,The meme uses a party scene to illustrate a common social situation but does not target women for abuse.
img02473.jpg,woman's appearance,Explicit-Harm,Sexual-Harassment,"The meme criticizes the woman's muscular physique and breast size, implying these features make her appear masculine."
img02474.jpg,woman,Explicit-Harm,Sexual-Harassment,"The meme objectifies women by suggesting that any woman showing interest is a threat, implying sexual harassment and potential violence."
img02475.jpg,woman with hair rollers,Implicit-Harm,Misogyny,The meme uses a stereotypical image of a woman doing housework to make a derogatory statement about women's behavior.
img02476.jpg,women's appearance,Non-Harmful,NULL,"The meme uses a before-and-after format to humorously depict the effect of alcohol on a woman's attractiveness, but it does not target women for abuse."
img02477.jpg,woman's appearance,Non-Harmful,NULL,"The meme uses a stereotypical image of a woman to represent a reaction to a man's behavior, but it does not explicitly harm or attack the woman herself."
img02478.jpg,woman working on a computer,Non-Harmful,NULL,"The meme is a self-deprecating joke about a woman's work habits, not targeting her for abuse."
img02479.jpg,woman,Non-Harmful,NULL,The meme humorously contrasts the expectation of a Taurus person being busy with their actual relaxed behavior upon returning home.
img02480.jpg,woman,Non-Harmful,NULL,"The meme uses a humorous comparison between a broken plate and a nuclear disaster, but it does not target women for abuse."
img02481.jpg,woman,Non-Harmful,NULL,The meme targets minorities and men negatively but does not specifically harm the woman depicted.
img02482.jpg,woman,Non-Harmful,NULL,"The meme is a humorous exchange between two characters, not targeting a woman for abuse."
img02483.jpg,woman's appearance,Implicit-Harm,Sexual-Harassment,"The meme compares the woman's muscular physique unfavorably to a smaller chest, implying that her appearance is less desirable."
img02484.jpg,woman pointing,Non-Harmful,NULL,"The meme uses a humorous scenario involving a woman pointing accusingly, but there is no explicit or implicit harm towards women."
img02485.jpg,woman,Non-Harmful,NULL,"The meme uses a humorous exchange between two women to make a point about craftsmanship, not targeting women for abuse."
img02486.jpg,woman,Non-Harmful,NULL,"The meme is a humorous request for affection, not a harmful statement towards women."
img02487.jpg,girls,Implicit-Harm,Misogyny,"The meme labels girls based on their perceived relationship issues with parents, implying these issues are inherently negative."
img02488.jpg,Kim Kardashian,Non-Harmful,NULL,The meme uses Kim Kardashian's images to illustrate a humorous internal conflict but does not target her for abuse.
img02489.jpg,woman,Implicit-Harm,Misogyny,"The meme portrays a woman as inherently dangerous, perpetuating a harmful stereotype about women's intentions."
img02490.jpg,woman holding trash can,Non-Harmful,NULL,The meme uses a humorous comparison but does not demean the woman.
img02491.jpg,woman,Non-Harmful,NULL,"The meme uses a sarcastic statement to express frustration, not directed at the woman herself."
img02492.jpg,woman in blue outfit,Non-Harmful,NULL,"The meme uses a comparison to highlight the ease of finding a person online versus solving a real-world crime, which is not directed at the woman."
img02493.jpg,women,Non-Harmful,NULL,"The meme suggests a hypothetical scenario where women would eliminate wars, which is a positive statement about women's potential leadership."
img02494.jpg,woman in women's restroom,Implicit-Harm,Misogyny,"The meme uses a transgender person to challenge the woman's identity, implying she is not truly female."
img02495.jpg,Canadian women,Implicit-Harm,Misogyny,"The meme suggests superiority of Canadian women through a comparison to others, which is a form of generalizing and devaluing."
img02496.jpg,woman,Explicit-Harm,Sexual-Harassment,"The meme suggests a sexual encounter as a way to check if a man is cheating, objectifying the woman's body and behavior."
img02497.jpg,woman in a suit,Non-Harmful,NULL,"The meme uses a quote to make a point about self-confidence, not targeting the woman for abuse."
img02498.jpg,Italian girls,Implicit-Harm,Misogyny,"The meme objectifies Italian women by suggesting their beauty is innate and unearned, perpetuating the stereotype of women as naturally attractive."
img02499.jpg,woman,Non-Harmful,NULL,The meme expresses a relatable struggle but does not target or demean women.
img02500.jpg,Wonder Woman,Explicit-Harm,Sexual-Harassment,"The meme suggests a gender-based division of labor, implying that women should do more work."
img02501.jpg,Snooki,Explicit-Harm,Sexual-Harassment,"The meme suggests that Snooki should be killed for being impregnated, which is a sexual aggression."
img02502.jpg,woman,Non-Harmful,NULL,"The meme uses a humorous scenario involving money and a character to make a point about expectations, but it does not target or demean the woman."
img02503.jpg,cheerleader,Non-Harmful,NULL,"The meme uses a cheerleading stunt as a visual metaphor for male privilege, but does not directly harm or demean the cheerleader."
img02504.jpg,women's curling players,Non-Harmful,NULL,"The meme uses humor to highlight the diversity of sports and activities available to women, without implying any negative connotations."
img02505.jpg,side chick,Implicit-Harm,Character-Assassination,"The meme objectifies the side chick by equating her desire for a relationship to being a toy, implying she is not a real person but rather a possession."
img02506.jpg,sisters,Non-Harmful,NULL,The meme uses a humorous comparison between sisters but does not target or demean them.
img02507.jpg,women drivers,Implicit-Harm,Misogyny,"The meme equates women with disabled individuals, implying they are equally incapable of driving."
img02508.jpg,women,Explicit-Harm,Misogyny,"The meme states that women are always inferior to men, promoting a harmful gender stereotype."
img02509.jpg,woman,Explicit-Harm,Sexual-Harassment,"The meme suggests that the woman's fault lies in not listening, implying she should have known better."
img02510.jpg,woman's appearance,Non-Harmful,NULL,The meme praises a woman's natural beauty without implying any negative stereotype.
img02511.jpg,woman holding signs,Non-Harmful,NULL,The meme juxtaposes two messages but does not explicitly harm or demean the woman.
img02512.jpg,feminists,Non-Harmful,NULL,The meme criticizes feminists but does not directly harm or demean women.
img02513.jpg,feminist,Non-Harmful,NULL,"The meme uses a comparison to make a point about the effectiveness of a feminist versus a suicide vest, which is a non-harmful discussion."
img02514.jpg,woman's appearance,Implicit-Harm,Appearance-Attack,"The meme criticizes the woman's appearance, suggesting she uses unnatural methods to look 'natural'."
img02515.jpg,woman's appearance,Non-Harmful,NULL,The meme uses a casual statement about a 'long ass day' unrelated to any specific harm towards a woman.
img02516.jpg,woman,Implicit-Harm,Sexual-Harassment,"The meme suggests a sexual proposition without consent, implying harassment."
img02517.jpg,woman in jeans,Non-Harmful,NULL,The meme uses a humorous situation but does not target or demean the woman.
img02518.jpg,woman,Explicit-Harm,Sexual-Harassment,"The meme suggests a sexual proposition without consent, objectifying the woman."
img02519.jpg,Norse women,Implicit-Harm,Appearance-Attack,"The meme objectifies Norse women by suggesting their attractiveness is due to Viking preferences, implying a hierarchy based on beauty."
img02520.jpg,women,Implicit-Harm,Misogyny,"The meme perpetuates the stereotype that women are inferior and should be confined to domestic roles, which is a form of misogyny."
img02521.jpg,woman's jaw,Implicit-Harm,Sexual-Harassment,"The meme suggests that women's jaw pain after oral sex is a common complaint, objectifying their bodies and health."
img02522.jpg,woman programmer,Non-Harmful,NULL,The meme is a humorous comparison between different programming concepts rather than targeting women for abuse.
img02523.jpg,woman's buttocks,Explicit-Harm,Sexual-Harassment,The meme objectifies the woman's body by focusing on her buttocks and suggesting a sexual proposition.
img02524.jpg,woman in the kitchen,Implicit-Harm,Sexual-Harassment,The meme objectifies the woman by suggesting she is a sexual object rather than a person capable of answering a question.
img02525.jpg,woman,Non-Harmful,NULL,The meme uses a humorous exchange to highlight a common misunderstanding rather than targeting the woman for abuse.
img02526.jpg,woman's behavior,Explicit-Harm,Sexual-Harassment,The meme objectifies the woman by associating her body language with sexual availability.
img02527.jpg,female superheroes,Non-Harmful,NULL,"The meme humorously suggests that female superheroes were expected to dominate the box office but were overshadowed by the pandemic, without targeting women for abuse."
img02528.jpg,woman,Non-Harmful,NULL,"The meme uses a military context to make a statement about women, but it does not explicitly harm or demean them."
img02529.jpg,woman,Explicit-Harm,Sexual-Harassment,The meme objectifies the woman by suggesting she is a sexual object.
img02530.jpg,woman's appearance,Non-Harmful,NULL,The meme uses a provocative image but does not explicitly harm or demean the woman.
img02531.jpg,woman's appearance,Implicit-Harm,Sexual-Harassment,"The meme uses a suggestive tone to critique the woman's attractiveness, implying that her appearance is a source of negative reactions."
img02532.jpg,woman suffragette,Non-Harmful,NULL,"The meme uses a timeline to depict the life stages of a suffragette, which is informative rather than harmful."
img02533.jpg,lesbian couple,Non-Harmful,NULL,"The meme references a news headline about a lesbian couple suing a sperm donor, but the bottom image of Yoshi is unrelated to the headline."
img02534.jpg,blob fish wearing a wig and glasses,Non-Harmful,NULL,"The meme uses absurd imagery to make a humorous observation, not targeting women for abuse."
img02535.jpg,woman,Non-Harmful,NULL,"The meme is a humorous observation about same-sex couples, not targeting women for abuse."
img02536.jpg,woman,Non-Harmful,NULL,"The meme uses a playful comparison between two Japanese characters, but there is no explicit or implicit harm towards women."
img02537.jpg,woman wearing a bikini,Implicit-Harm,Sexual-Harassment,The meme objectifies the woman’s body by focusing on the areas that are covered rather than appreciating her overall appearance.
img02538.jpg,woman,Explicit-Harm,Sexual-Harassment,The meme objectifies the woman by focusing on her physical attributes and suggesting they are irrelevant to driving.
img02539.jpg,woman,Non-Harmful,NULL,"The meme uses humor to critique the idea of standing up for gender equality, suggesting it should happen tomorrow rather than immediately."
img02540.jpg,woman,Non-Harmful,NULL,The meme uses sarcasm to criticize the job market rather than targeting women.
img02541.jpg,girlfriend,Non-Harmful,NULL,"The meme uses sarcasm to express frustration, not to harm the girlfriend."
img02542.jpg,feminist rally,Non-Harmful,NULL,"The meme uses Chuck Norris as a humorous figure to make a point about feminism, but it does not target women for abuse."
img02543.jpg,woman's appearance,Non-Harmful,NULL,"The meme uses humor to highlight the absurdity of carrying a large can of Fix-a-Flat, but it does not target women for abuse."
img02544.jpg,hooker,Explicit-Harm,Sexual-Harassment,"The meme objectifies the woman as 'a hooker' and suggests violent behavior towards her, which is sexual harassment."
img02545.jpg,woman eating a banana,Non-Harmful,NULL,The meme is a humorous observation about a person's daily routine and does not target the woman for abuse.
img02546.jpg,woman's legs,Implicit-Harm,Sexual-Harassment,"The meme objectifies the woman's legs, suggesting they are the primary focus of the conversation."
img02547.jpg,woman as prostitute,Explicit-Harm,Sexual-Harassment,The meme objectifies the woman by equating her profession with sexual availability.
img02548.jpg,woman,Implicit-Harm,Sexual-Harassment,The meme suggests a secret about women that implies sexual interest or objectification.
img02549.jpg,fat girl,Explicit-Harm,Appearance-Attack,The meme uses the term 'fat girl' to mock and degrade the woman's appearance.
img02550.jpg,woman,Non-Harmful,NULL,"The meme uses the term 'butterface' as a humorous label, which is not intended to harm."
img02551.jpg,woman on truck,Non-Harmful,NULL,The meme uses a woman's body as a visual gag but does not target her for abuse.
img02552.jpg,women in bondage,Explicit-Harm,Sexual-Harassment,"The image depicts women in a sexualized and submissive position, which objectifies them and suggests a sexualized scenario involving restraint."
img02553.jpg,women in bikinis,Implicit-Harm,Appearance-Attack,"The meme reduces women to their bodies and attire, objectifying them."
img02554.jpg,Katy Perry,Non-Harmful,NULL,"The meme is a humorous exaggeration of a job title, not targeting Katy Perry for abuse."
img02555.jpg,woman,Explicit-Harm,Sexual-Harassment,"The meme objectifies the woman by associating her with sending 'awkward pics', implying sexual interest."
img02556.jpg,woman,Explicit-Harm,Sexual-Harassment,"The image depicts a woman with a gagged mouth, suggesting silence and control over her speech, which is a form of sexual harassment."
img02557.jpg,woman,Implicit-Harm,Misogyny,"The meme suggests that women are only valued for their ability to cook, implying that their worth is limited to domestic tasks."
img02558.jpg,woman cooking,Implicit-Harm,Misogyny,"The meme suggests that women should be available to cook dinner immediately upon protest, implying that their requests are trivial."
img02559.jpg,woman's vagina,Explicit-Harm,Sexual-Harassment,"The meme directly references sending explicit sexual content, which is a form of sexual harassment."
img02560.jpg,woman driving a car,Non-Harmful,NULL,"The meme humorously suggests that a woman driving a car is a rare event, but it does not target women for abuse."
img02561.jpg,woman,Non-Harmful,NULL,The meme uses a humorous scenario but does not target or demean women.
img02562.jpg,woman,Explicit-Harm,Sexual-Harassment,"The meme uses a crude sexual insult to demean women, equating them with sexual acts."
img02563.jpg,housework,Implicit-Harm,Misogyny,"The meme portrays housework as exclusively feminine tasks, reinforcing gender stereotypes about women's roles."
img02564.jpg,woman's appearance,Implicit-Harm,Sexual-Harassment,"The meme uses a suggestive pose and attire to imply the woman is objectified, focusing on her body rather than her character."
img02565.jpg,woman,Non-Harmful,NULL,"The meme is a humorous observation about different aspects of a woman's life, not targeting her for abuse."
img02566.jpg,woman wearing stockings,Explicit-Harm,Sexual-Harassment,"The meme objectifies the woman by comparing her to a cougar, suggesting she is a sexual predator, which is a form of sexual harassment."
img02567.jpg,woman's appearance,Non-Harmful,NULL,"The meme uses a suggestive image to make a humorous observation, but it does not target or demean the woman."
img02568.jpg,woman,Non-Harmful,NULL,The meme uses a woman's reaction as part of a humorous scenario but does not target her for abuse.
img02569.jpg,woman cooking,Non-Harmful,NULL,"The meme praises the woman for cooking, which is a positive activity and does not target her for abuse."
img02570.jpg,woman wearing a crop top and underwear,Explicit-Harm,Sexual-Harassment,"The meme uses the term 'cum' in a suggestive manner, objectifying the woman's body."
img02571.jpg,girls with glasses,Implicit-Harm,Sexual-Harassment,"The meme suggests that men make passes at girls wearing glasses, implying a sexual interest based on their choice of eyewear."
img02572.jpg,woman in red dress,Non-Harmful,NULL,"The meme uses a 'Distracted Boyfriend' format to highlight the woman's wealth, but it does not target her for abuse."
img02573.jpg,woman's clothing,Implicit-Harm,Sexual-Harassment,"The meme criticizes women for wearing revealing clothes, implying their appearance distracts from their personality."
img02574.jpg,woman with duct tape over mouth,Explicit-Harm,Sexual-Harassment,"The image depicts a woman with duct tape over her mouth, which is a form of sexual harassment as it silences her voice and implies she cannot speak freely."
img02575.jpg,woman in bikini,Non-Harmful,NULL,The meme uses a humorous scenario but does not target the woman for abuse.
img02576.jpg,woman,Non-Harmful,NULL,The meme uses a scenario involving a woman but does not target her for abuse.
img02577.jpg,woman,Explicit-Harm,Sexual-Harassment,"The meme suggests that men have penises to control women, implying sexual aggression and objectification."
img02578.jpg,blonde girl,Non-Harmful,NULL,"The meme is a humorous exchange between friends, not targeting the blonde girl for abuse."
img02579.jpg,woman wearing revealing outfit,Implicit-Harm,Sexual-Harassment,"The meme suggests that women should dress provocatively to receive tips, implying that their appearance is linked to their worthiness of receiving money."
img02580.jpg,woman carrying beer mugs,Non-Harmful,NULL,"The meme is a humorous celebration of a woman's ability to carry many beer mugs, without any negative connotations."
img02581.jpg,woman's appearance,Non-Harmful,NULL,"The meme uses a historical fact to make a humorous observation about women's fashion, not targeting any specific harm towards women."
img02582.jpg,feminists,Implicit-Harm,Misogyny,"The meme uses 'womango' as a derogatory term to attack feminists, implying they are not genuine or knowledgeable about the topic."
img02583.jpg,woman's appearance,Non-Harmful,NULL,"The meme uses humor to comment on the ease of altering photos, but it does not target the woman for abuse."
img02584.jpg,Ariana Grande,Explicit-Harm,Sexual-Harassment,The meme objectifies Ariana Grande by reducing her to a sex worker and implies she is uncomfortable with the situation.
img02585.jpg,woman wearing oversized jeans,Non-Harmful,NULL,"The meme is a humorous observation about someone's appearance, not targeting the woman for abuse."
img02586.jpg,woman becoming housewives,Explicit-Harm,Character-Assassination,The meme uses derogatory language ('WHORES') to attack women's roles during COVID-19.
img02587.jpg,woman's appearance,Implicit-Harm,Sexual-Harassment,"The meme suggests that remembering eye color after a first date implies small breasts, objectifying the woman's physical attributes."
img02588.jpg,woman wearing glasses and a plaid shirt,Non-Harmful,NULL,The image is a still from 'Twin Peaks' and does not contain any explicit or implicit harm towards the woman depicted.
img02589.jpg,woman,Explicit-Harm,Sexual-Harassment,"The meme suggests a sexual proposition involving intimate acts, which is a form of sexual harassment."
img02590.jpg,Feminists,Non-Harmful,NULL,"The meme uses a neutral comparison between 'Equal rights and responsibilities' and 'Complaining', neither of which is inherently harmful."
img02591.jpg,woman's appearance,Explicit-Harm,Sexual-Harassment,"The meme objectifies the woman by focusing on her body and suggesting she is a 'standard' with dual airbags, implying sexual availability."
img02592.jpg,woman,Explicit-Harm,Misogyny,"The meme suggests that women are wrong 99.99 percent of the time, implying a general superiority of men over women."
img02593.jpg,woman,Explicit-Harm,Violence,"The meme suggests using brass knuckles as a weapon against a woman, promoting violence towards women."
img02594.jpg,girls,Explicit-Harm,Sexual-Harassment,"The meme objectifies young girls by equating their age with sexual availability, which is a form of sexual harassment."
img02595.jpg,woman passenger,Non-Harmful,NULL,The meme uses a woman's reaction humorously to illustrate a safety feature but does not target her for abuse.
img02596.jpg,Nancy Pelosi action figure,Non-Harmful,NULL,The meme is a playful reference to Nancy Pelosi without any harmful intent towards her.
img02597.jpg,woman,Explicit-Harm,Violence,"The meme suggests the act of killing a woman as a positive experience, endorsing violence against women."
img02598.jpg,woman with a bruise,Explicit-Harm,Violence,"The image depicts a woman with a visible bruise, suggesting physical harm, and the text implies that hitting women is acceptable when 'punchbags aren't just good enough', promoting violence against women."
img02599.jpg,woman lying next to TV box,Non-Harmful,NULL,"The meme uses a woman's body to compare the size of a TV, which is a humorous observation but does not target or harm her."
img02600.jpg,woman,Implicit-Harm,Sexual-Harassment,The meme suggests that the woman's reaction during sex is inappropriate and implies sexual aggression.
img02601.jpg,woman's appearance,Non-Harmful,NULL,"The meme uses Photoshop humorously to highlight the contrast between the woman's natural and edited appearance, but it does not target the woman for abuse."
img02602.jpg,woman's appearance,Non-Harmful,NULL,"The meme challenges viewers to make eye contact with the woman, which is a common social interaction game but does not target or harm the woman herself."
img02603.jpg,women,Implicit-Harm,Misogyny,"The meme suggests that women are mentally unstable for a year, perpetuating a stereotype about their emotional instability."
img02604.jpg,naked woman,Explicit-Harm,Sexual-Harassment,The meme objectifies the naked woman by suggesting she is being used as a sexual object for Santa Claus.
img02605.jpg,woman eating a hot dog,Non-Harmful,NULL,"The meme is a humorous depiction of a woman enjoying a hot dog, with no intent to harm or demean her."
img02606.jpg,woman in a school uniform,Explicit-Harm,Sexual-Harassment,"The meme uses a suggestive tone and imagery to imply sexual interest in a woman, which is inappropriate."
img02607.jpg,Sarah Jessica Parker,Non-Harmful,NULL,The meme uses Sarah Jessica Parker's name humorously but does not target her for abuse.
img02608.jpg,Jennifer Aniston,Explicit-Harm,Sexual-Harassment,"The meme reduces Jennifer Aniston to her physical appearance, specifically her nipples, suggesting that her attractiveness is the sole reason for watching 'Friends'."
img02609.jpg,woman's appearance,Non-Harmful,NULL,"The meme uses a character from a movie to humorously point out a humorous misunderstanding, but it does not target the woman for abuse."
img02610.jpg,feminists,Non-Harmful,NULL,The meme contrasts feminists' reactions to different scenarios but does not directly harm or attack women.
img02611.jpg,mother,Non-Harmful,NULL,The meme does not target a woman for abuse; it is a humorous exchange between family members.
img02612.jpg,woman,Explicit-Harm,Sexual-Harassment,"The meme suggests that consent can be implied through silence, which is a form of sexual coercion."
img02613.jpg,Amy Schumer,Non-Harmful,NULL,The meme criticizes Amy Schumer but does not target her for abuse.
img02614.jpg,woman's appearance,Non-Harmful,NULL,"The image uses a suggestive photo of a woman to make a point about ordering mail-order brides, but the meme itself is not targeting women for abuse."
img02615.jpg,Stacy's mom,Explicit-Harm,Appearance-Attack,"The meme objectifies Stacy's mom by focusing on her buttocks, suggesting she is being judged based on her physical appearance."
img02616.jpg,woman,Non-Harmful,NULL,The meme uses a humorous scenario involving a 'wife beater' but does not explicitly harm or demean the woman.
img02617.jpg,woman carrying beer mugs,Implicit-Harm,Sexual-Harassment,"The meme objectifies the woman by focusing on her ability to carry multiple beer mugs, implying sexual availability."
img02618.jpg,woman's appearance,Implicit-Harm,Sexual-Harassment,"The meme objectifies the woman's body, focusing on her cleavage as the primary feature, which is likely intended to be provocative rather than respectful."
img02619.jpg,woman,Non-Harmful,NULL,The meme uses humor to mock IQ tests rather than targeting women themselves.
img02620.jpg,women,Non-Harmful,NULL,"The meme is a humorous critique of online dating platforms, not targeting women for abuse."
img02621.jpg,woman's appearance,Non-Harmful,NULL,"The meme uses a humorous and exaggerated image to make a point about storage, not targeting women for abuse."
img02622.jpg,woman in uniform,Non-Harmful,NULL,"The meme depicts a transaction between a man and a woman in uniform, but there is no indication of harm towards the woman."
img02623.jpg,woman,Explicit-Harm,Sexual-Harassment,"The meme directly references 'date rape' and 'raping', which are sexual acts, implying a sexualized and harmful context towards women."
img02624.jpg,woman,Explicit-Harm,Sexual-Harassment,The meme objectifies the woman by suggesting she is a 'whore' and implies sexual availability.
img02625.jpg,blondes girls,Implicit-Harm,Misogyny,"The meme suggests that blondes are easier but less intelligent compared to brunettes, perpetuating a stereotype."
img02626.jpg,feminist,Implicit-Harm,Misogyny,The meme uses stereotypes and negative labels to portray feminists negatively.
img02627.jpg,woman in a bikini,Implicit-Harm,Sexual-Harassment,The meme uses derogatory language ('camel toe' and 'moose knuckle') to criticize the woman's body shape.
img02628.jpg,woman,Non-Harmful,NULL,"The meme compares the versatility of men's shampoo to women's shampoo, but it does not target women for abuse."
img02629.jpg,woman,Non-Harmful,NULL,The meme does not target a woman for abuse; it is a critique of gendered insults.
img02630.jpg,woman's appearance,Non-Harmful,NULL,"The meme uses a large sandwich to humorously exaggerate the idea of a woman's appearance being 'taking off pants', but it does not target women for abuse."
img02631.jpg,feminist,Non-Harmful,NULL,"The meme uses a statement about feminism to make a point about the person's beliefs, but it does not target women for abuse."
img02632.jpg,woman,Implicit-Harm,Misogyny,"The meme compares two women unfavorably, suggesting one is more desirable based on age and appearance."
img02633.jpg,ex wife,Non-Harmful,NULL,"The meme is a humorous situation involving a man and his ex-wife, not targeting her for abuse."
img02634.jpg,female characters,Non-Harmful,NULL,"The image showcases various female characters from manga, highlighting their appearances but without any harmful connotations."
img02635.jpg,women,Explicit-Harm,Sexual-Harassment,The meme objectifies women by equating their complaints about being raped with their sexual activity.
img02636.jpg,woman's role,Implicit-Harm,Misogyny,"The meme uses a lion, traditionally associated with strength and masculinity, to humorously suggest that women should stay in the kitchen, reinforcing gender roles."
img02637.jpg,woman's appearance,Non-Harmful,NULL,The meme uses a suggestive image but does not explicitly harm or demean the woman.
img02638.jpg,woman's appearance,Implicit-Harm,Appearance-Attack,The meme criticizes the woman's outfit as revealing and potentially inappropriate.
img02639.jpg,woman's appearance,Non-Harmful,NULL,The meme uses a popular song lyric to promote a stereotypical and unrealistic ideal of femininity.
img02640.jpg,girl,Non-Harmful,NULL,"The meme uses a Rubik's cube to humorously depict the challenge of talking to a girl without causing offense, but it does not target women for abuse."
img02641.jpg,woman driver,Non-Harmful,NULL,The meme humorously exaggerates a minor mistake without targeting the woman for abuse.
img02642.jpg,Jessica Williams,Explicit-Harm,Sexual-Harassment,The meme objectifies Jessica Williams by reducing her to a sexual object through the phrase 'piece of ass'.
img02643.jpg,woman,Non-Harmful,NULL,The meme does not target a woman for abuse but rather presents a dialogue that is meant to be humorous.
img02644.jpg,woman shopping,Non-Harmful,NULL,"The meme is a humorous scenario depicting a helpful interaction between a customer and a store employee, without any harmful intent towards the woman."
img02645.jpg,woman,Non-Harmful,NULL,"The meme is a humorous anecdote about a clever solution to a common problem, not targeting women for abuse."
img02646.jpg,young prostitute,Explicit-Harm,Sexual-Harassment,The meme uses a sexualized question to make a derogatory assumption about the young woman's future prospects.
img02647.jpg,woman's appearance,Non-Harmful,NULL,The meme uses a humorous reference to a character's appearance but does not target women for abuse.
img02648.jpg,woman,Explicit-Harm,Character-Assassination,"The meme objectifies the woman by equating her to a queen bee, suggesting she is promiscuous."
img02649.jpg,woman in the kitchen,Non-Harmful,NULL,"The meme uses a humorous comparison between a man's hunger and a woman's kitchen, but it does not target women for abuse."
img02650.jpg,women,Explicit-Harm,Misogyny,"The meme states that women are objects, implying they lack agency and are possessions."
img02651.jpg,woman,Implicit-Harm,Character-Assassination,"The meme uses a derogatory term 'hoe' to refer to women, implying they cannot change their roles from being 'hoes' to 'housewives', attacking their ability to adapt to different social roles."
img02652.jpg,woman's sexual history,Explicit-Harm,Sexual-Harassment,"The meme uses a metaphor involving 'meat curtains' to imply sexual promiscuity, objectifying the woman's sexual history."
img02653.jpg,woman,Non-Harmful,NULL,"The meme criticizes the idea of being wrong as a criticism directed at women, but it does not directly harm or demean women themselves."
img02654.jpg,woman in historical attire,Implicit-Harm,Misogyny,"The meme suggests that a woman's inability to open a jar is a sign of weakness, implying that she should not need a man's help."
img02655.jpg,woman in bikini,Implicit-Harm,Sexual-Harassment,The clown mask and the text '2 GIRLS 1 CLOWN' suggest a sexual objectification of the woman.
img02656.jpg,Kardashian sisters,Implicit-Harm,Appearance-Attack,"The meme uses the Kardashian sisters' appearances to make a general statement about beauty, implying that being attractive is related to wealth."
img02657.jpg,Michelle Bachmann,Non-Harmful,NULL,"The meme is promoting a grand opening event for Michelle Bachmann, which is a neutral statement about an individual's career."
img02658.jpg,woman,Non-Harmful,NULL,"The meme uses a character from 'The Hunchback of Notre Dame' to humorously depict a 'girl' who is not attractive, but the intent is not to harm or demean her."
img02659.jpg,woman's appearance,Explicit-Harm,Sexual-Harassment,The meme objectifies the woman by focusing on her body and using sexualized language.
img02660.jpg,woman,Non-Harmful,NULL,The meme discusses workplace equality but does not target women for abuse.
img02661.jpg,woman,Explicit-Harm,Sexual-Harassment,"The meme compares a woman to a washing machine, suggesting she is disposable and unimportant, which is a form of sexual objectification."
img02662.jpg,woman,Explicit-Harm,Appearance-Attack,The meme uses a derogatory term 'fat' to attack the woman's appearance.
img02663.jpg,woman,Explicit-Harm,Sexual-Harassment,"The meme objectifies women as food, reducing them to a commodity."
img02664.jpg,woman applying lipstick,Implicit-Harm,Misogyny,"The meme uses a cartoon character to express fear and disgust towards women, implying they are dangerous or undesirable."
img02665.jpg,bride,Implicit-Harm,Misogyny,"The meme suggests that feminists are difficult to marry, implying that women who support feminism are undesirable partners."
img02666.jpg,feminist activists,Non-Harmful,NULL,The meme celebrates feminist activism without any negative connotations towards women.
img02667.jpg,woman gamer,Non-Harmful,NULL,"The meme uses humor to highlight the stereotype that women are attracted to gamers, but it does not explicitly harm or demean the woman."
img02668.jpg,female,Non-Harmful,NULL,The meme does not target a woman for abuse; it is a humorous statement about challenging someone to a duel.
img02669.jpg,woman's appearance,Implicit-Harm,Sexual-Harassment,"The meme uses the term 'booty shorts' to trivialize the woman's clothing choice, suggesting it is a superficial and trivial invention."
img02670.jpg,feminists,Implicit-Harm,Misogyny,"The meme suggests that feminists seek superiority over men rather than equality, implying a negative stereotype about their motivations."
img02671.jpg,woman,Explicit-Harm,Sexual-Harassment,"The meme objectifies women by equating them to chicken, suggesting they should be 'skinless' like chicken, which is a sexualized and dehumanizing comparison."
img02672.jpg,female gamers,Explicit-Harm,Sexual-Harassment,"The meme suggests that killing female gamers in online games should be considered rape, objectifying them sexually and trivializing their experiences."
img02673.jpg,bride,Non-Harmful,NULL,"The meme is a humorous observation about the groom's role in marriage, not targeting the bride for abuse."
img02674.jpg,wife,Non-Harmful,NULL,"The meme quotes a statement about a wife's right to vote on Facebook polls, which is a factual statement and does not target the woman for abuse."
img02675.jpg,woman reading newspaper,Non-Harmful,NULL,The meme does not target a woman for abuse; it is a humorous observation about a man's reaction to a woman reading a newspaper.
img02676.jpg,woman,Explicit-Harm,Appearance-Attack,The meme uses derogatory language to describe the woman's appearance and character.
img02677.jpg,woman driving,Implicit-Harm,Misogyny,"The meme suggests that men feel threatened or uncomfortable when their wives drive, implying a lack of trust or competence in women drivers."
img02678.jpg,woman's appearance,Non-Harmful,NULL,"The meme uses a photograph of a woman with an exaggerated expression, but there is no explicit or implicit harm directed towards her."
img02679.jpg,first lady,Non-Harmful,NULL,The meme compares two first ladies but does not imply any harm or negative judgment towards either.
img02680.jpg,a 'Karen' person,Non-Harmful,NULL,"The meme uses sarcasm to criticize a 'Karen' person's belief, but it does not target women for abuse."
img02681.jpg,woman wearing a bikini top and denim shorts,Non-Harmful,NULL,"The meme is a humorous observation about the horse in the background, not targeting the woman for abuse."
img02682.jpg,women,Implicit-Harm,Sexual-Harassment,"The meme suggests women should make sandwiches for men, implying a sexualized expectation of their roles."
img02683.jpg,women's appearances,Non-Harmful,NULL,"The image uses a humorous comparison between two women's appearances to make a light-hearted joke about musical instruments, without targeting them for abuse."
img02684.jpg,woman,Explicit-Harm,Violence,"The meme portrays domestic violence as justified, endorsing the idea that hitting a woman is acceptable."
img02685.jpg,waitress,Explicit-Harm,Violence,"The meme suggests the waitress was physically assaulted, implying she doesn't deserve respect."
img02686.jpg,woman being whipped,Explicit-Harm,Sexual-Harassment,"The image depicts a woman being publicly whipped, which is a form of sexual harassment and violence."
img02687.jpg,woman,Explicit-Harm,Misogyny,"The meme uses a derogatory term 'bitches' and suggests women should stay in the kitchen, implying inferior roles."
img02688.jpg,woman rights,Non-Harmful,NULL,"The meme uses a Spider-Man reference to make a humorous statement about women's rights, which is not intended to harm or demean women."
img02689.jpg,woman,Explicit-Harm,Appearance-Attack,"The meme uses the term 'fat' to derogatorily describe women, focusing on their body size."
img02690.jpg,women,Explicit-Harm,Misogyny,"The meme criticizes Islam for treating women as child-making factories, which is a form of dehumanization and objectification."
img02691.jpg,feminist vegan eating,Non-Harmful,NULL,The meme uses a cartoon character to depict a scenario without any explicit or implicit harm towards women.
img02692.jpg,woman,Implicit-Harm,Misogyny,"The meme suggests that a woman's response 'K.' to a compliment is dismissive, implying she doesn't care about love, which is a form of devaluing her emotional connection."
img02693.jpg,woman,Non-Harmful,NULL,"The meme is a humorous depiction of someone preparing for a promotion, which is a positive career advancement scenario."
img02694.jpg,woman after unsatisfied sex,Implicit-Harm,Sexual-Harassment,The meme objectifies the woman by depicting her as a sexual object after unsatisfactory sexual encounters.
img02695.jpg,woman's boyfriend,Non-Harmful,NULL,"The meme uses sarcasm to mock the idea of treating women as equals, but it does not directly harm or demean women."
img02696.jpg,woman,Implicit-Harm,Sexual-Harassment,"The meme suggests that a lack of verbal consent can justify sexual acts, implying that women are responsible for ensuring their own safety."
img02697.jpg,anime character,Explicit-Harm,Sexual-Harassment,"The meme questions the size of the anime character's breasts, which is a sexual comment."
img02698.jpg,woman receiving CPR,Implicit-Harm,Sexual-Harassment,"The meme suggests that performing CPR on a woman could be misconstrued as a sexual act, implying a sexual harassment risk."
img02699.jpg,woman's appearance,Implicit-Harm,Appearance-Attack,"The meme uses a suggestive image to imply that women's bodies are only valuable for their physical attributes, objectifying her."
img02700.jpg,woman's appearance,Implicit-Harm,Misogyny,The meme objectifies the woman by focusing on her physical attributes and implying that her appearance is noteworthy.
img02701.jpg,woman,Explicit-Harm,Misogyny,"The meme directly states hatred towards women and implies that the subject cannot get laid due to their gender, attacking women as a class."
img02702.jpg,fat girl,Explicit-Harm,Appearance-Attack,The meme objectifies the woman's body shape and reduces her to a mere body part.
img02703.jpg,woman,Explicit-Harm,Sexual-Harassment,"The meme uses the term 'hooker' in a derogatory manner, objectifying the woman."
img02704.jpg,woman with a black eye,Explicit-Harm,Violence,"The meme suggests that a man's 'love taps' are a form of punishment, implying physical violence against the woman."
img02705.jpg,woman driver,Non-Harmful,NULL,"The meme uses humor to suggest a humorous decision-making process involving a dog, which is not harmful to the woman."
img02706.jpg,woman,Implicit-Harm,Misogyny,"The meme suggests that women lacking attitude are superior, perpetuating the stereotype that women should be submissive."
img02707.jpg,woman in bikini,Implicit-Harm,Appearance-Attack,"The meme questions the woman's body shape, implying she is self-conscious about her appearance."
img02708.jpg,woman,Explicit-Harm,Violence,"The meme suggests that the man beats his wife, which is a form of domestic violence."
img02709.jpg,woman's job,Explicit-Harm,Sexual-Harassment,"The meme equates Subway workers with prostitutes, objectifying their roles and suggesting sexual exploitation."
img02710.jpg,Sarah Palin,Explicit-Harm,Sexual-Harassment,"The meme objectifies Sarah Palin by focusing on her physical appearance, specifically her breasts, which is a form of sexual harassment."
img02711.jpg,woman,Non-Harmful,NULL,"The meme uses a humorous scenario to discuss different life paths for a woman, but it does not explicitly harm or demean women."
img02712.jpg,Michelle Obama,Explicit-Harm,Appearance-Attack,"The meme directly compares Michelle Obama to an orangutan, which is a derogatory and offensive statement about her appearance."
img02713.jpg,woman's appearance,Explicit-Harm,Appearance-Attack,"The meme uses derogatory language to shame the woman's body size, equating 'being curvy' with 'being fat'."
img02714.jpg,woman,Non-Harmful,NULL,"The meme is a humorous depiction of self-defense against an aggressive feminist, not a harmful attack on women."
img02715.jpg,woman's appearance,Non-Harmful,NULL,"The meme compares idealized and realistic appearances, but does not demean either."
img02716.jpg,women's restroom sign,Implicit-Harm,Misogyny,"The sign depicts women as a group, suggesting a stereotypical idea of women being gossipy or collectively problematic."
img02717.jpg,girls,Implicit-Harm,Misogyny,"The meme suggests that girls gain power when boys can't retaliate, implying that boys should be able to hit back."
img02718.jpg,woman's dress,Implicit-Harm,Sexual-Harassment,"The meme suggests the woman's dress is inappropriate for the setting, implying sexual interest or objectification."
img02719.jpg,woman,Non-Harmful,NULL,"The meme praises a woman for giving an opinion, which is a positive interaction."
img02720.jpg,woman,Non-Harmful,NULL,The meme does not target a woman for abuse; it is a humorous exchange between characters.
img02721.jpg,woman,Explicit-Harm,Sexual-Harassment,"The image depicts a woman gagged and bound, with the text 'Silence is golden, duct tape is silver,' suggesting a sexual proposition."
img02722.jpg,woman's appearance,Implicit-Harm,Sexual-Harassment,"The meme uses a large, exaggerated image of a woman's buttocks to make a derogatory comment about her body."
img02723.jpg,women,Explicit-Harm,Misogyny,"The meme suggests women should return to traditional roles, implying they are inferior."
img02724.jpg,woman,Explicit-Harm,Misogyny,"The meme suggests women should be confined to traditional domestic roles, perpetuating gender stereotypes."
img02725.jpg,woman,Implicit-Harm,Misogyny,"The meme suggests that women's perceived infallibility leads men to make poor choices, implying that women are not always right and should be held accountable for their actions."
img02726.jpg,woman,Explicit-Harm,Sexual-Harassment,"The meme directly states that rape can occur without physical touch, promoting a harmful sexual stereotype."
img02727.jpg,girlfriend,Implicit-Harm,Sexual-Harassment,The meme objectifies the girlfriend by suggesting she should be submissive and accommodating to the man's desires.
img02728.jpg,woman in Captain Marvel movie poster,Non-Harmful,NULL,"The meme uses a movie poster to make a humorous comparison between a cat and a character from 'Alien', but it does not target women for abuse."
img02729.jpg,bride,Implicit-Harm,Sexual-Harassment,"The meme uses a suggestive comment about a woman's size to imply sexual interest, objectifying her."
img02730.jpg,woman's appearance,Implicit-Harm,Appearance-Attack,"The meme uses a derogatory term 'ugly girls' to make a joke about a woman's appearance, attacking her as a group."
img02731.jpg,hooker,Explicit-Harm,Sexual-Harassment,The meme objectifies the woman as a prostitute and reduces her actions to mere sexual services.
img02732.jpg,cosplayer,Non-Harmful,NULL,"The meme uses a before-and-after comparison to critique cosplay, but does not explicitly harm or demean the cosplayer."
img02733.jpg,woman driver,Implicit-Harm,Misogyny,"The meme suggests women drivers are necessary because women cook more frequently, implying they are less capable of driving."
img02734.jpg,girls on Instagram,Non-Harmful,NULL,"The meme uses a humorous comparison between two trucks to make a light-hearted observation about social media behavior, not targeting women for abuse."
img02735.jpg,older black women,Implicit-Harm,Misogyny,"The meme uses a racial slur to attack older black women, perpetuating negative stereotypes about their age and race."
img02736.jpg,transgender feminists,Non-Harmful,NULL,The meme does not target transgender feminists for abuse; it is a humorous commentary on the concept of transgender feminism.
img02737.jpg,woman,Non-Harmful,NULL,"The meme does not directly target a woman but instead comments on societal norms regarding wife-beating, which is a sensitive topic but not inherently harmful."
img02738.jpg,Rihanna,Explicit-Harm,Sexual-Harassment,"The meme suggests a sexual encounter between Rihanna and the person being mocked, implying inappropriate behavior."
img02739.jpg,woman on ladder,Non-Harmful,NULL,"The meme is a humorous situation involving a woman on a ladder, but there is no explicit or implicit harm towards her."
img02740.jpg,single women over 30,Implicit-Harm,Misogyny,"The meme uses ageism to stereotype older women as undesirable, promoting negative attitudes towards them."
img02741.jpg,feminist,Non-Harmful,NULL,"The meme uses humor to mock the idea of a feminist being harassed, but it does not actually harm the feminist."
img02742.jpg,woman,Explicit-Harm,Misogyny,"The meme states 'Women don't belong in the kitchen', which is a stereotype implying women should not participate in certain activities or roles."
img02743.jpg,Feminists,Non-Harmful,NULL,The meme discusses feminism and equal responsibilities without targeting women for abuse.
img02744.jpg,woman,Implicit-Harm,Sexual-Harassment,"The meme suggests that asking for attention is equated with sexual availability, objectifying the woman."
img02745.jpg,woman,Explicit-Harm,Appearance-Attack,"The meme criticizes the woman's size, associating her talent with her physical appearance."
img02746.jpg,woman,Non-Harmful,NULL,The meme uses statistics to highlight systemic issues affecting women but does not directly harm or demean them.
img02747.jpg,woman's clitoris,Explicit-Harm,Sexual-Harassment,"The meme suggests that men cannot find the clitoris after a woman's handjob, implying a lack of sexual knowledge or competence."
img02748.jpg,woman,Non-Harmful,NULL,The meme contrasts two types of men but does not target the woman for abuse.
img02749.jpg,woman living in the 1600s,Non-Harmful,NULL,"The meme uses humor to highlight the historical context of women's contributions to science, not to harm or demean them."
img02750.jpg,woman in casual attire,Non-Harmful,NULL,The meme references a TV show and a humorous scenario but does not target a woman for abuse.
img02751.jpg,woman,Explicit-Harm,Sexual-Harassment,"The meme objectifies women by suggesting they are attracted to GHB, a drug that can cause sexual assault."
img02752.jpg,woman,Implicit-Harm,Appearance-Attack,"The meme suggests that plastic surgery is cheap, implying that women should not need makeup."
img02753.jpg,woman,Implicit-Harm,Misogyny,"The meme uses a quote implying that men support rapists, which is a form of gender-based discrimination."
img02754.jpg,female athlete,Implicit-Harm,Sexual-Harassment,"The meme objectifies the woman by focusing on her buttocks and using a suggestive title, implying sexual interest."
img02755.jpg,woman in revealing outfit,Explicit-Harm,Sexual-Harassment,"The image objectifies the woman by focusing on her body and using a suggestive title, implying sexual interest."
img02756.jpg,woman,Explicit-Harm,Misogyny,"The meme uses a dated image of a woman in a dress and a man in a suit, implying a gender-based hierarchy where women are subservient."
img02757.jpg,feminist,Non-Harmful,NULL,"The meme uses a playful nickname 'Womanbreaster' to make light of a location, but it does not target or harm the feminist individual."
img02758.jpg,woman,Explicit-Harm,Character-Assassination,The meme uses the term 'trophy wife' to shame the woman's marital status and suggest she is only valued for her appearance.
img02759.jpg,woman,Non-Harmful,NULL,"The meme uses a humorous comparison between a car salesman and a woman on the roof of a car, but there is no explicit or implicit harm towards the woman."
img02760.jpg,woman,Non-Harmful,NULL,"The image depicts a romantic scene with text expressing love and support, which is not harmful."
img02761.jpg,woman,Explicit-Harm,Sexual-Harassment,The meme objectifies the woman by reducing her to a sexualized stereotype.
img02762.jpg,female passenger,Implicit-Harm,Misogyny,"The meme suggests that female passengers are more likely to cause arguments, implying they are inherently problematic."
img02763.jpg,Letty,Implicit-Harm,Sexual-Harassment,"The meme suggests that women will cheat if their partner takes a nap, implying a sexual double standard."
img02764.jpg,hot women,Implicit-Harm,Sexual-Harassment,The meme objectifies women by focusing on their physical appearance and suggesting they are only attractive due to their sexuality.
img02765.jpg,relationship between two women,Non-Harmful,NULL,"The meme uses a mathematical formula to humorously describe the complexity of a relationship, which is not meant to be harmful."
img02766.jpg,woman in bikini,Non-Harmful,NULL,"The meme uses a humorous scenario involving a hippo to create a light-hearted situation, not targeting the woman for abuse."
img02767.jpg,woman,Explicit-Harm,Character-Assassination,"The meme uses derogatory language to define a woman based on her physical features, promoting harmful stereotypes."
img02768.jpg,woman,Implicit-Harm,Misogyny,"The meme suggests that feminism ends when a woman has to pay for something, implying that she should be subservient financially."
img02769.jpg,truck drivers,Non-Harmful,NULL,"The meme uses irony to highlight the contradiction between truck drivers' support for women's rights and their opposition to women's topless rights, which is a form of gender discrimination."
img02770.jpg,woman,Implicit-Harm,Misogyny,"The meme compares a woman unfavorably to a car, suggesting she is old and problematic like a vehicle with issues."
img02771.jpg,woman in revealing outfit,Implicit-Harm,Appearance-Attack,"The meme objectifies the woman by focusing on her body and attire, suggesting she is being judged based on her appearance."
img02772.jpg,woman,Implicit-Harm,Sexual-Harassment,"The meme suggests that the woman is desirable based on her attractiveness, which is a form of objectification."
img02773.jpg,teacher,Implicit-Harm,Sexual-Harassment,"The meme objectifies the teacher by suggesting she is attractive due to her lack of chastity, implying sexual interest from students."
img02774.jpg,woman's appearance,Non-Harmful,NULL,The meme uses a woman's appearance as a humorous example but does not target her for abuse.
img02775.jpg,woman,Non-Harmful,NULL,"The meme is a humorous observation about sandwich-making, not targeting women for abuse."
img02776.jpg,woman,Implicit-Harm,Sexual-Harassment,"The meme objectifies the woman by equating her with a cougar, suggesting sexual interest based on age and attractiveness."
img02777.jpg,woman,Explicit-Harm,Sexual-Harassment,"The meme suggests a sexual proposition involving a woman, implying she has done something wrong and should be punished sexually."
img02778.jpg,wife,Non-Harmful,NULL,The meme uses a humorous scenario but does not target the wife for abuse.
img02779.jpg,women's humor,Implicit-Harm,Misogyny,"The meme suggests that women's humor changes frequently, implying a lack of consistency or reliability, which can be seen as a criticism of their character."
img02780.jpg,drunk women,Implicit-Harm,Misogyny,"The meme generalizes drunk women as hapless idiots, perpetuating harmful stereotypes about their behavior."
img02781.jpg,woman's cleavage,Implicit-Harm,Sexual-Harassment,"The meme objectifies the woman's body part by comparing it to the sun, implying it is dangerous to look at."
img02782.jpg,woman at TSA inspection,Non-Harmful,NULL,The meme uses a suggestive image to make a point about TSA inspections but does not explicitly harm or demean the woman depicted.
img02783.jpg,woman with crutches,Explicit-Harm,Sexual-Harassment,The meme objectifies the woman's body by suggesting she is a prostitute based on her appearance.
img02784.jpg,woman wearing revealing clothes,Non-Harmful,NULL,"The image is a meme that uses a photograph to make a statement, but there is no explicit or implicit harm directed towards the woman."
img02785.jpg,feminist,Implicit-Harm,Misogyny,"The meme equates feminists with suicide bombers, implying that feminists are dangerous and destructive, which is a form of dehumanization and vilification."
img02786.jpg,woman's appearance,Non-Harmful,NULL,"The image shows a woman with tattoos and a bound leg, but the meme is a critique of Boy Scouts, not the woman herself."
img02787.jpg,Kylie Jenner,Implicit-Harm,Appearance-Attack,"The meme suggests that Kylie Jenner's appearance is so undesirable that plastic surgery would make her resemble Jocelyn Wildenstein, implying she is already unattractive."
img02788.jpg,female archeologists,Implicit-Harm,Sexual-Harassment,The meme objectifies women by suggesting their interest in archaeology stems from a sexual attraction to historical artifacts.
img02789.jpg,woman taking selfies,Non-Harmful,NULL,"The meme compares the number of photos taken by a woman to the number taken during a space mission, which is a humorous observation rather than an attack."
img02790.jpg,women in lingerie,Non-Harmful,NULL,"The image is a playful depiction of two women in lingerie, promoting a 'PJ Party' theme, which is a common social event and not intended to harm or demean anyone."
img02791.jpg,woman's appearance,Non-Harmful,NULL,"The meme compares a stylized profile picture to a real-life photo, highlighting the difference in presentation but does not imply any harm or judgment."
img02792.jpg,woman,Explicit-Harm,Sexual-Harassment,"The meme uses the term 'cleavage' to objectify the woman's body, suggesting that her appearance is more important than her overall self."
img02793.jpg,woman's appearance,Implicit-Harm,Misogyny,"The text lists physical attributes typically associated with masculinity, implying that women must meet these standards to be desirable."
img02794.jpg,woman's appearance,Non-Harmful,NULL,"The meme humorously comments on the effects of Botox, but does not target or demean the woman herself."
img02795.jpg,woman,Non-Harmful,NULL,"The meme uses a humorous scenario involving liquid nitrogen to treat burns, which is not intended to harm or demean women."
img02796.jpg,woman,Implicit-Harm,Character-Assassination,"The meme suggests that a woman's laughter at another man's joke is a sign of infidelity, objectifying her as a potential source of jealousy."
img02797.jpg,woman in lingerie,Implicit-Harm,Sexual-Harassment,The image objectifies the woman by focusing on her body and using suggestive language.
img02798.jpg,Amy Schumer,Non-Harmful,NULL,The meme references a real event involving Amy Schumer but does not target her for abuse.
img02799.jpg,woman's reproductive health,Explicit-Harm,Sexual-Harassment,The meme uses crude language to describe actions that are explicitly sexual and harmful to a woman's reproductive health.
img02800.jpg,woman referee,Non-Harmful,NULL,"The meme uses a photo of a woman in a referee uniform to reference a news headline about Robert Kraft's prostitute, but it does not directly harm the woman."
img02801.jpg,woman's appearance,Implicit-Harm,Sexual-Harassment,"The meme uses derogatory language ('Daily Hooker Attire') to trivialize the woman's choice of costume, implying she is objectified."
img02802.jpg,woman in a pin-up style,Implicit-Harm,Misogyny,"The meme objectifies the woman by associating her with a traditionally feminine setting (kitchen) while she is shown working on a car engine, which is typically associated with masculinity."
img02803.jpg,gymnast,Non-Harmful,NULL,The meme uses a gymnast performing a split to humorously suggest hiring someone for unspecified work.
img02804.jpg,woman talking angrily,Explicit-Harm,Misogyny,"The meme advises using duct tape and a kitchen sink to silence a woman, promoting violence against women."
img02805.jpg,woman with gagged mouth,Implicit-Harm,Misogyny,"The gagged mouth symbolizes being silenced, which is a form of oppression against women."
img02806.jpg,woman's appearance,Non-Harmful,NULL,"The meme uses a suggestive pose to illustrate a philosophical point, not to harm or demean the woman."
img02807.jpg,hooker,Explicit-Harm,Sexual-Harassment,The meme objectifies the woman as 'a hooker' and implies sexual aggression.
img02808.jpg,woman,Non-Harmful,NULL,"The meme is a simple educational task asking to identify a dishwasher, which does not target or harm women."
img02809.jpg,woman's appearance,Non-Harmful,NULL,The image uses a humorous tone but does not explicitly harm or demean women.
img02810.jpg,woman asking about 'IDK' meaning,Non-Harmful,NULL,"The meme is a humorous observation about language usage among friends, not targeting the woman for abuse."
img02811.jpg,woman,Implicit-Harm,Misogyny,"The meme compares a girlfriend unfavorably to a clone trooper, implying women are less desirable and more difficult to find."
img02812.jpg,women,Non-Harmful,NULL,"The meme is a humorous observation about the perception of women's contributions to society, not targeting them for abuse."
img02813.jpg,woman,Non-Harmful,NULL,The meme uses a humorous scenario but does not target or demean a woman.
img02814.jpg,woman working on a car,Non-Harmful,NULL,"The meme is a humorous self-deprecating statement about the woman's lack of knowledge, not targeting her for abuse."
img02815.jpg,white girl,Explicit-Harm,Sexual-Harassment,"The meme uses chloroform, a sedative, to imply a sexual conquest, objectifying the woman's body and behavior."
img02816.jpg,woman,Explicit-Harm,Sexual-Harassment,"The meme uses the word 'moist' in a sexual context, objectifying the woman's body."
img02817.jpg,woman,Non-Harmful,NULL,"The sign offers free beer to women, which is a positive gesture and not an attack on women."
img02818.jpg,woman,Non-Harmful,NULL,"The meme uses a humorous scenario involving a married man reacting to a situation involving a 'classy foreign chick', but it does not target women for abuse."
img02819.jpg,woman,Non-Harmful,NULL,The meme uses a humorous scenario but does not target or demean the woman.
img02820.jpg,woman wearing pink underwear,Non-Harmful,NULL,"The image is a humorous meme suggesting that talent is not necessary for participation in a beauty pageant, but it does not target the woman for abuse."
img02821.jpg,woman,Non-Harmful,NULL,"The meme humorously portrays a man carrying his sick wife to make breakfast, which is a common caregiving scenario and not intended to harm or demean the woman."
img02822.jpg,woman,Non-Harmful,NULL,"The meme compares having a career to being a house husband, suggesting both roles are equally valued."
img02823.jpg,woman's lipstick color,Explicit-Harm,Sexual-Harassment,"The meme objectifies the woman by associating her choice of lipstick shade with a male genital, reducing her to a sexual object."
img02824.jpg,woman's appearance,Implicit-Harm,Sexual-Harassment,The meme uses a suggestive image and text to imply that a woman's inability to say no is equated with consent.
img02825.jpg,woman drinking cocktail,Implicit-Harm,Sexual-Harassment,"The meme suggests the woman is easily persuaded into having sex, objectifying her as a means to an end."
img02826.jpg,housewife,Implicit-Harm,Misogyny,"The meme suggests that feminists would prioritize domestic duties over global crises, perpetuating the stereotype of women as homemakers."
img02827.jpg,female cheerleaders,Non-Harmful,NULL,"The meme is promoting a trend among California women, not targeting them for abuse."
img02828.jpg,woman cooking,Implicit-Harm,Sexual-Harassment,"The meme reduces the woman to her body, implying that her worth is based on her appearance rather than her ability to cook."
img02829.jpg,woman who's 'not happy',Non-Harmful,NULL,"The meme uses a metaphorical grinder to symbolize societal judgment against unhappy women, but it does not explicitly harm or demean them."
img02830.jpg,women who want equality,Explicit-Harm,Misogyny,"The meme equates women seeking equality with a nationalist organization responsible for genocide, attacking their political stance."
img02831.jpg,woman fishing,Non-Harmful,NULL,The meme is a humorous birthday wish and does not target the woman for abuse.
img02832.jpg,woman,Non-Harmful,NULL,"The meme uses a cartoon to make a statement about men helping with household chores, which is a positive message."
img02833.jpg,woman changing tire,Implicit-Harm,Sexual-Harassment,"The meme objectifies the woman by focusing on her body rather than her actions, suggesting she is there for sexual purposes."
img02834.jpg,woman,Explicit-Harm,Sexual-Harassment,"The meme depicts a monstrous creature representing 'my wife' in a threatening manner, suggesting sexual aggression towards the woman."
img02835.jpg,woman in Cinderella costume,Implicit-Harm,Misogyny,"The meme suggests that watching Cinderella backwards implies a woman learning her place, which reinforces traditional gender roles."
img02836.jpg,sanitary pad,Implicit-Harm,Sexual-Harassment,"The image uses a sanitary pad as a metaphor for a 'blowjob coupon', objectifying women's bodies and sexual acts."
img02837.jpg,woman,Explicit-Harm,Sexual-Harassment,"The meme objectifies the woman by comparing her to an oil reserve, suggesting sexual interest based on her physical attributes."
img02838.jpg,woman wearing a hijab,Non-Harmful,NULL,"The meme uses a caricatured image of a woman wearing a hijab to make a political statement, which is not inherently harmful."
img02839.jpg,woman's appearance,Non-Harmful,NULL,"The meme compares two women's appearances, but it does not attack or demean either woman."
img02840.jpg,woman with tattoos,Non-Harmful,NULL,"The meme uses sarcasm to critique societal attitudes towards job-seeking, not targeting women personally."
img02841.jpg,girls at my school,Implicit-Harm,Misogyny,"The meme portrays girls as using women's rights as an excuse to attack men, perpetuating the stereotype that women's rights movements are used to justify male bashing."
img02842.jpg,woman's appearance,Implicit-Harm,Appearance-Attack,"The meme criticizes the woman's makeup, suggesting she looks too perfect or unnatural."
img02843.jpg,woman,Implicit-Harm,Misogyny,"The meme suggests that learning cooking is a survival skill rather than a fashion accessory, implying that women should be proficient in it."
img02844.jpg,woman's appearance,Implicit-Harm,Sexual-Harassment,"The meme uses a suggestive tone to comment on the woman's attire, implying sexual interest or objectification."
img02845.jpg,woman's appearance,Implicit-Harm,Sexual-Harassment,"The meme objectifies the woman by focusing on her body shape and posture, suggesting a sexualized reaction."
img02846.jpg,Ms. Monopoly,Non-Harmful,NULL,"The meme compares the 'before' and 'after' versions of the Monopoly character, highlighting a change in appearance but without any harmful intent towards Ms. Monopoly."
img02847.jpg,woman in black dress,Implicit-Harm,Misogyny,"The meme suggests that women should have money for clothes, implying financial inequality and objectifying the woman's appearance."
img02848.jpg,woman's appearance,Non-Harmful,NULL,"The image is a meme referencing 'WW3 Memes' and 'Feminist should fight the war', but there is no explicit or implicit harm towards women."
img02849.jpg,Powerpuff Girls,Non-Harmful,NULL,"The meme uses sarcasm to mock the Powerpuff Girls' appearance and behavior, but it does not explicitly harm them."
img02850.jpg,woman,Implicit-Harm,Misogyny,"The meme suggests that women are funny but not as funny as men, implying a hierarchy of humor."
img02851.jpg,woman's appearance,Non-Harmful,NULL,The meme uses a suggestive image but does not explicitly harm or demean the woman.
img02852.jpg,Tinder girls,Implicit-Harm,Misogyny,"The meme suggests that Tinder girls are hypocritical, implying they are not genuine about their intentions but are still seeking hookups."
img02853.jpg,girls,Implicit-Harm,Sexual-Harassment,"The meme suggests that girls are overly sensitive about small penises, implying a lack of self-confidence."
img02854.jpg,fat women,Explicit-Harm,Appearance-Attack,The meme uses derogatory language to demean women based on their body size.
img02855.jpg,woman's appearance,Non-Harmful,NULL,"The image shows a woman with a bruised face, but the meme is not targeting her for abuse; it is referencing a well-known incident involving Chris Brown and domestic violence."
img02856.jpg,woman,Implicit-Harm,Misogyny,"The meme suggests that women are forgetful and incapable of handling household tasks, perpetuating a stereotype about their competence."
img02857.jpg,woman,Explicit-Harm,Sexual-Harassment,The meme objectifies the woman by reducing her to a sexual object and implies sexual aggression through the context of 'licking her pussy'.
img02858.jpg,woman,Non-Harmful,NULL,"The meme uses a knitting metaphor to criticize a woman's behavior, but the context is not clear enough to determine if it is harmful."
img02859.jpg,woman described as 'a simple girl',Implicit-Harm,Misogyny,"The meme reduces the woman to a simplistic stereotype, implying she lacks intelligence or complexity."
img02860.jpg,woman,Non-Harmful,NULL,The meme is a humorous critique of a dating scenario but does not target women for abuse.
img02861.jpg,women's ice hockey players,Non-Harmful,NULL,The meme criticizes women's ice hockey but does not directly harm or demean them.
img02862.jpg,wife,Non-Harmful,NULL,The meme praises the wife's strength and sexiness without any negative connotations towards women.
img02863.jpg,woman,Explicit-Harm,Sexual-Harassment,"The meme trivializes rape by suggesting that if a woman says yes, it is consensual, promoting a dangerous misunderstanding of consent."
img02864.jpg,women playing curling,Implicit-Harm,Misogyny,"The meme suggests that women are inherently good at cleaning, implying that their participation in sports is secondary."
img02865.jpg,women,Implicit-Harm,Misogyny,The meme uses a derogatory term 'work girls' to trivialize women's contributions.
img02866.jpg,feminists,Explicit-Harm,Misogyny,"The meme uses a graphic depiction of a woman holding a gun to symbolize violence against feminists, implying a threat."
img02867.jpg,woman,Explicit-Harm,Sexual-Harassment,"The meme directly states a sexual proposition involving rape, which is a form of sexual harassment."
img02868.jpg,woman,Explicit-Harm,Sexual-Harassment,The meme uses a sexual term 'orgasm' in a way that is likely to be offensive and inappropriate.
img02869.jpg,women's rights,Non-Harmful,NULL,"The meme uses humor to critique the idea of women using their rights, but it does not directly harm or demean women."
img02870.jpg,wife,Non-Harmful,NULL,"The meme uses a sarcastic question to make a point about the difficulty of balancing work and family life, but it does not target women for abuse."
img02871.jpg,feminists,Non-Harmful,NULL,The meme uses humor to highlight the absurdity of the situation rather than targeting feminists for abuse.
img02872.jpg,Rhianna,Non-Harmful,NULL,The meme is a playful comparison and does not target Rhianna for abuse.
img02873.jpg,woman,Non-Harmful,NULL,"The meme uses a playful exchange to make light of a child's age, which is not harmful."
img02874.jpg,supermodels,Non-Harmful,NULL,The meme is a humorous observation about supermodels' appearances rather than a harmful critique.
img02875.jpg,Michelle Obama,Non-Harmful,NULL,The meme compares two women's fashion choices without implying any negative stereotype or attack.
img02876.jpg,woman,Explicit-Harm,Violence,"The meme suggests that slapping a woman is a sign of affection, objectifying her as a means to an end."
img02877.jpg,woman,Explicit-Harm,Sexual-Harassment,"The meme suggests that a woman can be drugged without her consent, which is a form of sexual assault."
img02878.jpg,woman,Non-Harmful,NULL,"The meme uses a humorous scenario to critique a man's lack of ambition, not targeting women for abuse."
img02879.jpg,woman,Explicit-Harm,Appearance-Attack,The meme objectifies women by suggesting their attractiveness is solely based on their physical appearance.
img02880.jpg,church girl,Implicit-Harm,Character-Assassination,"The meme objectifies the church girl by suggesting that dating her is the best option, implying she is desirable due to her religious affiliation."
img02881.jpg,woman,Explicit-Harm,Sexual-Harassment,The meme suggests a sexual proposition involving coercion and manipulation.
img02882.jpg,female character,Non-Harmful,NULL,"The meme humorously highlights the difficulty of creating a female character without focusing on their physical attributes, but it does not explicitly harm or demean women."
img02883.jpg,woman,Implicit-Harm,Misogyny,"The meme equates women to cars, implying they should have a single owner, which reinforces the idea that women belong to men."
img02884.jpg,feminists,Non-Harmful,NULL,"The meme uses humor to mock feminists' advocacy for equal rights, but it does not target women themselves for abuse."
img02885.jpg,woman,Non-Harmful,NULL,"The meme uses a suggestive image to humorously contrast Google and Bing search results, but it does not target women for abuse."
img02886.jpg,woman's appearance,Explicit-Harm,Sexual-Harassment,"The meme uses the term 'breast inspector' to objectify the woman's body part, suggesting it is the most important feature of her appearance."
img02887.jpg,women in costumes,Explicit-Harm,Sexual-Harassment,"The meme uses derogatory language to objectify the women, suggesting they are being treated as sexual objects."
img02888.jpg,woman in maid outfit,Implicit-Harm,Sexual-Harassment,"The meme uses the term 'MILF' (mature woman) in a suggestive context, objectifying the woman."
img02889.jpg,woman's appearance,Non-Harmful,NULL,"The meme uses a suggestive caption to describe the woman's physical attributes, but it does not intend to harm or demean her."
img02890.jpg,woman,Non-Harmful,NULL,"The meme is a humorous comparison between two images, not targeting a woman for abuse."
img02891.jpg,woman,Non-Harmful,NULL,The meme does not target a woman for abuse; it is a humorous critique of various social issues.
img02892.jpg,woman's age,Non-Harmful,NULL,"The meme uses a humorous comparison between a turkey and a woman's age, but it does not target women for abuse."
img02893.jpg,woman,Implicit-Harm,Misogyny,"The meme suggests that having fewer sisters than brothers is a reason for a woman to question her worth, perpetuating the idea that women’s value is tied to their family structure."
img02894.jpg,woman wearing a collar,Implicit-Harm,Misogyny,"The meme suggests that women are treated like slaves, implying a lack of autonomy and freedom."
img02895.jpg,woman's appearance,Implicit-Harm,Appearance-Attack,"The meme criticizes the woman's body shape and clothing choice, suggesting she is trying too hard to look attractive."
img02896.jpg,woman,Explicit-Harm,Misogyny,The meme uses derogatory language and stereotypes to attack women.
img02897.jpg,woman wearing a mask,Non-Harmful,NULL,"The meme humorously contrasts the woman's excitement about new makeup with the necessity of wearing a mask, highlighting the inconvenience of pandemic safety measures."
img02898.jpg,Cinderella character,Non-Harmful,NULL,"The meme uses a before-and-after format to humorously suggest changes in Disney characters' appearances post-feminism, but it does not target women for abuse."
img02899.jpg,woman's appearance,Non-Harmful,NULL,The meme uses humor to comment on fashion choices without implying any negative intent towards the women.
img02900.jpg,woman,Explicit-Harm,Sexual-Harassment,"The meme threatens legal consequences for refusing to date a woman, implying sexual coercion."
img02901.jpg,woman cleaning the house,Non-Harmful,NULL,"The meme contrasts the mundane task of cleaning with a more intense, action-packed scenario, but it does not target or demean the woman."
img02902.jpg,pregnant woman,Implicit-Harm,Misogyny,"The meme uses a stereotype about women being slow and inefficient, implying that pregnancy makes them even more so."
img02903.jpg,future wife,Explicit-Harm,Sexual-Harassment,"The meme suggests that staying single will lead to sexual encounters with someone else's future spouse, objectifying the future wife's sexuality."
img02904.jpg,women in combat,Implicit-Harm,Misogyny,"The meme questions the necessity of women in combat, implying they are not needed, which reinforces gender stereotypes about women's roles."
img02905.jpg,feminists,Implicit-Harm,Misogyny,"The meme contrasts idealized historical figures with modern feminists, implying contemporary feminists lack the virtues of past women leaders."
img02906.jpg,woman designer,Non-Harmful,NULL,The meme celebrates a woman's achievement without any form of harm.
img02907.jpg,woman in bikini,Explicit-Harm,Appearance-Attack,"The meme criticizes the woman's body shape and appearance, suggesting she is objectified."
img02908.jpg,women wearing bunny ears,Non-Harmful,NULL,"The image is a humorous comparison of holidays, not targeting women for abuse."
img02909.jpg,woman's appearance,Non-Harmful,NULL,"The image is a meme with a humorous caption, not targeting a specific harm towards women."
img02910.jpg,woman smoking,Implicit-Harm,Appearance-Attack,"The meme compares the woman's appearance unfavorably to a 'skinny girl with booz', suggesting she lacks substance despite her physical attributes."
img02911.jpg,woman in washing machine,Implicit-Harm,Misogyny,"The meme objectifies the woman by placing her inside a washing machine, suggesting she is a dirty item needing cleaning."
img02912.jpg,daughter,Non-Harmful,NULL,The meme uses a scenario involving a daughter but does not target her for abuse.
img02913.jpg,girl,Explicit-Harm,Misogyny,"The meme uses the term 'stupid girl' to demean a woman, attacking her intelligence and worth."
img02914.jpg,woman in the kitchen,Implicit-Harm,Misogyny,"The meme suggests that women are confined to the kitchen, implying a gender-role stereotype about their roles in the home."
img02915.jpg,woman,Non-Harmful,NULL,"The meme is a humorous reference to a stereotypical older woman, not targeting her for abuse."
img02916.jpg,woman falling down stairs,Non-Harmful,NULL,"The meme humorously depicts a fall due to a broken dishwasher, which is a situational mishap rather than an attack on women."
img02917.jpg,Cher,Non-Harmful,NULL,"The image is a humorous comparison between Cher and Jigsaw from Saw, but it does not target Cher for abuse."
img02918.jpg,girls on Instagram,Implicit-Harm,Misogyny,"The meme portrays girls on Instagram as shallow and superficial, suggesting their value lies in their online presence rather than their true selves."
img02919.jpg,woman being kissed,Non-Harmful,NULL,The meme is a humorous observation about relationships rather than a harmful depiction of a woman.
img02920.jpg,woman in overalls,Non-Harmful,NULL,"The meme uses a humorous scenario involving milk cartons to make a point, but it does not target a woman for abuse."
img02921.jpg,woman's appearance,Implicit-Harm,Appearance-Attack,"The meme criticizes the woman's body shape, implying that her fitness level is irrelevant to her worth."
img02922.jpg,woman's appearance,Non-Harmful,NULL,The meme celebrates large breasts without implying any negative connotation or stereotype.
img02923.jpg,woman being slapped,Explicit-Harm,Sexual-Harassment,"The meme depicts a slap as a humorous comment on a washing machine's capacity, implying sexual objectification of the woman."
img02924.jpg,woman's appearance,Non-Harmful,NULL,"The meme uses a playful phrase 'she nose it' to comment on the woman's attractiveness, which is meant humorously rather than as an insult."
img02925.jpg,woman's appearance,Non-Harmful,NULL,"The meme uses a provocative title and a suggestive pose to attract viewers, but it does not explicitly harm or demean the women depicted."
img02926.jpg,woman cooking,Non-Harmful,NULL,"The meme is a humorous statement about a woman's preference for solitude while cooking, not targeting her for abuse."
img02927.jpg,women,Explicit-Harm,Sexual-Harassment,"The meme objectifies women by equating their presence in the kitchen with the consumption of coffee, suggesting a sexualized and submissive role."
img02928.jpg,woman's legs,Non-Harmful,NULL,"The image shows a woman's legs in a public setting, but there is no explicit or implicit harm directed towards her."
img02929.jpg,prostitute,Explicit-Harm,Sexual-Harassment,"The meme objectifies the prostitute by reducing her to a sexual act, implying she is solely valued for her sexual services."
img02930.jpg,woman's appearance,Non-Harmful,NULL,"The meme uses a woman's high heels to humorously depict a situation involving sports books, but there is no explicit or implicit harm towards women."
img02931.jpg,woman wearing a bikini,Implicit-Harm,Sexual-Harassment,"The meme suggests that women are objectified and their attire is used to justify men's gaze, implying sexual harassment."
img02932.jpg,woman in a straitjacket,Explicit-Harm,Sexual-Harassment,"The image depicts a woman in a straitjacket, which is associated with sexual objectification and degradation."
img02933.jpg,woman's appearance,Non-Harmful,NULL,"The meme uses a suggestive pose to make a point about body language, but it does not explicitly harm or demean the woman."
img02934.jpg,woman driving,Implicit-Harm,Misogyny,"The meme suggests that men feel threatened or uncomfortable when a woman drives, implying a gender-based fear or prejudice."
img02935.jpg,woman cooking,Implicit-Harm,Misogyny,"The meme suggests that women should be subservient and cook, perpetuating gender roles."
img02936.jpg,feminist,Implicit-Harm,Misogyny,"The meme suggests that being a feminist is conditional upon wealth and marital status, implying that these characteristics define a woman's worth."
img02937.jpg,woman wearing glasses,Non-Harmful,NULL,The meme uses a woman as a visual element but does not target her for abuse or criticism.
img02938.jpg,woman cooking,Implicit-Harm,Misogyny,"The meme suggests that women's place is in the kitchen, implying that their value diminishes when they step out of traditional roles."
img02939.jpg,woman's pregnancy,Non-Harmful,NULL,The meme uses humor to highlight the woman's pregnancy without implying any negative connotations.
img02940.jpg,woman,Explicit-Harm,Sexual-Harassment,"The meme uses derogatory language ('Little Whore') to objectify the woman, suggesting she is sexually available or promiscuous."
img02941.jpg,woman wearing revealing outfit,Implicit-Harm,Appearance-Attack,The meme uses the term 'trailer trash' to imply the woman's appearance is unattractive.
img02942.jpg,petite girlfriend,Explicit-Harm,Sexual-Harassment,"The meme suggests throwing away a petite girlfriend when she is angry, implying she is disposable."
img02943.jpg,female colleague,Non-Harmful,NULL,"The meme is a humorous question about a sweet treat, not targeting women for abuse."
img02944.jpg,woman's appearance,Non-Harmful,NULL,"The image is a humorous comparison between male and female behavior, not targeting women for abuse."
img02945.jpg,woman's empowerment,Non-Harmful,NULL,"The meme celebrates women's empowerment through a game change, which is a positive message."
img02946.jpg,woman in floral dress,Non-Harmful,NULL,The meme uses a woman's appearance as part of a humorous scenario but does not target her for abuse.
img02947.jpg,women drivers,Implicit-Harm,Misogyny,"The meme suggests that women drivers are inherently dangerous, perpetuating a stereotype about their driving abilities."
img02948.jpg,woman's appearance,Explicit-Harm,Sexual-Harassment,"The meme objectifies the woman's body by equating her vagina to weather conditions, implying she is always available for sexual activity."
img02949.jpg,woman,Explicit-Harm,Sexual-Harassment,"The meme objectifies the woman by suggesting she will scream only when the man is present, implying she lacks agency and is reduced to a source of entertainment."
img02950.jpg,woman's appearance,Explicit-Harm,Sexual-Harassment,"The meme objectifies women by equating their attractiveness to food items, specifically pancakes and sausage."
img02951.jpg,woman pole dancer,Non-Harmful,NULL,The meme uses a humorous comparison but does not explicitly harm or demean the woman.
img02952.jpg,woman,Explicit-Harm,Sexual-Harassment,"The meme objectifies the woman by comparing her to a menu item, suggesting she is available for sexual purposes."
img02953.jpg,woman,Explicit-Harm,Sexual-Harassment,The meme uses derogatory language ('Total Whore') to attack the woman's sexual character.
img02954.jpg,woman,Non-Harmful,NULL,The meme uses a child's expression to convey frustration but does not target women for abuse.
img02955.jpg,wife,Non-Harmful,NULL,"The meme depicts a man relaxing after winning an argument with his wife, which is a humorous scenario but does not target the woman for abuse."
img02956.jpg,woman kneeling,Explicit-Harm,Sexual-Harassment,The meme objectifies the woman by suggesting she should be submissive and focused solely on pleasing the man.
img02957.jpg,feminist media,Non-Harmful,NULL,The meme criticizes feminist media but does not target women themselves for abuse.
img02958.jpg,woman's buttocks,Explicit-Harm,Sexual-Harassment,The meme objectifies the woman's body by focusing on her buttocks and suggesting their size is noteworthy enough to warrant note-taking.
img02959.jpg,woman,Explicit-Harm,Sexual-Harassment,"The meme objectifies the woman by associating her with 'milfs', a derogatory term for older women."
img02960.jpg,women drinking alcohol,Explicit-Harm,Sexual-Harassment,The meme uses the term 'Slut Training Elixir' to objectify women's sexual behavior.
img02961.jpg,woman,Implicit-Harm,Misogyny,"The meme suggests that being a woman inherently makes someone stupid, perpetuating a stereotype about women's intelligence."
img02962.jpg,woman speaking,Non-Harmful,NULL,The meme uses humor to highlight a common experience but does not demean or attack the woman.
img02963.jpg,woman,Explicit-Harm,Sexual-Harassment,The meme objectifies the woman by focusing on her body and suggesting she is a means to an end.
img02964.jpg,woman's place,Explicit-Harm,Misogyny,"The meme states that a woman's role is limited to the kitchen, objectifying her and reducing her value to a domestic task."
img02965.jpg,woman,Explicit-Harm,Sexual-Harassment,"The meme objectifies the woman by comparing her appearance to different contexts, suggesting she is only valuable when pleasing others."
img02966.jpg,female politicians,Non-Harmful,NULL,"The meme compares two female politicians using a metaphorical battle, which is a form of political commentary rather than an attack."
img02967.jpg,woman's buttocks,Explicit-Harm,Sexual-Harassment,"The meme objectifies the woman's body by comparing her buttocks to a killer, implying sexual interest."
img02968.jpg,women in bikinis,Implicit-Harm,Appearance-Attack,"The meme suggests that combining two women's appearances results in an average that is undesirable, implying that individual beauty is superior."
img02969.jpg,women in a kitchen,Implicit-Harm,Misogyny,"The meme suggests that women naturally belong in the kitchen, implying that their presence there is normal and expected."
img02970.jpg,woman's legs,Implicit-Harm,Appearance-Attack,"The meme compares women's legs to cows' legs, implying women have fewer legs than cows, which is a derogatory stereotype."
img02971.jpg,woman,Explicit-Harm,Sexual-Harassment,"The meme objectifies the woman by equating her vagina with a fast-food sandwich, reducing her to a sexualized commodity."
img02972.jpg,woman,Implicit-Harm,Misogyny,"The meme suggests that arguing with a woman is as tedious as reading a software license agreement, implying that women are difficult to deal with and often make unreasonable demands."
img02973.jpg,woman wearing pizza bikini,Implicit-Harm,Sexual-Harassment,"The meme objectifies the woman by using her body as a prop for a humorous statement, focusing on her appearance rather than her character."
img02974.jpg,woman,Implicit-Harm,Violence,"The meme portrays marriage as a violent situation, implying that women are often subjected to domestic violence."
img02975.jpg,feminists,Non-Harmful,NULL,"The meme uses a cartoon character to mock feminists, but it does not target them for abuse."
img02976.jpg,woman,Non-Harmful,NULL,The meme references a robot but does not target women for abuse.
img02977.jpg,woman,Implicit-Harm,Appearance-Attack,The meme uses a stereotype about body size to mock the woman's appearance.
img02978.jpg,woman in a bikini,Non-Harmful,NULL,"The meme uses a humorous comparison between gravity and a law, which is a playful observation rather than an attack on women."
img02979.jpg,woman packing,Non-Harmful,NULL,"The meme depicts a woman packing her belongings, which is a neutral activity and does not target or harm women."
img02980.jpg,women's makeup choices,Implicit-Harm,Appearance-Attack,"The meme suggests that using Nutella as makeup is a humorous or absurd choice, implying a lack of sophistication or taste in women's beauty standards."
img02981.jpg,woman cooking,Non-Harmful,NULL,"The meme uses a historical image to make a humorous comparison, not to harm or demean the woman depicted."
img02982.jpg,woman's appearance,Explicit-Harm,Sexual-Harassment,The labels 'MILF' and 'CHOCOMILF' are derogatory terms that objectify women based on their perceived age and attractiveness.
img02983.jpg,woman's appearance,Non-Harmful,NULL,"The meme uses a visual of a person dancing to express frustration, but there is no direct harm towards a woman."
img02984.jpg,woman,Non-Harmful,NULL,The meme uses a humorous comparison but does not explicitly harm or demean the woman.
img02985.jpg,woman,Non-Harmful,NULL,The meme uses humor to address a serious issue but does not directly harm or demean women.
img02986.jpg,woman,Explicit-Harm,Sexual-Harassment,"The meme suggests that raping someone properly means killing them afterwards, promoting sexual violence."
img02987.jpg,woman's appearance,Non-Harmful,NULL,"The meme compares the expectation of yoga pants to reality, which is a humorous observation rather than an attack."
img02988.jpg,woman,Explicit-Harm,Sexual-Harassment,"The meme describes a violent sexual act against a woman, objectifying her body part and suggesting sexual aggression."
img02989.jpg,woman,Explicit-Harm,Sexual-Harassment,The meme objectifies the woman by focusing on her cleavage and implying that people are attracted to her solely for her physical appearance.
img02990.jpg,woman in bikini,Non-Harmful,NULL,The meme uses a suggestive image but does not explicitly harm or demean the woman.
img02991.jpg,Hillary Clinton,Explicit-Harm,Sexual-Harassment,"The meme objectifies Hillary Clinton by depicting her vagina as a monstrous, predatory creature, suggesting a sexualized and violent attack."
img02992.jpg,married women,Implicit-Harm,Misogyny,"The meme suggests married women are perceived differently by single people, implying a negative stereotype about their appearance or behavior."
img02993.jpg,woman,Explicit-Harm,Sexual-Harassment,"The meme objectifies the woman by equating her potential aggression with the stereotypical desire for a sandwich, implying sexual interest rather than a serious threat."
img02994.jpg,feminists,Non-Harmful,NULL,"The meme uses a humorous context to make a point about feminists, but it does not target them for abuse."
img02995.jpg,boys,Non-Harmful,NULL,"The meme uses a robot to represent boys and humorously suggests that boys will hit back if girls think they can hit them without consequences, but it does not target women for abuse."
img02996.jpg,woman,Non-Harmful,NULL,"The meme uses a statue to humorously depict a reaction, but there is no direct harm to the woman."
img02997.jpg,feminist,Non-Harmful,NULL,The meme does not target a woman for abuse; it is a humorous observation about a man's actions.
img02998.jpg,woman in a bikini,Implicit-Harm,Sexual-Harassment,"The meme uses a woman's body to make a humorous but objectifying point about generators, implying she is the focus of the question rather than the generator's functionality."
img02999.jpg,anime girls pole dancing,Non-Harmful,NULL,"The image showcases anime characters engaging in pole dancing, which is a form of performance art and does not imply any harmful intent towards women."
img03000.jpg,woman,Explicit-Harm,Misogyny,"The meme uses a violent statement against women alongside a PETA logo, suggesting a connection between animal rights and violence towards women."
img03001.jpg,woman,Non-Harmful,NULL,The meme criticizes a man's statement about women's intuition without targeting women themselves.
img03002.jpg,girls,Non-Harmful,NULL,"The meme is a humorous observation about girls' reactions to the creator's meme-making skills, without any harmful intent."
img03003.jpg,woman,Implicit-Harm,Sexual-Harassment,"The meme suggests the woman is objectifying the man by focusing on his genitalia, implying sexual harassment."
img03004.jpg,Michelle Obama and Melania Trump,Non-Harmful,NULL,"The meme uses a comparison between two women's appearances and cars to make a humorous observation, not to harm them."
img03005.jpg,woman sitting on the subway,Non-Harmful,NULL,The meme criticizes toxic masculinity but does not directly harm the woman visually or through text.
img03006.jpg,woman working your job,Implicit-Harm,Misogyny,"The meme implies that women are inherently less valuable in the workplace compared to men, perpetuating a gender pay gap stereotype."
img03007.jpg,woman riding horse,Non-Harmful,NULL,"The meme uses a woman as a visual metaphor for a solution, which is a common trope but does not explicitly harm or demean her."
img03008.jpg,bridesmaids,Non-Harmful,NULL,"The meme is a humorous observation about bridesmaids being distracted during a wedding ceremony, not targeting them for abuse."
img03009.jpg,woman's appearance,Explicit-Harm,Sexual-Harassment,The meme objectifies the woman's body by focusing on her curves and suggesting that other women lack similar features.
img03010.jpg,woman using tampons,Non-Harmful,NULL,"The meme is a humorous observation about the inconvenience of tampon strings, not targeting women for abuse."
img03011.jpg,woman student,Implicit-Harm,Misogyny,"The meme suggests that sitting in the back of the classroom is a perk for women, implying that their presence is valued less in the front."
img03012.jpg,woman,Non-Harmful,NULL,The meme uses humor to discuss personal issues unrelated to women.
img03013.jpg,woman,Non-Harmful,NULL,"The meme uses a comparison between two women to make a point about love and worthiness, but it does not target a woman for abuse."
img03014.jpg,woman,Explicit-Harm,Violence,"The meme suggests that hitting women is justified, promoting a violent attitude towards women."
img03015.jpg,woman's appearance,Implicit-Harm,Sexual-Harassment,"The meme objectifies the woman's body by associating her with fast food, implying sexual availability."
img03016.jpg,woman,Non-Harmful,NULL,The meme questions a geographical fact without implying any harm towards women.
img03017.jpg,woman,Explicit-Harm,Misogyny,"The meme uses a violent statement against women as a joke, promoting harmful gender stereotypes."
img03018.jpg,woman's appearance,Non-Harmful,NULL,The image compares two versions of a scene from 'Total Recall' but does not target a woman for abuse.
img03019.jpg,woman's nipples,Explicit-Harm,Sexual-Harassment,The meme objectifies the woman's body part by focusing on her nipples and encouraging viewers to look at them.
img03020.jpg,woman,Explicit-Harm,Sexual-Harassment,"The meme objectifies the woman by focusing on her smell, which is a sexualized attack."
img03021.jpg,woman's appearance,Implicit-Harm,Sexual-Harassment,"The meme criticizes the woman's choice of clothing, implying she is objectified and judged based on her appearance."
img03022.jpg,woman's appearance,Non-Harmful,NULL,"The meme humorously contrasts a woman's idealized summer body with her current state, but it does not target or demean her appearance."
img03023.jpg,woman,Non-Harmful,NULL,"The meme uses a humorous scenario to critique a man's perception of his girlfriend, but it does not directly harm or demean the woman."
img03024.jpg,woman being raped,Explicit-Harm,Sexual-Harassment,"The meme depicts a man raping a woman after she says she can't repay him, which is a sexual aggression and objectification of her."
img03025.jpg,woman speaking,Non-Harmful,NULL,The meme uses a quote to critique a political stance but does not target a woman for abuse.
img03026.jpg,woman,Explicit-Harm,Sexual-Harassment,The meme objectifies a woman by associating her with 'milf' (mature female) and uses a suggestive tone.
img03027.jpg,woman,Explicit-Harm,Sexual-Harassment,The meme objectifies the woman by suggesting she is a prostitute based on her appearance.
img03028.jpg,woman's appearance,Non-Harmful,NULL,"The meme uses before-and-after images to humorously suggest a change in appearance due to feminism, but it does not explicitly harm or demean the woman."
img03029.jpg,schoolgirl,Explicit-Harm,Sexual-Harassment,"The meme objectifies the schoolgirl by suggesting teachers are fired due to their attraction to her, implying sexual interest in her as a student."
img03030.jpg,woman in leather outfit,Explicit-Harm,Sexual-Harassment,"The meme objectifies the woman by depicting her as a sex worker, reducing her to a sexual object."
img03031.jpg,feminist vegans,Explicit-Harm,Sexual-Harassment,"The meme objectifies feminist vegans by associating their smell with negative attributes, which is a form of sexual harassment."
img03032.jpg,woman fixing the car,Implicit-Harm,Sexual-Harassment,"The meme suggests the woman should be cooking dinner instead of fixing the car, implying a gender role stereotype where women are expected to be homemakers."
img03033.jpg,woman cooking,Implicit-Harm,Sexual-Harassment,"The meme objectifies the woman by focusing on her body while she cooks, suggesting sexual interest."
img03034.jpg,woman,Explicit-Harm,Misogyny,"The meme uses a chain to symbolize women being 'chained' to the bedroom, implying they should stay there rather than participating in activities like circus performances."
img03035.jpg,woman,Non-Harmful,NULL,"The meme humorously depicts a scenario where a man is playing video games instead of fixing a broken dishwasher, but there is no explicit or implicit harm towards the woman."
img03036.jpg,woman,Implicit-Harm,Misogyny,"The meme suggests that women are inherently dishonest, which is a generalization about their character."
img03037.jpg,woman drinking wine,Explicit-Harm,Sexual-Harassment,The meme objectifies the woman by associating her with sexual behavior and implying she will engage in sexual acts after drinking.
img03038.jpg,woman wearing a feminist symbol,Non-Harmful,NULL,"The meme uses a feminist symbol to represent a woman, but the context suggests a critique of a 'safe space' rather than targeting the woman herself."
img03039.jpg,woman's appearance,Implicit-Harm,Sexual-Harassment,The meme objectifies the woman by focusing on her physical attributes and suggesting a sexual proposition.
img03040.jpg,woman wearing a pink dress,Non-Harmful,NULL,The meme uses a woman's appearance as a humorous context but does not target her for abuse.
img03041.jpg,woman's tongue skills,Non-Harmful,NULL,"The meme is a humorous observation about a man's tongue skills, not targeting the woman for abuse."
img03042.jpg,feminist,Non-Harmful,NULL,The meme does not target a woman for abuse; it is a critique of the feminist movement.
img03043.jpg,woman's suit,Non-Harmful,NULL,"The meme is a humorous observation about the difference between what can be said about a suit versus a girlfriend, without targeting women personally."
img03044.jpg,woman,Explicit-Harm,Sexual-Harassment,"The meme depicts a woman being wrapped in duct tape, which is a sexualized and degrading act."
img03045.jpg,woman,Non-Harmful,NULL,"The meme uses a humorous comparison involving a blob fish and a woman, but there is no explicit or implicit harm towards women."
img03046.jpg,woman,Non-Harmful,NULL,The meme does not target a woman for abuse; it is a humorous exchange between friends.
img03047.jpg,Feminists,Non-Harmful,NULL,"The meme uses a dog to represent 'Feminists' and contrasts 'equal rights' with 'equal responsibilities,' which is a common feminist critique but not inherently harmful."
img03048.jpg,bride,Non-Harmful,NULL,"The image is a humorous critique of arranged marriages, not targeting women for abuse."
img03049.jpg,housewife,Implicit-Harm,Misogyny,"The meme criticizes the desire for a return to traditional gender roles, implying that women should stay home and be homemakers."
img03050.jpg,sandwich maker,Non-Harmful,NULL,"The meme celebrates a day related to a kitchen appliance, which is not directed at women."
img03051.jpg,woman in a bikini,Non-Harmful,NULL,The meme is a playful challenge rather than a harmful statement about the woman.
img03052.jpg,woman,Explicit-Harm,Misogyny,The meme uses derogatory language and images to stereotype women as always complaining.
img03053.jpg,woman in nurse uniform,Non-Harmful,NULL,"The meme uses a nurse character to humorously depict a scenario involving credit card declines, which is not intended to harm or stereotype women."
img03054.jpg,woman patient,Non-Harmful,NULL,"The meme uses a hospital setting to humorously comment on a mundane household issue, without targeting the woman for abuse."
img03055.jpg,woman driving,Non-Harmful,NULL,The meme celebrates a positive development regarding women's rights without attacking or demeaning them.
img03056.jpg,woman's appearance,Non-Harmful,NULL,"The meme uses a humorous scenario involving a woman's appearance to create a comedic situation, but it does not target or demean the woman herself."
img03057.jpg,woman,Non-Harmful,NULL,"The meme uses a scene from a movie to make a point about a petition, but it does not target a woman for abuse."
img03058.jpg,woman's appearance,Non-Harmful,NULL,"The meme uses a cat to make a humorous statement about a shaved cat's appearance, which is not directed at a woman or any specific gender."
img03059.jpg,woman,Explicit-Harm,Sexual-Harassment,"The meme objectifies women by suggesting their purpose is to be looked at, which is a form of sexual harassment."
img03060.jpg,woman,Explicit-Harm,Sexual-Harassment,The meme objectifies the woman by focusing on her body and suggesting she is sexually available.
img03061.jpg,women,Explicit-Harm,Sexual-Harassment,"The meme dismisses rape as a crime against women, promoting a harmful stereotype about women's subservience."
img03062.jpg,woman,Non-Harmful,NULL,"The meme uses a hyperbolic statement to express offense, but it does not target women for abuse."
img03063.jpg,Elsa from Frozen,Explicit-Harm,Sexual-Harassment,"The meme uses a sexualized reference to a well-known character, implying inappropriate behavior towards her."
img03064.jpg,woman,Non-Harmful,NULL,"The meme uses a humorous scenario involving a large woman to report a beached whale, which is not intended to harm or demean women."
img03065.jpg,woman with taped mouth,Explicit-Harm,Sexual-Harassment,"The image depicts a woman with a mouth sealed shut, which is a visual representation of silencing and controlling her speech, a form of sexual harassment."
img03066.jpg,Wonder Woman,Non-Harmful,NULL,The image celebrates Wonder Woman's introduction without any form of criticism or harm towards her.
img03067.jpg,wife,Non-Harmful,NULL,"The meme is a humorous observation about a wife's cooking skills and diet preferences, not targeting the wife for abuse."
img03068.jpg,female employee,Non-Harmful,NULL,The meme uses a humorous context but does not explicitly harm or demean the female employee.
img03069.jpg,woman,Non-Harmful,NULL,"The meme uses a comparison between a woman's long marriage and Captain America's time in ice, but it does not target women for abuse."
img03070.jpg,drunk white women,Explicit-Harm,Misogyny,"The meme uses a racial slur and objectifies drunk women, promoting harmful stereotypes about their behavior."
img03071.jpg,women golfers,Implicit-Harm,Sexual-Harassment,"The meme objectifies women as sex objects by associating them with golf in a suggestive manner, implying they are only there for their appearance."
img03072.jpg,woman,Non-Harmful,NULL,The meme uses a humorous scenario but does not target the woman for abuse.
img03073.jpg,woman with pink hair,Non-Harmful,NULL,The meme references a character from 'Teen Titans' but does not explicitly harm or demean the woman.
img03074.jpg,feminists,Non-Harmful,NULL,The meme does not target feminists for abuse; it is a comparison between different groups facing societal oppression.
img03075.jpg,cougar,Explicit-Harm,Sexual-Harassment,"The meme objectifies the cougar by equating her with 'old whores', suggesting sexual availability and objectifying her age and appearance."
img03076.jpg,woman's appearance,Non-Harmful,NULL,"The meme uses a positive comment about the woman's smile to highlight her attractiveness, which is not harmful."
img03077.jpg,woman wearing bikini bottom,Non-Harmful,NULL,"The meme uses a photograph to make a statement about economic hardship, not targeting the woman herself."
img03078.jpg,woman in Supergirl costume,Non-Harmful,NULL,"The meme uses humor to highlight a sibling rivalry, not to harm or demean the woman."
img03079.jpg,woman,Explicit-Harm,Sexual-Harassment,"The meme suggests that women are blamed for pregnancy, implying sexual violence as a reason for pregnancy."
img03080.jpg,woman,Non-Harmful,NULL,"The meme uses a serious expression to convey a motivational message, but there is no explicit or implicit harm towards the woman."
img03081.jpg,woman's appearance,Implicit-Harm,Sexual-Harassment,"The meme uses a visual comparison to objectify the woman's body, suggesting that only part of her is acceptable."
img03082.jpg,woman with four legs,Explicit-Harm,Misogyny,"The meme uses a biological impossibility to make a derogatory statement about women, implying they have multiple legs like animals."
img03083.jpg,woman in swimsuit,Non-Harmful,NULL,"The meme is a humorous observation about a sandwich maker doubling as an ironing board, with no intent to harm or demean the woman depicted."
img03084.jpg,women in bikinis,Implicit-Harm,Misogyny,The meme uses stereotypical imagery of women in bikinis to promote a gender-stereotyped idea of women being confined to the kitchen.
img03085.jpg,woman patient,Implicit-Harm,Misogyny,"The meme suggests that pregnancy can be visually detected, implying that women's bodies are inherently linked to their reproductive status."
img03086.jpg,woman driver,Implicit-Harm,Misogyny,"The meme suggests that women are responsible for damaging cars, perpetuating a stereotype about their driving abilities."
img03087.jpg,woman wearing a Confederate bikini,Non-Harmful,NULL,"The meme is a humorous take on a controversial fashion choice, not targeting women for abuse."
img03088.jpg,woman,Implicit-Harm,Sexual-Harassment,"The meme uses exaggerated and stereotypical traits to caricature a woman, implying she is a 'perfect' amalgamation of various roles and interests."
img03089.jpg,woman,Non-Harmful,NULL,"The meme uses a humorous question about banks to make a point about financial systems, not targeting women for abuse."
img03090.jpg,girl,Explicit-Harm,Sexual-Harassment,"The meme objectifies the girl by equating her worth to sexual acts, reducing her to a mere object of sexual desire."
img03091.jpg,women in bikinis,Implicit-Harm,Sexual-Harassment,The image objectifies women by associating them solely with beer consumption and attractiveness.
img03092.jpg,girl with daddy issues,Non-Harmful,NULL,The meme uses exaggerated expressions to humorously depict a common stereotype but does not explicitly harm or demean the woman.
img03093.jpg,Sarah Jessica Parker,Non-Harmful,NULL,"The meme uses Sarah Jessica Parker's appearance as a humorous comparison to a horse, but it does not target her for abuse."
img03094.jpg,woman lifting weights,Implicit-Harm,Sexual-Harassment,"The term 'milf' is used to describe a woman, often implying sexual interest or objectification."
img03095.jpg,woman,Non-Harmful,NULL,"The meme is a humorous observation about someone being single, not targeting the woman for abuse."
img03096.jpg,woman,Explicit-Harm,Sexual-Harassment,The meme objectifies the woman by associating her with drug use and derogatory language.
img03097.jpg,woman,Explicit-Harm,Sexual-Harassment,"The meme objectifies the woman by suggesting she is 'hooker' and capable of swimming despite being tied up, implying sexual availability."
img03098.jpg,woman playing Nintendo Wii,Non-Harmful,NULL,"The meme celebrates the Nintendo Wii for being used, without targeting or demeaning the woman."
img03099.jpg,feminist,Implicit-Harm,Misogyny,"The meme portrays a stereotypical fear-based definition of feminism, implying that feminists are afraid of men, which is a form of gender-stereotype."
img03100.jpg,Kaley Cuoco,Non-Harmful,NULL,The meme praises Kaley Cuoco's attractiveness without implying any negative behavior or stereotype.
img03101.jpg,women in formal attire,Non-Harmful,NULL,"The meme uses a comparison between two women in formal attire to make a humorous point about car choices, which is not directed at any specific individual or group."
img03102.jpg,woman,Implicit-Harm,Sexual-Harassment,"The meme objectifies the woman by focusing on her car collection rather than her personality or interests, suggesting she is valued for her possessions."
img03103.jpg,woman,Explicit-Harm,Violence,"The meme suggests physical violence against a woman, endorsing domestic abuse."
img03104.jpg,woman labeled 'hyper feminism',Non-Harmful,NULL,"The meme uses humor to contrast different interpretations of feminism, not to harm or demean anyone."
img03105.jpg,woman's appearance,Non-Harmful,NULL,"The meme uses a stock image of a woman to represent 'Everyone's Wife,' but there is no explicit or implicit harm directed towards her."
img03106.jpg,woman with a bruise,Explicit-Harm,Violence,"The meme portrays a woman with a visible bruise, suggesting she caused her own injury through aggressive behavior."
img03107.jpg,woman's appearance,Explicit-Harm,Appearance-Attack,"The meme uses a fat-shaming joke about a woman's body, equating her weight with her ability to twerk effectively."
img03108.jpg,girlfriend,Implicit-Harm,Misogyny,"The meme suggests that the girlfriend is like other women, implying a lack of individuality and value."
img03109.jpg,woman's appearance,Non-Harmful,NULL,The meme uses a suggestive image but does not explicitly harm or demean the woman.
img03110.jpg,nerdy girl,Implicit-Harm,Misogyny,"The meme suggests that 'nerdy girls' are out of someone's league due to their intelligence, perpetuating the idea that intelligence is a barrier to social interaction."
img03111.jpg,woman,Implicit-Harm,Misogyny,"The meme suggests women should stay in the kitchen, implying they have limited roles and capabilities."
img03112.jpg,woman's appearance,Non-Harmful,NULL,The meme uses a cartoon character to humorously depict a reaction but does not target women for abuse.
img03113.jpg,fat woman,Explicit-Harm,Sexual-Harassment,"The meme uses a rape whistle to objectify the woman's body, suggesting she is easily preyed upon due to her size."
img03114.jpg,feminists,Non-Harmful,NULL,"The meme uses a popular reaction image to mock feminists, but it does not explicitly harm them or promote negative stereotypes."
img03115.jpg,woman,Explicit-Harm,Misogyny,"The meme uses derogatory language to generalize and demean women, attacking their perceived behavior and character."
img03116.jpg,woman,Non-Harmful,NULL,"The meme is a joke about a man's reaction to his fifth wife eating grass from another guy's hand, which is not directed at a woman."
img03117.jpg,woman,Explicit-Harm,Appearance-Attack,"The meme uses a 'Yo Mama' joke to insult the woman's appearance, calling her 'so Ugly' and suggesting she would be disqualified from an ugly contest due to her perceived beauty."
img03118.jpg,white girls,Implicit-Harm,Misogyny,The meme criticizes white girls for their perceived lack of self-awareness regarding the impact of social media on their appearance.
img03119.jpg,Ariel and Ursula,Non-Harmful,NULL,"The meme uses a humorous exchange between characters from 'The Little Mermaid' to make a light-hearted point about voice and appearance, without targeting women for abuse."
img03120.jpg,woman,Implicit-Harm,Misogyny,"The meme suggests that women's presence in the bathroom is a problem, implying a gender-based stereotype about personal space."
img03121.jpg,woman,Explicit-Harm,Sexual-Harassment,"The meme objectifies the woman by suggesting she is a virgin and implies sexual interest from the man, which is a form of sexual harassment."
img03122.jpg,woman,Implicit-Harm,Misogyny,"The meme suggests that women are overly emotional and need to be controlled, perpetuating a stereotype about their behavior."
img03123.jpg,woman wearing a dirndl,Non-Harmful,NULL,The image celebrates Oktoberfest culture without targeting or demeaning the woman.
img03124.jpg,woman at the bar,Non-Harmful,NULL,The meme uses a humorous context but does not explicitly harm or demean the woman.
img03125.jpg,wife,Non-Harmful,NULL,The meme uses a humorous scenario but does not target the wife for abuse or demeaning her.
img03126.jpg,woman's appearance,Non-Harmful,NULL,"The meme uses a comparison to a hippo to humorously comment on someone's appearance, but it does not target or demean women."
img03127.jpg,women,Non-Harmful,NULL,The meme uses humor to critique societal issues but does not directly harm or demean women.
img03128.jpg,woman's appearance,Non-Harmful,NULL,"The meme uses a photograph to highlight a woman's body shape, but it does not intend to harm or demean her."
img03129.jpg,woman in a school uniform,Explicit-Harm,Misogyny,The meme uses derogatory language ('stupid dumb girl') to demean the woman based on her gender.
img03130.jpg,woman motorist,Non-Harmful,NULL,The meme uses humor to highlight a real issue but does not demean or attack the woman.
img03131.jpg,woman,Non-Harmful,NULL,The image uses a well-known movie scene to highlight various social issues but does not specifically target women for abuse.
img03132.jpg,strong independent liberal women,Non-Harmful,NULL,The meme is a rhetorical question meant to provoke thought rather than harm.
img03133.jpg,feminists,Non-Harmful,NULL,"The meme uses a humorous scenario involving feminists and baking to make a point, but it does not target women for abuse."
img03134.jpg,woman's appearance,Explicit-Harm,Appearance-Attack,The meme objectifies the woman by focusing on her breasts and suggesting that political discussions are irrelevant compared to her physical attributes.
img03135.jpg,woman,Explicit-Harm,Sexual-Harassment,"The meme suggests sexual preference based on physical appearance, objectifying the woman."
img03136.jpg,women,Implicit-Harm,Sexual-Harassment,"The meme suggests that women are inherently more selfish and prioritize sex over love compared to men, perpetuating a harmful stereotype about women's motivations."
img03137.jpg,woman in a car,Explicit-Harm,Sexual-Harassment,"The meme objectifies the woman by suggesting she is a means to obtain吹风机服务，a sexual service, which is degrading."
img03138.jpg,pregnant fiancée,Explicit-Harm,Sexual-Harassment,"The meme portrays the pregnant fiancée being forced into a degrading situation, objectifying her and suggesting sexual exploitation."
img03139.jpg,woman,Implicit-Harm,Sexual-Harassment,"The meme suggests that pressing the 'Rape' button is equivalent to being 'Just a Friend', implying sexual coercion."
img03140.jpg,Sarah Jessica Parker,Non-Harmful,NULL,The meme uses Sarah Jessica Parker's name humorously but does not target her for abuse.
img03141.jpg,woman student,Implicit-Harm,Sexual-Harassment,"The meme suggests that a woman's attractiveness can influence academic performance, implying sexual objectification."
img03142.jpg,woman,Explicit-Harm,Sexual-Harassment,The meme objectifies the woman by reducing her to a sexual object and suggesting inappropriate behavior.
img03143.jpg,woman,Non-Harmful,NULL,"The meme is a humorous response to a tweet about cheating, but it does not target a woman for abuse."
img03144.jpg,woman's pants,Explicit-Harm,Sexual-Harassment,"The meme objectifies women by comparing their bulges to weapons, implying sexual aggression."
img03145.jpg,Lois Griffin,Implicit-Harm,Misogyny,"The meme questions Lois' presence in the kitchen, implying she should be there based on gender roles."
img03146.jpg,woman,Non-Harmful,NULL,"The meme is a humorous exchange between two people, not targeting the woman for abuse."
img03147.jpg,woman,Non-Harmful,NULL,"The meme uses a series of apologies directed at a woman, but the context suggests these are from a man expressing regret over past actions towards a woman."
img03148.jpg,woman taking a selfie,Non-Harmful,NULL,"The meme is a humorous observation about a character's appearance, not targeting the woman for abuse."
img03149.jpg,woman,Explicit-Harm,Sexual-Harassment,"The meme objectifies a woman by equating her attractiveness to her willingness to be 'slutty' or 'your slut', which is a sexual proposition."
img03150.jpg,feminists,Non-Harmful,NULL,The meme uses humor to highlight a common misunderstanding but does not target feminists for abuse.
img03151.jpg,woman,Non-Harmful,NULL,"The meme is a humorous statement supporting feminism, not targeting women for abuse."
img03152.jpg,woman gamer,Implicit-Harm,Misogyny,"The meme suggests that girls are not competent gamers, implying they should not be playing games."
img03153.jpg,woman,Non-Harmful,NULL,"The meme uses a neutral statement from Mario and a stereotypical statement from Luigi to question the viewer's reaction, which is not inherently harmful."
img03154.jpg,woman,Explicit-Harm,Sexual-Harassment,The meme objectifies the woman by reducing her to a sexual object through the phrase 'LOVES VAGINA'.
img03155.jpg,woman,Non-Harmful,NULL,"The meme uses a cat to humorously suggest that eating quickly can contribute to weight gain, but it does not target women for abuse."
img03156.jpg,woman passenger,Non-Harmful,NULL,The meme uses a humorous comparison to highlight the new seatbelt design but does not target or demean the woman.
img03157.jpg,woman actor,Implicit-Harm,Misogyny,"The meme suggests that women should aspire to male roles and achievements, implying a gender bias against women in acting."
img03158.jpg,Katy Perry,Implicit-Harm,Sexual-Harassment,"The meme objectifies Katy Perry by suggesting she is 'gravity' due to her large breasts, implying she is reduced to her physical attributes."
img03159.jpg,woman,Non-Harmful,NULL,The meme depicts a sequence of events but does not explicitly harm or demean the woman.
img03160.jpg,independent woman,Non-Harmful,NULL,"The meme praises the woman for being independent and capable of performing a task typically associated with men, without any negative connotations."
img03161.jpg,woman,Non-Harmful,NULL,The meme does not directly harm or attack women but rather discusses feminist principles and men's opinions towards feminism.
img03162.jpg,women at the beach,Non-Harmful,NULL,"The meme uses a humorous comparison between women at the beach and hippos, but it does not target women for abuse."
img03163.jpg,hooker,Explicit-Harm,Sexual-Harassment,"The meme objectifies the 'hooker' by equating her to a Russian submarine and semen, reducing her to a sexual object."
img03164.jpg,gymnast,Implicit-Harm,Appearance-Attack,"The meme uses a suggestive sound effect to imply the gymnast's body is the focus of the sport, objectifying her physique."
img03165.jpg,fat friend,Implicit-Harm,Appearance-Attack,"The meme suggests that a woman's size is a negative attribute, implying she lacks personality despite having a 'great personality'."
img03166.jpg,woman being threatened,Explicit-Harm,Sexual-Harassment,The meme uses a visual of a woman being threatened with a fist to imply sexual harassment.
img03167.jpg,woman,Explicit-Harm,Sexual-Harassment,The meme uses a derogatory term 'slut' to attack the woman's sexual character.
img03168.jpg,girls looking for fame on social media,Non-Harmful,NULL,The meme uses a humorous scenario but does not explicitly harm or demean the target.
img03169.jpg,stripper,Implicit-Harm,Sexual-Harassment,"The meme uses a stereotype about strippers being emotionally vulnerable after substance use, implying they are not fully capable individuals."
img03170.jpg,waitress,Explicit-Harm,Violence,The meme suggests that hitting a woman is acceptable as a form of discipline.
img03171.jpg,woman's appearance,Non-Harmful,NULL,"The meme uses a before-and-after format to humorously suggest a 'reverse cowgirl' pose, which is a playful and non-harmful comparison."
img03172.jpg,woman's appearance,Implicit-Harm,Sexual-Harassment,The meme uses a suggestive gesture and text to imply that showing cleavage is a common or expected behavior among women.
img03173.jpg,women's opinions,Implicit-Harm,Misogyny,"The meme suggests that women's opinions should always be correct, implying that disagreement between women is problematic."
img03174.jpg,woman in lingerie,Implicit-Harm,Sexual-Harassment,The image objectifies the woman by focusing on her body and using suggestive language.
img03175.jpg,woman's driving ability,Implicit-Harm,Misogyny,"The meme suggests that women are inherently bad at driving, which perpetuates a stereotype about their competence."
img03176.jpg,girls,Explicit-Harm,Appearance-Attack,"The meme objectifies girls by focusing on their physical appearance, suggesting that their worth is based solely on their looks."
img03177.jpg,Michelle Obama,Non-Harmful,NULL,"The meme criticizes the choice of organization awarding the title, implying bias rather than targeting Michelle Obama herself."
img03178.jpg,deaf girl,Explicit-Harm,Sexual-Harassment,"The meme objectifies the woman by suggesting sexual arousal based on her disability, which is a form of sexual harassment."
img03179.jpg,woman cooking,Non-Harmful,NULL,"The meme uses 'girl power' humorously to celebrate a woman cooking, without implying any negative connotation towards her."
img03180.jpg,girls,Explicit-Harm,Sexual-Harassment,The meme objectifies women by equating their value to personal preferences and controlling behavior.
img03181.jpg,women running with vacuum cleaners,Non-Harmful,NULL,"The meme uses a humorous comparison between running and vacuuming, but there is no intent to harm or demean the women depicted."
img03182.jpg,woman,Explicit-Harm,Violence,"The meme suggests violence against women as a joke, implying that hitting women can be done 'Chuck Norris style', which trivializes domestic violence."
img03183.jpg,woman sitting on a bed,Non-Harmful,NULL,The meme depicts a relatable scenario involving communication issues between partners but does not target the woman for abuse.
img03184.jpg,woman,Explicit-Harm,Misogyny,"The meme suggests that relationships with women are inherently problematic, perpetuating the idea that women are unreliable partners."
img03185.jpg,waitress,Implicit-Harm,Violence,"The meme suggests the waitress's black eye is due to her lack of listening, implying she deserves punishment."
img03186.jpg,woman's appearance,Non-Harmful,NULL,"The meme uses a t-shirt graphic to humorously suggest that women's breasts are like game controllers, but it does not target women for abuse."
img03187.jpg,step daughter,Explicit-Harm,Sexual-Harassment,"The meme suggests that raping a stepdaughter is a way to control her, which is a sexual aggression."
img03188.jpg,woman,Non-Harmful,NULL,The meme quotes a statement that does not directly harm women but rather makes a statement about personal behavior.
img03189.jpg,woman,Explicit-Harm,Sexual-Harassment,The meme objectifies the woman by reducing her to a body part (her breasts) and uses sexual language ('fuck off') to express dissatisfaction.
img03190.jpg,woman,Non-Harmful,NULL,"The meme uses a humorous scenario involving a wife, but it does not target women for abuse."
img03191.jpg,female politicians,Non-Harmful,NULL,"The image is a satirical meme comparing female politicians to 'dogs' of the Democratic Party, but it does not explicitly harm or demean them."
img03192.jpg,woman,Explicit-Harm,Sexual-Harassment,"The meme uses a derogatory term 'pussy nigga' and a demand for silence, implying sexual objectification."
img03193.jpg,woman in the kitchen,Non-Harmful,NULL,"The meme uses a scene from a movie to make a point about a character's behavior, but it does not target a woman for abuse."
img03194.jpg,fat feminist,Explicit-Harm,Misogyny,The meme uses derogatory language to attack the woman's body type and political beliefs.
img03195.jpg,woman,Explicit-Harm,Appearance-Attack,"The meme uses a 'yo mama' joke to insult the woman's weight, equating her size to property damage."
img03196.jpg,woman,Explicit-Harm,Sexual-Harassment,The meme objectifies the woman by reducing her to a body part and making a sexual proposition.
img03197.jpg,woman,Explicit-Harm,Sexual-Harassment,"The meme objectifies the woman by suggesting she would be unfaithful if her phone died, implying a sexual double standard."
img03198.jpg,woman eating a hot dog,Non-Harmful,NULL,"The meme is a humorous observation about political polling methods, not targeting the woman for abuse."
img03199.jpg,woman,Explicit-Harm,Sexual-Harassment,"The meme uses a derogatory term 'shemale' and references a movie, implying a sexual double standard or objectification of women."
img03200.jpg,woman,Explicit-Harm,Sexual-Harassment,The meme objectifies the woman by equating her presence with sexual services.
img03201.jpg,woman's appearance,Non-Harmful,NULL,"The meme uses a humorous scenario involving a wife's death and household chores, but it does not target women for abuse."
img03202.jpg,woman in bikini,Implicit-Harm,Sexual-Harassment,The meme objectifies the woman by suggesting she is desirable solely for her physical appearance.
img03203.jpg,Rihanna,Non-Harmful,NULL,The meme references a well-known incident involving Rihanna and Chris Brown but does not directly harm or attack her.
img03204.jpg,woman,Non-Harmful,NULL,The meme uses a humorous comparison but does not demean or harm the woman.
img03205.jpg,woman,Explicit-Harm,Misogyny,"The meme uses derogatory language to attack the woman's political beliefs and character, promoting harmful stereotypes."
img03206.jpg,woman's behavior,Implicit-Harm,Misogyny,"The meme suggests that a woman's behavior can be explained by her zodiac sign, implying that her actions are predetermined and not under her control, which reinforces stereotypes about women's roles and autonomy."
img03207.jpg,girl,Implicit-Harm,Sexual-Harassment,"The meme suggests a sexual assault as a consequence of a college encounter, implying the girl was raped after being hugged by a man."
img03208.jpg,female coach,Implicit-Harm,Sexual-Harassment,"The meme suggests that the team's performance is linked to the presence of a female coach, implying that women are inherently inferior in coaching roles."
img03209.jpg,woman,Explicit-Harm,Sexual-Harassment,"The meme objectifies women by equating them to chicken, suggesting a preference for dead women, which is a sexualized and violent stereotype."
img03210.jpg,fat girls,Implicit-Harm,Appearance-Attack,"The meme criticizes the way fat women are perceived when wearing tight clothes, suggesting they are unattractive."
img03211.jpg,woman,Explicit-Harm,Misogyny,"The meme uses a derogatory term 'transfat' to attack the woman's body type, implying she is unattractive."
img03212.jpg,woman passenger,Non-Harmful,NULL,The meme uses a suggestive caption but does not explicitly harm or demean the woman.
img03213.jpg,woman passenger,Explicit-Harm,Sexual-Harassment,"The meme objectifies the woman by asking her to show her breasts, which is a sexual proposition."
img03214.jpg,girls with flat asses,Implicit-Harm,Appearance-Attack,"The meme suggests that girls with flat asses have to take extra precautions when taking pictures, implying a negative judgment about their appearance."
img03215.jpg,woman wearing hijab,Non-Harmful,NULL,The image is a CAPTCHA task and does not contain any harmful content directed towards the woman.
img03216.jpg,feminist protesters,Explicit-Harm,Sexual-Harassment,"The meme objectifies the women as a group by focusing on their reaction to a sexual act, implying they are there solely for the purpose of being harassed."
img03217.jpg,woman's appearance,Implicit-Harm,Sexual-Harassment,"The meme uses the woman's body as a means to make a sexual joke, objectifying her."
img03218.jpg,woman wearing duct tape over mouth,Non-Harmful,NULL,"The meme uses duct tape humorously to emphasize covering both nose and mouth during COVID-19 precautions, without targeting the woman personally."
img03219.jpg,Serena Williams during her pregnancy,Non-Harmful,NULL,The image is a humorous comparison but does not target Serena Williams for abuse.
img03220.jpg,woman's sleeping location,Non-Harmful,NULL,The meme makes a general statement about a common household arrangement without targeting or demeaning any specific woman.
img03221.jpg,woman,Explicit-Harm,Violence,"The meme suggests hitting a woman as a humorous way to get her attention, promoting domestic violence."
img03222.jpg,woman,Explicit-Harm,Appearance-Attack,The meme uses the brand name 'I Can't Believe It's Not Butter!' to mockingly suggest that the product is actually 'Misogyny!'
img03223.jpg,girls,Explicit-Harm,Misogyny,The meme uses derogatory language to generalize and demean girls as a group.
img03224.jpg,feminism,Non-Harmful,NULL,The meme contrasts past and present feminism but does not explicitly harm or demean either.
img03225.jpg,women,Explicit-Harm,Misogyny,"The meme portrays Luigi as advocating for women being property, which is a form of gender-based discrimination."
img03226.jpg,pregnant woman,Explicit-Harm,Sexual-Harassment,"The meme objectifies the pregnant woman by focusing on her mouth and the baby's actions, suggesting a sexualized and dehumanizing scenario."
img03227.jpg,women in the air force,Non-Harmful,NULL,"The meme uses humor to highlight the diverse roles women play in the Air Force, emphasizing their contributions rather than demeaning them."
img03228.jpg,woman,Non-Harmful,NULL,"The meme uses Donald Trump's statement to critique the idea of respecting women, but it does not directly harm or demean women."
img03229.jpg,woman working on electronics,Explicit-Harm,Misogyny,The meme uses derogatory language to insult the woman's competence and mocks her attempt at technical work.
img03230.jpg,woman in lingerie,Explicit-Harm,Sexual-Harassment,"The meme objectifies the woman by comparing her sexual activity to a screen door in a tornado, suggesting she is loud and forceful."
img03231.jpg,homeless women,Non-Harmful,NULL,"The meme uses a positive term 'A Saint' to describe the act of helping homeless women, which is not harmful."
img03232.jpg,Michelle Obama,Explicit-Harm,Sexual-Harassment,"The meme suggests that covering women's faces and silencing their voices is endorsed, which is a form of objectification and dehumanization."
img03233.jpg,woman,Explicit-Harm,Violence,"The meme depicts a man physically restraining a woman, suggesting domestic violence."
img03234.jpg,woman,Non-Harmful,NULL,The meme uses a humorous scenario but does not explicitly harm or demean the woman.
img03235.jpg,woman doctor,Implicit-Harm,Misogyny,"The meme suggests that women should be in the kitchen rather than in a professional medical setting, perpetuating the stereotype that women belong in domestic roles."
img03236.jpg,woman cleaning,Implicit-Harm,Misogyny,"The meme suggests women's exercise is primarily focused on housework, implying a stereotype about women's roles."
img03237.jpg,Natalie Portman,Non-Harmful,NULL,"The meme uses Natalie Portman's name in a context that suggests a desire for her nudity, which is a form of objectification but not directed at her as a person."
img03238.jpg,woman,Non-Harmful,NULL,"The meme uses humor to address body size, but it does not target or demean the woman herself."
img03239.jpg,woman with two black eyes,Explicit-Harm,Violence,"The meme suggests that a woman with two black eyes has been beaten, implying violence."
img03240.jpg,woman,Non-Harmful,NULL,"The meme is a humorous exchange between two individuals, not targeting the woman for abuse."
img03241.jpg,woman in revealing outfit,Explicit-Harm,Sexual-Harassment,The image objectifies the woman by focusing on her body and suggesting a sexual context.
img03242.jpg,woman,Explicit-Harm,Sexual-Harassment,"The meme suggests that raping a woman will make her more willing, objectifying her sexuality and promoting sexual violence."
img03243.jpg,woman,Explicit-Harm,Misogyny,The meme uses a derogatory phrase 'back to the kitchen' to demean women's roles and capabilities.
img03244.jpg,woman's appearance,Implicit-Harm,Appearance-Attack,"The meme uses a common fat-shaming trope, suggesting that the woman's appearance is deceptive and potentially dangerous."
img03245.jpg,woman holding cucumber,Implicit-Harm,Sexual-Harassment,"The meme uses a sexual double entendre involving a cucumber, objectifying the woman's body part."
img03246.jpg,white women,Implicit-Harm,Misogyny,"The meme contrasts the perceived reaction of white women to abortion and animal abuse, implying a double standard and suggesting that women who terminate pregnancies are more callous than those who care for animals."
img03247.jpg,woman,Implicit-Harm,Misogyny,"The meme suggests a fixation on a specific woman's appearance, implying a stalker-like behavior that objectifies her."
img03248.jpg,girls on their period,Implicit-Harm,Sexual-Harassment,"The meme suggests that girls on their period are objectified and reduced to being petted and called pretty, which is a form of sexual harassment."
img03249.jpg,woman wearing hijab,Non-Harmful,NULL,The meme does not target a woman for abuse; it is a humorous juxtaposition of a Muslim feminist statement with a violent context.
img03250.jpg,woman in dryer,Explicit-Harm,Sexual-Harassment,"The meme objectifies the woman by placing her in a washing machine, suggesting she is a mere object for sexual gratification."
img03251.jpg,woman's nipples,Implicit-Harm,Sexual-Harassment,"The meme objectifies the woman's body part by suggesting it brings happiness, reducing her to a source of pleasure."
img03252.jpg,woman,Non-Harmful,NULL,"The meme is a humorous observation about a man showing off his collection to a woman, but there is no explicit or implicit harm towards the woman."
img03253.jpg,Asian female drivers,Implicit-Harm,Misogyny,"The meme suggests that Asian female drivers are inherently reckless or incompetent, perpetuating stereotypes about their driving abilities."
img03254.jpg,blonde woman,Explicit-Harm,Sexual-Harassment,"The meme objectifies the woman by equating her pregnancy to having 'two brain cells', implying she lacks intelligence."
img03255.jpg,woman wearing hijab,Implicit-Harm,Appearance-Attack,"The meme suggests that wearing a hijab is a way to avoid attracting men, implying that women should be invisible to men."
img03256.jpg,woman,Explicit-Harm,Sexual-Harassment,"The meme suggests a sexual proposition without consent, which is a form of sexual harassment."
img03257.jpg,woman,Implicit-Harm,Sexual-Harassment,"The meme uses exaggerated and unrealistic attributes to construct an idealized version of a woman, promoting a narrow and unrealistic standard."
img03258.jpg,hooker,Non-Harmful,NULL,The meme references a deceased person without any harmful intent towards women.
img03259.jpg,woman's appearance,Implicit-Harm,Sexual-Harassment,The meme objectifies the woman by focusing on her cleavage and suggesting a sexual proposition.
img03260.jpg,girlfriend,Implicit-Harm,Sexual-Harassment,"The meme objectifies the girlfriend by comparing her mouth to a dog's ability to hold balls, suggesting she is overly sexualized."
img03261.jpg,woman wearing a ball gag,Explicit-Harm,Sexual-Harassment,The meme objectifies the woman by associating her with sexual submission and silence.
img03262.jpg,woman's appearance,Explicit-Harm,Appearance-Attack,"The meme criticizes the woman's facial features, particularly her eyebrows, as a significant flaw."
img03263.jpg,feminists,Non-Harmful,NULL,"The meme uses a factual statement about triggerfish teeth to make a humorous comparison to feminists, which is not intended to harm or offend."
img03264.jpg,woman,Explicit-Harm,Sexual-Harassment,The meme objectifies the woman by equating her actions with sexual gratification for men.
img03265.jpg,woman holding a sign,Non-Harmful,NULL,"The meme uses a comparison between two women to discuss feminism, but it does not target a woman for abuse."
img03266.jpg,woman,Explicit-Harm,Misogyny,The meme uses a derogatory stereotype about women's speech patterns.
img03267.jpg,feminist,Non-Harmful,NULL,"The meme uses a train to symbolize a feminist movement, which is not harmful."
img03268.jpg,girlfriend,Non-Harmful,NULL,"The meme is a humorous observation about helping a girlfriend with chores, not targeting women for abuse."
img03269.jpg,women,Explicit-Harm,Misogyny,"The meme states that opinions from women will be rejected, promoting a gender-based hierarchy and dismissing their viewpoints."
img03270.jpg,feminist,Non-Harmful,NULL,The meme uses a feminist as a visual representation but does not harm or attack the woman.
img03271.jpg,Susan Boyle,Non-Harmful,NULL,The meme uses Susan Boyle as a humorous example but does not target her for abuse.
img03272.jpg,woman's appearance,Non-Harmful,NULL,"The meme uses a suggestive pose and text to humorously highlight the woman's popularity on social media, which is not intended to harm her."
img03273.jpg,woman,Explicit-Harm,Sexual-Harassment,The meme objectifies the woman by equating her willingness to have sex with her value as a person.
img03274.jpg,women,Explicit-Harm,Sexual-Harassment,"The meme objectifies women by equating them with meat, suggesting they are commodities to be 'hot' or 'cold'."
img03275.jpg,woman,Implicit-Harm,Misogyny,"The meme portrays feminism as a burden, implying that women are overburdened by societal expectations."
img03276.jpg,woman patient,Explicit-Harm,Violence,"The meme depicts a doctor threatening physical violence against a woman patient, endorsing domestic violence."
img03277.jpg,woman,Explicit-Harm,Sexual-Harassment,"The meme objectifies the woman by demanding she cook, implying she should be subservient."
img03278.jpg,woman in bikini,Implicit-Harm,Sexual-Harassment,The meme objectifies the woman by focusing on her body and using a suggestive caption.
img03279.jpg,woman from '16 and pregnant',Implicit-Harm,Misogyny,"The meme compares a woman to a fictional character, suggesting she is unattractive and objectifying her appearance."
img03280.jpg,woman,Explicit-Harm,Sexual-Harassment,"The meme uses a 'respect applicator' to imply that women are treated like objects to be 'applied respect' to, objectifying them."
img03281.jpg,woman in red dress,Explicit-Harm,Sexual-Harassment,"The meme objectifies the woman by equating her to a drug dealer, suggesting she is disposable."
img03282.jpg,my GF,Non-Harmful,NULL,The meme uses a relatable scenario to express jealousy but does not target the woman for abuse.
img03283.jpg,Miley Cyrus,Explicit-Harm,Sexual-Harassment,"The meme objectifies Miley Cyrus by comparing her buttocks to a sexualized object, reducing her to a body part."
img03284.jpg,woman wearing a hijab,Implicit-Harm,Appearance-Attack,"The meme suggests that being Muslim is a way to hide one's ugliness, implying that the woman's appearance is undesirable."
img03285.jpg,Snooki,Non-Harmful,NULL,"The meme is a humorous reference to Snooki, a reality TV star, without any harmful intent."
img03286.jpg,feminist single mother,Non-Harmful,NULL,The meme does not target a woman for abuse but rather presents a stereotype.
img03287.jpg,woman's expression,Non-Harmful,NULL,"The meme uses a humorous context to critique a man's behavior, not targeting the woman herself."
img03288.jpg,woman teacher,Explicit-Harm,Sexual-Harassment,"The meme objectifies the woman as a 'mature female' (MILF) and suggests that her presence makes parent-teacher conferences more enjoyable, implying sexual interest in her."
img03289.jpg,woman,Non-Harmful,NULL,"The meme uses a sarcastic tone to mock the idea of fighting for gender equality, but it does not directly harm or demean the woman."
img03290.jpg,woman's appearance,Implicit-Harm,Appearance-Attack,"The meme objectifies the woman's body, suggesting she is only valuable for her physical attributes."
img03291.jpg,woman,Implicit-Harm,Misogyny,"The meme suggests that women have double standards regarding living arrangements, implying that women are more forgiving towards men who live with their wives compared to those who live with their mothers."
img03292.jpg,woman's appearance,Non-Harmful,NULL,"The meme uses SpongeBob to humorously depict a common stereotype about women's expectations for their partners, but it does not explicitly harm or attack women."
img03293.jpg,girlfriend,Explicit-Harm,Character-Assassination,"The meme insults the girlfriend by calling her a 'psycho', suggesting she is mentally unstable or dangerous."
img03294.jpg,woman in bikini,Explicit-Harm,Sexual-Harassment,The meme objectifies the woman by associating her with a specific age group and using suggestive language.
img03295.jpg,women,Non-Harmful,NULL,"The meme uses International Women's Day to make a humorous comparison between men and women, which is not intended to harm either group."
img03296.jpg,woman,Non-Harmful,NULL,The meme uses feminism as a tool to express dissatisfaction but does not directly harm or demean women.
img03297.jpg,woman,Explicit-Harm,Sexual-Harassment,"The meme uses derogatory language and objectifies the woman by referring to her as 'fat' and 'slut', which is sexual harassment."
img03298.jpg,milf nextdoor,Explicit-Harm,Sexual-Harassment,The meme objectifies the woman by reducing her to a sexualized activity involving cucumbers.
img03299.jpg,woman,Implicit-Harm,Appearance-Attack,"The meme uses the word 'fat' as an antonym for 'slim', implying that 'fat' is undesirable, which attacks the woman's appearance."
img03300.jpg,woman,Non-Harmful,NULL,"The meme is a humorous statement about gender roles, not targeting women for abuse."
img03301.jpg,woman in the kitchen,Implicit-Harm,Sexual-Harassment,The image objectifies the woman by associating her with a sexualized setting and attire.
img03302.jpg,woman being held down,Explicit-Harm,Sexual-Harassment,"The meme depicts a woman being restrained and covered with a cloth, suggesting a sexual assault scenario."
img03303.jpg,woman,Explicit-Harm,Sexual-Harassment,"The meme suggests that rape can occur without physical contact, objectifying women and trivializing sexual violence."
img03304.jpg,woman's appearance,Explicit-Harm,Sexual-Harassment,The meme objectifies the woman by focusing on her breasts and suggesting she is a 'peep show'.
img03305.jpg,woman,Non-Harmful,NULL,The meme uses a humorous scenario involving a character from 'Star Wars' but does not target women for abuse.
img03306.jpg,Minnie Mouse,Non-Harmful,NULL,"The meme references a Star Wars scenario involving a character named Obi-Wan Kenobi, but there is no direct harm to Minnie Mouse depicted."
img03307.jpg,dishwasher,Non-Harmful,NULL,The meme is a humorous product advertisement and does not target women for abuse.
img03308.jpg,blonde woman,Implicit-Harm,Misogyny,"The meme uses a stereotype about blondes being inept, implying incompetence through a visual gag."
img03309.jpg,female streamer,Non-Harmful,NULL,"The meme compares the female streamer's appearance unfavorably to the male streamer, but it does not explicitly harm or demean her."
img03310.jpg,woman shoppers,Non-Harmful,NULL,"The meme humorously depicts the expectation versus reality of shopping, but it does not target women for abuse."
img03311.jpg,woman on her period,Implicit-Harm,Misogyny,"The meme uses a derogatory phrase 'Like a girl' to trivialize pain associated with menstruation, perpetuating a stereotype about women being weak."
img03312.jpg,woman expressing emotions,Non-Harmful,NULL,The meme is a critique of emotional responses rather than a harmful attack on a woman.
img03313.jpg,girl,Non-Harmful,NULL,"The meme uses SpongeBob to depict a common scenario where a girl flirts more after being flirted with, but it does not target women for abuse."
img03314.jpg,woman,Explicit-Harm,Misogyny,"The meme states 'Never trust a woman,' implying distrust towards women as a group."
img03315.jpg,woman,Explicit-Harm,Sexual-Harassment,"The meme objectifies the woman by equating her lipstick color to a penis, suggesting sexual interest or objectification."
img03316.jpg,fitness pole user,Implicit-Harm,Sexual-Harassment,"The meme uses a sexual double entendre to question the woman's occupation, implying she is a stripper."
img03317.jpg,woman in lingerie,Explicit-Harm,Sexual-Harassment,The meme objectifies the woman by focusing on her body and suggesting a sexual proposition.
img03318.jpg,woman in bikini,Implicit-Harm,Sexual-Harassment,"The meme objectifies the woman by suggesting she is available for sexual interaction, using a suggestive tone."
img03319.jpg,woman's appearance,Non-Harmful,NULL,"The meme uses humor to playfully exaggerate the stretchability of a sweater, not targeting women for abuse."
img03320.jpg,woman,Non-Harmful,NULL,"The meme uses a well-known reaction image of a woman to convey a humorous statement, but it does not target or demean women."
img03321.jpg,woman,Non-Harmful,NULL,"The meme is a humorous critique of job advertisements that list unrealistic requirements, but it does not target women for abuse."
img03322.jpg,model,Implicit-Harm,Sexual-Harassment,The meme objectifies the model by comparing her eating habits to those of a 'male' in a sexualized context.
img03323.jpg,woman,Explicit-Harm,Sexual-Harassment,"The meme objectifies the woman by suggesting she is missing parts, implying sexual interest."
img03324.jpg,female volleyball players,Non-Harmful,NULL,"The meme uses a sports context to make a humorous statement about college choices, which is not directed at harming women."
img03325.jpg,women in cages,Implicit-Harm,Misogyny,"The image depicts women confined in cages, suggesting they are commodities or property rather than individuals with agency."
img03326.jpg,women in costumes,Implicit-Harm,Character-Assassination,"The meme uses the term 'sluts' in a derogatory manner, implying a negative stereotype about women."
img03327.jpg,woman's appearance,Non-Harmful,NULL,"The meme uses a humorous juxtaposition of food and body size, but it does not target women for abuse."
img03328.jpg,woman,Explicit-Harm,Violence,"The meme suggests violence as a means to control women's speech, promoting physical harm as a response to their assertiveness."
img03329.jpg,woman mechanic,Explicit-Harm,Sexual-Harassment,The meme objectifies the woman by suggesting she should focus on domestic tasks rather than her professional work.
img03330.jpg,woman's appearance,Non-Harmful,NULL,"The meme uses a man's reaction to a statement about Rohypnol to make a point about consent, but it does not target a woman for abuse."
img03331.jpg,woman,Explicit-Harm,Sexual-Harassment,"The meme objectifies the woman by comparing her smell to that of a baby prostitute, which is a sexualized and degrading comment."
img03332.jpg,woman's appearance,Implicit-Harm,Appearance-Attack,"The meme criticizes a woman's revealing attire as a flaw, suggesting she has little value."
img03333.jpg,woman,Non-Harmful,NULL,"The meme uses a song lyric to label a woman, which is a form of stereotyping but not inherently harmful."
img03334.jpg,single mothers,Implicit-Harm,Sexual-Harassment,"The meme suggests that single mothers are more likely to raise rapists, implying a causal link between single motherhood and criminal behavior, which is a form of gender-based discrimination."
img03335.jpg,woman,Explicit-Harm,Sexual-Harassment,The meme objectifies the woman by focusing on her genital area and making a sexual joke about a blowjob.
img03336.jpg,woman wearing yoga pants,Implicit-Harm,Misogyny,"The meme suggests that wearing yoga pants is a privilege rather than a choice, implying a judgmental attitude towards women's fashion choices."
img03337.jpg,woman in costume,Explicit-Harm,Sexual-Harassment,"The meme uses the term 'cameltoe' to objectify the woman's body, focusing on her lower abdomen area."
img03338.jpg,woman,Implicit-Harm,Character-Assassination,"The meme uses a derogatory term 'whore' to describe the woman's actions, objectifying her sexuality."
img03339.jpg,woman,Explicit-Harm,Misogyny,The meme uses derogatory language to insult the woman's competence and intelligence.
img03340.jpg,woman,Non-Harmful,NULL,"The meme uses a photo of a woman posing with a young man, but there is no explicit or implicit harm towards the woman."
img03341.jpg,woman's appearance,Non-Harmful,NULL,The meme uses a visual trick to emphasize the woman's buttocks but does not target her for abuse.
img03342.jpg,woman,Explicit-Harm,Sexual-Harassment,"The meme objectifies the woman by suggesting a sexual act involving her face, which is inappropriate and disrespectful."
img03343.jpg,woman,Explicit-Harm,Sexual-Harassment,"The meme implies that women owe men sexual favors for small acts of kindness, objectifying them."
img03344.jpg,woman wearing a hijab,Explicit-Harm,Sexual-Harassment,"The meme objectifies the woman by suggesting she is a 'free' source of drugs, implying sexual availability."
img03345.jpg,woman,Non-Harmful,NULL,"The meme uses a comparison between two women to make a humorous point about their appearances and attitudes, but it does not target women for abuse."
img03346.jpg,woman's appearance,Implicit-Harm,Appearance-Attack,"The meme criticizes the woman's body shape and attire, suggesting she should not be wearing revealing clothing."
img03347.jpg,woman,Explicit-Harm,Violence,"The meme suggests that the person should not judge others until they have experienced violence themselves, implying that violence against women is acceptable."
img03348.jpg,feminists,Non-Harmful,NULL,"The meme uses a quote from a fictional character to make a point about feminism, but it does not target women for abuse."
img03349.jpg,Anita Sarkeesian,Non-Harmful,NULL,The meme quotes a definition of 'misogynist' but does not target Anita Sarkeesian herself for abuse.
img03350.jpg,woman,Implicit-Harm,Misogyny,"The meme suggests that women are self-absorbed and dismissive of men's opinions, perpetuating a stereotype about women's behavior."
img03351.jpg,woman,Non-Harmful,NULL,The meme uses a humorous exchange between two characters but does not target a woman for abuse.
img03352.jpg,woman,Explicit-Harm,Violence,"The meme suggests physical violence as a response to a political disagreement, promoting aggression against women."
img03353.jpg,woman's appearance,Implicit-Harm,Appearance-Attack,"The meme criticizes the woman's attractiveness by suggesting her eyes are beautiful but unappreciated, implying she lacks confidence or appeal."
img03354.jpg,single mothers,Non-Harmful,NULL,The meme uses statistics to question the effectiveness of single motherhood but does not directly harm or demean women.
img03355.jpg,women's weightlifting,Implicit-Harm,Misogyny,"The meme questions the popularity of women's weightlifting compared to track and field, implying a lack of interest or value in strength sports."
img03356.jpg,woman,Non-Harmful,NULL,The meme uses a humorous play on words but does not target or demean a woman.
img03357.jpg,woman in bikini,Non-Harmful,NULL,"The image is a playful optical illusion meant to entertain, not to harm or demean the woman depicted."
img03358.jpg,woman's appearance,Implicit-Harm,Sexual-Harassment,"The meme uses a derogatory term to describe a woman's body part, objectifying her."
img03359.jpg,woman's appearance,Implicit-Harm,Appearance-Attack,The meme objectifies the woman by focusing on her earrings rather than her overall character or actions.
img03360.jpg,women's appearance,Non-Harmful,NULL,The meme contrasts women's appearances in Western and Eastern societies but does not explicitly harm or demean them.
img03361.jpg,woman,Explicit-Harm,Sexual-Harassment,"The meme suggests using chloroform to 'win over' a woman, implying a lack of consent and objectifying her."
img03362.jpg,woman,Implicit-Harm,Appearance-Attack,"The meme criticizes women for wearing makeup and revealing clothes, implying these actions are inherently problematic."
img03363.jpg,Sarah Jessica Parker,Non-Harmful,NULL,"The meme references Sarah Jessica Parker's early career, which is a factual statement and not intended to harm or demean her."
img03364.jpg,woman,Non-Harmful,NULL,The meme uses a suggestive image alongside text that is meant to be humorous but does not explicitly harm or demean the woman.
img03365.jpg,woman,Non-Harmful,NULL,"The meme uses a humorous exchange to critique a man's behavior, not targeting the woman herself."
img03366.jpg,women after quarantine,Non-Harmful,NULL,"The meme uses a humorous exaggeration to depict the imagined state of women after quarantine, without targeting or demeaning them."
img03367.jpg,feminists,Non-Harmful,NULL,The meme uses a hypothetical scenario to critique feminists rather than targeting women themselves.
img03368.jpg,feminism,Non-Harmful,NULL,"The meme uses humor to question the difference between COVID-19 and feminism, but it does not target women for abuse."
img03369.jpg,Greta Thunberg,Non-Harmful,NULL,"The meme uses Greta Thunberg's expressions to contrast her demeanor when she is someone's girlfriend versus ex, but it does not target her for abuse."
img03370.jpg,woman in a superhero costume,Implicit-Harm,Sexual-Harassment,"The meme suggests that the woman's appearance is inherently sexualizing, implying that her mere presence turns on men."
img03371.jpg,feminist,Non-Harmful,NULL,"The meme uses a humorous comparison to highlight the perceived manipulation of feminists, but it does not target women for abuse."
img03372.jpg,woman,Explicit-Harm,Sexual-Harassment,"The meme objectifies women by equating their preference with a commodity (coffee) and then explicitly stating hatred towards coffee, implying disinterest in women."
img03373.jpg,woman,Explicit-Harm,Sexual-Harassment,"The meme objectifies the woman by reducing her to a tool for controlling others, which is a form of sexual harassment."
img03374.jpg,woman,Explicit-Harm,Appearance-Attack,"The meme suggests that women should not be fat to be attractive, directly attacking their body image."
img03375.jpg,Sarah Jessica Parker,Non-Harmful,NULL,The meme references Sarah Jessica Parker from 'Sex and the City' but does not target her for abuse.
img03376.jpg,woman cooking,Implicit-Harm,Misogyny,"The meme suggests women should cook breakfast, reinforcing gender roles and objectifying her as a domestic worker."
img03377.jpg,woman,Explicit-Harm,Misogyny,"The meme uses a derogatory term 'duck tape face' to mock the woman's appearance, implying she is unattractive."
img03378.jpg,woman,Implicit-Harm,Misogyny,"The meme uses complex language and stereotypes to imply women are difficult to understand, which reinforces negative stereotypes about their behavior."
img03379.jpg,woman's appearance,Implicit-Harm,Appearance-Attack,"The meme criticizes the woman's facial appearance while highlighting her body, perpetuating the idea that beauty is defined by physical attributes rather than personality."
img03380.jpg,women,Explicit-Harm,Misogyny,"The meme states that men are smarter than women, which is a generalization about intelligence and gender roles."
img03381.jpg,woman's appearance,Explicit-Harm,Appearance-Attack,The meme criticizes the woman's facial features as the primary flaw in her overall appearance.
img03382.jpg,woman,Implicit-Harm,Sexual-Harassment,"The meme suggests a sexual encounter behind a tree, implying inappropriate behavior."
img03383.jpg,woman,Non-Harmful,NULL,"The meme is a humorous statement about dating, not targeting women for abuse."
img03384.jpg,woman,Explicit-Harm,Sexual-Harassment,"The meme objectifies the woman by comparing her appearance to a 'skank', a derogatory term for a sexually promiscuous woman."
img03385.jpg,woman,Explicit-Harm,Sexual-Harassment,"The meme objectifies the woman by reducing her to a tool for making a sandwich, implying sexual availability."
img03386.jpg,woman cooking,Non-Harmful,NULL,The meme uses a suggestive image but does not explicitly harm or demean the woman.
img03387.jpg,female wrestlers,Implicit-Harm,Sexual-Harassment,"The meme reduces female wrestlers to mere performers, equating their profession with pornography, which is a form of objectification and dehumanization."
img03388.jpg,fat girl,Explicit-Harm,Appearance-Attack,"The meme uses a derogatory term 'fat' to describe a woman, attacking her body size."
img03389.jpg,girlfriend,Non-Harmful,NULL,"The meme is a humorous exchange between two people, not targeting the woman for abuse."
img03390.jpg,woman,Non-Harmful,NULL,"The meme depicts a playful interaction between two characters choosing pillows, which is a lighthearted scenario."
img03391.jpg,wife,Explicit-Harm,Sexual-Harassment,"The meme suggests a wife's sexual availability as a joke, implying she is a sexual object rather than a person."
img03392.jpg,woman,Explicit-Harm,Sexual-Harassment,"The meme objectifies the woman by suggesting she is available for payment, implying sexual exploitation."
img03393.jpg,woman,Explicit-Harm,Sexual-Harassment,"The meme directly states 'WOMAN SHOULD BE RAPE AND MURDER', which is a sexual aggression against women."
img03394.jpg,feminism movements,Non-Harmful,NULL,The meme humorously contrasts different feminist ideologies but does not target women for abuse.
img03395.jpg,woman,Explicit-Harm,Misogyny,"The meme uses a Bible verse to advocate for women's silence, promoting gender inequality."
img03396.jpg,woman,Explicit-Harm,Sexual-Harassment,The meme objectifies the woman by associating her with prostitution and sexual degradation.
img03397.jpg,women,Explicit-Harm,Misogyny,"The meme suggests that giving women equal rights will lead to them being put 'back in the kitchen', implying a regression to traditional gender roles."
img03398.jpg,cosplayer,Non-Harmful,NULL,The image celebrates cosplay as a positive activity without any negative connotations towards the cosplayer.
img03399.jpg,wife,Non-Harmful,NULL,"The meme uses a comparison to highlight the emotional impact of losing money due to a stock market crash compared to divorce, but it does not target women for abuse."
img03400.jpg,woman,Explicit-Harm,Sexual-Harassment,"The image uses a gagged woman to symbolize silencing and objectifying her voice, aligning with the biblical text's sexual harassment of women."
img03401.jpg,woman wearing pink shirt,Explicit-Harm,Sexual-Harassment,"The meme uses the term 'milf' as a nickname, which is a derogatory term for a mature woman, objectifying her sexuality."
img03402.jpg,women,Explicit-Harm,Sexual-Harassment,"The meme objectifies women by equating their value to the way coffee is prepared, suggesting they should be submissive and pleasing."
img03403.jpg,woman's body,Explicit-Harm,Misogyny,The meme objectifies the woman's body by suggesting it should be 'mounted' as a trophy.
img03404.jpg,woman,Implicit-Harm,Misogyny,"The meme portrays the wife's generous offer as selfish, implying she only wants to keep her clothes."
img03405.jpg,women's activities,Implicit-Harm,Misogyny,The meme suggests women's contributions to STEM fields are trivialized and reduced to superficial activities.
img03406.jpg,First Lady,Non-Harmful,NULL,The meme juxtaposes two First Ladies but does not imply any negative stereotype or attack.
img03407.jpg,woman's appearance,Implicit-Harm,Sexual-Harassment,"The meme objectifies the woman's body, focusing on her breasts as the primary feature."
img03408.jpg,Third Wave Feminism,Non-Harmful,NULL,"The meme uses humor to highlight the absurdity of prioritizing ending Third Wave Feminism over other global issues, but it does not directly harm or demean women."
img03409.jpg,woman's appearance,Explicit-Harm,Sexual-Harassment,The meme objectifies the woman by focusing on her buttocks and suggesting she is only attractive due to her physical appearance.
img03410.jpg,Amy Schumer,Non-Harmful,NULL,"The meme criticizes comparing Amy Schumer to Miss Piggy, but does not harm Amy Schumer herself."
img03411.jpg,women,Non-Harmful,NULL,The meme uses a playful wordplay to celebrate women's contributions without implying any harm.
img03412.jpg,woman,Explicit-Harm,Sexual-Harassment,"The meme objectifies women by equating physical violence with sexual acts, promoting a harmful stereotype."
img03413.jpg,woman's appearance,Non-Harmful,NULL,"The meme uses a monkey to humorously contrast the wife's well-groomed appearance with the meme creator's state, but it does not target women for abuse."
img03414.jpg,women's ability to balance work and family,Non-Harmful,NULL,"The meme suggests a compromise between workplace equality and traditional family roles, but does not explicitly harm or attack women."
img03415.jpg,Feminist Majority Foundation,Non-Harmful,NULL,The meme uses humor to critique parking skills but does not target women for abuse.
img03416.jpg,woman's tongue,Explicit-Harm,Sexual-Harassment,"The meme objectifies the woman by suggesting her tongue is a place for sexual activity, reducing her to a mere body part."
img03417.jpg,woman,Non-Harmful,NULL,The meme uses sarcasm to critique societal expectations rather than directly harming the woman.
img03418.jpg,Extremist feminists,Non-Harmful,NULL,The meme criticizes hyper-exaggeration but does not target women for abuse.
img03419.jpg,woman's tongue,Non-Harmful,NULL,"The image is a humorous depiction of a woman sticking out her tongue, which is a common playful gesture and not intended to be harmful."
img03420.jpg,feminists,Explicit-Harm,Appearance-Attack,"The meme uses derogatory language to describe feminists, attacking them as hideous and implying they are not attractive."
img03421.jpg,woman's appearance,Explicit-Harm,Sexual-Harassment,The meme objectifies the woman by focusing on her body shape and suggesting she is easily available.
img03422.jpg,women,Implicit-Harm,Misogyny,The meme uses derogatory language to generalize women as 'silly' and implies they are unwanted at work.
img03423.jpg,Woke Congresswoman,Non-Harmful,NULL,"The meme compares a political figure to a can of beans, which is a neutral statement without any harmful intent towards the woman."
img03424.jpg,woman in a revealing outfit,Implicit-Harm,Sexual-Harassment,"The meme objectifies the woman by suggesting she is a 'hottie' for Hollywood, implying sexual appeal without context."
img03425.jpg,woman's appearance,Explicit-Harm,Sexual-Harassment,"The meme uses repetitive language to emphasize the woman's large breasts, objectifying her physical attributes."
img03426.jpg,woman wearing a blue dress,Implicit-Harm,Sexual-Harassment,The meme objectifies the woman by suggesting she is a 'cougar' and implying sexual interest.
img03427.jpg,woman,Implicit-Harm,Sexual-Harassment,"The meme suggests that women are primarily valued for their ability to bring food to work, implying a sexualized expectation."
img03428.jpg,girlfriend,Implicit-Harm,Misogyny,"The meme portrays the girlfriend as blameless despite breaking plates, suggesting she is inherently careless or irresponsible."
img03429.jpg,woman,Explicit-Harm,Character-Assassination,"The meme uses derogatory terms ('bitch', 'whore', 'prostitute') to attack women, promoting negative stereotypes."
img03430.jpg,woman in a box,Non-Harmful,NULL,"The meme uses a humorous scenario involving a woman in a box to make a light-hearted joke about a dishwasher arrival, without targeting or demeaning the woman."
img03431.jpg,woman wearing 'Don't Bother I'm Not Drunk Yet' shirt,Explicit-Harm,Sexual-Harassment,"The meme uses a sexualized reference to Rohypnol, a drug known for its sedative effects, to make a joke about losing patience."
img03432.jpg,woman giving birth to a boy,Implicit-Harm,Misogyny,"The meme suggests that women's worth is tied to their ability to produce strong sons, perpetuating a harmful gender stereotype."
img03433.jpg,women runners,Non-Harmful,NULL,The meme references a popular running event without any negative connotations towards women.
img03434.jpg,woman,Explicit-Harm,Misogyny,"The meme suggests controlling a woman's actions through a remote control, implying she is a possession."
img03435.jpg,woman's appearance,Implicit-Harm,Appearance-Attack,"The meme objectifies the woman's body, focusing on her buttocks and suggesting that men are attracted to her appearance."
img03436.jpg,Hermione Granger,Explicit-Harm,Sexual-Harassment,"The meme suggests a violent solution to a rape report, implying sexual aggression towards a deaf girl."
img03437.jpg,girls,Implicit-Harm,Misogyny,"The meme categorizes girls into two types based on their behavior, implying a binary opposition that reinforces stereotypes about femininity."
img03438.jpg,woman,Explicit-Harm,Appearance-Attack,"The meme criticizes the woman's appearance, suggesting she is 'fugly' in real life, which is a derogatory term implying ugliness."
img03439.jpg,woman,Implicit-Harm,Misogyny,"The meme suggests that staying home barefoot is a feminist protest, implying that women should be homemakers."
img03440.jpg,woman,Implicit-Harm,Sexual-Harassment,The meme objectifies the woman by associating her with a specific age category ('milf') and implies sexual interest based on her appearance.
img03441.jpg,woman's behavior,Implicit-Harm,Sexual-Harassment,"The meme suggests that women are objectified and reduced to their physical appearance after drinking alcohol, implying sexual interest based on their looks."
img03442.jpg,Scarlett Johansson,Non-Harmful,NULL,The meme uses a comparison between two actresses but does not target either for abuse.
img03443.jpg,feminist,Non-Harmful,NULL,"The image uses the feminist label to represent a specific perspective among various interpretations of the same glass of water, which is a neutral observation."
img03444.jpg,woman driver,Non-Harmful,NULL,The meme uses a series of images to humorously depict a driver's frustration with a difficult parking situation but does not target or demean the woman.
img03445.jpg,woman,Non-Harmful,NULL,The meme does not target a woman for abuse; it is a simple visual puzzle task.
img03446.jpg,woman,Explicit-Harm,Misogyny,The meme uses derogatory language to question a woman's value based on her lack of traditional domestic roles.
img03447.jpg,woman,Explicit-Harm,Appearance-Attack,"The meme uses a derogatory term 'fat cow' to describe a woman, attacking her appearance."
img03448.jpg,woman wearing hijab,Explicit-Harm,Character-Assassination,"The meme uses a derogatory term 'whore' to attack the woman's character and identity as Muslim, promoting harmful stereotypes."
img03449.jpg,girl,Explicit-Harm,Sexual-Harassment,"The meme suggests violence against a girl as a response to rape, promoting revenge against the victim."
img03450.jpg,woman,Non-Harmful,NULL,"The meme uses a controversial statement about CPR to make a point about men, not women."
img03451.jpg,3rd wave feminist,Non-Harmful,NULL,The meme uses humor to critique 'manspreading' but does not directly harm or demean the 3rd wave feminist.
img03452.jpg,woman,Explicit-Harm,Sexual-Harassment,"The meme depicts a sexual assault scenario, suggesting violent and degrading acts against a woman."
img03453.jpg,woman's appearance,Explicit-Harm,Appearance-Attack,The meme criticizes the woman's appearance directly with the text 'THAT IS SO UGLY.'
img03454.jpg,woman in white gown,Non-Harmful,NULL,"The meme uses a historical scene to humorously depict a request for permission, but there is no explicit or implicit harm towards the woman."
img03455.jpg,woman's appearance,Explicit-Harm,Sexual-Harassment,"The meme objectifies the woman's body by focusing on her buttocks and using the term 'thicc', which is derogatory."
img03456.jpg,woman,Non-Harmful,NULL,"The meme is a humorous comparison between two individuals, not targeting either for abuse."
img03457.jpg,feminists,Non-Harmful,NULL,"The meme uses a cat's expression to humorously depict feminists, but it does not target them for abuse."
img03458.jpg,women,Non-Harmful,NULL,"The meme uses programming code to mock the idea of treating women as objects, but it is presented as a humorous critique rather than an insult."
img03459.jpg,girl,Implicit-Harm,Misogyny,"The meme uses derogatory language to describe the girl, implying she is unintelligent."
img03460.jpg,woman,Non-Harmful,NULL,"The meme suggests taking a woman to a beautiful place to enjoy the scenery, which is a positive and non-harmful activity."
img03461.jpg,women,Explicit-Harm,Misogyny,"The meme suggests that women should be distrusted based on their appearance, promoting a harmful stereotype about women's intentions."
img03462.jpg,woman's appearance,Non-Harmful,NULL,"The meme uses a suggestive image to make a humorous point about home Hooters, but it does not target women for abuse."
img03463.jpg,wife,Non-Harmful,NULL,The meme uses a humorous scenario to make light of a negative experience without targeting the woman herself.
img03464.jpg,woman,Explicit-Harm,Sexual-Harassment,The meme objectifies the woman by suggesting she is attractive solely for her appearance.
img03465.jpg,woman,Explicit-Harm,Sexual-Harassment,"The meme suggests that not making a sandwich is a sexual proposition, objectifying the woman's body and behavior."
img03466.jpg,women who date and marry for money,Explicit-Harm,Sexual-Harassment,The meme objectifies women by equating their motivations for dating and marriage to prostitution.
img03467.jpg,woman,Explicit-Harm,Misogyny,"The meme uses derogatory language to dehumanize women, suggesting they should be relegated to a time period associated with subservience."
img03468.jpg,woman protester,Non-Harmful,NULL,"The meme uses a humorous scenario involving a police officer pretending to be a protester's wife, but there is no direct harm to the woman depicted."
img03469.jpg,woman in lingerie,Implicit-Harm,Sexual-Harassment,The meme objectifies the woman by associating her with the man's sexual desires.
img03470.jpg,woman,Explicit-Harm,Appearance-Attack,"The meme directly insults the woman's appearance by comparing her to a gorilla cookie, which is a derogatory and dehumanizing statement."
img03471.jpg,woman's appearance,Non-Harmful,NULL,The meme celebrates the woman's physical attributes without implying any negative connotations or stereotypes.
img03472.jpg,women in bikinis,Explicit-Harm,Sexual-Harassment,The meme objectifies the women by focusing on their bodies and using derogatory language.
img03473.jpg,feminists,Non-Harmful,NULL,"The meme uses a humorous scenario to critique the idea of men wanting equal fights, but it does not target feminists for abuse."
img03474.jpg,female bird,Non-Harmful,NULL,"The meme is a humorous observation about bird identification, not targeting women for abuse."
img03475.jpg,women in bikinis,Implicit-Harm,Misogyny,"The meme uses a humorous tone to imply that women should conform to strict dress codes, which is a form of gender-based discrimination."
img03476.jpg,woman,Explicit-Harm,Sexual-Harassment,"The meme objectifies the woman by reducing her to a sexual object through the term 'slut' and implies ownership, which is a form of sexual harassment."
img03477.jpg,woman's appearance,Non-Harmful,NULL,"The meme compares taking selfies with friends versus crushes, focusing on the act of taking photos rather than any harmful intent."
img03478.jpg,woman,Non-Harmful,NULL,The meme does not target a woman for abuse; it is a humorous reaction to a YouTube video title.
img03479.jpg,women doing yoga,Implicit-Harm,Sexual-Harassment,"The meme objectifies women by focusing on their bodies rather than their actions or skills, suggesting a sexualized gaze."
img03480.jpg,woman,Implicit-Harm,Misogyny,"The meme uses a study to imply that women's butts determine their children's intelligence, perpetuating a harmful stereotype."
img03481.jpg,woman,Implicit-Harm,Sexual-Harassment,"The meme uses a sexualized reference to the woman's breasts to make a point about her identity, which is inappropriate and objectifies her."
img03482.jpg,woman,Implicit-Harm,Misogyny,"The meme suggests women should be in the kitchen while their husbands watch TV, reinforcing traditional gender roles."
img03483.jpg,women in shorts,Non-Harmful,NULL,"The image is a humorous comparison of kitchen appliances, not targeting women for abuse."
img03484.jpg,women,Non-Harmful,NULL,The image juxtaposes two women but does not imply any harm or negative connotation towards them.
img03485.jpg,woman's appearance,Non-Harmful,NULL,The meme uses a humorous reference to 'titties' but does not target women for abuse.
img03486.jpg,woman,Non-Harmful,NULL,The meme uses stereotypes but does not explicitly harm or demean the woman.
img03487.jpg,woman,Explicit-Harm,Appearance-Attack,The meme uses a derogatory term to describe the woman's body shape.
img03488.jpg,woman,Implicit-Harm,Sexual-Harassment,"The meme suggests that women who speed walk are objectified as sexual objects, implying they are available for sexual favors."
img03489.jpg,woman,Explicit-Harm,Sexual-Harassment,"The meme uses a crude sexual reference ('hooker') to make a joke about being last in a group, implying sexual availability."
img03490.jpg,woman doctor,Non-Harmful,NULL,"The meme praises the woman's profession and happiness, without any form of harm or criticism towards her."
img03491.jpg,woman's appearance,Non-Harmful,NULL,"The meme uses before-and-after images to humorously suggest that changing one's appearance can lead to trust issues, but it does not explicitly harm or demean the woman."
img03492.jpg,woman's appearance,Explicit-Harm,Sexual-Harassment,"The meme objectifies the woman by equating her attractiveness to the ease of acquiring COVID-19, suggesting she is a 'trophy' or 'easy catch'."
img03493.jpg,Witch,Non-Harmful,NULL,"The meme labels 'Witch' as a derogatory term, but it is part of a humorous comparison among characters rather than a harmful depiction."
img03494.jpg,woman drinking from a balloon,Implicit-Harm,Sexual-Harassment,The meme objectifies the woman by suggesting she is 'full' in a sexual context.
img03495.jpg,woman,Non-Harmful,NULL,"The meme uses a humorous scenario involving a woman's heart rate to make a joke about a man's experience during sex, but it does not target or demean the woman herself."
img03496.jpg,women drivers,Implicit-Harm,Misogyny,"The meme suggests that women are inherently incapable of driving due to their supposed lack of purpose beyond the home, perpetuating a stereotype about women's roles."
img03497.jpg,woman's wife,Explicit-Harm,Sexual-Harassment,"The meme suggests inappropriate sexual behavior towards a woman's spouse, which is a form of sexual harassment."
img03498.jpg,woman in bed,Implicit-Harm,Sexual-Harassment,"The meme objectifies the woman by suggesting she is being used for sexual purposes, which is a form of sexual harassment."
img03499.jpg,girlfriend,Non-Harmful,NULL,"The meme uses a cat to humorously represent the girlfriend's reaction, which is not intended to harm or demean her."
img03500.jpg,woman,Non-Harmful,NULL,"The meme is a humorous observation about a man's skill with a knife, unrelated to women."
