filename,bytes,sha256
img00001.jpg,37636,4c6c4d948bb253327335fe316450209d0d43a7de705fc57877ccd03d3a91ba92
img00002.jpg,44329,41cdf876e35e2c987fa1701c46da92d07b1befdbb89573da8283e86f7b14338c
img00003.jpg,79910,162f79ed06a6712cba9f82469ee94e618515c06f03a7a88d3dc36fc01655bbe0
img00004.jpg,79731,b2abb5e5182bdafcd85f3de67af4c61813b66d77107ea9dc355ada4f0974575c
img00005.jpg,78450,24f95e446ab5d808418b6e4d87d37793520f8a9e24de3fa885b56e2c032824c3
img00006.jpg,42346,ed43a4bbc8eb7122acb0654953c66b71e8bad77f0d36310854581b668b5536ea
img00007.jpg,124354,803dfeaac653f0d16fdf7baae1455dc4edc79d7ad8554c7dc8850368c38f1a10
img00008.jpg,66930,d014eaea8eb4ab135e9947e37823f80f1a12ce03d753768a379dad1921934546
img00009.jpg,500127,52065de5832a26c523fa3be584e1bb1462beca27ce4e9357f6fb3e21d6b0743c
img00010.png,638267,7e6207084226cf726f51ee328fbc8458756602370e2dad57bc1a2695ccdebd07
img00011.jpg,125925,53cd449fd4d2f2fbfd77ad7f532c4bfe7770db91faab30ea5195a97c0fe891fc
img00012.png,130010,de29143a10ba6e979d69f980fe7b917b74abbe3ba489d58e965b692a7af71987
img00013.jpg,107837,42c1d95de17c4cd5745df93cfcf8c067826a859c3bc875e37dfb51cd40392586
img00014.jpg,73540,d803506f0251409dc965180709e0aa588cef8314aceda45fb1fee9e74fea67ee
img00015.jpg,99197,9b4b38834e02ec27f317f839ba0f01bc80af22df836c8834526da222f0d2d50e
img00016.jpg,38572,de9b58d13fe42559bbbbe14744e0a219d1cf0e617c6ab3ea3ed88da50605e3b7
img00017.png,255901,e626f797f68dcf783330560fc92b8d65b7cbb03c847f2e0ecd259321d546d3fb
img00018.png,1038046,4d768a86d4b4018813de700a149332b05623d5e9fc1b1f90217413c802eb4f18
img00019.jpg,116343,ac4ccb32e1866b97979cf5822a6e32f5e1da31678f571aa34f512a947259e506
img00020.png,192107,e768ebe76b07cfd565fedb69adefbd57bbc0ee7583fa26e8606b1e65a3933fb6
img00021.jpg,45138,a84c24009e0ef49c5d3e806bec4fd7d88f3296d3191bb5f27646819f189cff1a
img00022.jpg,61285,e79ac3e00a0f999c058d77f9112cb6da14b01a8a378b09a57bf3ef26e736d8f7
img00023.jpg,156309,c97b2897690d39f4b157730506b0e3d8e21e610f480114723266bd510ace4a40
img00024.jpg,43660,d61a9cea1292b44dfa9ebfe1b406a6223f4bf39c6686e150f4cb50d579a4f83c
img00025.png,135012,2deffcd3db34820a2cb1e4a96a0979d4d415c2960d246cd5a16e5f4f7e7924ed
img00026.jpg,75489,9d384186abb3ced9350551ef7d352885380aded123b0595319804f6cb1577049
img00027.jpg,74975,f98bee2e27575307f4595fff030b344933af5102df1bdbc695660de494f6f305
img00028.png,549304,65b12e2b7222d0f57a22caa912170f7611bdc7967eba320550ad07a8c506e0de
img00029.jpg,275758,b67e19842be169de56849f4dbc6d85dd6e75c251d354b3d1c1366b77d6f72dd6
img00030.png,35234,c6048f16cd8798ad631096d79e50240813aff8c99168be9d5f5bcbd8f203b3fa
img00031.jpg,228953,7f12b588bbd17a6f1d11124e935c6559f48e92e0e58ef3db2c14f46e91103207
img00032.jpg,53040,7718d4da9a31aa6ecfc5eb7791fcfc58ba354846f0fb68fa7dfd1dff28123138
img00033.jpg,120234,5c514416db2d6a579d80aa950cef869de36d6f1df961b7771e16975db99e6dde
img00034.jpg,67217,feb6c374036e4ac7b27f4848bfad5d9dc4d2f3efb124cca0c96661a2474c0d50
img00035.png,277852,1fdc5433f2ace2e79cde4e1c7ec21314dc819c0546df117b8237e25f00b639cb
img00036.png,472739,236ac42246a59aece002d7df1763203299854c995e0b851cbfe3ac996c7ec640
img00037.jpg,125918,1191b8932c69c40b695003d3399f70884bc3025942e1b176b45d22af40d247d2
img00038.jpg,102354,8ba187bf7332e92c51c9ddb477c577b0144bc4c0286a9c9fbb5c76bdc4adf190
img00039.jpg,30263,db3a4c85dd0334dfadb8769815a05aa5a9d6c64357bc39ff49db1883f8243287
img00040.jpg,114798,acb8d9160f94aa5de861730b4244d4105855b36d4e53cbaa8c955480c663ba2c
img00041.jpg,51521,04e6f7fbf1558786847758c95a795f351f55e32364119e3ac5e51ceb710c0587
img00042.jpg,51905,f09c67a8b9aafcf553d5019af930ce02d8e71a8880d80504fca1d636cfe3e26f
img00043.png,1220847,61847be52af2132041c3b7395438747c947396e8fbf4539a038d509c223abaf7
img00044.png,47615,e13c220ad73ab1fab99d2253e06e05270d5412bc5df1a09b6f43c979f518d3bc
img00045.png,244375,4aa94eef0f31b2f90ad1681e1fa2b5876e8f3e92e72dd036e16357cdd9e679ea
img00046.jpg,411718,5810a9e56613226a470859badde1271dacc87d8b71d0e8b81303b5e39a160733
img00047.jpg,503758,5df1b2ace5b93122b90bf190439e08d982c5ff3c50749cb996fcfaff3d072880
img00048.jpg,37867,456fb8d8b238b94bed3b43f1e4ebd006596418ac371a4beee21ad755fa8062e1
img00049.png,511546,0184fabd5b2f65cfd8e82550a4f03629bef81cbc89a17c13c2e90ed303c656b8
img00050.jpg,73082,e114686473b36a0509fcc311115622443f2a21550e9fb4cb178bb0a7bbe70231
img00051.png,331494,edb0dcd1e737a06df3b725cea3272a680dc775b37617c57df2c57f74f19dc569
img00052.png,888214,3fe30c543955449ee23946ef42df36e98b1aee479b9234d7a8f1d6e822170683
img00053.jpg,64747,4699239cfabc6f4f1cca449923474963c91ae1e5f7da147c76a15a712c3e2f91
img00054.jpg,148095,5e6e957218b6ecd2b42e4e7e01aab1429526e9240e2e1544f7bc15ac0c800c61
img00055.jpg,43107,8284c3cd444852553c67e8723de89ddc884fa40bb84045293ee89a3b4381a794
img00056.jpg,300105,00e0639d1fa6f12f5191cc879d89e7085ea0f61c6a39f9896279147cf309e003
img00057.png,184261,5239b881628f3d56d5b093257d7a8fac462400dbce7c95aa7d675e1cb170ab84
img00058.png,125764,16db9ae00f6dd6741a0adb154183c78c90b5d0b4968f4271000258737dd393b2
img00059.png,2274048,fc60a3ae313ace2b1781ab38837ca0c0b68ab73e9f2dcd12d387aabe2e3ca117
img00060.jpg,452859,8683b6b23e01e6b71335cbe20e3c3a7768c233c65ab585cf3d51433db31c67b4
img00061.jpg,38731,292544269e6cba8c4e3c61b7de833a68595bb4335f31793946bda56c6d938707
img00062.jpg,48039,b7e3489cf5359004464ac9a65b96e60836f00381f7e3563d860f8d3b78f018b0
img00063.jpg,42807,7c4cef2666bb18e480f7e0b5bf370ba43243c5e7085ed9c5619b856f000a7355
img00064.jpg,94086,c068958b9c457f71fe5b3ae0ee2d45fa7fa6a58914e93bac598058166350f45e
img00065.jpg,107833,09722e3ab323875a3dafb3ef2680ba98bbb375289b89eb9886f81df6f736402e
img00066.jpg,112869,9c4750228b07c2854c2f3189b7024910a7b0b2f11bb59f0cd8aa0e17dfcc2f80
img00067.jpg,111927,3f787a8214fda721ab717d54dffaa412b8ac530d2f8a3bf59024486403b37f51
img00068.jpg,160607,c9110bffc2f23edfc6f94deaeed9fe741aa38e94cf1de3ff3c52ee5c5be5470e
img00069.png,202984,2c7bfd0cdbdfb1eda50eca9f726f172d444ad03c743ae996f340796af102388b
img00070.jpg,45959,90e1d8c0f173f7f0737ea9690dc07e656453dafef4fe02af6b0a8b9fa371e8a1
img00071.png,556880,0859d90c9b11ee072c5f5b0c2f3fd9224586ed54e11c623e47e8180bc2d52450
img00072.jpg,79109,9907ab60e5db9751708b28a7c387c188fbc114dab860170211e5d877892aeb4f
img00073.jpg,73521,8b9f08f549c942373364af892aca171acd63a438b32ad7a31a96fb84724e90f2
img00074.jpg,33674,0bdb4c636b8e122ca57198ebbb850aead7b7187cd35a909e987147257b7099bd
img00075.jpg,110469,636caaefd1432e0c88e6e34abcaf5ed1111e7f50a6d301cc6ce6206ecb9d27c2
img00076.png,261359,85bfad29e0032e249661df735bd9a4f9e13e79536187f691439e67f0738d221e
img00077.jpg,152129,d64039f2ed88ae0c8ab90d57c504dfd4067d88af6e77db92953eb3b072c85ed2
img00078.jpg,103471,e4bb12f7fb96c91225d20d00327945c28302e58d6725181fa7e99e7e4537e925
img00079.jpg,93958,3d07268d083dfc4e898ca3ef1255882356356db72459f482ccf8c2aa3f1c37d3
img00080.jpg,36594,7b3950ea8d8d06ceb7b84e1052d6a79494391476295fb543343b96f76a0522b7
img00081.jpg,33457,be2798a056767d8ea12617b9461ce6aad7817fa22b97a691052e96a5165b7ac4
img00082.jpg,231428,2ff19e494e25d264d04d82a3d9c4f150e3b77359117dea33924e1bc33f4d561a
img00083.jpg,44938,f0d21fe6e2ab997c4f352b3f5e11602d64a601189f959744e5b0a6a31dc15643
img00084.jpg,169573,7632caabe6aebbbb2db29cc0ffc2f2003fe7c598f88def6a94d344b8f21c1108
img00085.jpg,56360,65363e66fcb003f78595fd1bba3dd15fbed3b1e9634ef5d4eb98b9a49cdb8cd5
img00086.png,221926,d2696b81c9928b2b8eea4d525b1190efbc6f1bfa6a8538a44d4555a7dc46c021
img00087.jpg,50199,495310142156775d93725ae3f0bb0d38896fad8377954f0477007f6a7ae1851b
img00088.png,781157,16cfedad3312f2534fc11c1877f9449a378f3037b7750561e468657fcbb06b02
img00089.jpg,69977,17c71d5825135f7c35484ba05964f5034eb3fc3704baed0c8027322fd79e70c6
img00090.jpg,166281,1aee170d76409981b9ee35b0a106b271dba4e0f5615df62ca4281c354430fdf8
img00091.jpg,393297,7db73f7257f0ecde3f5ad1a86be0488f827b0a3640c3a3a798347cb7cdbf253b
img00092.jpg,55613,fd4d4f34a48e4b6420daafbe3621b2a98ed13550aae9b705737448a73fcbf879
img00093.jpg,94053,5f88b6b964f5fe7fcc133ddddae7793140cb3b93edfb2137b561e112245640f5
img00094.jpg,66420,566ec02b19f960fc0f9f6adabb08b8b1ccf1f30639e69413a7ac9aaa9b6c7ec0
img00095.png,1897487,fef39035c8c8557dea106ac2939520f97de03d4ca96fd738eec7e3773875f7c8
img00096.png,136293,0640988edd4ee47f8b53512c415ba70bf6821a315f830ad0fbf072e6daae4f8d
img00097.jpg,130095,e083117674a60f8bf19345a902ab83b8fe2fbe3184b670bbb743d4955f66df84
img00098.jpg,862749,d1d771a7026d7c1b8bd6a2127e907de221a5e68ba9d2b67d542b4d502a305cd2
img00099.png,74480,5834064bd2dba36029e173edb54611d008bfb0731c542b1d1690fe8918d4b909
img00100.jpg,78949,f0da66e7cfd8512f0f10ee84c67b78419c20380b40979b4aace7e6562b9a747a
img00101.jpg,238812,5e40dd5d7320a588a67346581393a075dcd77141741bb5eae57fb2d829070d36
img00102.png,366005,7acf446f588b81d209600382c2a868a9c7547bc92af7b573a781722c549367b9
img00103.jpg,80482,fcae412e6f7b752d11645e39988438086a18166600909b3cc459e882c4b19c59
img00104.jpg,146921,8dc43f8fff8c8f15990a2b3f54d4c8e616b14e7730e22775c43975d0e5f53a6e
img00105.jpg,213879,ccc986600bc3f84feb2a70f4e2d928ce556421c72287018a03ff58b008905283
img00106.jpg,92600,395a5fd325f2bf8366915b39c586861f05ff939e154ecc2404ba732d12312647
img00107.jpg,53642,42494ca7c7e6b318c2d145c49e4d66468d9f0ecd7fc3b5a17dca8b3c5b5d356f
img00108.png,1256043,8edc5658ace6e09d8ca3cfa7a8c34fbbb1e0df6a6ecafd74642d59324b3dc382
img00109.jpg,39347,9841cbc4881d8c15fc783a51332cb682526e574d4a8c04e1f4f41d4e635f2a76
img00110.png,961587,aeb6271b1b6f609ca73f33b45af6405164cb0f6d46dfc3b59add41b8e55c570f
img00111.jpg,99039,87f8f348772a64dd3fa67e49b9dc72b7ff51e24a51a1f36e4ca352e26d809f43
img00112.jpg,410488,c8211ea9448c87e7eb591e6ef2e9b8431035e575e59e3281744eae62cb18962e
img00113.jpg,226464,b24a2b81825c0b1ff7bb582b7ec1d431350bbc162f9c4b02fcbbfd3d2dee7863
img00114.jpg,59729,11aa56ed32f1f2b41050127b35ba9ffa6c4222aaef51a2f0d2eb4886563aee1a
img00115.jpg,96476,dc065c94046b9468fafbe339da352fb4421dd4cfe6460abe12a7969814fdc738
img00116.jpg,96651,72b6ff1859d97be4b4c6e66d7a403766660ef378d7ba676eabf9d4e5151275a6
img00117.jpg,1447534,3271ce845d38b08f0aa929cb2fa9f562a948d84808a1ac520f7e1039a5ebff7c
img00118.png,1275467,fe88c21e6ed7ce07c5e851433e14966d4f34cf89dcaf870c06033f87dd0c190d
img00119.jpg,29566,00462233492b76484a09168f5d84f3fefea4105dc1cc1846bf59b82ae2a8e81c
img00120.jpg,101220,4dbc5c6cadec5c501607e9fb695d4ba51f4ab614044c7ac88758fb3955a71bc3
img00121.jpg,89347,8b9959a3fe091f2223c487addd1f7c735be9d913af24ac2d64c7a0f3b7992881
img00122.jpg,40559,6340e570c762f0ee4622c989f5302935b15dd49165d80fa5aec6eb6b72ee3e96
img00123.jpg,82302,b7524ff1ee62be56a9da8b2616f01f579c27675a10e02ef749e389dac20854f4
img00124.jpg,65742,1269b35b3fa89d6703b52c5cea4b422333c0f59fc8c8430d800bdf43795386f9
img00125.jpg,132668,3db109b887041461fadbe2d48f405343c14acb592b43c342ebee469f7bb11c2c
img00126.jpg,65507,5812daa0c3bec663ae4746ef36c02595db2887f4c0f5194d6c2677f765039dda
img00127.jpg,128644,a6687ac22e26fe80a348e71bd24d36e664154f3f5285079a491a8b9ad5d55443
img00128.png,529324,a81cfef3292fedf5bec915a66702e3a93e88fe702897e95b0870dcc283c9f5e6
img00129.jpg,113086,a16479f89cda1f4c9eae4eeebffc2db346318072ba20ebe400a6cc0177ffd4a0
img00130.jpg,105485,3360018df7584e00a8550f93d2843242204ad38e28ca4349e4fd0b66486a51ea
img00131.jpg,257232,c91942088b84777c4c5b7a435c5a4c57927a893e5260426c2efb3866f27bca11
img00132.png,486816,1b5ea7102f35a59f43bfb48fda5beb7d54592a90e9f3742284872c6d1bc8dc77
img00133.jpg,545732,fcfc9370778792dc977e28524151b0d9b66e86b5c848c6967c2ddc93fbc0e7a1
img00134.jpg,133695,284aa91434e8a266def75ea5fca13193c2cb7a66aca488ab9d517e756ca32ef6
img00135.jpg,79447,424fefd37098886f2011ddfa47655b0c7090eb127f453cc2dbc5e6506aa116d0
img00136.jpg,69960,cf681806f6f119eb301dd5b8e7ea7c75183f8ae9c8e0610b70d6ce9767dea0b7
img00137.jpg,48610,e8ef05f2d8d634d6aebaf1b6f93a2d4c1f3ad6b2994098ecb0e2ee3a57238350
img00138.jpg,245299,42c428cb63225f88c89eae4b7285e8516a566020e0bc11d58b22ecb3eece36a9
img00139.jpg,263604,7a7cca5ef20c62f67085ed34ca6adb1348e786a4ccdd66667a85099df6efde89
img00140.jpg,261591,727dbfb49a6c5d6b1ef4c6ead9612380b7083e282941012bc64a15b98369335b
img00141.jpg,262972,4b47d71bd1f8b4974cd86a1dfc40662629db95d7409008cd510ada979f2c98d2
img00142.png,1580790,4020c8083373c610834c68d7f79cf21556245ef9023df0b1c77792884f967af0
img00143.jpg,155990,782c50414dfb030902a4aa6374721ba3c908a0d6da2235747c2d1c0cb07174ab
img00144.jpg,829928,d59069a2e0ed78bfb917c46b79b2fd7e22f275acc328767f77c84cef52618493
img00145.jpg,92112,d2c606bb10c52dca59e05c32b97fdc1f6cbe40b2dcc525666722a88c38a52d01
img00146.jpg,184414,188350524b6b0b7648d4f518c9b2a9540c55a37218a4b2169f3727cf2c6f4a92
img00147.jpg,79570,5d36e0d940c3aeccb41c424458df45dd3ac803a8dde97d72f2c65c0b078c447e
img00148.jpg,622772,aa490480fe4aefb76ebf55c0c1dc45b80b65b0d259ddbc2a9817da0a38c841c2
img00149.jpg,187423,dd74ee122bf9317c9bec550e23f174b4e5462ab3ca0ef85e3faf11da1a9267d6
img00150.jpg,1053036,d607d14f32c4f2b293b4e1848d1ae2956760b29fad177ed2fd112718a1510634
img00151.jpg,83511,20d52526dd85a335224dd979e7264b993da0a9fc8618340c9ed0f4e4121a5ce2
img00152.jpg,304833,f4627444e4cf8cd811c768f4800332b84f41f7577020f8fc78178a06350705a0
img00153.jpg,72387,3e30310e9165e4953b2cb671ecae8d1be4d63df8400b3ca0cc9837b8916a53ac
img00154.jpg,264783,763924e8526efd8a9678eac4de70dd5ef615a780257f3aa68bf199f1fd192fe8
img00155.jpg,70573,8e0fe2159b9a38f441a63d586de592d9138ee895663422a2e01ef867be4bb67f
img00156.jpg,982059,830f598040d1fc0880515f3a29a92225b7b320335f3fc49809aa37632ce5350e
img00157.jpg,52737,77b99affe0240e486768a6b716540d94bdacf6478c8be9ee2e5445bcf7b0d87c
img00158.png,1476512,0f2fdbaf4945176789799204b202d24e46ca8ba06d89d69a022f8f0a5d7df201
img00159.jpg,162885,8655422ae7b63b91e34d1e4daec64453a3a371ba5f15b150d55045cd25b6e722
img00160.jpg,1032374,3371c600ce454d95c10ff5470a8d033b10f5c08b7bb67306a0596358e354cb76
img00161.jpg,352635,2201687194c7f69edc922394f448ad90ee163520310db6aa1154f92c6843621f
img00162.jpg,75295,6f113ab6d0e690b1fc861e904e4606221f63e1e01b7566177aa8ea97c9dab61b
img00163.jpg,130614,308ffc52c1e807c96b6688f69fc628efbd81fced1f74ad50cf1ec31746ebf9a5
img00164.jpg,24403,f58335f9c57da550d05f2ee14371dab5df7c0658bfd264d0cb97f9481785ab0f
img00165.jpg,968927,c264eeb369a913e698a4577ccef6529dc1bf61db2b18ba0d859840b11c5db1a4
img00166.png,381374,4e866976bc2b004137a6aedb4121558208f75a4701b0e160dbae95ae78e0d6a4
img00167.jpg,345667,5ea6126219bff9946440158b154d9571605d2b73dd986f6f2f053e7512823ad8
img00168.jpg,49429,5ee56e950a9f7f0ea4b52feb8b9470ab9a5d679e81b68595606cb7b9e2d3f5d2
img00169.jpg,1638808,8d9e20e8e3e7c0d9c4839b15537f1943aac787e7f1383c4f9a0e02acea486c9d
img00170.png,554341,bed0cbfcd2e11ef3644b54423b7a07177a1fb0b5da0c25ae6bbf0fe9aab53c6f
img00171.jpg,282345,2a9c513873a1fe072d4d9f85b920f012d2e7725c37e54f817c33d41c7546dbf4
img00172.png,440893,cedbc79c93c2438bb0a99663a5890cf5418ab334331b4553241ed0677e9b9b2f
img00173.jpg,256737,26262a19eb1ec875b18a13c814f7233afcdcbe08adb8ec5cb125c02062ea2083
img00174.png,457747,38a3332c457b678a8bca2d40db5445599161ca932a8e2dc7ef592e915bfce24a
img00175.jpg,38539,694c1677053adb523e95c8436c593a39698f1ccc15b06ed4278ee072619d472b
img00176.jpg,72739,1e8e2c7d629ab548a5b93f838f096572d5d72d9797bdc8a2bf11df44bbfe3e30
img00177.jpg,46953,6fbb4974668b8194038f6be5e34618ccc4021802e09ef673cebe73330bfadfff
img00178.jpg,125314,9dab593e3c565ebd47dfd7e90ddc65c782616a4015e82d0030278e83aa0c80a6
img00179.jpg,155318,4820c0577e919c71f979188a7e877d2dfea166b27917662698c968c2f125d729
img00180.png,313910,e1e6be858aca26c7500f401c9439ef516571df2b8496c2d7c30a6c6f32b0e18d
img00181.jpg,129652,88f6db37a5fc6dd4e4e6dfbaacaaa4c2f153321d934ad58ed19fcd4db19de7fb
img00182.jpg,291337,a9af99048f76439ba05fa618c575977b0bff4f6af443b0e3b7d01ef9531eb93a
img00183.jpg,244644,ff5dd5f9d7e6c4a2a6aabb6b8094bf1d46424bf38e43836f8a7db59d350c4fdb
img00184.jpg,2578426,76ade3228deaa449e8b06fc23c867feac617bc3647fa90881c51304ce1e06756
img00185.jpg,150401,5da6b25898e4d51689d6b27e9f64c594a39d3c352ed0276871adc963f3485a36
img00186.png,98824,e499d49619052bd76c617626afe408dccf07e9255bee0aff32ae7de6753f5019
img00187.jpg,175338,dd0b08ca759692876f2197cb3486d90cd78eed5469cc366f27a6f94c5b8b06bc
img00188.png,831213,7cbe5e905f4676e790c2a7eb29217f6a8298778d12c5ddc8e23b42ce8c57b76a
img00189.jpg,917803,4fdaf1b5b6f25378f0d1165eb8a777d526ce6620a49a99ad8a51d27246715813
img00190.jpg,1829992,5f54989ad3e543d17b622daa1045097957ee135d6585723e969403b5c05c1ea1
img00191.png,1220980,fe1c42ad1c998cf4daa1246818253d67b1e710aa237fb1dc81271f2548f516e5
img00192.jpg,404412,503542e980abb8ade7070a6eff46f23f1cbb25189f1617bbafbd6e96b53b4926
img00193.png,1528471,70dbd33ad45dac1b4656a19f8367bb5ee035d69ef63c32f31cc12b41aa1db576
img00194.jpg,100498,8dd067576f938d5bd5bfd6d5b0e879e8b67167b02f78fe5c94855f4516e2aed9
img00195.jpg,186246,75aaa4110d8dae5b4253dd3b03a051af2ef14659029d51aba9362eaa239d9ed9
img00196.png,1039347,2d7e926cccb397a957f1649385652713aee5dae0ec2d54ec58973a1cee984fdf
img00197.jpg,82088,cb689da755d13cd9587d8ed35898f4eff9df65b35ec10c47a0611ac7cf509820
img00198.jpg,71845,088965c4e862c262d3627b01537e4bfff99365e91f7dda81a68fe99c78e1518d
img00199.jpg,313166,5a3cf8422f823ab0eca5e9fce7e45fbb3331a51dda771a54c1ceb123a2fe13b9
img00200.jpg,100482,324c963309b8c3321a062394d86e6e90671360e310185d4e7bce1367cf1d2e77
img00201.jpg,186382,1578b235fc7eea6515a6b904110e12741d70b2bc3f688f91f9c0f72cd40c0073
img00202.jpg,176029,8ebb85a3f3f653be922eb408162daf3c9335d7bba6c41d3ed580ed740635f2c1
img00203.jpg,464893,317cd51f3e26c752f0cd34e59b5c9f998956839a315e9798f3f3094b0620dba5
img00204.jpg,160942,617fbfab64caef38af037c495e40091364fa8083439d470255fd53991061afb8
img00205.jpg,176109,17abd19652703ab22fc083ed3ef134ba2660abfac096693d127ec16e711be1b6
img00206.jpg,122886,678c93cbc4f22bafe2a9d19afcf5902272cba158862db93cb14667d65518c33d
img00207.png,1462808,6782936f6e960488ff78b77bc3d91de14303c5502996150a5671313c4689fc7c
img00208.jpg,158318,4218e7c8d6708800f25618056b99024c530ac141c4d28bc830faba17c301bd58
img00209.jpg,334216,560e2b2911c7494a9d5992c4e04f4f20f99cb6fd992af9185e92175ecf944d42
img00210.jpg,251038,c37d53050a1aed7e1fa298d55c376e5d5297c44cea2969b6f3bd57636d55f6a4
img00211.jpg,52164,2b3ab590351c576a4c15fef3470d344ee74e75fa0b588e2b144b2514c3034073
img00212.jpg,3438848,a9490c0b05e33cf127321b947af5583c96f3ae41eead41ece6f7a60ded6656b5
img00213.png,176177,9d4fc44cda513e5d6d6b75e365347515f96370970d2e9bd252f53591bbe64855
img00214.jpg,107604,72bbfbd42d65439a84e435f44c30bd5ea7ed33a701019d933a772b902db6756d
img00215.jpg,53845,2246e7bf378498c3967d431969084e93b583eec74225ae274ff2bbe1c69cabeb
img00216.jpg,203399,3da22fe7036a686b623e32f19e73b03c137b3dc115bb9b6d58ac7276492229c6
img00217.jpg,97470,cc4da1e5649cc51f4299d4dc97556ce76a28832c95c07802ff01f8500281da7e
img00218.jpg,284398,c03284c59210acbd5d2cc8f2180d5bda5ad9185c7a54afcb6357891e46f9cbc7
img00219.jpg,58291,dc703fac47019fb36265737b60b15a497e9453021cd26d1fdf7afba8970e44d1
img00220.png,913790,56be4fdc3e0098d093f447d90390355b895f59dcd1799b9a0c0ffa8b1a0159f5
img00221.jpg,57390,53effcbc109fc0e8bfdbfff7d05b53c27bf6badcd221f413bb4b704c825e4c6c
img00222.png,601767,fb3234fcd1586fa73b304b097fda094e5f0cc2a220f6efe777277774c12e64fb
img00223.png,805641,1c988282534ba755a7f8499578f651e7d8f19e5c7382aafa1cd9ff31d82ab315
img00224.jpg,259707,68edf24fce9d03079f7844e080fc5caeb949bd6600c617a5eff96dcebc3b878e
img00225.jpg,141794,2b37c134ccacf61455178ad5b8f4896ba361b9c98c72b149571eec09d50a9917
img00226.jpg,111758,de3e1336800f412e6554984ef364b805126a67f62d433389a90354ea1112a242
img00227.jpg,68740,05f9aa08a294963161d4500fe1a4327dc21aaa51c6be5ee656afe66c823a46b6
img00228.jpg,250744,70f1cdcea3a2997ae0961a349de3453c346b24586dab88db7f3f37addac4fc64
img00229.jpg,109981,4ec5a851196413cece2ea7115a9eca3c419d208638cf3158393028b5c5cb62dd
img00230.jpg,68456,5bdc9f235b58d3bfb2d54a6dc518ca53d98bc9ac519e571b3e546b17799a510d
img00231.jpg,1629734,863a3e28fbb83d4868641ec77a8c787178e4a3033d2ba73e91a0b761c04c0fbf
img00232.jpg,435657,101e596d44a0a83e1b5c49c01d8e3a1443dbe62dad2a11374b6b4c1b22035d5a
img00233.jpg,55265,45a296a8c68125db81642931bb1910343e5ae4aa682f93a7e27faf67ca58cc71
img00234.jpg,79988,3501972bb14d952e3b0617f5088f7a957e724c6f5caaa600511093f10af6f6f1
img00235.jpg,213344,edfeb5596a9178b5ebd819807141c89c757bc077c0c0ca45c04102294306e941
img00236.png,489745,69ef01468e12c6863fb042e2c0655f7558f49b30375e64ba8c8e4a5fe87ae944
img00237.jpg,344617,3c2ac3e29c12e81132361d42eb95ef14b4fa35488c93a7174bc0c22e7fc5fe00
img00238.jpg,342265,1b84adf31b4729b8c49d35a481e20d815fec398c25afa7d4a315d28255f403c3
img00239.jpg,221367,a32d855120f1bab05c07b8c87c8d7c4805cea934d401efbbf9573419325969c1
img00240.jpg,184770,459a931fbd96b9f9db433cb8a0d50443d608ed4bd370f049a16b1a1c80cb36a8
img00241.jpg,639986,613f3f24b9ea3fd0d26399de73e01ac0f3457c1b2febd3329296e9b2af96e617
img00242.jpg,84321,c30c94d5e3e2628f7540fa8f7e13ca3d12047b2f230fc417e4e545f44e03a328
img00243.jpg,351650,8d135dabb6bfd8d5bba1867b24afe61f5cca509f6800c5314aa8eb9c2155044e
img00244.jpg,475439,b7a41ace87563ce0c16f429556a8948ea44245e5c93f1e3f325373f67aba5bad
img00245.png,212820,44d3614da9f9467d9684e4e13e41c525308f1fd352489af6ec26aa87242a6070
img00246.png,415684,efc1e5606606e44e436b614fe0181185921e43a47a487fff9ed3680eeb74c7d6
img00247.jpg,130811,ab7ff63b1c973aeaa4a76ac4be5ac0f26ffaae49774f84324b4d1b7236002484
img00248.jpg,162904,2be544cc44f5d6fe62dcde9916004d40093bfb4f1542a66cf58c8e7ad52e06b1
img00249.png,1119108,3df8a6fcf9286e2493f9b8cad672e993db4d85399cbbc89e72db01dcf4fc2d4a
img00250.jpg,187901,975c43f04258f9666acf571d8c6713c078d922b2bbac793c3799e3476b5bbdd2
img00251.jpg,134759,b50a7a1d36093cc63aabdefa3e53aa419d1b4928fb1cf9bd2469e790f803ca84
img00252.jpg,76052,4df04f662b6e5ed36de59901939e7b1faded3cda67f47b4396ec155644bd5d66
img00253.png,733920,3aff768b99cb39d9ce9fa891176f412e777809c01b3a20be351b296dcb4204d4
img00254.jpg,399242,93ef4ba5b65999ff986ff4f044d53d4a39e0c6418ee1fffc8ab19548a79fce0c
img00255.jpg,179741,8cfff657564b6110fa15facec06db945969efe9333f7a98946a46fa1b0737c5d
img00256.png,348146,50f5d5ace8a4b1aaf9c0bb84f544d69fbaa9359ee330251c0e6a573b9e74b783
img00257.jpg,77982,8bf3dea67b566bda0e46e0b1c1ccfbf92dea6bddbc24dd0b79bc1bcdd8f51085
img00258.png,411482,cc1e99727fbbea2d3c6388c4a1e0bec37eae42846af668d5e449d3dd127af267
img00259.jpg,822644,bed7c6b1dc7825c17efe431a645a3af87d1ba47ee80b246e376d8f23e98db67c
img00260.jpg,88428,c59dfaa79d6d1d6b690a140a622f19b676403ac74966d6af9a79018aadf9329e
img00261.png,275893,26342a09aab5d1f48c4b1961eb2b5d8c58591ae8b02c211b7e68fd721e9c81ee
img00262.jpg,230622,b697e91062593e9b98d5a68743d0ae1e7b337bda847fec99bc1eda5fc4b9e622
img00263.jpg,64199,681604433e0735978716ce04c54c95197b0e88b538775f97b0faa9c1a1e2df14
img00264.png,1216504,93cfb7d7a3a5a59ba7cb78ad471a43bfc876f21790dfc987174e65ca031a7a7e
img00265.jpg,89772,62506a67836359d034775b6cef7f28df4521c7f0ead0aedc73281507bb1652b5
img00266.jpg,132210,ad425e53344261b6cfe9746cdc095b12fc96a5a2b57629050c1524dc79d0a196
img00267.jpg,215889,bd02d0e76aedf70bb18803e5367f5706e3c72c6a407361e12aea616a33b4146e
img00268.jpg,723211,cc661fa9d0d3d2a9a387bc3aa6e76d37822ccb719120d3628ff5c25f45d8f34d
img00269.jpg,108529,f5d88737c2b535956fca8ae3ab9b37bd27d289f7e26bb3c375a4d98bb88b2b2f
img00270.jpg,210449,c718d48488b3b1183a9f4544b6c81f5ae741516f9a617ee600c9b85e41faa7f0
img00271.png,1037458,4ef2cdf4dd7468c81855b09fff287bd2d35b65b86c8d17f1088d017e387fc90e
img00272.jpg,160663,42a49442aba75d5e2f48a5bfe4229b9dc9e8f1d113133e732afc89b97a540d38
img00273.jpg,269418,847fb50d1137f572fed36c47f453306933ddf8f54cc78f4d0ccb07a3cf4ce1af
img00274.jpg,201936,9c6b37db2d23087f2e0c5e9eaafdcaf77de6d5ee7c45f2e29cd8b30cd63021a9
img00275.jpg,213760,4753d0102bfcbb9c7375658f86d6bf12f8e913913abc791b81c0c12c6a0880af
img00276.jpg,487726,1f3440213e5ac8552b9fb63d5aa216815948c2c3386c0175d2fad99b1a437eec
img00277.jpg,111146,7b796fa54c926dcf2ecbb3a9444f575cc1ca526351d3985ae52aef1861b7b390
img00278.png,560130,2aec746969e341f78c6bca99178c37dc3521d94316b6b1c1e2462f23296fa3ff
img00279.jpg,33756,eae383cb4037f99495071478c2ab74c40fa2dbe97fe8861fea3bfc090dab295d
img00280.jpg,286936,6b76df89448311702c80674de7c1d4880fc8e085b29f1d7b5944a7f5ff8bef3b
img00281.png,828261,4ea536b535d465c3da6e4769ac7bdfb63e01cb2f2e272ca60fc8122b914e08f1
img00282.png,327483,32052e6ad02b8d946d3713d70b576edca37d7d8c1ee4de9ec8334baeff48ea37
img00283.png,461567,fb79abeb4a9b5d7aa1a9fc4a04d8a2f59752533351704aee40157cff8b98cfac
img00284.jpg,3621179,2ec4a75df7576b229b33fe69245be6ad103292b13a6daee41a37d604b5b7848e
img00285.jpg,206263,49b6f5c0ac6c05e7437ef1aaa9f0249d193b447a1a09c974af82715e5da902ba
img00286.jpg,6109682,51b558d20e4e733344d4b5f633d4e05d95a10c221fdb137538578f1d09c3afd8
img00287.png,2908428,69cdc7eb88be00aaf1aa2b4db82225258eaa5044af6f55a64ce523b3de536be0
img00288.png,1259081,c57678061b1d23324a7b86268f0e0f1514c325edc30fec7968a0df6a358e56e0
img00289.png,1026162,76476bdfc31de8803d0330ea0fc8ce7b0ac40a70b75bb4e45fb681e15b85858e
img00290.jpg,254599,62216115ab6602bd2375e13cc3df30dfbde0cd03aa26b3f44e05dacd07fd4abf
img00291.jpg,211200,ac121e39346a93ef890d3ad5a57241aeae5ab73cc578656cb46029ef9ad2b3f6
img00292.jpg,54593,6927f1c397a1aac054000f0535a45fa2c9d9a50e5968784c9121ce52378fe7ac
img00293.jpg,524798,1ee700cc330130f9340634abd6b59c3572c0449d75fa827069b7e5295930278b
img00294.jpg,294502,a3348a78260b20677c854e418149f79b62c08f5852eef1cdc0ce5fab097f8eb5
img00295.jpg,60775,8b9022e28d84e76d0b72738b4058b13ced277c49474a481c2c880d1743afb339
img00296.jpg,113217,3809c71b57185ec8dcc74b2f52c9a24e6cbaa2d2bf96ea9d32fe99e60d1976c9
img00297.jpg,299771,7f8b2a72f5d33850e8b5041e65a9c4a675002d5821e200f0c95d912fa0987c87
img00298.jpg,136396,0fbfdef808f44d863e8b79d194570e471c04c008c308042b3d85ca0a86c09759
img00299.jpg,154711,44e634f6b22807fe2368c1515e1d6e9ab5a4ee2d6c8863f5c4f99e7e861fbf18
img00300.jpg,133428,4a9b0a2f078f0c01c53940cd3d2731867546ef5036b612cbef5292b7f2fb15f7
img00301.jpg,151382,9333f71ea5cb0ffd1d982076415b15aaaae9a82480635867484f13c59970a2e1
img00302.jpg,321389,eea698b14bf3478d3cf0d9cf3aede4b66194c7fec2ba978f8d0185d153f9c56c
img00303.jpg,638931,c373a77c84fa58cb65bb57ad72d9bfaf1b70535c0ba77c6b19b653328b9cfa44
img00304.png,795620,67d642a72db05613159085edafd5c33ff2dd9ef5f8a48dc6c9fb7b17adb3a5d0
img00305.png,4060847,cdc59f752057dd83f4ac203fa6efce7c59030e4609540c7c3a97f27cd74d9ff4
img00306.jpg,300406,842635232d34ade6cb11b743186de1defa54af0a817ec8ea1188ef167d846ee6
img00307.png,930047,275a073c1a0440ec6019df1ca65c2c396a850c54dd1079448185384824323139
img00308.jpg,62264,11ecb2dfadaba3fcaf1d34362cfa3b0210e25b494a667f435844c0d8f0acc591
img00309.png,448924,4797b930c9eebca7e01a2fe7ed0ae62930d80f4b9865b29e37eca6f1c8d3cd49
img00310.png,294900,c84686623281dba76af96a19fa602cf781b897d4277854b708332d557a0a0110
img00311.jpg,116472,7d73913e460e21719ff4c8ff79e03ac77915a817c0da545ba6a02cc083504e78
img00312.jpg,162594,9593751c51ac590d09215f167d9b68a613f410adf498a5f9a82228d4dab4dd8e
img00313.png,117171,7f23034b7e50564d0ce2c4f4de9b27c3924d4cc8547a44942394d8e32ca92b26
img00314.jpg,458550,4f041821fc4df79494ae84871fb68771fec7824d6f33d07f8296431b8f26f134
img00315.png,405451,6ae57c7890a11994c67a97d1cc90b274bb1d8e073d0600da906ee9ac63faad22
img00316.png,861072,33adc5c3e2a50de7a1c4e07e2c232113242398b769b684fb6074f3de64787aa3
img00317.jpg,3670599,4c43d8ed3c83490702890b1aea255984743033dd9017ad65a12821ae85478e71
img00318.png,1605390,417c6b7b7ba839bb5c7237cb5c5c748f97c5a5793cb7e42ff6cb6ab9055f113c
img00319.jpg,74171,ee4f72e1d139da85b7b60fdf52a4ed9e467cd45c8e351cf5e83383f62deea1d7
img00320.png,421413,400b7907388c3d39e767c7b67b97679d715af8ebbb486b07275d34aa4cacb4b7
img00321.png,215727,55d8375f5ac7d1dadba2bfce5d896119fb84e91dd9afc3dcf515fbe8a719cca4
img00322.png,1055457,c8d1a341b5996efcf674013bb679e21718b9d01df81e7c7b2ec679a217111987
img00323.jpg,95943,e72bbe828af8b5e7daec4ab1e1d30ac979b5bc94b929403ae48e268f6a16abe0
img00324.jpg,107861,a953905a1c3dafb9297b7b17027705819ea3847b4fd223d77890f44a0b7833d5
img00325.png,315027,90a1e70ab286238098eec1a92071cd940b5c4c703bddd21e70ba2fe0763ab0b8
img00326.png,306222,816405b707c3b1069044fc2d4424b5096fe2991c813884fee3441cfefb1efbbc
img00327.png,819804,cd77a21a849f861e113e8b33f0a241e3ce7de86bf8fc4f93a8e2ca5a5ce90a6e
img00328.jpg,168919,4ddcfba42d0665eb5177a3d59f04e32ef453780e44c0b5e44e67e939a7b3b5bd
img00329.jpg,192001,4eaa4d4b2bf58814c66772af87e8562132317673f3928953ed651ca13771abda
img00330.jpg,92622,655895c27ee2f8bb02cdc4c1f5281ecd5552679df47eca406a3828cc8e28c4eb
img00331.jpg,1386021,784eee081a752e61f0041f3aed3d2a17e9343ffe921b4afede9ba4abc0c158dd
img00332.jpg,87633,4c048e439f0a5a2d3b5fa5d8e168869dd56046b252f9df524b5700b6fe812c35
img00333.png,1612293,3b6eac464d0fdfc175179a23a9a7405579f1958ff65b6ba0895150850daa6761
img00334.jpg,58247,303e1f9036805b1269a146ddefeda8531fa2268d71e4c52d1ecc2b5dd800b068
img00335.jpg,85152,836f0a8d7395a900bc1cce00bd2e619ad66d1758a9544b2f2a29ab395154e6c8
img00336.png,240025,88dbe7c5785d4700ba0d0d2a657185aed195f63290b3f1185c1239ba65dfee38
img00337.jpg,45588,944e94b0d877711a87bcab455b840c75b76d5c19310ffe5fd6906e19d1573a84
img00338.png,1247273,59602c9c5463123c178cd04a88c4aec69478daeec9a1f948c5be79d57d48b4fc
img00339.jpg,56767,e4d28093168b830693beef37775071a869493ef169cce5be6b0fe50dc91a7c53
img00340.jpg,99518,b100efe2969b3eea38866bec62c23eed6517ed40acb4bf25c458ac32bdd737fc
img00341.png,330514,3016aece597d6939582f63fdbc2bf0cd2b6f23da1bba1f0274d34e5975e3927c
img00342.jpg,324088,b3e6c215df0c5cc32fab66ddb6ddf4be15e05a903397d0f7f5c2fa3b2c163ff3
img00343.jpg,87847,23cfe40839533a0d87df839903d3bec7f560252e37525d7c49b819b06a6d28a3
img00344.png,526650,7407ec36037aa44956bbf788b05b7f78f713786d931b64b5967df336d4684545
img00345.jpg,121429,6fb54801c7688987340850f840152a9c45814468535a4410ce9348e46c0a3438
img00346.png,189750,393398da1d38b78abdf62ec0f162343a7a183356626d78e9920b87143a125fc4
img00347.jpg,99706,f988a4566584ead4204d7390c7f34bd4a073d35432d7349d56b25d088411e874
img00348.jpg,259129,09db4a2cb0d699f20eaa61a0770fc349e2773f607060cd202c2a52fb008aa98a
img00349.png,1212506,c5585c86759751eaa9d5050f3d199a1b87814383f274cb0cbd578f040d4f734e
img00350.jpg,140136,ac171f80bcc2b79b65e069390fc04a0dcd536db56474a09c1efd3aa952a51c22
img00351.jpg,137802,7c61416c60de6e614fae25ca5ab02d9429976b9cbbf6bdda36e0418161ecd5eb
img00352.jpg,260336,4fa50d118bd11ba1608a51a572f844f4eb1bc0d3eb09c4e790f8605717698383
img00353.jpg,135754,b9dee1d06d6c61af2a5578b79920ef09e8eccc021df2021d94439ce1a02ccd04
img00354.png,260644,81a55944798211debd6920d29f8168c7c856ebc862f185c3a2e7587e44402b2f
img00355.png,843870,f670b29a58c87d7ac5e406f93b442a4324acd73cb8beea30c159f809e39de46b
img00356.jpg,51287,fbd85014c796fe66cf5704aa7be28c7bb7019cdab0bae230415d9a18b8ebda4a
img00357.jpg,123419,a18073329037b4257a7d2bccb75a7e49a9736a645bcefb6d454e6147cab78327
img00358.jpg,57084,41793313b37d7527e29f9909d26703373d1f9c51fd8dca02ca5bfa139976c751
img00359.png,3078633,54b6554b88d8d453ffa4302e22153bbc68a2062ed10b273ba4bf9542aaabbc0a
img00360.jpg,114797,1e3480bf48440b0d7145c54ab8787f0ed1af6b575d50f7fe2353c87362a11e48
img00361.jpg,62301,861a193d01f2348be158d1eebbe7e7e4b3e8fafcde0d19e04b1f4522fb7cb47e
img00362.jpg,157975,2bc6d5877d3c6b196d6d80fbf38f470af6d00996f725b7815eaf928fa2949e24
img00363.png,287791,a747ea7b5bb3627df47cbbcf6d26258e4ecc7edb2ad685db889eb752e6f28490
img00364.jpg,226032,89c67bfb8d09aaceb4f509f102d95407b9ff07a56d34405c2447d97e77176230
img00365.jpg,96200,ce0e7edc1c8fe958a98b726a2ca7809bd2c09d7166c311efc108b44ce87cceb1
img00366.png,401514,2eb1441fbd618a8f526363f4c3888f32e5b7bef1376e7b948476c8710707eb4d
img00367.jpg,78832,004331cfd0cf9d988e5f179d91d32c5c38891fc8a67cde06e0c153cfd28df983
img00368.jpg,658810,b5066dceb6a66a578dddaad8aa8958ff0ffd615464efeac876bf0e752441dbb6
img00369.png,1481976,0440d57b855cc757d58cc006199ae10391befcda3e4521f23dadb7dcbc9d64a3
img00370.png,558557,31c3faef8933ebe230280a1c94098c9eec9f3b7e5af6dab1a179b06c5d3b72d3
img00371.jpg,123587,723ff020df3b3c6a2886713f9c679d4cc6f45a0039ddc5ce5fc107c00059603f
img00372.jpg,129259,3b188dc8d1fafd23aa4aa0eaa59532aff771757cbf86193d883e5e6510e7ae11
img00373.jpg,120152,1e2a23a76e54fecdb04f05720a01f54ed44a865e76331c56d850a3e2b039d94e
img00374.png,1714377,4cf8d1d07c9a72377b87d44bf6e0e5d4a58b8aa976f618067d1e93c5ca31fae9
img00375.jpg,84977,b43da90591c18591ddd4237c3deeeb023a1f8ff24ab0d512aa70f848d0ed0f4c
img00376.png,227755,1dada82d039bb29d05dda58555e00fa20062b58f29adfd85179b15f714e9e8cd
img00377.png,285863,4f616bede2e703d68f4a4deafa3f563ee81ef7636a2d22ce557be0d956ff61d5
img00378.jpg,162134,9eb7223daf974b410f3a9f77e7ef3b93ac2ae04f9088e3b538efc0008add88e6
img00379.png,526263,616dcbb43cbb70210cdc8efb80f4ba39fc1f97231c63cbf86fb2ade27344927c
img00380.png,353050,e7597d9a9cefacef58138f0c5a44623504af1add49aadda36029b87732894c14
img00381.jpg,68529,6ac4458ab66083b9c0dfcfd6266d1e0a96652358e674ff5f17d8473753299d13
img00382.jpg,179807,f59b91e2ec4cf3582df768f82c0e977c25988f452b2c078da4f210d4155c05eb
img00383.png,1700198,9a4f461b18169e0a4cb800060ec059153ae0c40358c614841eed3b04ff56a840
img00384.jpg,201587,ff078719020a0e9b267bac553232bf4619b2aa7d57a49b09ecea8f17f2cc27ed
img00385.jpg,65909,81e1fe79bdfe387eb78c38e5502042131cceee6ca96ec5780c6e5a576fd3cdf6
img00386.jpg,57610,baa723df23e2df48f341398ae478826177ea9e428a3e4da478db6ad25a1be36a
img00387.jpg,566814,645701e950d72fe9e9422099bee082e83f9939ab5745456123e1e8155daadcc5
img00388.jpg,341829,58092451b0f842e6e469a6e19ed621392c1626f70733addeded0102cb662fe8f
img00389.jpg,540424,7a414e4b2d2dbddadb77f0b9d131d214bbad591fc32518f34f7bdbb483cd0e4a
img00390.jpg,143896,70a4326e682f422bc10ec2348f62c484023fac061279e36b7ff095f8300eb8a0
img00391.jpg,1722300,be94392d94d82009768cadae1ead6292c4a7df05573318931a0634dd5e67e76d
img00392.jpg,74605,7f003b42d0d36cbcb86b757220a412cf6778d11fdf683072cfc880f5a8f0315c
img00393.jpg,126873,994fd35fe042bd470ae100b83ab8ebc38e5e8c08416df0c2770d12d558619085
img00394.jpg,44122,fb48c0c9622f3cbdba6b5b6d913cb7ef3ccbd1ae7079cef56fbf8d0261e17700
img00395.jpg,92127,35249232275e2bfd6bdf9c947f8f04d738fcba7a472420e4dbfd959b8f0ce4b1
img00396.jpg,34382,94345703d5f70e7bb045b6fff1889048e5313faa794d6579775bd5d183dfba75
img00397.jpg,40638,a8397c609560f4d4fed779740976dee3f1896eaca70e4d8e44ecba7714ef1d52
img00398.png,674302,d1f05c6ef5e41dfd8ffbb7a5d7314f0f0ed39b9b22a330ac75bb7561cda96968
img00399.png,949250,73fd3f21bcfe4590325c2b77389c6ac76749770273b7e1e4e917499d08a990d3
img00400.jpg,26664,d52ffaf2dbc4ecc01008a28a6f5211c9e1f09f5d357eb6478926e318418c7dc6
img00401.jpg,70183,ff4ba5226ad44080160373c60931920eaa86cf0ce789dbe7c4827907b4ca77ee
img00402.jpg,147971,a57a2fcae4f6eff5085579e970c7faeae6555dfdde2611a71bb8cc26c662c369
img00403.png,276273,25b8d1f03385db042e5cf6744b7f3cc83b37085f3b75e3e4b25bbb7980e318f0
img00404.jpg,144974,faa0407aacf3043d98ec6cbfdf153ffb57e389387dec828c31eab508ff830aa5
img00405.jpg,30675,0e84e3ce0a998ce9fa1aeb9a1cee30a01eb26b1b037c67048cbc76e803946505
img00406.png,307755,c7b73bc95a8e5b51f75d47ba1807c88ec26c4ddb5df76374bfb780952c3ee6e8
img00407.png,322588,13e347818d109a996118c9ac679416020c4eacad370e3429a222570282005a6b
img00408.png,549320,8851dc1143fb79807ffcf427a43ff19d635e27ee5ea67d5d1177a6d2319d45e2
img00409.jpg,206993,4d4d332f1040fbeef8b219d4f039f6fd79a6a065dc1132766376672f1d169ced
img00410.png,172684,4018dd6d2e47fe20a8feb2fe4b99e04efe5db6b421c60cab7e5583a1667c8c43
img00411.png,268852,4b6debf16d5122343a0575be4bf3de0029689ec8c16481b6defa55fd785c20f3
img00412.png,275463,d058109a892604e00fd599288858426e8a24786bfaf3d0fec8fd2f8e716e8a02
img00413.jpg,63964,1c6ffde847e4a51faca19292d6e342a16267b4302bfc5499414012451fde8167
img00414.jpg,112495,eff6a1e269a3b8031ee4178ead0340054441790f5645cb028595f9d91dbb6f29
img00415.jpg,78674,0d9795e58e8fc368f5b03bb48ff4e2faf12959802f31db518a9841ce838a5222
img00416.jpg,85875,6646397f8d442cd839747f18d71544f1c988096688f4e0e820ec4352382debc9
img00417.jpg,73502,7c40736ca10d04f9c31924df643700227c0fc0fa1124527e5f951b3cc1b8eff9
img00418.png,150873,35129ec74207d8102d6139afd82e73bfdf326fb837b10aea055586d86e2b84e4
img00419.jpg,122836,87752cdee3a5c58e71368baede1239ab6b2f34ca2639a386121821367c1d234a
img00420.jpg,271199,b2a50e0f530b33ae5845fcee7103ba0db54748bd0584eca39515e0db7cec378b
img00421.jpg,114689,67e242369b5876e0500a1771f79893b9dd283aa0f1092422af50750b8102a9d4
img00422.jpg,126919,8a7d28494f397ea39883d785c021191dbb9b04af36484cb76c9890e139f91315
img00423.png,384526,8e1aee90a4c8f884081bc38aa79f76395e184389d916863eb8622ec97a3ec37c
img00424.png,211826,b31b2a128252f95dfed02f0eee667b9067fd480ffc9c90c45684769988f3a7e6
img00425.jpg,32717,4fb78b8e2a4f5e4f29f12e348af7530ef08296f294097604e57b509bdd1d8fbb
img00426.jpg,79605,db28409f2b63e02d46df6f26e4e13181e8bc6820bf9559abd57a681cb92a5a81
img00427.jpg,70598,f3ae7ed8054d42f583c0c6b946eac44b056cd1e68c0764f0e446d845dab0a945
img00428.jpg,76200,0ef217c872580b9106a3d066e55da6b5ac08534161b1bfe499fdbd524027cab1
img00429.png,477028,0f23f96b2018ec25c5a203e300f3474ddf5800480b7a070ea0b1a93011a7cc60
img00430.jpg,76779,a997aec3231afcb4b6448c11ee4f1c66af250b0eb72aa056af0ed17946787206
img00431.png,367730,56cb23b03eb87cf915d7d3eb0ee532118e9229df5478f7fd405bda27ce07a5ee
img00432.png,163118,d13faf67655659ec89fcefdec907b7999f912e7a1065e0c092e5229ab96bf7a9
img00433.jpg,50227,c49f413208b67aff15b5cbe4f9c627e2ac928877a8cb54fcaf6ef5cfce1ea16b
img00434.jpg,73313,c2957093c387630250a7a683e89b0050f806bda59f4ffa7fd2b24e23b07708ed
img00435.jpg,58461,7e10022665e847f8575b91449c36effc6c598acce70ac63c078f41f753d4d13a
img00436.jpg,114485,59cbe134cf534f8b50fd301375a6095b93c9a0583fde6d079c7caad359089b6c
img00437.jpg,69958,b4203a228031fe0f9e83e5bded9f763d654855da9e23032147d75940ab843a11
img00438.jpg,79314,37034d2a99a21be75f12a83fd81088aff373d3dcfd99bfe700e693d00d58732f
img00439.jpg,36786,33824726afe97a67f350e62cf8d5da21de39202d8a730e1b51773a42c4bdabba
img00440.jpg,40427,8c5e36840a61c533764352350a5cd9aaed1d34c363ef9e8d3705ae866e3e38c3
img00441.jpg,57349,78c7bbf2366f9495a14e3c183dfc04afdc03ff6f46609da6a266c71521f804dd
img00442.png,329808,6121356d1ff9d79540080cc867996ab1019b80bf7b981d022c30e58e5161ca89
img00443.png,117850,c1fda91b64bae7cae0ef6ba56060677776fb2956eeae97ac5505230e4f7f8359
img00444.png,90497,6a16cba3004f7f31c6a92ac61e1764c76c02eaa0d4c4e81323cd1934257102d4
img00445.jpg,63272,eac4ee4d23ba72c8c21a3ab86dd7528d2802e1a428a03e0a18fe2bfd91c503b3
img00446.png,189836,b6a9cb51c2e88d5b07049d24eac37d94d445ecd234a5ba8fba461337bcaec7fe
img00447.png,430692,b013adb7811e47fd4d89e6d9fe3f0454920f2f8ad0a5b19e831f25c916e25ed7
img00448.jpg,72371,03d3e133b31cec071f19ca43464cf7b405bcb9b40349f1c7fa709cbc7676bdec
img00449.png,379162,9dcbf56be9408ef79f3f3d72e243dff0923f5f99a51e8206d2e51e32b9ed61b2
img00450.png,230504,493990a29b185d217b2a9c07cc8f4db4700949c4fb57da105c56a6f1bdbf6ba7
img00451.png,362691,1828a9e265e376fe671dcd3f54738d25930c5f04034bc5900f27d222a120a369
img00452.png,226074,ff01a0a8276694b8837f2ed6633e0c037b9df4063a2440587c0fbeb059c71b8a
img00453.png,237323,8a1c2938bb300326588c97842ca6049f54e6701aaa6f05522c20f5a2030d4129
img00454.png,531352,148e54f886e8c47041aabf81e920d9a909121660f0864c38d0e740051e6afb62
img00455.jpg,46369,f59d0bda4d7e87c9dce0b877ea599143cdc296b1e1b504304ee42eca462d171a
img00456.png,243614,88d39fcfdc3d80d5b5f02f69994184af8d95c7cda6229962c47a3d469192c3aa
img00457.jpg,72596,db13153283aa23db6b6d86ca0d424a4cebbb54b9415cdb3752bf4359b3a38546
img00458.jpg,132977,d20073a22c9e0e010e09a44a57151e2e3812ab96661a0bac813714d76520af9c
img00459.jpg,34928,b74a180b7de3e65bebdcc1cb9e964228b5fcdf624ccf4f24b3cee4758404dc77
img00460.png,849106,eea385199781a2ba02f541a2340d5c1565319c8ac66a6d8771706a7a834153ed
img00461.png,168738,1fee9220d8632e8210d4c6f88bda029a33e1f9ce107175b717e9cc7b03f72678
img00462.jpg,141191,3dadad97af055471c6e4fa5c462cc03266e135af5204fd46180077fb1150ad50
img00463.jpg,195351,715a8f6e86633dcb8aba5121f15cf20c16b11aa9563d53cd95af4fc46c24096a
img00464.jpg,38803,fa482246580eec6f91c27bb0247ea86ec3c82bf38fdf4cdc719965cd76ace7b0
img00465.jpg,121797,8724fa089c3ffb747afd9549a54e531e1544c7a165b4a2fd5996775e14aca6ff
img00466.jpg,77806,896a5db7af8620c590ee0bdf38d04f3ddf15e0e5b58f586541ff2083323e6575
img00467.png,291311,b0af647650e596de280fdbacb866e8e233dc8a76d825947b2cd7d23567be92d8
img00468.png,320189,c37566fe497decb2a6922ec88aed0237a6f89d9b3703ef714b1a387976b5cb4b
img00469.png,441304,22cb3b7ecff95ca8043c16915479f168081cea51e364cd1cce406518c21f21fa
img00470.jpg,76074,de4ad6fa34c1d6dd6ffa59918346ae0e02f39a2b7cb70515bcad4c8c5cd99975
img00471.jpg,104408,5b4988811c96de360a6a3943e7a41123b5937e34ec211f4e02ecb60cc599cf95
img00472.jpg,103682,843f5d333a12dba71cdda43c5a996905e7ba21034b1e01f588412176a83254b3
img00473.jpg,53803,81a5d207369a3317ba0b2f932692a30ca0989a3acd9b1bbf7b23902fcd676904
img00474.png,633743,195ff1fb33fcd703e0cb21f6d822e155a80d230769d8be4748d8a86a85f0e276
img00475.jpg,37741,c133e600e0e55c196fb7bd45aa5e0f24cebc5bc1339b8701474eb19b50b8af50
img00476.jpg,34480,fa6c2d5ecd9137ce3be79abe26565fd4d0b5a358be67e084e60c7cd1ac49f3d9
img00477.jpg,147208,dd9f63e5806e538d115a5ef17027133ea0e2a8f9ec4e5f519940b44a797ea26f
img00478.jpg,36758,7249b01ced8bbf814c1f1b2f987e1892729f80a79ecfab46e6879227af5d9d35
img00479.jpg,242116,cd8cdefa871f79e8d838dbd9d69c82ad81b8987fbf935b37f2ea3a98123a7648
img00480.jpg,56109,b0e480aa337342d735c535748e98f756aa2744906b659932a6d4e00255d5748d
img00481.jpg,65177,b739f2830efd4df113aa88c470a656894fd2bbff2d366dd1f2e60ab4cbfdb403
img00482.jpg,58446,427e9322e976bc1dc74b55652d69a7f23ad16fe1106b9e0724821cf1212e3774
img00483.jpg,61410,e6c0fc023602192dd100ff716d7105567558fc790aadabca519fefe959246f87
img00484.jpg,51406,3d7022df07f3b2c8855107fe7df9f9936d15a86d862bcea4d330ac67d5a96451
img00485.jpg,36253,cdc772da2351d489bdf5335534be4b6f0cf12f781feea10a409190198967505e
img00486.png,387960,7f97a32f50bbb31941b6b9b30c724e25e58b3ab7a750d5bc9c9996d9da28802b
img00487.jpg,61287,7a201c52585234f76c071e7a6648d1a70783c8024c4d94c28c820b836d447d3a
img00488.jpg,96596,ddad5551e9a7131939941fe9d17e0a437a6dd9d92e87b77f85b47da74c9a2cd4
img00489.png,808671,4da55b5a827f04a778a55cce2500aab1adfac4a1b7edb20b6ce45aaab807a943
img00490.png,202632,f9a9916fb329b95e0c65e8c52f041ff3f90ed204ec4e913a3dd4e1f976278dc4
img00491.jpg,81092,fef43482348d41c5b3b82a2cf64ebbacb60a64fad6f189985e7c9d897b6ec90e
img00492.jpg,64569,32a5f8cabff8a25c378ddd1cf39db81f05a30b8495708c1fab802aae1c73761f
img00493.jpg,38117,b9da0e568ac4b7743edbf31dc2cce1d1ff8f306f24ca4a512771da373c7c0faa
img00494.jpg,46952,ac30843b2be95f60a8668048727c1b3c8cd723772974f4f33056f7fd249b3f89
img00495.jpg,31289,74ddc5b199944b7cc51608cd4d98a594f2e4c0332cc5337472b4d6b9cf273588
img00496.jpg,276879,d72d486a9985790836b787380528e24e0c8ce175e63bba3cf926918a9206384d
img00497.jpg,39900,b1405870c4c97a1b6e4531879a649e1f3b252a3780ec298fbad7a92fffd0eeb4
img00498.png,737489,1f6839d30d06cd79b0edb85cfcb8f63a1b25c7933a8ac3ef9ccb501ba6b68ec9
img00499.jpg,33597,5f05b7666025d4515c9825e41abe67d987747e377d9d460f73370f7df8311a06
img00500.jpg,27903,041904a6de2252748c4b96cce48a60fc6188485bbdf36e4e1b148ca85f28c557
img00501.jpg,92662,14caae153a20ef264cfad34252c8ed0a9c973677a1b1f18baad1502c49f841b2
img00502.jpg,134076,4c7301bf007249af4c3ea6d7a2d66370f7a953d1ac0a64ec3e2a858fd85c953f
img00503.jpg,107754,51801d07b85de50176bb77248f24e6f3e4a011f8f4359d7ef204bf47dabc0c06
img00504.jpg,49899,4217895ac003edbcdf124b7742683a34113afa0ef93d694e37bfa5b2d9d253ce
img00505.jpg,38599,382517659e157ff1e78c3844d83f3e6921d396a01c869e1c6f776caaed2e9a28
img00506.jpg,68322,c98352f88378f548f1a83d32e9e9c1743674b3d7bdff3e123f774a0272d75dc9
img00507.png,417702,2cfd5d1346d6ebd41c24a880938d46682e07ac6f19cde3edf49b95f3fb03dff6
img00508.jpg,48927,113370b9108c9eb55a170efd1bb804aeb1125a97fd65cf2136ace216b275834f
img00509.jpg,35854,628dadea59d4ea6dc7e86219ead22459cda54ab9c54d84c2c7c79bf31dd3ee2d
img00510.jpg,105077,ad22d5c276dafd509f802b655defdcb4a16b10745ef539a8dd6d4ef4d8c5d8dd
img00511.jpg,95922,dd4f2d4b046abd72086dab6d4b95079edd54468fc17d1773f07a7e56cdc9f4ba
img00512.jpg,50470,ccf60446f1f62607cba990a1cadf2e7e4aff82a6b7ce98e54b5ce7c6f02c33a8
img00513.jpg,49784,ebc1589ad51f127967f29e51eba46b33f534aae0baa985665f3cd7ada43be4a8
img00514.jpg,82946,5918d15c7a417632b668fbc7e43cbeac061309dc286b1ad78c2041ffcbcf22c7
img00515.jpg,59534,44e5c9b2a4c32b8c518ed24f1b5fe77c349fc28dc5d0b868aea8dcebc803c9df
img00516.jpg,36153,00dcbc1b1b748cd5a3debb2062f8b4e6a5741769bcef6e5965b9522b5ba60d44
img00517.jpg,29424,df68797844e9c055b0438a6732d85c1a5cd540bba9623b5d4e3a168c50e15db4
img00518.png,1926021,23c3cc256b61c4c877f6ebfac2fbf49951bb60a3b11c12cabc1dded5e6665891
img00519.jpg,134300,3d0c9489ee7b9450e0c8f53f7a13e2263ac29f9e7012f9b89e773da547fb431e
img00520.jpg,124166,5b3df23e27439825ee743f19c843f19f6711f2ae9126ea47dc3ab017066fb220
img00521.jpg,30295,5e486d07f0441a6600cb89bf70dd39379e57d00e701fa124f639462bc03af7a8
img00522.jpg,73486,4e4be6cc9ddeb1233e5de3144a9c8de3bf81c9162c88504a036a5bc4e0c7b1dd
img00523.jpg,31553,6aff01f84757398d67987293d9a0a2d4376e94500539ac53a118776c0549097a
img00524.jpg,77866,2ddecfca9c22fbcd53ce93dddde34b72553484c80fdf9df2639c5744f25927c3
img00525.png,706139,4c28984be4f34ef75b483fd5181bd4b4e00c6607008d1e9256c43480eb6ba5fd
img00526.jpg,83972,e8ef0744046b4b7bf33738eea8970d20bc436b8924b1b5565c76d2bd2c88638a
img00527.jpg,95799,e6d079c473aca88aa2df57c5290a32fc45c33dc1b119e9559e83761ac9cefdac
img00528.jpg,203019,6ff25375d129efec0a6ebf3d64d25a567b75b8f5e8a3a1f17568cd92082549ce
img00529.jpg,30876,4592150c22dce7d3b92e898082f0e90a3e4ec8dda012081864f4e16d0d954644
img00530.jpg,101082,076efb7467d4b02b1ca36a44f0a942ead7e7c3668bf883cb43a809ca01e4e11a
img00531.jpg,101162,b91f80e144eafba637e9da9aeed64452c6cdebc1260d0c66fd6a9c18b38936f2
img00532.jpg,73628,7e72977207dfd153b9ef424faf62fc62b453a9b64d63df7d2d6c15757d6de12d
img00533.jpg,112177,a8ea65fb1bc7c1a744728ddd0ecbd3fde752de6a77c61888d6a841d95cb803eb
img00534.jpg,48145,e7ef58cc87df5dede8b6c6727d7a0a355c158d9c18a04f6dc8e31577ff46af97
img00535.jpg,42237,4cf110be6b90d519f83789562713f775a1a18c5a7ea75526291c1f78e5ccf16b
img00536.jpg,95829,73334a678b751b3d0291d04925cff374b5ff3d27375e4dfab060e46322267476
img00537.jpg,51411,cd19845742b2e86c39c807fe7b7652e88d602a1c7949445ef09f52107a1b16b0
img00538.jpg,55422,07bdb8241b6ee0082e134ac7cfde40d0707f4d4d7d492631655802623a20e9c3
img00539.jpg,223075,855905c853efe8dd74b014198ab4aa22b01416c2d15ac3ffa7c21e3ee6e4bc50
img00540.png,145801,5c9c7f50366edfcbea5010d856b92343c0f51b74baf3eb62ecf536cc6744e012
img00541.jpg,44655,f9c61c5897cfd0ab14ba95fefab3a3c547e4ba9e9f131f4562e212bef291934e
img00542.jpg,31778,d9607de37040385a52de4c3fb5045c3fa76f33781cfcabeb9e0992a46ab3055b
img00543.png,436886,0b1dc61027778bb6b5e64dfb184d08e8e21b37a7da23835c6994150670bfa5be
img00544.jpg,240644,26146da90701d1d6b1e5f8b43611c9b00fad3de9472167146c4830669eb62bc9
img00545.jpg,74240,e12b148075c0327874ce1464a3541c8a528e3e43fcfd12523d030583754d7677
img00546.jpg,266485,fe72659e1801d862f22fb8532d86b991867495ce63c527ca0df8a0cfbefa70dd
img00547.jpg,29928,227985b8efbb2c66501cbceab995ac485c95be671c535f700a3c063faf3d4e11
img00548.jpg,302166,7f373d48d0d612c528f5a827ca0b066a3fd063fb8a91e5d009725d201b9e3421
img00549.jpg,179718,ed6e4992e8ab52e0ca53125d535708137aa907e35e572dc3a9779e0169488f12
img00550.jpg,42970,6abe5c7e6ec8abab790042350a2b0048df84b2e216daddb1132a7f36ef25e79f
img00551.jpg,50559,c5f08dbad216ad1acb93a0b6234c692734107082847359f25028539001d91572
img00552.png,432304,de18b179687ac84c36598351ab93944ec83b2816f6a5095816d2812df0250e0c
img00553.jpg,50156,7ae1874b336c2d8fcbd044c4844a89d902992bbf9bebca811014e7146ffb6a29
img00554.jpg,138093,65235473f6fa2399ff6bb751602a5dff81142a69ff49f8a80477764e1df3c36b
img00555.jpg,35894,7be5e06e9565941f2b9bc8e381e2c9493355a1b650e36c06c48c1548ba2b63b2
img00556.jpg,64054,f62b8b09e8230a04a3dba25385a1d768aa85d25da4a9258eb32fba5f139724e3
img00557.jpg,60993,dcf5db9ba52d73695b7ff070dd92599a1ba01273a4dd2616c0610b06e97861e1
img00558.jpg,159106,f09e498b6aebb969c5e7eb0570662c9c7c048e3be94052ca5ee27e42407fbac6
img00559.jpg,21664,5240f623e268d4adcd064324a3844a908c1c26bcc27cf11e45bd2f63efa3cd9d
img00560.jpg,113647,641ebb8c962da8c3e9b123f5a91bd1b71f96d480a242534aa58f679672d6843b
img00561.jpg,92676,4efe1af8be1ec8802ad5d55f3661a24748f1e334f77f60e43d7029e526f19942
img00562.jpg,43479,d2f7bcaf52be4835239c44ad17b8284f65fe16c7f7aa7ff271ea250fd563bfdc
img00563.jpg,840513,5003be17162f7be7ac2fd33a982219e3546251c8a40508cfa4ff44c77895faef
img00564.jpg,95945,1c50cf1510d4a422707ad525b440cb20d258d2758b94cfbc587c994669d37998
img00565.jpg,42067,63660838bfa309256f190112d83236088d73f9c1af933fab6b593ca52ef37380
img00566.jpg,64602,07ccc021dbf3573bf3dd46869879dfe2d9a573bcf314fcb20cdd15c6fc01d690
img00567.jpg,40790,47b28e53ed13a39744fc583a19451735e3adabd3129c2b85b88ff1a1efc53d98
img00568.jpg,62226,136d90d3685025a6e4d132f4276e89621261bd71bea8b50a43edb453e1d747cd
img00569.jpg,37827,2f7c17a17c0e170e55d3724edcfd18f75b0a259e61dc3f07bff877876642fdc2
img00570.jpg,58364,db2e559550e0e6f9117ccd8566339011c12c0f547f02e4dd201769a705ee98d8
img00571.jpg,158032,ff18e7decd0334c31508211ad3ad23a35ab857ee1c266d73973f6685771e32fd
img00572.jpg,310655,bcfc8be13ce1f6a2f24c88fb3ebc2038ec3b97ed62ab8f78509666eef0ca3269
img00573.jpg,72259,b3f6574d6b61b97d2b1977b26f6e5f70078c7d94edf3d551d706fe87483ccced
img00574.jpg,175642,ba2b7b08b5cc19d2cb6726cd319f32b2bbc8d37a1328cffda1c36f17015d8ea1
img00575.png,586161,5f50bfd0a079d16b791da1cc2d682be38ec6de7252a269d12beff340406e848a
img00576.jpg,97128,cc4c1d356486fee333c35670e8379ad89c5b1b211ba34ec5ff005f6d50a9a9c7
img00577.jpg,55277,fd955d5d6681b5b19aaba518abc6ede4cdfdeb76c0c5482cc2c23a2e7ae61004
img00578.jpg,93741,ae687c8468eddd7812bf71b2912bcd741fae995f52f3afe6a22a7048b303a361
img00579.jpg,47352,de8b26341bb635a715ebcbf758b59fa5277a01a674d97514a71f6369c002c980
img00580.jpg,39565,3ff25edb1451f4a62daeddd4f9cc1feee685c6eea5ffca139155201f92a099e9
img00581.jpg,79666,54ee157008fded2ebfa2ec89e82d1d83db3daf0734976d4b6b2a02f14a956bb7
img00582.jpg,101377,d5a229775c46db66d5ad7bb250043e5dce4f36344a9d3b048d02ea0942d2e800
img00583.png,608632,98e28600d2ba8dde1d435893e6503ad2bc5a318a6dea507c86ab09a142331bc5
img00584.png,454587,7db92db9de096ddc5f10747e9095756400a1772320604b820d3180eb7fc92775
img00585.jpg,81713,a42b8d4010cfea9ff694672f16f5d7765091bf570fcb67943803229d06831cf1
img00586.png,621017,0e14dd7213a00cc4d50a3a6b5c1dd5576a6ebbe002e7d2a7382ac660efd9ae89
img00587.jpg,83780,a52d2d9ebce810f8a701aa8f7c3abdefb3526534522ece24dfc162363f0b8800
img00588.jpg,641434,d28630d35077b777f787487b6390d3cb89fa76cf1c5e236704c5a1ed0242c9d0
img00589.jpg,1332869,f86d69639743fb3ae084a2c8afb5361db138db19da494b70038612d022039739
img00590.jpg,33026,0a48f58caf3b5527b1c4d00ba6c6ff3e094c5fa98f5c3bb67d4a78c9439091e8
img00591.jpg,52442,911554a0093e4fd07fe8056a2e83224ae96acd2373921edd72013264f5551ad0
img00592.jpg,93917,1c3aa210b8e3f526993d3f5c97b7c07d6fa32ee91c972f18dfa3451ecd86ca1c
img00593.png,826615,b8d0c07eeb1ae84be4729db14ca0eb478102b1239224d6d599f27afdce0b5fd8
img00594.jpg,50168,674395db34167d69f6c8811aaa8b87e4467636a74fd1c2bdb7b62b0dc3cc9d56
img00595.jpg,63788,4f664355c065eae0b6b27a739021bc117a527d9bfe7bfef4e929118124d60da1
img00596.png,323757,97ebff04c25fdd21bdb2e58ec669cdf8e5fc3752a010560e4ae25272fbb75280
img00597.jpg,198519,c02d2ab002156d8a1f46e66e58ad6f905ae3dadd1a0ab477019e014e71c47095
img00598.jpg,149641,9247d1bb76ddbe72459dc45ba2d33650a7ae328306677e6bc198b2074225a000
img00599.jpg,48913,56a0a0ab731690cc0bea457b371ce31f941e64d7a7a75e8bde97b59bdaa3afed
img00600.jpg,64325,0c6fa8c8f93f6c21c0f78c27067ab585a2dfe28ae805e95ade2d5dfc237b3e4b
img00601.jpg,76857,095810e2d85cb537d466e81b2bca7c73ac54eae39f8849f04afab5b545e34a45
img00602.jpg,45371,65dd612ffe6f5c9f3d0656548ea02e5357a4c9a5855593b5ac243627e4078977
img00603.jpg,125713,f5a8efc7624e24dddb423eb5a10a09b25633e96eaaf9fc95903b6a681e03e557
img00604.jpg,43764,0a7f88f145716abcd825f4a3544709efc0331c03263be8224764264ac3b95a93
img00605.jpg,1485205,f5a28f3951220dea4956fc8b45a782ed7c0aae851c934f5c162425374b4f3fc8
img00606.jpg,75679,d4f6da22ca16d87716daa7105fd5a86581c7a8aa8b51284a7f728c976a64626e
img00607.jpg,43481,ba357a3dcc4c267b5a3696987b0820bf1e7d6c3b11ff3bc8b1172b0876dfa789
img00608.png,827068,d2fd2bdd20c5a51a09e6c61d900a9192a21286db7185d22921252ba23de2c548
img00609.jpg,168835,ecaf4bc1f05dd186880506172c341471cbe39f4b30070d1b2f1d85be4582798d
img00610.jpg,54329,e116b05e99fbca311b0d913cc17e1885d8febf65c9bb4e9f7d1c00f9f9f9a2fe
img00611.jpg,62434,a0cc9b32674a61e960cc88db7ce0f6d510e72b24b908dccd5becedb8fcf9ae3d
img00612.jpg,1254535,b284a8697b9cd3882a2560f5348fefe704ec9754f9b4bc6acda41ee57ea27b26
img00613.png,378151,98c5291cb72df7eab98d57cd1f39d439ee4ea618aecdb144ce502a67f4728abc
img00614.jpg,113539,d4c60412d8bb344e195a0732f4474406da9e0edc959f2432381ae5f58068e7d5
img00615.png,246039,7458ad9c88eaf46ddbad03345bcd36414a4adbab75011981a5aa46b73977cb1d
img00616.png,290931,f919bf464524177fa02b87ea6e2e07edd49b96eb3b733c8e9b98dc8de824abbf
img00617.jpg,61509,51c12f34739a20d76944194f6ec1d38fc012b6fcb342e288ca9391aefa619213
img00618.jpg,54491,7f91e9d047a26e0ac762fea962b878a79745221ae085a1fc7cb600426f582edc
img00619.jpg,61894,e04128a460a5c951184cd69b79d8dd3c2c1380b8fbad13c3aa5a40065c700209
img00620.jpg,111847,a2208b9e06501999ec558bbff5582b1cbedb7dd87a468f7a4cbcbb74c818c82b
img00621.jpg,71476,8f0f3f7663ef2972c51944b043a32f6e4ad422446970f6beb728e83269b3a5a7
img00622.jpg,31117,1691177e8ddcc4a1f8959737693f8b62e7c5315544c98498d186e68f2e03aa33
img00623.jpg,97949,b82fc416177efcd505e0ee98660d502d29cd3c5f95aa15dd590f4fd2606c2d6b
img00624.jpg,1428203,f6e5becf4abd07409b2c34d7198f8d2d8b41dfb9a29748b559adac72a799b6dd
img00625.png,24534,4e08618c65e343194747804e5261606279d315a138009ade44dbacef98e02215
img00626.jpg,177256,6026fe77d79e0786bc7359b98636bc6c2bb632cad13e3e2413c165331b945f96
img00627.png,385481,48b8f930846b71c07a2aab3472e21a7bd9f7c6f12b407f3e6b5164c6bf579e16
img00628.jpg,46376,5d5a6783aa82cbcd6c6f1b8f89b0b940ba773907e6e89bf028d5c1466af27a23
img00629.jpg,126163,16771b0f90031eee279842243a0752e107cbedab342ed5755d798af470e5aff7
img00630.png,770458,384bf12f767f26ccf50aa88df793513652ae2c3cb52bea1d4a0c3621e6442cfa
img00631.jpg,32685,95d6f1e0eb3a06f295b6705c29457147003a11d25b774af62be8e049f0d48a37
img00632.png,104100,5b1496c32abb2fdf5600c437587f30911112071d87cf2a972bd6c1e11986f700
img00633.jpg,84160,4a0d1436d2cf87f67de9057cddbfd3e9c9bdb6c95ca468a8eec6c06f166e0949
img00634.jpg,81881,b7acf7dd46be7d703e794b4d51a73aac83b9f273c23672eb723dcdda7ec22044
img00635.jpg,44742,3c473d021740c8f163497a04a4aa221fd324f7db1f9d8bd57e7e2c302c32b288
img00636.jpg,145849,96ba4855f71421ff2e4903ad6ab30d8fd64e4b770769254814a5c3aa4dfa73dc
img00637.jpg,147614,035e6ae0427c85925586c2fee71af099d83248b9abcd10626f6c332d69b14570
img00638.jpg,135249,fa829d79249b36cbb78e300c887cc8da7b1922399cd328c33dddfb158e56f23b
img00639.jpg,384014,5ec49d314af5a2538fc3e4abdfc63352b13b3ece0b6a11967424c639ed299d65
img00640.jpg,131882,d06853bfbbd79668edba2a203acdeeb25a8ad534a535bbf725dda332c900eb90
img00641.jpg,1486447,f46a7f633f3321b8938fc9bbcfc124ccf94ae8ad6719791a8635e9231088914a
img00642.jpg,64707,fc1cf77d7a3c3719d4a25f7f8cd7f3d43f505abaa01d1b613025230a2178cb26
img00643.jpg,78986,3340887d276a7d4a042549ef7573704ab0442d356833d89abb583a6b2d0bee90
img00644.jpg,89590,5ad8f500ebc493d82f0d552ac6c45c1babe8fb0d7f2d853d2c17da5a6b9d3ae2
img00645.jpg,45045,b49753ceba871982426ea38d8d4020b32b7b63e18a10dae0fa13b993510b1b42
img00646.jpg,75167,fc455c064da803b682110041e0a0b30ae1ded054b602cca05e714466d12ed4b3
img00647.jpg,90439,85b37f5890a2b791dff0048f0d1571e98e3463006706cfd9a19b09c45ee003e5
img00648.jpg,115167,b81de5789d55d42aae605a9a7299bef60d6d1154762fb7c305164b5a4fd717d3
img00649.jpg,34649,0b683da97aa1a61da99e79d7a5b751fc17a560a2eb15f565a3379042b978f1c8
img00650.jpg,52894,f687cfe9885c2021455b0c187da057bd85a3c22c773b943c965d125fe4608cd6
img00651.jpg,83957,dbf1cb0fda2e3e0527838d836721149a61773796b57051af9d9bea0add6b2ef6
img00652.png,594271,ff789444b99dfdc91d0383f2dafaf9f571c8cfc7dad72523b7bdfac320530cc2
img00653.jpg,856136,04fe611c0f3d515ae8aaa52ff9621f2f1c69c41d659856bc7d206a5385083dec
img00654.jpg,79472,c54aa213e86c309e986d43be16655682d6cb27f4077c5ecc6ca0b6cf79a1ff36
img00655.jpg,108275,24fcfdcae4aae89b69513db61798b4be8c5b56e8d6b5b26dcc4b13bb5cfb2317
img00656.jpg,45774,7379b67e3ef4a026f6616574b70c7908e6fdf89610ff9a923d16dff3b7a82af4
img00657.jpg,39435,e02f480e47d0228d185e27de973ff67c6b5333e43eb41ce09d6827ee8001b486
img00658.jpg,46154,57ad4feee36eb3e78c27bcb63c81fd624addde8e83784ef23e5d27b45a0750a2
img00659.jpg,23018,7914640d7c2275ac9dbeaabefece055b0e49b69bf918c7e7eec2e151f6d0c39f
img00660.jpg,92086,aafa63a3c6fbafaab0f50c22ae85752aa778e78c7b9823ee8dbeddf45960994e
img00661.png,393743,2025fd9ac2963b1aaf15d4c79153d7a0d74bc60a3b4b3f2394b67c0926996445
img00662.jpg,121784,e4b1812f4fc8ab6be8e5e265a5525b44f718b61a125ec08745bb7fe532fee1f1
img00663.jpg,88492,0aed58aa1e5f683daa852415fab2f6584393bf22723446bff0eb8e3051bd17df
img00664.jpg,155617,4eca98e819a505f0b338a794dc62de1cf1f940727f23fcbbcdb568c0d6333758
img00665.jpg,47152,2f0ce4474dd77291eb9e9004ae642a31c3e82e7e225a28063b4ab6f31ba7e208
img00666.jpg,73797,c038c2bb59048c595b897136cf13fe7c3a240f545e1258f051922846907ea0ae
img00667.jpg,66850,979c2a164db05381cd8b52244a9599aba6e4b140ec009266246112aaf3e09e2e
img00668.png,543517,d711e5a8d8b1f3c6715808a836b6991db2dfe4bb2685831b4ac49c9642971797
img00669.jpg,295599,4a8c3a83d2a1782dbf5d825b8ce2162238e48fe54217b60cb41e25b4e86367f8
img00670.jpg,39547,7f0ec6a689585210a2baf4abaff58566ef9a0f4c2a8acde385ce1c0d23afc529
img00671.jpg,100724,bf14ce31fd87c8cfc53d94dccaccb1249bd895296d104e946008cfd3aa6e4b71
img00672.jpg,59696,38a004051462dd4b989238a4bbd717f8eb8cd541cfe4a6f592bb384dd774b551
img00673.jpg,43901,adcedeed0e96292c3e398abc9f66e237469083f6a6c2d9bbd217edb35172de76
img00674.jpg,31401,85c5b2d60bb888d4163ed57cb5065331c6d4ca5b8f49ac4101790f25381c3fc7
img00675.jpg,57916,e21cb206e1ce048939a803251f9a990bfc0cbaf750c7155456bb10ffe3bcd7fd
img00676.jpg,93609,a060665c3a8e0eb4c11736058f727f3fb4b0aaf5f85c9fd1a25c9c2ee0b905cc
img00677.jpg,71891,275880aaa156a5dce28e5e3d533bcd5f70c6f89088c5fee7d16d07d4dbe2dec6
img00678.jpg,76200,99e760552f27de31b04887836668c39090433f8e79776eda48202d7f3c50078e
img00679.jpg,48851,aad5b550a66243982b14eded32f2b0d74d6d47d88a0bae9daf381f55d3ce1e5b
img00680.jpg,23533,a8110910b050d8b0ab8873b569f076ca8ff66ddbce07c303dd06ecc893dff84c
img00681.jpg,36277,25ceb03ced4a574d5dd1e7fe34b2f340498bee412eacf8a121ab40c41c59e351
img00682.jpg,92036,596ba0d77163c3d9ada6fcf3e82a9beaeaf2f7788fd70e763bcaa938bb1011b8
img00683.jpg,55275,e8a6e3b0247f888ffee891cc443e92373dac17bef5432c9f32cb1d701de46dc5
img00684.jpg,63206,541633188bc5ab60069df3cfe1c2cf8cce31b8ffe12b8f83ad47ff5a1893ce2c
img00685.jpg,173992,195488f2d3158e852556055bb1b564e776708122e478c7b6adbe5a21dd16d1a8
img00686.png,916218,b0e2be0ceaa6859852dc741489e2b60780ff219f9425a3979db11fa0b42e290d
img00687.jpg,53565,52bbf5e1e65ca8f86b7b3c9c2bf2a1d58f4b0c096f774154821a4d1810f7e62a
img00688.jpg,90745,5ef4a41fe397a5c879c1655bd9f4dffecef030a92af6847e270ff81cbbd06913
img00689.jpg,129679,fa61c9d154c51e53166cc08fafb6a5ab2584e96f451d222c91a7e40eb1c80939
img00690.jpg,58574,e1e89956300305e52bab0d854c5a64e60c551d42d9fdc823f91fe4b242de35e9
img00691.jpg,63843,418c3612eb634d414b5082b5725a9631eff174f0faa7db0f5aaca8f2a3822f0e
img00692.jpg,574815,f6c795c50d4c62699b7c9633f1320257b0ebd1798118c3d63f75a484eef13efd
img00693.jpg,36260,87fa2a9cf2bbdaf7bfbb89ed62ad928ccc8e6f8258f2c11033e73da959b8c672
img00694.jpg,445903,7d5e0ad7c6a79ddffe83a23f4afecdd59a96aff84c4efb5aef9f3a5c3e63685f
img00695.jpg,71273,c7b37e1a79b65022023853b73f7017d69e5501eae17e609dbc90962fbaff697a
img00696.jpg,48456,f9a4ad98ca41e1ba9a66ad7abc775f6f8040713861fd1ec134ff6a6eab484bd1
img00697.jpg,187880,026d3ff3a20717400744beb256c869e40236346b61c6d8c73de7fefe7e4f1395
img00698.jpg,60742,780ebf73548025451feed0ad3f1ef94cae7ce98f89b5c14a9522ea602499b3d4
img00699.png,173475,054222a73fa4c1d20a230510ac1c0ac4d5a7025aad667016dfe90850e5048af9
img00700.jpg,46711,23d9c72eee04b07c717912f79a086392e67128f9d9564ba9b3361fb9c98cb042
img00701.png,824664,b932d7f3551457099c06653ee2009a8c4d9772042ab6749846f449404d89b606
img00702.jpg,164300,9e9a02ba03b125e952f71765e25ba5e3cd0eb097517226490b1847aa5d0102dc
img00703.jpg,31173,220bd8d73d610ca8c477f79899f8434e6ee9ee8ec73d9612d4479434961abb82
img00704.jpg,128889,d9aa056064d20f931bf724304040b0ee9fb12933cb6f77f5c28266d66daeffa0
img00705.jpg,87978,30b14eeef23ddb7b295ed8e3741d2d7989ac6c8d80ac9857d2e6b3e780d638d6
img00706.jpg,247708,70d0f2a98b0bae93bf2e665ad52d47c235e8c9e4a13baebcaa6fa0b82932c1ef
img00707.jpg,105980,5cd5fd5002c7c405154417110f6f4c21579bdf5734f5506d32c0a7ecb92f5d39
img00708.jpg,61644,523c4fa74f25feb07bac9624bf1a4a4a7e315072e62a1a8b03dd407e50bc1259
img00709.jpg,63855,8d0fa1da069717404d85f712f03b8df95c27c2bd336b4c454e1a5b18894f72c6
img00710.jpg,37658,bdb340924598f7168ca11b4eb45524befa9f6d1196ce23be059775772ac7fb70
img00711.jpg,90906,abe55d7c8cb712e87e1d899dbc3cc5c115a5572b730e3058461634e5d4ecbe3d
img00712.jpg,53041,6261fe12b118b7002136ea1ad3b39fa0fb05a27f1226489842898ef668948bc8
img00713.jpg,239220,f89708049bdd49eefa748eaf31664c5681e422ebc11bdcda91f4e2ef91f625fc
img00714.jpg,68944,2b70550720ce05fdb20395c325f3cd5e4b068c05d0a05791affca66207bdd1d4
img00715.jpg,52187,79175d958127ddf80093d4829f9890908665bba30e5c4665651e207af8791ddc
img00716.jpg,64014,ccf4e89d8cdfa489fee543788267927d348d725b0df82fd6187462b144654f77
img00717.jpg,43325,5054970bb563b021e9d659170180b7442ae00ab9e7c9caf8909543843233ddb0
img00718.jpg,33412,09d2d66adde6fc90064b80624782f59c734d091011a3530fc79b23e64be25a9d
img00719.jpg,165809,f1cb3e3131295fd025d34277f6fb7efc55e1a93eb4625fee280681e53d9655cc
img00720.jpg,62423,776e14c134557b735845466cec670ea71cf53cbad64f7217cb2879287fabc24b
img00721.jpg,50966,6fcf8389a3cc529a6223eb4d5fe2271d954e01ec472d3f56eea43521f87b1081
img00722.jpg,22651,8bb20605aab46f6e745ad4b2e88fd8afb08ee1bd6f8ff614cd43f9cbb24e7bfd
img00723.jpg,83184,cf5a73dcd8882058c5a87345453844b7d15ba2f08575829388b126f8dcf49a20
img00724.jpg,57473,2c5f0a4af43b255c12fcabf4d907784dec005fe25a3170d971413c1e7fa43ca1
img00725.jpg,234954,b88ec40063b2e3abd656f2c7253e3189f9b7cf25f4439bfdc0645c119a4b0c52
img00726.jpg,25480,2abad876d3fef6b7c14a1a725b8430185ba2469a34c0ba95e04346e92483c31d
img00727.jpg,98665,ec58a7c0f967710d847c89447224ac47cc8c9ce9be47f6429c5fd739277aad0c
img00728.jpg,57542,b0c44c0160f5e2dae6ed30f391b09dde97d840662fccb767effac29b848c0af5
img00729.jpg,22385,b519a1c7e3e06b894cc959d50c00e8cc00d57c42bfd23831f84394e7b7544ecf
img00730.png,708050,b9897389f02d1d8d2b88d404b30ffa3034cf5ebae2ebe638b5331a10d1ddf214
img00731.jpg,120690,25cca3c095637cc223310d38a6a6f9662ab3b0558bd95e1f9eb937148c27fa70
img00732.jpg,40670,9e64f9f9a87997c78e24d7d0104e336b72cc8056b0b34d01e3e0ef76753e0980
img00733.png,431818,11927c33640471209a9c98a36988cc767a0374c03197422f6b44663b67c2a27f
img00734.jpg,325676,f122c3180b4d45e25999eecf15489aea212c69e830f47037bace2fed0f858a80
img00735.png,659711,b36543113d6ce3da8cbe29234d08f5ea5802d0aab9ce986ac1b41a6cbbf512c3
img00736.jpg,77118,e8c6e250379203f6d181997578450b879e94e8b034545d4fe4f8abc204d359ec
img00737.jpg,597526,b2e2356dab83fadf352a08e2dc37d1ff13ade151dc68647ccf0753cea6fe9563
img00738.jpg,203074,2de15ec0d91bbb715b921b16fa8da384b866d15be7866372246b0c97b6b37026
img00739.jpg,495606,d060beda06a24d1c4cb2c938120b9fd70d72fbbf7aaefbbbe5d6a3f8b047b48b
img00740.png,832037,d548c03cd0a0485a773648e14c065e9be363cdb844c7ad3a0d8960de30715f28
img00741.jpg,44494,f5e7783c15f7c28164f037cfb50365c990153f616c245d26661dcfa5a3077c3e
img00742.png,1000060,74574d8e5170f184eb3a55379e1c19d4ebf33d07130f188c0de090dce1c34520
img00743.jpg,49091,79061151e828aaa1506dbc006dbe7139598524e66c458604245d3a8452babb4d
img00744.jpg,72124,235027478a6b736a6d135622a39a95be1e80448142c90784c3ae3dc74bcc4b56
img00745.jpg,76211,6b0365576a5aac340064ce4c64671d07687e638f8a16d5490e3566b8dfbeb42c
img00746.jpg,47751,b1e570741371bed21652f28ee7854b3e5e98958415010ba0a702de18dd480291
img00747.jpg,64919,f95fd06cb2e2854397e4a5fcb3f5361713902b3dea12b9e82bd9becfcb4aa419
img00748.jpg,49466,1d7ed1141f629291226c2c87820448b463e50042aa9e26994cbea37b0b3c7308
img00749.jpg,70203,94677c1294b5adc15e4ba779d3290a7b1b386da92a5ab77551fc0eab0f466447
img00750.jpg,24049,be4ea9af3ae9d3bc94c946ee14ac29778690c68e97fad6029e761b0c7e030445
img00751.jpg,61807,a8c6600b5c080a12d9608d7c0571dfaeaa9d844e21ed0945518e9b9cb722ced6
img00752.jpg,86413,fb5e8a47fc561be84f076d9fd4b5b9bc60daa87c65883d4514398c4f1fbfb47b
img00753.jpg,500601,eac409a3494fdb69fbe2d38458ff90250cab6acaa94ad32622a8ab40ee346e18
img00754.jpg,60562,9d7c50ed22aa09ee2daba5466b1f4a330b5f67bf94f89fec0a3f97fd129dcfc3
img00755.jpg,116079,be39fecfa9a1ebbfb9fd4789aac06436ecce65f2027a262f3917b034635fb610
img00756.jpg,64570,48b93463332eb4ec4770b5ac31dd661019ea9a2ae7729d438884e87cd0793d1b
img00757.png,169588,3b687d9131e509f23acfe16a7decd9b761298def4c8856c9af137d3491a49bde
img00758.jpg,34485,8c46323ba4cb290d66488416b09add4e05cb7d34acee8847c65469ef68c3986c
img00759.jpg,42720,304e6832175fa0b21038ef3c413da3a96a22239774661299267c50a6793bfa9b
img00760.png,107955,aa661c3f0560dd5de8c5a0e3e44ea24eac46fb2cf463b250aa3b9a0452af146d
img00761.jpg,203501,0dd7d5219c2eca3272e3b1568fdcd7860f9a83136494a7fa3940b9e28b215046
img00762.jpg,96051,3a6984923e6e1d13dfa3770ab3780376dd600eed302799ae382f9ae2b111c13c
img00763.jpg,145671,0f8834138f02f9b71205b28dfbe8003a113ac26c287924f5e1685d71f3a946e4
img00764.jpg,57309,92e31baa5074982417fae41d567395895996fb413b1c147134a4bdeaf1f1190e
img00765.jpg,26451,8a4b4836882b7d7ce2f177fea47eca85f7437b26f260c2bafe3d170516541537
img00766.jpg,98603,71aabc56b9bb5d5dc30d4914f373ba22aaf45f9e44bcbc214be6cb80c22e8e7a
img00767.jpg,103308,8c6693af3296150a81ea0f6f156c19c4d666935d1d62802cca4912007c1cb0a2
img00768.jpg,21674,16d66cbf215f5748269ce244916d1a2ddb708894fe31a0571e7c9b7aa082bf49
img00769.jpg,48131,f4a87692a9326a821677393958070d610c40aa67ed36a427fdf51c191979f0b8
img00770.jpg,65891,9d9a106cf02146b7a76e7ee7c2f04c94ebe590734f9f3faa9849226a48232e26
img00771.jpg,22800,90f5f89722da95f54aee1ba00ef2957f1c85670b0198099a5117c3db1ac1ba21
img00772.jpg,506355,9846cbd8042c2cf132275c07062bab9a20144a24312f54232e017088b7af5550
img00773.jpg,123627,264bc97790467db812c1088c453992d30146fd0e910448ecc4a22c65cd49e9b3
img00774.jpg,37886,99601edfb2bb033d78037c1f3a12ae24c699e5bf3bc9caf6f06f65c652926665
img00775.jpg,66561,ba6a290062d186b62906c5c36c7537bcc1d30e67ecba9a1c4f67837684d83a0d
img00776.jpg,310582,c8c1f5d553d54707fdd4569d6810fc7728ba240b197d646c277d599dc2adecbf
img00777.jpg,84384,19ebb63dba55e2f55c2d76b91dc621deb884ba13e14903958c615f4abe92ab67
img00778.jpg,104237,ed2cbb89ad432086d448bbe095373c2c584ed61251b07721f6a2c5e084f5e798
img00779.jpg,146767,f4cb735118688ac425029ec1f0b75410c1c149b1469e68fe05e7967ddc67dee8
img00780.jpg,62747,17586afc5a806e78f097183a0520ba5e815b24b9db6435be88590e7b975a7e1b
img00781.jpg,81826,40c92c801e3067b5cf9f299bd448887a2a05faa0d0d3878d031dc012984d74c5
img00782.jpg,107408,d058a6d5afd041b431a7699cbc2cf78fe683bec80ec79d481cef3f026630f01c
img00783.jpg,66660,f673c237e1c0a425de9ed3724de06d1e828ac7632efefc5a9589c256d878c5d6
img00784.jpg,66572,c0e5020663be3d18bd4b0046977335b83062beb9cf3f3e88b1bf6ea71e326d3c
img00785.jpg,119564,ad22bed243e6c19a1a89878e5d3018773f546dfd102c7a9d4edf13382c83af4f
img00786.jpg,83613,5774c056000a0dc9b6dfbd88146335c5efd41dc01aeec02ef2291054140ecfe7
img00787.jpg,74193,afeb7b7bc0065af25c1977fd70d349d3c68d78bfb4c9311b1b8582788f39c237
img00788.jpg,31807,15bf14c75a91bc73ed6ad9b0b4c3e70883395e38469d6f76828a203c1b1ea0b8
img00789.jpg,144088,5757f20f02db8ba65ec3be927c2c470592640a22670e96452e8e176ee283956a
img00790.png,1137613,2ef3c1a4c344ed313fe8f18fb1f4db97983a25bf59b1cf696613c716858a42bb
img00791.jpg,46156,c88156b3922189a1166cd7ce0807515a4b5009f350e824fb166273cb62e13aec
img00792.jpg,58094,45c8a815132ea7ef6df97cbcfac057eea2043863627e6b655f7d9e72cc1d20f0
img00793.jpg,71310,21934359b8721195e6f0c79b6d35e4507bf360b406ed6b93e8e0c551535b1b3f
img00794.jpg,105369,992b2325395fc33d967782af198d08d9aa8edc01cd972a141d13cfa53d51be5b
img00795.png,163704,63b0c32b3243d1b1247567ed4b6d3521b86f2196085f6c6c0ea7c7bc9db6c02e
img00796.jpg,90902,7fde478887a0fb38463946f8ea1214f56c407912415e5e316e87d2017ef09aac
img00797.jpg,154886,4f51eb5def2a9496e6e80c5bebfa0639ed81ad75c17cf591b78beb48bf9de3b8
img00798.jpg,34552,58b1d96101c9555c7762d485a19f359afc6b1cf06fa20c56b7d5fdbe9d4fa7a1
img00799.jpg,58807,9b2f19dca29e3281e62c75a2a37262633bb9393610b46293ba281eaa4e91fc50
img00800.jpg,94696,ed7bc26200be2a79849c11ef38c16c1cd995b75f3f8f9a3189cc41f08441f7b4
img00801.jpg,157402,9d874c641c185f8eb229ddf0f6ca3b6439de1cc11bc96fc517463e6797d31175
img00802.jpg,52144,55e67ab32472187fda3bab2a2c35443e1309a0ca998fccb78079bc0b195165f4
img00803.jpg,47213,ed29b2f071b8cdcb8564b1f89fa52b2fcc14c76a563c51d0122ea1e6f0c19e61
img00804.png,1022762,355f42222e92595f4f73b7d10f9698dc89e32dc4dc5178a15bde1ccee4203cb6
img00805.png,650267,cde0c5ef39fe5058dcbb1625640d1bb621db9ed326abaea756879a97e4a9897b
img00806.jpg,67315,f19480eac844e8d73e1fd3e606b28633e84858f2ab0877d5afb1661b82541d46
img00807.jpg,72011,6f7998e6bcf7b2ac991b73a191f7438207f063a89dd8880862ddd6314fe70ede
img00808.png,455178,b249d114ae5990aff8a8236e5ae8a6a258bb2f39f05d3421206801f7c3d3bd6d
img00809.jpg,98567,d2d1ecc7676d336e76e624c0e9c0097ff9c2dd251b266acfa174e8ad58ae514c
img00810.png,718499,bd93614e0e1c37e0078a4834f0493c1c7df4aee5f8dad21d527a9544b72bf3c0
img00811.png,2350086,89b15f2219907453c750143d4b4331fb4d00cf8095a684cfcecd64258de32333
img00812.jpg,49661,853c06cb7f5f757fa5cdd14e3112a7c966dea01d4851cb9865ee423bd045fc7b
img00813.png,674887,fcc7d858e530903d951330af838d3bd6face99a06b9f5c052ce8813681aecce8
img00814.png,1714292,c38a46d22e44fc63475c3863e121c250be6f143314deacbfb696b107dac63670
img00815.png,654330,ca83d0fbdb8ca7d7ab2c3b19c904150514add0b5137cae01533aefc395528515
img00816.jpg,57415,9c53bb9f1d8a8e7438760f75eea32a60ea89b0e8ab0fb2de0d58cf0d4cb0d49c
img00817.png,440136,d95121030addf0810763fdb89ca3b0b33e5da2db3196566340d3ae33b1358ebd
img00818.png,782207,e14f17ab6531533c5df99de2ae602cef8a77531f28c25de4281c591b48bc7780
img00819.jpg,186291,3537a66b1bdc2a69eced5e3153cfbc84687a7b982b734dfba96f79e31e0674fd
img00820.jpg,48182,8a589938296a4e7af66f790c8b544788f463c94efc9971889098b6d1046f9d7a
img00821.jpg,150713,63755d82b989813818c44daad086c102e783caffc4e5d9935e3fd80b7c54cf61
img00822.jpg,84675,770a928be30c6be0e7acaff72c716677e48f8123af1dc318c9e16240ba13face
img00823.jpg,205675,e455023f922ba0c657d166a3a8d438864f1e05299f7b133a97cec447a504c59e
img00824.jpg,44848,4e1d971b979f082168ee0b372e31cbaf8ca1ab110c53250d28313773dff04a29
img00825.jpg,134668,6ee3936a665c2b088ba29bdb4a9e2dc9baeafe18938022921f97bbd69111e024
img00826.jpg,69725,4be43a585617d12451227b08e0b56b3b3589ef4775c7a7f7938c37b03bc1a0e7
img00827.png,2504270,eef61c2b13452df7d5f5cbe08ccbdcfeaaaa60e23534e94377fe2719b1296dd5
img00828.jpg,34787,63d63d60ee742588aa2f8cb86eb139251c065eeca18dc67bd3327219d8c937aa
img00829.jpg,66481,abc262ed31a2a08bbaef6ceea9229c0a9df5c38f0aa68176120485f7bfb1e167
img00830.jpg,878174,f23d4206d90eb9b3f1102b4e0b8167839ce424c5675e88ac4f2837a5a1c6bfb7
img00831.jpg,75790,592ea4af6688247181ac33a392da38d82c685dc870afaba083dd7538180d4a49
img00832.jpg,74098,fcbbeaf34db41a10ed64b2a0a65814e2590238d6bf7497f8912299b0bb467cf6
img00833.jpg,87982,72ec1f93c01d813ca9d5d7a6b91d9ff2b3e2e8729875290aeb1aae6c3a963d63
img00834.jpg,29115,3b32f28b107ccee414eb856832e26df67f54be4c738158f5383ae8fc63fae0ce
img00835.jpg,195047,2814b07c9dfcea492dd628d5e242cd854fde984c8a5554fc4ad7181253a4ef42
img00836.jpg,229983,0bf70f110a98e88d2713cbe0b0d4446f4d14456a40afd61647c418e507b90872
img00837.jpg,77895,e485dbfd633bb5dc46047645b2e30e0ac4bcae4b361474501f01f60089dc58ba
img00838.jpg,70959,06edcbf4b2f04fe36b02ec17deb4523f73604f00a71429111cb3aeaf20f30fb1
img00839.jpg,30438,f06dcedf47614bdc6098b31d004fa9412f721192a923f2a59e20df002a5f3056
img00840.jpg,195335,295f2bbd0cde21bd5cf5734f5ae8e2af99add1376b1b5e631b26bf4cb37829bd
img00841.jpg,52968,8000ed65029e22f5f319c7007389279244d26a01365de8b701b58671a5e05b87
img00842.jpg,340830,20539564c764ee8481ff17b43c7cf82c47e372731250abcc9eefe1446c893b73
img00843.jpg,325606,b30eaed96824f44779f03375cbcdf5c00972e191371142faa1934d3ae80e3f68
img00844.png,653743,a3173995b902fd9dae7717db6cd072b4d1fdfb99679399d9ee5bf291df041886
img00845.jpg,56529,0015ce116a6e40a8f9f79ccb9875dfc4135e5d2a43171b869647d5563e5ddae8
img00846.jpg,72699,8644a960d45ec0f1e793c8a6a59e1e9bf81e90b2451760f3be26761c39aaf281
img00847.jpg,46996,bb9a4ecac2c7dd471f5d6c624405aa01b9d01cc21e27c9c8f6a5cd91a9608e59
img00848.jpg,201661,31b3b70627d66cdb536fd20525b0719c488ce60d408ba67ab85f69adc2cc8463
img00849.jpg,277099,049f4e2313704d79d797fd9bf0827fc5776472cf431c7ce3e9d9b5765b35530d
img00850.jpg,136252,42113179bfb6f98e9a58cf83fe9d970c17bac7fc808b25f1d4b897632f1d0d03
img00851.jpg,72481,e7199eb172b8572d4ea71e03b89c45c9da22d4e61872ddb0cb0009446c33994a
img00852.jpg,300035,23f0aa82d9c213ce72b5afb5a1447642fd2087f908a10914578d48b7f8e3a085
img00853.jpg,97301,bd2ad0bd7d9760bddb8bbee6e5bd2b5794e4d2a41c5aaa2a52f3972531cb4b1a
img00854.jpg,51632,9cc5036314e9372fa215dfed4204dcb5051a1c271772a868dcfecb9d5423effc
img00855.jpg,136844,52fb5f57d5e31235030cdddb3abf4daae0a0854ef96491de893db8e49b15011a
img00856.jpg,107704,b73dcf8bae5ad556ccea226f5898e75c171c9c3dbf961109c50e1192349b262a
img00857.jpg,63398,1cbb27c3250f7e46ed9ef6419c22597ab59918124892a313b9971471cee5efb0
img00858.jpg,101647,98e27edb0b1f5653a39d3a85f955ef85047affd7d764e2a9c4fbf8a469652de2
img00859.jpg,142269,55e69835ef4f015af38a5b74392f1c35eeed6892648ac9e05e9eba78f3678c57
img00860.jpg,40763,2580eca6b619d98f5867aced10f23d8ffc587cc740f65bf7f1bcfe0a40cca1ce
img00861.jpg,162857,0ba8a7d0e2f0701397d6bace5fb9aec61e0ce0e6b2c55fe176f6e38dae08cda6
img00862.jpg,54543,f039cea920fd5bccc4d3b4e806f3f9372af54df6e8354305cc3f5041f4b097c8
img00863.jpg,29014,9eed4cfe14302496b172909fff5a45a1583ea4452888f554c5da65fab442253a
img00864.jpg,26919,6db12b6f042daae313e7226a0ef6b773e6003d0a0110a3daa965fd3dd933ee45
img00865.jpg,73902,1da6ce265b82d4ed8e2594d1ff8e32424ef9fcc7fd225054496096a9763b594f
img00866.png,319664,6e998116d61da616b3377bdeb41dd0ab698fc993c89a11ca7e7fe97b739733f9
img00867.jpg,67628,4f77af8d16f0cb9865a8d22b5d4744d7bf227f303280200d3cd93fbfc9bfd1fd
img00868.jpg,98855,2ec170fe88f83728f763810ac15cd913f92836576ab257c85d73506f9194aae5
img00869.png,199812,2da302a223bfa133877dad4e5f7d69db759c84e9b7076bb1b65bdf90c77de3af
img00870.jpg,46843,0c85b0ce0871c6e2f288ecba5738693aca26752f1fe1ac9cecaf2ab0b52accd4
img00871.png,194467,b6c430824049e00ea603665d53177a5985a5ef651808c8952fc7a36a2d04e332
img00872.jpg,59386,b94ea805e9791b67a54decb7ae1f7935ec9ea90835f6a2eb8c79035808280dd8
img00873.jpg,42026,0f34894043f0e87745836b98122d3c78dd8a7732792282abbacf9c80fe876b07
img00874.jpg,121393,4fc8693ab153625d2a4c255624aba8e53fd39483721cc82dde08e7a78d0b941f
img00875.jpg,24192,d788d2e3f5fb6ae5de3f9a460c511c03690e22d20d66dfd30f4a476c8877a371
img00876.jpg,100455,d06589021cf268aa3c827f379df3fe24998d5a5499b7f28657550b8ebc5f33f3
img00877.jpg,403715,c65acc6ffbd5805876a152483579a4296f697a106bca63d34103a3c0e668a8e9
img00878.jpg,56624,68320450414bf21d6a2518d0f5ee5ca7080a9bf441fe3dc402547921710c8121
img00879.jpg,120818,293081568121d72bf1bd8c0804b069e9d2f564ed4855f21e932b4067ea88b3e1
img00880.jpg,59769,1dd57f08badea822bb04cfeecf3a6762f154b9ca429ddc4bee0d0411373b8fe0
img00881.jpg,54600,d6aff82a95223a73f470196b68d36d974bf3e7469ff9a8f4145ac76c2d9d093e
img00882.png,401783,4ad9fb30cbb6c4c1c96b542b9b521fecb265ebae9e421782c12e6592a0690d93
img00883.jpg,147497,cb11ec0970cb99e8de3faddbab183ad1a3984d223fa25b9d9de32e63f7fe14fa
img00884.jpg,150244,9f57e24734caaa14b5c7922a24aa7eafd4e1e4524d28174f2bd6f1fcbdee85b7
img00885.jpg,241012,7fd773c5a47f4be06fa6ba9437bfeba3f67b60692f843471fcd1149fbec2cedd
img00886.png,591984,986873d14798a68187afd8c74562faa04688fbaa9d0d048e562d309fc6fffe38
img00887.jpg,78482,8d365e85fa781fc28fbfa6390d0ae137c9fb22ba979ae9fb648a6e38f7038596
img00888.jpg,87909,a8f0dbf1bcea88e3d86c60403f9852cd6edebe408b7ec46614d92955386ff7e1
img00889.jpg,56586,a4bc6557c7633000c09b4fca5d030066a711e2d7f8198a14591797621e1fb3c0
img00890.jpg,132722,3f913a323ac8967f0a347be336c991a7b2b842be85829981563695576d9efae2
img00891.png,725344,7ae843e62ae1fa75f7f72ade2e6a37e19b2d1cb238c2778cd1b0e8c624ed3574
img00892.jpg,89010,4c61411f25268fdc3be88a54ac5356c582e976d2b8a7cff33c555ea3d24c0d0d
img00893.jpg,78595,5f126acf1cd2a6e6a32bba681e9cf87af925a5584ab62a5e56e8791b3fe2e23c
img00894.jpg,136686,dee5aeff6c5a3990f49577d4c306bee5b4cb557feb1b98cad201d1c8053702f3
img00895.jpg,654110,78369454b848495c190cc4aa28d516f44b2f984b7dbd80285069992318d02620
img00896.jpg,94518,522c307964afaaf165dc554d8f90d41d2f5513aacc5ceda8aaf8dafa479037b7
img00897.jpg,62961,b7f77ce07942504cdc6048c6970343766cb5321fcabf4a226a6ed6e42f1b35ef
img00898.png,563376,9e7ebbf20bf05c4d9533d760fe5dcf8521c445594d038dfae0d090987a5dd465
img00899.jpg,169870,760528ec599762c205c5f544200857a4e74e3ecf2c7d758c97d15409be31d0ab
img00900.jpg,91041,0328ae815aef7379b514853953cb105bbce6ef58f9fb8ccf140451c09f3df8c9
img00901.jpg,910971,bdea71bfc95d2870cf7c58c90ed9149b720ef3bcaa569bdf0bb2271db2eef225
img00902.jpg,49200,5b1ea9d4ab2cfcbb5d3832c45cc41cadc706831373ebf196e69b409752fc9539
img00903.jpg,84299,2f336a725b66525aef254c17bd6938622bf5da94ccec89c537a814f51007cc60
img00904.png,235892,28512e93c3ca05e531ba7f4fe60c3192659ca76f046d23e4e6d097f98cbb27b0
img00905.jpg,67759,3db28fa5be459e4140d18993631eabd8f7c574a838d2c382ea014c5bbb2e0c61
img00906.png,16675806,ceb9f3d35e7182405ee069f84d194b3d64b061c69bac9ccf909b97faaaae40ed
img00907.jpg,63211,028119a2a56bfccb8979fcbd35de84b0d0149dffacc37e193e9934b90eb470ff
img00908.png,1181929,4aaa3d19794fee60d315b1a5c842d6564a64a6ed03c44b67b7de822ae47ecce8
img00909.jpg,169050,e633670c1096e80dd3e60f010989a6e13949a7371f0a330ca6eaf451b210c8a0
img00910.jpg,103581,79698c246c9883bfd16a3e0079347bb538c35bb57268df71f1ae1b0022f90bb0
img00911.jpg,135532,42a8fc6bec48caa206f3edfbeb3887d7b41a06a530e0ce553edf909743f80e60
img00912.jpg,381227,446e3a9124f0ab978bf0bf4e0ccdfcbc5231b426d7ce3922bb20ef66354e11b2
img00913.png,1098410,f36709d8d276d496e939ea9e36b29dc81dd78dd7f06768694ef3ec36ae41077c
img00914.jpg,1325804,de27e58cc648790ac213f9acb1f5e47705c000bbca3d03b922e43d70f6d9af46
img00915.jpg,86011,eec1a84bd6d011cf634181108eb614ae7a085fa38794000c1fa2665209d5afe9
img00916.jpg,702043,bbea7000a7c9d67cd47e2c64025b384a622e153d034a16d6e4cc6ea85f25d0e9
img00917.png,806796,c42ab201c6b48fc03d716a9dfd0ceaede61e702aa19cbad6039cc6d0592ed176
img00918.jpg,80044,98ecbc0b36f1e6ddb1d16d3d504c25ef30e5ff330ee787dd3b922a2daa32d1df
img00919.jpg,100445,e80ff815e7fc388a5624f9a1fc8d6ecf4047a47f077825c098f6d08bd2516a9e
img00920.jpg,69081,d75c1d8a72237b3671ee1e7803debaf6dbe7ede003be013b51abaec86e33302a
img00921.jpg,75779,ad05588b15dd99924dae638e67b79cdb6978021b0b0d8f8fce8e185fcb656d35
img00922.jpg,115314,f86a5b3bc23fd4dc1d2c7e0c0851fee009a3f391c186b84c162827540ba4e46e
img00923.png,630332,332c6fca3cf37d855b3f1ce83c521d0304d975aedd2ea602c4da662d61f09212
img00924.jpg,256729,83c081e3cfc348ce629fe12e0e62fa515a1f3cfd26da3c46532851e7121e4478
img00925.jpg,96181,04c97c2854475bf6e58fac2cdf6325675ec27004277a4b35cafb2c64896bd1db
img00926.jpg,168621,0026dd4a23ea4c3f7d468ab8bf0dc6574c5caa6ffe30ce992a0fd1160e2cc48a
img00927.jpg,66278,958d1acd37d0b88ccd32b4178aad75d5829b8986c4000d760c640faf92db077a
img00928.jpg,152102,4c8f2414c59527e0cc86f498ea7198050b612570448d7ca6d5d5bc2c7bf48dd2
img00929.jpg,91355,84a6614612830249f2ccc9f025d1d224eada824ee371fba075550dd44b1206cd
img00930.png,196029,9bcdf92e7b17fb343ee84434ec719bc388ca35c6aba42f885e40045bb853abbb
img00931.jpg,30761,b776798fe022ac0340a43ba4a1c35ba273dd864fc9912702468a9c301ee2d3e8
img00932.jpg,132747,48dcb05d442c42771d10587f8cf06599883bf23e393c4ce5668f6c9d75efb07f
img00933.jpg,117645,28ca9ecc57336687c34725fd8097112b64448e7663ef2f621916923389f04492
img00934.jpg,68833,2e0c0f508dc8a7236c64f7178e0480b7b93a9913616e66d9ca9b6dd74f7917f9
img00935.jpg,670970,6026b861ecbf456161fe368e750d900e8299a5959b5731ff8c57c016dc50d6ed
img00936.jpg,355159,58b4d5eb53d683f77afb33aba9cae0d470eb3a3ca3cc42f94d1523bc24cf210b
img00937.jpg,70316,b54949dba259187d7495053f968373f7b75e00971f5dec4c52b8105ab5e8c661
img00938.png,71782,072b989f2c8c3e17ffbe7672feb608335be75582205d1ee2819eb750a511e084
img00939.jpg,1528002,739ca2250a723d39b471aec44da3dc08744de33ef3e70a364bf902a34692bb7c
img00940.jpg,106517,b9a4248591a189dfea8f25714044d8e6f2a85b541df05b4e7a35ea3a888f9a4c
img00941.jpg,104515,da55dd1e8da3bcf2d18f3a219709f81e7b9ad9e4e1f3d49135250e3a581c6d15
img00942.png,70092,a31331ef8f598253871bd2332a723b4c213dc0b867dbc950f631006793a44464
img00943.jpg,51561,4b7e695f6a97e5c49ed42894bf29f5725253636b7d7651c8b234906834245982
img00944.jpg,105553,dfcfeab312af278ab70a0a60f8d0273861a274a9f5fb5dfc2fcb19479b88358b
img00945.jpg,50957,17146d3b9b5dd8da8d375a84f5b4769b370a92e13fc1fd3beb28a214cadc80ac
img00946.jpg,233605,d3be079732fce1954d4da2fc89fee35e607a6eb53198e89c2aec75929e157dc8
img00947.jpg,130677,256c13aa9c3cc87456973e299f329347fb6cbafb5fae2ba8f4cbfa72cb4f837c
img00948.jpg,98093,7f4b424a4ff207a6575b1ac2ac11e567185069e068be8b667db5d4a6984e8deb
img00949.jpg,47932,7daeb263fa113b4ac092089d37e3e090297a3c7af53dee3dee412c533a7de843
img00950.jpg,42635,b0325d54949127501062a17f90c783807db07e6549abb43746db04609b5363f7
img00951.jpg,75519,c1c30cad2c8a7f9721ee0b827bf03f165df579f2bf8652946c1cecb248917679
img00952.jpg,72010,5ecfb762921595dcc58217b367caaddcd2d95e5b627ea3f06bd832f841dc674b
img00953.png,68173,1572b2d2ffebf2f8ef995f39a4b9195de406b8b7a926a8dd4dc5f9918b3c623e
img00954.jpg,106634,369f9f4d380a4351758c42274148d79459096c8b4200fc3024e6d9c4e0dd8620
img00955.jpg,219376,9e094fa26b9105e12902f87a838ca3cc938837fa4f200cc2ff197c4e84295f73
img00956.jpg,32934,aaea2247e355313cec57ce8655b1f15122bf07756025444ae66e931eca05f7e7
img00957.png,87770,a20a2a4343bd81d1f0e297ef3fcd2905e9dcb1a477847a5a74dd4703f9531e31
img00958.jpg,81809,6c006df79a3e612225880905f2c693306a0f759eb253f5eed5a48f2378fd6ea7
img00959.jpg,182791,276d0c627c4fdf2c0dd461a516d028d589437b9e5c8cc1ace5c479a1ddf1296b
img00960.jpg,30110,3a456f6e7ebb26db704c765594198dbb608823cbf771b88e7344b9e6398ee24f
img00961.jpg,32581,a889e171bc578ccb7d6a2af7eb6f89aea34c1fd739c45c9ccc93619bef7df35f
img00962.jpg,65802,a9c2d524d3e76f0dbae2af56107fe4f794732bb07d24be3ab84942a6d44b6ec8
img00963.jpg,87928,1ec0857f978f7e6eaf8e214977c4c06f240583e9e64702ef97ad8c6f4d4e3ad7
img00964.jpg,47998,adf2a2b7c1fa07207a6b5814c9527c0f87dcdcf2549d49682f9dffe0eed5b8d3
img00965.jpg,1067553,a851f0d631158eb63cd21ba68a2b00b740223a4a7cdece27a5316fcb471524b3
img00966.jpg,211711,7c7b208b3540fdb6451e21e051407028e77dd47e1892c18f9fd9fe6d3646a527
img00967.png,340903,ee5d18b5f8c08e692ef6fa40c8bfdfa3d7830eaa62d881406114f6a26bd168f6
img00968.jpg,47878,6619071e99c2a52573274bd25668f223b309758979d510b77decd0fffb0cf340
img00969.jpg,143135,ae04c791ea9a1ed3c5453a61f480c7df6186df8d71ddc470884d7373ae5e7b17
img00970.jpg,91769,5a8604f84df1cf567a83ebecf1309659500ac1c6b61d20ee62c9be8060995081
img00971.png,7056069,6b576454375337fe85b5647c2097a2d4a3e4e3f46125b0406e30a9203a537938
img00972.jpg,100830,669d9a45d152d3acf026b2ba3dbec6c718ddf341b228b4ffd8d9ad4a5e2fdbe7
img00973.png,1061647,d9af5de557d1547dbcd6d9d79342b67a83682200049bfc662f6996f17190ded6
img00974.png,1599472,75407ef6f6b26d85b86c0be9fcbf3d2247081eac6548cd376e9c79e042f05e0f
img00975.png,88570,1a1a7ea2b341f21e810e2c335da60fe412f26278938663ee8eb1ebb6d3788bd4
img00976.jpg,149991,fc3b2ab3967d1986edb12198a4c0e2d058e0e6210ad73c7fa79d61ae8b4985fb
img00977.jpg,131043,edc3fb12ec336b282b10b138f0a1ff94d427025ca810dc1e516c3862939b12ba
img00978.jpg,42562,123004ef4d3fcb5020edf8b1b8a7f1321c9b14d4ac3093501f124d846607dd00
img00979.png,137357,a2952cff51fda15d21415b2dc28992b3982071a087d44a2bb17d2d1c1f4ec93e
img00980.jpg,82210,08d79e5fc65ee7251fd84160d6bc436877d6c0446f10cf3861c6f5c40e5ee7c2
img00981.jpg,44608,667b8f0f33075ff40d8d096ab6b54e5be1b90cfb3f552a8c99408d945cf9d539
img00982.jpg,31005,c0973a5d9f8765267154ea8b9e5b8ce2d53654bc11a0272407111a5a6d0ada20
img00983.png,975692,1ea1e83c5130a6049072e8d71b7fae9d6a4b65de8b5970518ad99d6d752b9809
img00984.jpg,29937,0b4090d5579db9f99ea9635051ba6ed84f408fe70208cd3aefe52642ee6bce13
img00985.jpg,169829,21f76b9734876ab47e58851db915f2631b10f285a73bd989a9a7f1b3bd468d18
img00986.jpg,41024,0a104aeb7a5fc5dee7cd22fc6f1aa85af7aff003d92f2277755497e2073c4ae0
img00987.jpg,360645,4ff5b4697c8bdda32223fcbf9468769cea6e05a9fda71c7a57ec836cad08b630
img00988.jpg,117915,e9bdc1f832bbf365296c805bc3d4196016ac5c5fc9ad018a5795418dd951d32a
img00989.jpg,227559,01086426a653faf18593829c53525a97b37230f4e923207ed500eb7ad78d4c1d
img00990.jpg,43882,558799d1713b3db140987af98cb17f998e0ba284184e4b5066ceed282c84b207
img00991.jpg,94927,897e05629fef78a828a5b7b651435403a0b5e7e7202e01db58e64b6386da8c86
img00992.png,845628,dfc42b99d80438343e60ade87b58e15fccb275f68f1c5977829cef37f873da16
img00993.jpg,28892,9c11b945974a6c59f6f23d2d27192b3c8c7e53ee0010eee2a612ca8f5614bc43
img00994.jpg,306928,c9de5721b9b87e496c0aee3a3df5bf2a703681fe6dd7bec317c235b8dee5dbb2
img00995.png,58154,24c6a23e7223e36f7995ae84913334b48c35998b0c0bcb94106a8baf4f72ee5c
img00996.jpg,100588,f948863b1b9e8df9bf456dff3a71fad5739e0752913f89420840564754ae80ad
img00997.jpg,174011,115f1c93d1dddd40e363f6d7239738b778ad5ac3d63dbb01c7984136bb58e356
img00998.png,1008065,0b8f064bc8bd0e50924df5fd83f396eab4697e2ad31fd4f67c60a98986ebdbc7
img00999.jpg,728801,f096d0310bdce9a27dabd573f1156149945a309d51339e447f1f8eb7751cd5ee
img01000.png,718904,c2581cda179daa8247ca82bbd591a94274cb4888bfebb968d9c7723bb5e8f3a4
img01001.jpg,164111,96a522808caa9d4b4798f882a0a7462076d31efcab6b94c8edfd7345db3f893f
img01002.jpg,266606,b41adaf4d7e5695257a468b08f16d308b80e834cca7c51568adb05e60eca53a7
img01003.png,401982,99b0c6f7e5d0de5cd8ddbdbb2c73dab4f87fa70adbb22fac7b8170b8498b816c
img01004.jpg,84321,3177798d86015cea8bbfbac29acd01666bed6ddf70fadffc6056a016c65bf075
img01005.jpg,54706,39d8f4a04ac347a134a19793fe54c602e3d6cb7ed2cbacc92d3113035c41d544
img01006.jpg,92216,cf0055e9564191ff6f7822b25d36f5aac5290b043c8dcecd011ebdc3c5242bb8
img01007.jpg,52500,ee3521caec681f00e6fe209ba80fdaf9cb12e3d7423ebb988f6fa3090a3ee916
img01008.jpg,1226202,df25bb395bc0a89f6bdb85c3231971b25451ce08136e4bcb6f1bdd611fd44299
img01009.jpg,119685,b43b808b8aa4b5f85918d9590494c38d992da020c4f3e9653574e062bb2a9888
img01010.jpg,49770,6f4a859e354c663e4c78bf96ce5ae2ee0843c4e467061d3f6e9ade007c274e46
img01011.jpg,51227,8884c881151f4bf8a91dfad95da5e7510c44a58db6cbce4e5a2d119cb1c5d202
img01012.jpg,61819,dd6e717ef0b4fb3b75a240e7faa07d80142aa8e1020b9554c13a43990dcbbe4d
img01013.jpg,109800,57b36c4057f85c51cd602f7824fdf7e729214550e0c0d510066a81abf6493be2
img01014.jpg,85633,3af45d76f7d7ec9994f1edace45d4e4126243356d53cf555f10c2bdf6e979cbb
img01015.jpg,83719,88f71cf68a5746dd1c20d549c044789e70854ba17b5ed845d03094e87ce5e481
img01016.jpg,95253,8bd21d84702a3faea0750a64197c995d424d766e2312cce2a1732ecc6d00413f
img01017.jpg,28319,4646d83c4421875df8d1bbf00ae5a06ce1e8cf5cfed9dc846e72ed6a07e61bb0
img01018.jpg,331176,31f1f32a6b65eb5adeb7ba996fe57aae77d57f2170149670479042e2cd8a1e21
img01019.jpg,169795,20489977eef4734957e4fcb66373c619e4b16a7806dfb0307a9da18172bb37cf
img01020.jpg,83226,79d4af318d7035ef1236500cb2f115f6d01179c70cb80ac258aaee078f3e23e9
img01021.jpg,34570,f4e0db56b00a67e354d03b9e03b4c62f6b60f2b3cdf4f4b3779372f32e4a4103
img01022.png,158680,3f52b20803a09322837ba74d32f9d4043d6e75758df8687e495800c260827184
img01023.jpg,71025,652ebf4ebe40626faace3cf64092a40b3548abc09ee94690e91ce7baecc35bb0
img01024.jpg,49958,8f6a8f850bf7c5e2ba2ca2b72efb29a5eacc269ad255667e70e9fefebdb861c8
img01025.jpg,351013,28e50751f77b51a3c6aa016465d1514ee293961d344d9eb874e7ec81c268e2a6
img01026.jpg,98248,70a0713f6ffed3cadfd85c5938c394513a1e6fe0fd131f410c61270246130483
img01027.png,537485,99d1da2da5500bf1d31ccc9d1d9204b84384fe047adac824655d9e86a8ec6a9e
img01028.jpg,109323,d6379960cb9690c81ef5e9cefd8afe2e2051cf55225dc0db17a38b1b36e707da
img01029.jpg,211654,fd1b5d9df9c73f7692f200a5fa969647db22e6c07b1eda9d509e777fa7ccd784
img01030.jpg,95272,b08babc3493afb2589d5f384537f1e2b86ac82ead9846bca97344e55ceddfaf3
img01031.jpg,73343,5adf6a4a7330c5a1681df28f8bdee4e331839216f34d9381abb30fcb9de4a69a
img01032.jpg,41365,54e45cfacc5338f44188a17b47ac2780c117ab86db63b34e0fd770df3966dfda
img01033.jpg,114896,73cc3a2015fb54d84aa6d228f6adc651e520d0211cca2f13b5be772ae3abe0dd
img01034.jpg,90225,7d69bdb09c0a583a752f253e33c2ce74242534ba7327ee1c48a0b082c965e1c0
img01035.jpg,97346,8d65835be8b3d61be74099670df74b77fa8c5ca8d9cdc407c83b22946717735f
img01036.jpg,197299,fe9d82618b4bf456c7bb6847d0d1a3dd340ea87d2a5cd3e662ea1389fb364758
img01037.jpg,35685,55dff7d9c7e3183b6fe75e544c2e3d43a3e73ec638a9b7936d21b6919692e7c7
img01038.jpg,952653,60d93c1d7b1df2cb74a66d406dc2e7e1817570844c4f7d0139bf96af72fa2f55
img01039.jpg,184849,fb8aa9c7341d100a942f9d1c02e862c3a3ced61f7452095ef64ce51038a17623
img01040.jpg,42732,b5a5afe27b59c00a13482a6b224bf5ffcbfc3d3b489939e6f1dfc09cd51ab1aa
img01041.jpg,59267,a7d7c61f3b293bc5dd3b649be5d51080c023c976b146c2a6723c4aa0c09539a6
img01042.jpg,38445,c58334a42d71fc3791188312740efd4f2932ab38063014eae3ea5e5241f1465a
img01043.jpg,136507,860571d9cab1bf0bdf762a8364f7bdaf778d31174245ed8465fdf12028cf7ac2
img01044.jpg,57931,4116f95ac196829b222c0a847343a44a1619dc67b5ad71e7803992f23f8a4443
img01045.jpg,67924,e137a8425908ad3651bd5a7b599b260c6b89141907fc50fccff9313ddefe35f8
img01046.jpg,89387,625583f63fdd2ebf568e2b33752aa26b958600fa2e7ff1211de4f8f43cb1ae97
img01047.jpg,62524,25aa08d88b337fcf7f342361033bebc73c1367159c8d91fe7fe819a17bb54d30
img01048.jpg,52225,755851249e43222939aeb578f39986fc39820b0425196a267053657c02da147e
img01049.jpg,69286,9d240d50b56b742ecd7eac6c32fc4c51ddaa455cbe0fb5525dd688f83d89743b
img01050.jpg,101785,c950ae38f1598dea270d4936cef5ffcdd8ad886517e9336c25dc4e430d3f4d5a
img01051.png,167739,5ba4508f5eb0e296fb99d66dcf59a88335601ca99330db5a93063b658bdec0e8
img01052.jpg,46345,03e34c548432731493cbbc98fc64bb867b087e293b306fe1e87ff128b3d73d66
img01053.jpg,95944,feaba12515fcf87870dae5700b44eecf9f35ad6c4a7de803d9a96b1756cba589
img01054.jpg,21132,e95d6b2dd9e24056d7ad678e29af0ef64256760aaf379afdfddcbc4e468dc3bb
img01055.jpg,117417,399724f867a0d3f4e92dbc7a9e55ad60759e65f56a861b13da3b73ac00745bb8
img01056.jpg,39165,59087431268bc3039351f00653fa3ee9f3f6e94dc2753564bad54aad648ca207
img01057.jpg,196956,baef797fd11511bbc8fd8145426aaa348033c3354e50e12152cfa2f24024739f
img01058.jpg,60018,eaabd19ab1764781bbe9f9ae7bb5d928da35fbf9fd71cfaab65b27137ba4d0df
img01059.jpg,91701,d0853d05e5a74e25cada43ee2c87bb84b6459a3cefcb27ac341af61aade6e406
img01060.jpg,34389,733362455d3a85962227d8db499a414dc68b4678a3416d1dfc0898e6c48f7ac6
img01061.png,1362086,3c259a57c5b16a32486f909ec6bdbb40bf9bfa5c1c7ceff18bcdfe58c6bc25a3
img01062.jpg,57978,f27008580e2cc6097db37184b1274543a91e9a00c52f21afc5f5df8caaaf0889
img01063.jpg,124667,98c8423140d5b2044e272aabd4f0c38f58d152b4008dc04216e6a355b874e41b
img01064.jpg,220645,7dc34f07475bd7b603b2098fe83d37a3483dcb4c56a0725b65fbb1c7efa7cd7c
img01065.jpg,80698,657477f2a0e8ed392c9111bf7f0ad3aff65d3fdba33e02a65aefebeeecb7cffd
img01066.jpg,31160,db18cd71eea214f1e9578961472359320b60dd8fccb6808e874116f252189333
img01067.jpg,62988,7f84a3edd8d38782a0205bfa55a8facf733942d6e803998ca961523ef5a530e0
img01068.jpg,85113,c44fbdeb9aa325e50b3c6886b87861fb5f249eadec496fd9830baee37210e884
img01069.jpg,74276,22633582cd674a514e20aae411e92bf9cf0ce9b514f0a95cf393c06eff0e911e
img01070.jpg,88374,7d28199b428218fc04d989a5de369cee1a9fdf4bd3eb461d6dcc79dee462ad32
img01071.jpg,102691,7e1e743516e76f6da2504417fac44c63786533f4d56fa15a4939ebd2b0fe35f2
img01072.jpg,156964,dfb6a6f75876d3395b9d43a4b4935aa837143b3dced0ef76b2e20c1ab487e3ea
img01073.jpg,111825,f80fdce584e157b3d95a04a057412693182e4a0bf6a53e22057f638196e7aa09
img01074.jpg,53087,d1c1e318e68512b63c4bcec83d08422236131244862719ebe8f8f86dcff776fe
img01075.jpg,26235,d874f3af3e5d06106406c7fa3fcdc0c570a1e86be5be246b77dfa380d2e13c31
img01076.jpg,47772,c8926407d256db593918278339e422e37a310f62e6fc36342c396c187635ca33
img01077.jpg,95964,f84f7d1fb60521103365d80004e135b3e29c15b15a1d34c84484b78b0913b117
img01078.jpg,60728,5ee0ad26fbe63b48fcaccfec7f5a8f34e170f8630b1813ee37f786d46587890a
img01079.png,683417,8c32841443bcf5884c63c09b1494e97e4a76b8c6afd4458bbe2fda8e9c6af522
img01080.jpg,102823,40024b0c142212210c98e83c73db3c5df0cc75463f24911fd1f32b40e45a19ba
img01081.jpg,171443,449df3982cf3f89aadd3624ec15b6afdba80b02df377147086693b786e881539
img01082.jpg,117468,9678fb8433b1fb9e626633037925df0e4ace4003ad5107f77413fb0eb7290eda
img01083.jpg,64086,d93191fa83f7c0acc130a3f2377b5d247cb2fd6eac1e58f567d2683e4cc42e1a
img01084.png,342366,bbc4abfbdd885c8eaa8738275c733faf3403bac09013bd68531b1aae8ae1e0c2
img01085.png,968645,50277dc3ca913042d455d9d4f71d73470776372e8753808e0d19d220ce498ec8
img01086.png,485742,61f54bddddaf7b298388c8b9f56c0e2979fc31f7faaec0b11f9fae2025e7060b
img01087.jpg,77109,38b963e19ed4881032c944f0d4c44ffee66f9fd6b3ff0c9fa4b4b7d6ded23584
img01088.jpg,144571,9acd88a4c9b0ff449eee65f85a9f3b7b8f1b42b315df12f38971c9e112c68fa8
img01089.jpg,93048,f31ddd3f49868e4c17e2c8a6a46728ae9d13c8805fa8790f2c59c800ab7b23f3
img01090.jpg,39900,21863a90e99614e6ef8e7724f93fff4c1e7194b42bbc3a6291ee40084df83814
img01091.jpg,1344827,0e984d1fc06d40afc3e425571320d5db01d341817b360f4d188002491f18fead
img01092.jpg,120278,3b06cb90a1d3b6410b22bb4272db4a4eb5f3b55b5993188109a25b3fd81e687e
img01093.jpg,115979,ad760ad17955ae1d8a4bf8a2ab6e94f6204380d9ebf189aedf4f9a02bfaf71da
img01094.png,503781,fd7b7e0a2935e593172419287e9b42aa7ccf6d6bbd839eb42eec3c3f2955f7ed
img01095.png,443116,c017e161562579e4a5a471f82d3ef1c078be4fef8726828a90957291040d3def
img01096.jpg,150818,f245a7f6a4d31733ec2d822b3dd969b81e1b1b96d2982d42d0e5e83de5dc9276
img01097.jpg,50697,119dec64c9f9f584d2e93a964699846fa23e504271e30a72409869c83ba9817e
img01098.jpg,82906,916f5f6e054e131d6643053eb1d31cb046bb7df7e0f6f1ed1337b342043e3561
img01099.jpg,158585,720d05c0abb16705911de05c442c54c514487c3b8a04bba60310bcd9450382e0
img01100.jpg,159472,65b5b735934745675ca2d8148887ae8825fcd524f83f8f935e5579be4ea5fa34
img01101.jpg,153497,f7243ffdd447f30b6ffe716a7b4fe312b8b612c421ef9d8f68621776532e942d
img01102.jpg,98894,e4150c07563d3cba46b36d06b34e6df3a7e9bfd93907a19a8a3c0c28d40d7164
img01103.jpg,68008,7a51c3f0e8cf5c1ad9ffc18134529ed6da5f5547e63837164d681a2b90301182
img01104.png,37845,c7aa6625254799df63304f808e7d6b414f468dd679d242a47ffd1d0bc5b1384e
img01105.png,592481,5182e8ee60c9304a5846bc8f11e802c75efe087ad42afdb7a8c12e5468fb4c68
img01106.jpg,55089,02f987f7926eecfd13f3e01da57c39d55082bf72cc77bd905622dde4c99ac7c2
img01107.png,877013,30e3e2ea4bde136ac919a2cde4f491d977d5dae2fe8088720ea7b1eabab7c68c
img01108.png,190004,855407c33a9784fde5547b02e124cd3750743921cac2adb18780351941edf3e9
img01109.png,431423,09291b3fdf5bbaaed10515f8f52f66079434d8adb1adf03847f33e8b30a47da9
img01110.png,374939,a8e114b19629a7da894d326c58ef872889092c77f7c06787d2d16c06886b112f
img01111.jpg,110429,b9beafa481c1bb37d8cf1ff62810140640bb7d7782c24042692c52ba825dc70f
img01112.jpg,32281,8ca7244a982e8a4c273e217d33c02833299145343ad06d22d8e68fabe71b3106
img01113.jpg,111564,581b451afd35a89dc04d0a57ecad49ae9b2cfd65a7fd2ec32cbe167100bdc8e9
img01114.jpg,131761,d166198fd11ad2e75f4c2fbe0ec82ee3b2fade5f32383b5940dd37936c9745c4
img01115.png,336636,c46184af383553156455a7a9c972f5fed7002aeace4f1927cea158bca3a03f4a
img01116.png,374984,fa34c47c6c3f2e39ad2ed4949e5bbee67caa57c89f7af4eb176654970f1bc015
img01117.jpg,321201,4842f7c29b53b25a78ab57a0a5c96d4027d32b12c922adf863c9f2005947a19d
img01118.jpg,72199,329789735c0c3b6ba0eddf2a04e7710039b92f2d3d9434aaf80b3457ea7929f0
img01119.jpg,41596,3f77f433ef66563ff8e608cca650f57dbd738e53473dd3cab28b237b167d3609
img01120.jpg,235948,61db0c3021d301a72883ea343aa7df7f81a0b60530d7af1b31c8240704096945
img01121.jpg,83737,9ccb9aec9ad85d3a95f54a0a7e3627bc5c3694bdc6b8caadb88db56d7f46155d
img01122.jpg,263324,791a973fe4b852a9ac0fbf9d05db8c690dafb05f9db1a09d6174459441e36e44
img01123.jpg,106752,e717893279e51567a436dbeaebe1e4809e6fb5115edae32b1f10ba5f8d5fe89a
img01124.jpg,121989,fda03549a5ac04efb203c9bf19b9675a72a3ddda9460682f4a0b3259b3888953
img01125.png,215620,62ddb37b8b4fe2b8896bb3e4b1ce84874f86210650c3d196b76ca56e8c258076
img01126.jpg,29008,f67370167eb78c1bd2838eb3f51d1979ba01195a48a064d011d5547b6a856621
img01127.png,291147,46d48b79acb3619050b84103862484023a7800ff0b661b808e388f6053869c3d
img01128.jpg,34925,ec30b5c684e13bcde8f8c453c8f9347f55f028b25f1f77405820573ab2a53544
img01129.png,357488,e7b0b435ae4939de4ee71b12be0697f6e7773f1f6b406386244f96c1de81a5dc
img01130.png,448399,d987282f0d4455773ef52b193d349b72cac91b6e78520df40fbebe3a8884cb5c
img01131.jpg,129686,2ea5bf5bed82673fc429d12ed0901b2612a5e428f6175ceb6910942d359c58a4
img01132.png,220544,d5127d956bd2d620449b7157d407d65dcd4f8c2bb28ed82c4b64bacac43e79f0
img01133.png,405412,556d9ecfe35331ec9929fb52f0cbf1d6fd917278fc3887f57bd3d6a9afdf46d7
img01134.png,367675,2621cd36770f037a0a7b0963025167f427d8e9fb1eec6e523119210e065f38b7
img01135.png,384136,8db99b20df1ce185221bfae11955205f649e6433e2975cca7fbd1e917a1350fa
img01136.jpg,59650,664887cdd7445263bd32afd056cba28cbe6cb20bfd04765e255a37a0d28f0dc9
img01137.jpg,71109,599244b57842c22b3d959fd0508c9aa0195e78ae559eb01bf31bb7b561377589
img01138.png,156080,6bb9d11fee27975d2d3599f6bc142c41ba188d3e83dce6d4de02c388c75ea9f4
img01139.png,1281365,9b8260a684ca3857291a99695490ab9fcf902ad96e88d66d99fd149408d60c56
img01140.jpg,120643,6dafc997239410f0f913024ff8db25dd04b114120a8737c6c27b6576ed18bf3c
img01141.png,133517,6c13f3b68432c8ae0c47899e175b13ca103e032432ec8742e0a2477612086c22
img01142.png,321836,ecb329fe54a183a7ae3b6898d50616b13119512f8e58f352f93dc34410fb4f08
img01143.jpg,363268,db29fd0bde3b4e124f01bdb2ddbe8819980b36947d1802ad82a8068c0d606d15
img01144.jpg,110811,f8527a8199fd27e0d38043a769e1292cd83553f2e16aa0273aa006d09c91aa96
img01145.jpg,79584,f971dab57a230aa667da43baf75470deaf11e9cb352e0a4dd26fd2e728506c7b
img01146.png,181276,cd4991562ae80a217e9e256a34b0820a9cd63218d604b30849b244054c41f442
img01147.jpg,1001176,60f68d1ac434ab9e4ef62e0bf50a694c3c8cc561efb271feedf5b44ca6a664e5
img01148.jpg,140391,972e9ac3cddd9367c940f9a10d23621b432992cb814a93360a3d7416567e3eec
img01149.png,393034,baf9381c6b84319a35342d19d07f90f1c853572faa482dafc7e17beb125e7f01
img01150.jpg,334509,ab0e2bd83fb29ac3178c4646c33f937812c265342aded9013a02925110c59bea
img01151.jpg,88489,2d0ee80bbe2e2912b76593947a8494fc0f7940fa6fbba66b2d6547c792006145
img01152.jpg,394773,df37d6d2a8d42257d88e8302e6685b04fa9ce840c4ac6b38423464a017d7241b
img01153.jpg,630204,2c12037ce3f69a8eee119f1e349ffc7f623cd1ddc4a064061a6369d609b97b62
img01154.jpg,68983,46d34d9f4f61cfda9f98b1e64e82f0ac47fd11a569ddcace8f0345980013bb58
img01155.jpg,28989,432b6f78d19867f9dacd2b3d98cc0e5948709b4c8020fcb4386ea827c0dc9229
img01156.jpg,582237,cdaaa32d860da1fd9048986d31197d70822797b9d869393310e35e869834c41a
img01157.png,86097,84e85334ba72767d802f28b7dd0357462895b25d2f1d2d330ad1edba60fec3d3
img01158.jpg,117897,e884303a1eca28b3b58bd672b37fe10e4dbeb89f07535ac74e2e519400cac239
img01159.jpg,110472,24ac537cf5086c05fcb23df0bdfd4eb4e67d53c27bf4c012e337a9bfb7271a98
img01160.jpg,146917,2918cc87324d7c0b392af353e2559a6d34f5fa155c889eedca90ec083b250d95
img01161.jpg,71043,3626bc5192d99952909970ed843f03c012d26f1181650c1056c6ee109fa21011
img01162.jpg,120999,d7e518e6434f2e193f6bc378e491b9159df991b01c9b7cd6f0f6d122d529e137
img01163.jpg,28076,b50df20f131ec7de553c6f712f25e227818ea85c5e0409f7edf717d7ad5ec20b
img01164.png,575385,c19458d04e729f261f41532cedb1e93c92c15a3337c95eec5ea57c1accde73c1
img01165.png,170767,a75d3004de29b2cb18e8ee62af301a802f0a0ce1ebf1f407772f5e5d2c09a503
img01166.jpg,142172,38214735482ab30f6ddb8655acf98c24be153c970738f3a51ef93032f58eadd4
img01167.jpg,99609,5a24912606888a17dff0d4b50cb3a1012446b80d7ba07946b68f54adf6c125c4
img01168.jpg,110561,6aa3213f06e8bc84e72060a6ef7089b73c0fc0a47fe1e7aa7655d20760ba4bd7
img01169.png,494875,9c39fc2bcd1b8f0fa58f25a20f15b1487b5684927aed4498db1f3109f8d59f5f
img01170.jpg,127513,7d20bc61b3b6b44ed8f959beb7b07ad60ac9d79974f6927e16144720ae9113a4
img01171.jpg,115011,ceb7705e02d18a8004572495a67650bc32cb4b25f8b3e4e8bcbca3f0f386f7c1
img01172.jpg,401802,8492da644741f292ebae7298966d6317fc42ceb15c28600ce9012d713266db90
img01173.jpg,73392,6422879bb24f7bc37fe3b1b7c1e8c6ec3e97bd68842d528d44e646b5cd091616
img01174.jpg,1199454,c63e311df825fa3280170347eef277a0d81f4e5e2f8fe53b8c21409014e030c1
img01175.jpg,196269,744fed7a4aa87038d3294ac662a5d3808ae255a91e60c793f037f619d1842966
img01176.jpg,83873,9e0a3f2ee9457f784aeed58a24c5f514cce84cd622c88883bbc16d8d499ce6a5
img01177.jpg,52553,5fa9ce69b77add1662580ecf7c1ad46542aad149b6dc43f529474a07589a681e
img01178.png,72519,8073fc2e5f8d1881e9920c9a411566c499df15df302bb8c38e14f1ff95681bce
img01179.png,121304,c5ce4d2a93d5fdef2dc7c3b59eb195c64a2fa64e5a0c314d58c892253212ec38
img01180.png,600682,6b55d5f3b1ea0b28b08c82ae04f4c6e551afce18a82bdaf04eb319548f296c9b
img01181.jpg,89292,27b74813dc9972d1443f9eef0477ba5553e5b776fc35db6efde14763a6184024
img01182.png,46136,aeeb99d8322e07e7e46a6c0ffb114ea3057f65640c1b07af387917316d7dde91
img01183.jpg,75637,d852c802311ecef6451bdc6b945e839bfb05fcd24255fd575d4b8b6537fbcdd5
img01184.jpg,69591,e286f603a9c0af043b49ea743353e9dfcb05e31d0418dfda179f16f6ae8e2d65
img01185.jpg,65574,89516497f8f74a50fe6d9bac9e91ce9f8b61b8d5d8f2cf45ecbab942803a03b5
img01186.jpg,181043,c04fab15eb6caa1023737bad5f4c837746737ac9aad9f999c8ba32a384a7dc23
img01187.jpg,189540,0ca1bdc09a977229d4bfb89773852ef777b61e895b69d7e081bc170e7a82f87a
img01188.png,379923,4446bb043532e2bd3567488bbcba69f3af00b5fac253be9fbcc08375fc3196f8
img01189.png,150151,cea4a9c0f37a83e1448d14eb51b62ff606a212f03f8f697d0a29ac733d5755dd
img01190.jpg,113588,298fce7cc32cd4743edc78324c3694f3068aee9ec680f7aefb0a81e84f520020
img01191.jpg,103450,6da913c8a36b26e98c651e1816dfcdbcf79d98bf87aeff798af24ce00d90c45e
img01192.jpg,108026,093f8b0ff8a32e05c3ed1beee03791d615cd1d79d89598c2f7719449fa2c371f
img01193.jpg,40442,d2478e878465e4cee2a4e1c15da45ab7549ba43024380933cc8e364c5732d84f
img01194.png,719517,ca1f9d6333040d4446c7fdcebfceaf62ed906e2f096c5b4027e7079d4484d1fb
img01195.jpg,1588130,5c66886679264e254b4e51b1703cef97c91923d200a28a1ccac7bf30985b8ec2
img01196.png,526668,008b52428e80d9a31e12c65aed3da3fda28f50cec9914452d77f3a9bce160ecd
img01197.jpg,740265,2b9182c730d5fa31f99679621f824ddb7b419e75162bffb50dc2f380a14f2e4a
img01198.png,1036577,6d9ba7fbf3a136c8a465d4fdc1b07286f96634def068bca579a7f15f904e89c0
img01199.jpg,135867,d4d9e4edf4d3aa3abc417fe85848394d303b32114710c139698a085c7d709e26
img01200.jpg,139675,4433abd93baa04894f69a0c5656d9737559cbe0c8e53a80f5e59066dd043023a
img01201.png,225059,ca48e0a545d9125a21b17f5ebc2aba8c0511ddde9e597c6d7249b7f582c5a286
img01202.jpg,52820,dee05dc16fee60c34e6d10de7a08136c968666b2bdc95bcd90b8564e65f7bd42
img01203.jpg,1647104,f1cdfeeb01b475ce690980131c4e58d1063c9f0ef1db8e62c05e19ea475bbe39
img01204.jpg,182252,18826cb7f3625442eccd997e49fea6e6a91edfbd0d59c62dd71c84b8490f6cbb
img01205.jpg,583902,045c107a1a9ac1def3ddddf03efd512d6062ec1b4b177e088afcb8a1ec93b37c
img01206.jpg,155500,d079010e2bedfcf3c0dd1a5039fa00112619959a04cee82637a871574f8fd3ad
img01207.jpg,233112,41e5c5d2b55db47e75dc2360584883c72c23b59502279ae4bca9c8cb7e6be73e
img01208.jpg,37961,26085ba0dfa91040c6acee3920a6f1d3502a7055cd5ddd424e60f08d33837963
img01209.png,72817,ee88330349104a39efac6463861605dc54c915ce7ae6f106efb997c52ad462fd
img01210.jpg,78177,3b986274b03b95202b71eb2e211d8f88b606dc1d472058e70feac1c51974818a
img01211.png,228936,57d2a3672d37693f368e41cfca01ec69fe1c85bc205e2cd1089cf422f86d3f0c
img01212.jpg,343976,d1b506dc926eb076feb02565ee25137247837af2fd5e1286341ac59dd79e76d2
img01213.jpg,52520,6edb5deb96d68f024a01992edbeadfa9c03386df09f3b64515c89774310f0702
img01214.png,67785,bb0362802205b8d75447886e359cb1652d44d8ca59bb3072104fe516368b3e03
img01215.png,99963,16412744b6dff726f60ad46ad9a4e421b71a2085f2ef0d6648b32ca79095c9bb
img01216.jpg,50742,675012cbcd9fdc188774839fb50b7cf923194d8541bbe7a2ccfc7a67620bb9f0
img01217.jpg,30623,a949890881f2b2f93ccbcebee70024297a589ed1280eb5f0fcf2461cac593aa3
img01218.jpg,61805,f3cbc193ea9c717d79ed551661f79280da14f20ae18dbbf769197c7624966d42
img01219.jpg,47604,10e76a0137c241b2722bdb03e018d14a7634ea52dc06f04ee7a08766a14aff00
img01220.jpg,56876,1ee336715779efb81523954cdb25511b50faf1cc27605ad2d29525a71b2f5e28
img01221.png,51306,c65c082d2404ab97b9f6d4601392c15746790654b0607546e9c992a93c100aa7
img01222.jpg,176030,cd7e28911091459f0f012810b4fe2941eaf9bd7fda1ac81ca17bbb982948d889
img01223.png,247115,c4677d071fa9ccd4ea8963555ac8375dd312a6b1298f1ad6764f661d75c89bf8
img01224.png,108742,8aaf986933ba48e7f212a03b2b99afe6ffff2b4cb6fe5dd6a56ba1f8b15c1531
img01225.png,503591,ff45cb4ea764df09ac015468d3ac0821e6cf0d4a62ad724e6c9da8a17cc37592
img01226.jpg,57628,93b511071da954bfa75934bf8fa00571463ceae66e7287c23210160a2337675b
img01227.jpg,1147856,8cdfd06c0959f76f5f7392df1d098317e4b6eb7105e3400fbbd2b91bce13201a
img01228.png,116290,bf197356fe232cd87348c7a30ba8becd31e375c941936af5a9c7470bddcbe1da
img01229.jpg,193126,516031154aba5eac04aa4531a770f816841b83da4b0c3afeae40fb92825a6e05
img01230.png,224891,5ab5dd12a3af4371c97eae49661b8cbbaa2abc41e13240b79a1e7924803169d8
img01231.jpg,30340,a29f0dbf9354a698c82b6cb67b774551ab5720291b8d3ed1044ce7785cb2a17f
img01232.png,647215,bfcc74b799cf13630658c976c4f1b316d0237478c2bd43e519387209db861dea
img01233.png,1193930,2c061f6c2c29597f16b6e46ed68120367542895cfa56142f234ae029be78ef65
img01234.jpg,1023057,9253758b35f811dd4c3249b4b8b2b6fd4a92f4258db4f3ff5b84db43c5084f56
img01235.jpg,61037,2559d08fc770bbb4373e5822a0cce2a92f8329979533cd6508340ec798120b8c
img01236.jpg,109427,943dd2812e77eb008c6f375b234f45965151f7369d899e686b04add0a392b34e
img01237.jpg,84156,9e33f05f070f4faba1072ddb3e03f9d07297a545b97e82c7fc45e98da57808ae
img01238.jpg,124835,07b0e34e7db25db3ef0d82f799993ac4b3f04324b0fd1cfbfc667f9ca185faef
img01239.jpg,160458,0c4bf0c8ff56349bc8838545cf926e57c223639dca48fd2d568302497e5ff9d6
img01240.jpg,48193,5ea2d5cd2df14b4247fad4ad535b739b432e4016076c638b7d20bf78bb87eaa7
img01241.jpg,988176,5e7ba857234e17508a6c5eccae5c8d67683841393871deb7d9ecb9a773d28f7f
img01242.jpg,55944,99d8d3cf06f8ecb093cf69cff780ab56be4def0fe2910b6f4151fed7c5b15105
img01243.jpg,144027,bb978752e69916d650e41a00fd2436676a9e7fae4e9f1fa1a4fea37fd19335b7
img01244.jpg,93906,9f547242072984bbe5b25d9191f8a625da085669cfabcd25e7e4b954f6125975
img01245.png,185019,37b4f73e597c32c88612078b12799814ab09295e9bb1c8c8e6b39321cdb88029
img01246.jpg,57808,640db464d91db0525a6d44e6cbe9ef8b42b40bdfd21676ac8d68dddb1f039b58
img01247.png,913233,53a81776e924a53a07cddf82a6bcee1ca0db02ab96ea3d29f91ca40d2c6451b0
img01248.jpg,37838,1454cbbe0a0c09c9a9179c665423efee9a7641640f020576e41088b1e4e20d47
img01249.jpg,48111,bb68763f069ba59d0e1d95105efb54f712030290cacdb6fd33cc144ca588a8fe
img01250.jpg,182297,f88d7e9dfd6500763dd8e2a48a931577b94e44d6b6116da7c8193e34b618bb87
img01251.jpg,394176,42543ff737d68e769c480190f59d75ec473a84433f275567a83e09481b9f4cab
img01252.jpg,39768,ec88138820de658be6f6601ca8180bfdd6b0b873011eb0fc2afb217b7c9aeded
img01253.jpg,179684,2a437ae0b3bbf61a48c3a5421143627df0cf2c4b503c97985935a98ba6678413
img01254.jpg,135238,2d3772b484d99408dbc125571828141e3d678e1811af73fe2afc868aedc8bf6c
img01255.jpg,1037462,d269bfc7d29d7c7b430f385e589ff9faa5503596384eedce247b4361091a8848
img01256.jpg,955573,2464ad6e40cb119e82838c0294a4da05a20d76ac8f99d3953e5ff6e2aba99e7d
img01257.jpg,2036748,3cd39f90f5209f19c4b93c3df9af34d9d0dba77588aebc07f5540ba69070550d
img01258.png,161301,02567231bddf94d8dbba88cf4e278199f2c26ad4d1a4c9ad52c499d6af8489a1
img01259.png,75222,ef2d7618966799ea5b96bb940cfc1be8e0659c69e5a394c87a234b95392c9da6
img01260.jpg,69336,eb63acf314b686cec16cc779218fa53505151b9b02ede1f902e00938d5731d23
img01261.jpg,748207,f415ee6cc2ccb14edd3c38e0bd03e00945e75281e86f4f775305e5dc962873a3
img01262.jpg,673450,ac6cd8b24c9ed79ca113246755906e491c92015ae3a37076ed8e6860816f112e
img01263.jpg,214973,8b1e68e036b49f69910eee2555f577857ce4fa7b6135750893e2c748ae8a2e52
img01264.jpg,60173,301e9dca0afb56e592ce56ef2c8f979aea9bf57c82b1e402030942191538d69e
img01265.jpg,403776,0f3adb0c8d5affddd46914ad813e0453d2ca8ae187bcd0019c6e54d8cd53ebd6
img01266.jpg,81301,a61b92103ed6ed7b12217272e2202da123ed2e9efd7789124430ddfd6a6310f4
img01267.png,75930,c70025a36238b009e99d3487397b6bff529f6adf2182e256ca92908c9c6f4220
img01268.png,124145,4ce650005c705677eeb9846fa74007f39d464e5f55523abc65b93f96da79dad3
img01269.jpg,446327,9b9e9f6ff7a20fa953c60f52641901b1b7ab4ce2f6491c44f53bd1cee2ec7eb7
img01270.png,592000,8f1b14fcece7c6f09824eb3a0b66fbb0ac55a009b717e16608bf3f8701593a5a
img01271.jpg,93696,8a576267218c4c8d0bec3a6a48fcc950822738a7b3500427edcb42b0537edce7
img01272.jpg,66286,68db7233d5263508e02a2f25a9659892817a2fa4a5924634f74fa40d8eed86dc
img01273.png,198549,f98c12fd8f6b79f9b03fc09a709539db04573b87621e3bfbc8d0f6beb5c80938
img01274.jpg,600756,9248325409dd44854b89d64a6fb98c5b97651e77428e5f58fe4caceffe5ad5e3
img01275.jpg,160942,acb34a588b08f53a29bcc98edda7fb34cd20247169b08f345b8f4e31c3c009ad
img01276.jpg,123895,f984786f69dc0803d1d026cad1e9fa712ac9102b9cb25dfd082f71960f4bf492
img01277.jpg,73813,6e52ca0f48a8334b7e027fd084d32cfb97dbef3c52c9d15940ce181590df3fab
img01278.jpg,55214,3fc38eff84281da14e6023336c99ab7b1726cfb9a2d19f5b532a45de84ad4da3
img01279.jpg,83082,848d7ee008e123a570e197148fc236b2b78e88d541421f212a46ab9ee77ae515
img01280.jpg,177493,a1ab5647b145c50ad29e755675f2b104a9ba5447702c4d22f1be3677121ccbe4
img01281.jpg,556336,bd7c2ac7260cd415ca20f4cbf09b3c6016b4a4fa061d324944fcdc206bb1287f
img01282.jpg,109538,c2e075d791872c70c1696f0d8248843575af163b8c2159433b483a96f2bb732d
img01283.jpg,1969773,88217bea84d76cf210209b74ac3411e617d2e746c515c210d4daab66922ca1a0
img01284.png,133046,b5961a3bdbfe0cd5b84ecc9c1c3ce1d63fd75b8dff969a3bcd2bc2a529ddc9d2
img01285.png,293150,5235bc14f1656ca845bd7f452e33bfc3ee3d775da57c13e8870f377d7113eb95
img01286.jpg,72203,d48f4b11c94fa37c2da2384878a8c8fa2903bdf1c1e8908fd42cdd0172f8f1ce
img01287.jpg,415806,56c14209416fd44078601a4e874c1422d840fc7c83fe4475b9c8d5847129147f
img01288.jpg,51746,cb11a7f80e6eb72b863ad066860049c4095332c351218560d5528c932c41c967
img01289.jpg,138952,e476ca54f8e41fc7d5037ecf37d4418be8f50a96162f8ec634a88df158b98f12
img01290.jpg,71728,9142ec5fdef79256b4a2d4d175560a3d29d1ab97b7cbfc0318693521b07fbb1a
img01291.png,808795,05b4f17bfa9c3553b265dd5fad7eaa10ebe5ed2c7405b63821d41f94cdbacac3
img01292.jpg,141207,526c340a2e0f18fbb8c8d7de0a703b8c0acb31dc0188c1ff3592d2e80ee2b294
img01293.jpg,108887,48e7f15c99a700d1a665e4e4c19090f8d3b9d7d2511be160043ab1fcd28b3098
img01294.png,174869,63d7d862304d4bfdb342c005bcd934f6ca37429628db9a9d3a34e3319348574d
img01295.jpg,71851,329402fb013956332812a2585e7ec29e2a2bce4e1c83366e06e94621bb8e778a
img01296.jpg,63014,00ef9f222d6c879de6976d103ebc7ed79ee61516e63bce25b472d3707d9e59fd
img01297.png,78395,f3f4108b1637575d4f4d735a05993aaa15d11927739a8082c4fdcc6d685002ea
img01298.jpg,86991,2112dd7d32f01ad2bfc524506108719f2885dcd9b6fab389ca1dacd47fd2da12
img01299.jpg,55374,f8f8970b2864c7be8b139a251adf3443707a791345e60c29d761219a69a7e4f0
img01300.png,566966,2cf6beab72f89c52d942c368deebb560b1167e1323fd1581087301235e912faf
img01301.jpg,51704,f26e552a536889eb95a68bd0b62c4a9a1b84b9b0ebb8c332a28eea8fe57c40b5
img01302.png,512874,d21c27018ebb45e6f4381af808656e8a11819cbb3b7c33a0cb1574d076568407
img01303.jpg,134321,06c1d291e95ba87bd2cc546c1eca06cf40ada477a423ce490f15e9c00916dcc2
img01304.png,464059,cdae30d209dd56f9fcd91f22fe3c0645a23681e0597c6835b79105266e65837f
img01305.jpg,131967,1096806d441350d44f0c893d959963b4d1034ef2436a51cbc541c64528839b82
img01306.jpg,533220,b6cf7578251c7f51ed5e79701b5612b40bcd194ca593955b6fe4e8b26d14270f
img01307.jpg,45722,cb84003b11536c70c05136cba6a6fbf31f6d9fe551b2c2e84115de5e41087545
img01308.jpg,79555,1bbcbbc43d09a7c93d190c7222ff03738ec1c4821b17fd907eb35029218bd832
img01309.jpg,39743,f5a53183483de18a837f55836c8e72c8fd46a28953de942c43be450456ff019c
img01310.jpg,95832,f7a9bfedbf76b2c925c738e065dd66f1d040ec09ec3406ed7a1eaec3c6436b05
img01311.jpg,45671,aae95129b608351efbba1446d645129c923dc581b04778d6ec6b94dafde15006
img01312.png,754382,88285dab5059332a2f23d26d6a1574eb04b8dcc103424096d88d5f0d1b218fdc
img01313.jpg,67371,eb713fd49ac93635cccb74381d607da117f683dbf666cdd7b99a75b48cb55c7d
img01314.jpg,65357,0a5fc5484973d358a10e87950389ff0c75bda6b19bb1755e5abdad7c61cd7a15
img01315.png,101182,5edd75f0fccbbfab14729ae992fedaea711e595e376a4a1146682429eae93c66
img01316.jpg,42511,449d26b8eb784a0b466fade7aa5fc741d322e835503edc11407998214f6843df
img01317.jpg,47337,270ad4812e56704719ac9bb0b63109ecf611a7faa9124f89260ea3f306a7e771
img01318.jpg,60935,125501b6e4533aa9cc75b73e154f0c95a6a59c1217ce2851ade9053a5086f2dd
img01319.jpg,155005,03cdb10c2379cbc1b2de60ed47f216512b0828552c588c70da4da0ceb2d6de0f
img01320.jpg,43256,93affa1998d564d79293b803bc6f98cc7fac4d28ef3f8159dd7b4fe487182f45
img01321.jpg,112377,0cc98c3e72877de01733100aaf6ac40d2f3f9549569f45c1f17b3492ee34c03b
img01322.jpg,116509,007a547b33076dc5860d5ed325693028209ef2669771b38561ef92163f987dc6
img01323.jpg,197793,4306c78f41bc82a09ede8995a27455d00e408d728a2d797839ed9c6a450bc5e7
img01324.jpg,91754,4c5d6740004a13ea2b1bcad8c32e997d072319515cfb4410c7095913d5034f33
img01325.jpg,105948,b9ae9add7795e20a8d908fc9168dc926d9474734540bd7bbf4889017c23221ef
img01326.jpg,39964,5b12c1a89445066a0b8619462393997427725214d4008412d93a0cb598bc7057
img01327.jpg,647748,58c381b4c0df7fb314f539d0bfbcd244ee71d3cf45c4d5afc8d85913e1731b70
img01328.jpg,927933,32ae03a6365cfe45c236718a7baeeed30876e9a1701619669a7eb672c33a9f2c
img01329.jpg,169674,9a9532f001369e02be9ef3df180baa29ac60d910606919083c6e71d2b45a8bd4
img01330.jpg,1051964,15971085dece440f7479dec8d178f0d91837c955b610a475f8e63068c5d77fb2
img01331.png,202190,5927e2ae2a4f9723c10f18e8a76395fccc1dd474baf6e4c900356f3e8f804d99
img01332.jpg,50025,d7a44ba4981be6cc103d902f3e0f291048fae75a9976f1046b86e7381942a9a1
img01333.png,213235,3a8d9986ccc0a046eeeb2e73c8c83b66a74923452d3e74fa4311657358fb3407
img01334.jpg,22601,591721d1caea4f5eabb1a79b86d99fe3cdfe55c3eb53e0eff77661ad09e8a24f
img01335.jpg,171041,9b8103e5bf30ee011a345f3eeb28bd6cd42bd8e9343314bd18ab04320c1769a8
img01336.jpg,23665,712423e886ec92fa0635e066d5e91449124d4b582e43dc52c6624ed843edd72d
img01337.png,1078499,71e8125dda4e53deb5013283ba97e13ee5783aa136e722557663af832b06c0bd
img01338.jpg,290482,f7f1090f888fc340675e9e6ef9760cfd7de53a509f4f7a634a3ae5ab7aa355f0
img01339.png,1664741,37065c86cb6f4c0cac85c4ab025b2958a57185a2f365912ae9e6f2384fa52e77
img01340.jpg,59735,0eea368e4308b025ceb4b23f9e40afcd3ce4c798eb55906be0574771688ad9db
img01341.jpg,36652,90d9519913e1fde1aa788299653a627bd6ea631047f8ad0bf11e1bc2ebd41866
img01342.png,436675,6ca641340d8ed05176083ab22a9808a00a462a0ad6497b94401bb7415c452ca9
img01343.jpg,49167,0a3f6b4e3891ab325993f2e189f0e399418df9ba02d94f48b26caa18ab7382e3
img01344.jpg,321515,0d45aab38b525f92972c3cc3f52f2d1f26ced3fc285edacc3e222de9bf1d838c
img01345.jpg,1242980,45b490a5467a16af6a54422523d222a750c72a3d36c8bac084e3638ae726bd06
img01346.png,484796,82c67e9ab1477e6fdf745fff571e102e3404d4e54903f88c2604f7d3f5d442ae
img01347.jpg,331962,0370cbde1f5bc027e723ba06f8953761b3bdd3539959b4035ec9fd3828e6dd96
img01348.jpg,1047874,bd5fdf760703f5559c767dca7daa081c5bb65c226c7bc5f2ff1e74f01d0f43b2
img01349.jpg,119764,3606f4bcb8fc812c8b2212686628061651eba144b80086a4e99e17b12f22cac1
img01350.jpg,78502,7d026adf23b6930cb36db9421ef286220276840d0cb192a805f24c995196eece
img01351.png,503206,3416c407ed8f5e5e4b2ef174bf092f2fcb1af64187afb7a658918c17dc2de8c5
img01352.jpg,251606,5b2cab9502e31af3e1c65be6b80ac0ceae647aca0e9521f4f6701e307dff16bc
img01353.jpg,238108,4120594692200e47e058d9cdd4ba767758765476c9a89105a687f9acc4381ef9
img01354.jpg,59463,4e56fab687dfc1413bfa92b60487f544c95e2fc2a1d8c85a62760bc0b1fb33e5
img01355.jpg,111312,b4cccb63ef725d818ae98956e55ca4c1d87c39d788346fc8a3846dfdec916522
img01356.jpg,155188,e59166e466c4b6ae4755c070083854415fd70a64b9310937ea4e6501ea30eacf
img01357.jpg,108073,de9996369423c5cb8b08b80b753730d5fae9b98237fe7eb04db5815466582c37
img01358.jpg,47859,935ab91d78aff316a4d05ea1aca320908d73030b869ec9ac465a39d0ea126085
img01359.jpg,124278,c1d7539a1f7d30fd89d1cbd209bf6fed7afb31d69b343187a32b67b4e017cb13
img01360.jpg,28277,f010c8f4c2ac8c19f010d4671df47d0241a3231fd3c5fb4957011ff7d0cb8e82
img01361.jpg,135767,5898285023bf4a4d4b8163c3a2419dd6daed905633b5ca7b8ba41e6fc96ad189
img01362.jpg,114084,384b14bc22245dd3dbba4d7520de5c1e4777498dc6c830152d0f0fdda6f04cbe
img01363.jpg,100517,d033aee42f8f312b77a95cc02c257249cf9429d165b86cfb1eb6710599f0fa95
img01364.jpg,209111,1c1128cbdae1615b14a31e0a51b8f17f7e5c19bb3faba205ae283a93951bee69
img01365.png,324965,66228f836d7bd487ec193491cdb6df2f24c0f9012674ed4bbdb98166162b200b
img01366.jpg,26223,9e2bec86b02e2e41c410db0ab0fbcae904432eb10befd6aead28206b638e13a3
img01367.jpg,64939,2091ae651fc7e23d6b93078b3fdbb5bfaaa433c7bdcf603e6bff9ce93a88c91e
img01368.jpg,73751,389ce54bf03fd820fe6e0c244250d12b076e50bdddb072e2b876127a5b5390ee
img01369.jpg,71766,7354575362d8124c9f83d5000b5ff8010a91d19c69c652d6224a11d4190dff10
img01370.jpg,31082,1a98a6ddbf3f2e599a45dc554b383e27d3bc0446e624be5bae3f4f3d541b7f0e
img01371.jpg,50170,61cd44157c5ac7a8283555f6748e5f1be5be20406bcdbd689d736654582be03c
img01372.jpg,50810,73e89bb0a909c1e246e506e1564f4f1fe437d43215b357fc62c1449e6411fae0
img01373.jpg,93285,5e035a961ce0bfc6c58cc58cf9921c110926ab60f11477588e1186495d6b1bc9
img01374.jpg,27822,4a72d4bc9e468d2b6533c589c69af96b4f06b1e5cd18e0b027d24e6a984fe3f6
img01375.jpg,100986,4fe30063ba63affecef3bf2516f3082a1d8d72a687ddc61d586220bfb4db6a97
img01376.jpg,28211,1da799752f32f0a609ebcf852a1a3fea7b72d4ee2ace0747143f30c5fcc632b1
img01377.jpg,43565,7123c819623f204dce6039844ffe48a8f7220e89cdf3fb3900a560466213ddfd
img01378.jpg,47535,ba29d755a584cfdfc440b5b748b0af849ce612212b4d140b72d45efb34f1b33b
img01379.jpg,69011,c2a3e14e4bdfc287718fbb47f37e61e57dd04ffe096988901fbc744ef87f0baa
img01380.jpg,53488,dc241dc38ae0405733730b86afb9d94c7eb96e050c21e1c5418e7e9fa46ce0b7
img01381.jpg,101631,863c5e8f1436d981cf8a13be76372cf750d32663fca9085bbe888c688a7044a1
img01382.jpg,75956,a191ffba6bd2716eb63d5e1e846656dded177dfc8a6eb2c01034776e16055791
img01383.jpg,50606,e86dc6871cdbf10e1a34c08dd3f1cf0579788cac75adf2053e016e0678de27f6
img01384.jpg,129903,e234ca025942e15ba71b56e87733e31c30b1bc5e7158a581537d3cb620f3c7a4
img01385.jpg,113270,66e06978c66c5f27d2e684143e8109d885cd0d7fdf96068b95e1a74a3d56816d
img01386.jpg,338626,24ec2c98e118f09d63fd2020c184a1759740eec6376c7ddd68cdab66833ffce3
img01387.jpg,95949,6bfc2f63a845f9cecf2df9c720b753e14d9fddd982306a713abe31170af70a5c
img01388.jpg,206180,7b85ce36ff771eff443b8d16fb83b2fee25c4bd5b1a77b866bf9ec48a456d4d4
img01389.jpg,796194,9ce6fbad09482ff376d116cdaae58377cea3550def498878683944e1859ac795
img01390.jpg,397012,faffbcad83e6481995434aa2bb8c4ab8f78430a217d6288c161f156cbcf49b9d
img01391.jpg,77741,370e30a9ac9deb411bd4d170ea7eca2458a5808179243bd2396dacafd2032ddd
img01392.jpg,64298,d74fc59298734415076b6ec44c07193e723fad71ce64377065a4fcc9a697e2c8
img01393.jpg,147712,c248b800b20317003d9bc74c78d54f0665fef84428dfa5e52cbde7a486c54865
img01394.jpg,32190,e47046fe6a8823c6146e19a408d52699c06a5f1b758adfa0ca84b3966214319d
img01395.jpg,132848,e8e0efb23e9ea3129f5be578d846be2b91b4587a96a731cb67d90214343486c5
img01396.jpg,28886,056301f9567067ce52b621da12c11ed20f0269d8bb0d5b68737f24e79653d919
img01397.jpg,162705,5ab65ded31c5bc41b21ce49c4be464951d1750548318cc927b54c85ec95235ef
img01398.jpg,125479,0fda56c535de1396516cd65256e2e603493f0ecb36ca2297c8f0c809a54186e6
img01399.jpg,84381,ae2d50eede9a29b54ebb9358957d7278b26d8e8aab130ed38fca6519ee13bd4f
img01400.jpg,167298,a7e5362e14dd702454360303588801b1063d3150f44e5e523c34810fa21248b6
img01401.jpg,49790,ebd5df9e3afa79056db6c2ee8b76619640718a1a32fc6b942decbdf6e9929857
img01402.jpg,58630,83b5ba7f91c40f6ab1b66a1db512f7ff9571d64ea4961aec992cb8d96a888f2d
img01403.jpg,238012,c93bdbab1fe42db2c061057f8d6e15e1ddbbf644e7c1d166fcfcfcc25c46bdce
img01404.jpg,107068,d5cc6de2a9d45751f1521b25d11afb5e86530361800eca92a0e09527b7809ad0
img01405.jpg,56452,684e1eb9812532cf1a9128603181c12318fbfdd28efe68089187a53ac8e1560b
img01406.jpg,74277,99ccbb36c4530b4029adfc5edb42b44c8ef914de929bdc9be2b777de8eabfda3
img01407.jpg,97437,560f465dc90b80ec6a3d577070efcce8c9e261e80aa9961658bfffa4cedb2134
img01408.jpg,439630,aa4d91bec1ef228b1afbab6822324fd4c4ff4575c940883a478a00589311e21b
img01409.jpg,126215,045b558b352f84641cf99f5c481cb878b7c719c550a7263b27dc2d878699467f
img01410.jpg,69478,4345a3a48bf9a0a60e2da14dcdfb0f47e9170d42a5e542b814b7f6f979659d1e
img01411.jpg,39318,4eeab82734d6768da76f1d7a36e16967cf1321326a624609de8dcad3cf546650
img01412.jpg,345522,78ae65350580c3f1d716c25005047943754b500103c3165ac7c1068d3a4ceda0
img01413.jpg,96527,30b1a08b1060921c5c5d4d569a25aaab1fa51dcdf0de93b7fa3dba7c79bbbd41
img01414.jpg,325528,79180d1050f0f16b6941ce0ec823913f5a281d1a4f6c1545c5ede0b652aa1ded
img01415.jpg,64473,08c3bedb3e1a1aa05b1bb10a134c87e49250cf48f680024d09300f0fd8c3e0a9
img01416.jpg,193660,e7e8a7a15bbdba1861e0f2b7acfeec82a15a17b1b875ceeea827ae69d3225f6b
img01417.jpg,109364,bed21d68f5294fd5b99e18a676762046bab4f8037ef8a8f6ae302c11452ecfd8
img01418.jpg,44898,e125536d5467d99762724adbf3393ec0540c370762f672e5944635a5a8786ad0
img01419.jpg,67550,3c9818df8994e79cbf1c5398c23b2ce2b7c22d2ce4a616bc1c37f793e7e6523d
img01420.jpg,36241,086163fd389c4ea8480d99f470e9052226f85e95bbd26ef0b5aed9bcad0bb9cd
img01421.jpg,113445,1160f640c4301d9b4fed26248ed37b18feefb0de5aef7337a26af86f9376a8b6
img01422.jpg,160007,53b106e4da8b88bb2ce50f571c0d04a1961d0de20775256478ae511108e51b84
img01423.jpg,30289,108d97c4d4932f063ef19cdfe7a81fb487100cd85d40fc479771c421fd668ac1
img01424.jpg,81824,ecd35b9e49599ba9c551b4108fe51f896c787821b79eaba2f952f5ef8f3ec89c
img01425.jpg,198229,662e710283263b2408d1fcf6b7e1a7b8dbdce40ba5a25626fc80b7680a5a2c4e
img01426.jpg,844724,d27f163280d7a34ff6385dceac0f8a69ea780926e125ee883489a625871ea716
img01427.jpg,41611,9cccccfcceb747fb845cb67326b5c73fc842add9619073cab76b6ca3a8bd12be
img01428.jpg,156819,99a7a739b60f90dc2d5546849d0c1d4394d719a4cfa983578a17f6f40099966b
img01429.jpg,165147,5922ee869f9d17797d82adecfafa4db521f7b85e629f010073ce1c82f3f7faaa
img01430.jpg,75567,fd9c5e2faaa653eeba2a4d2b78a46efec2b9b2f5fcf1e1964b53211889b0805d
img01431.jpg,58282,43e72fa7a8a55455450934693afb7be55547fa5c2b013a1d3eaa0dc29427efb2
img01432.jpg,166590,820cac509d3f0d4eab8567830ac79b3cbf8bd1061bcd0077488585a247bf7cc0
img01433.jpg,296864,d8cd50d102d3019117ec33df02f43554b68966de78767ba991d4791b9d3a5e4e
img01434.jpg,240078,a653029e6de8ea83bbfb3ca7b072b04ca607630649c511982d21c25d1c79dd31
img01435.jpg,33528,e3b12333a6147b420288b172f2a2efa1098ba45315db4fb793a73e435b59fa6e
img01436.jpg,443399,c41aac8bc2cb94036efa8e38729abb72244685e3ce996cae339cb0916c81424a
img01437.jpg,254866,88cd4ed2ee6cbba5ab3475a29b186a9a8b39e9c1f9f0ae0cffff7576c58a5315
img01438.jpg,34047,9ecb8805b515038653b683add740166a9573fec224b619ad7545d11189049541
img01439.jpg,155360,e1738ae345d78e8dae69d077b2380e74a1300024e5a95642bf28c62dad5a2a17
img01440.jpg,26789,c1e37b613ff59f5d5de76a264e6fc19c4cb9d944050430e4501a4c282b2b53e3
img01441.jpg,146502,0e9ab67056f8fed877fbedc10729d3fbd749a30a1a68560b4fdab85d0120737d
img01442.jpg,39810,b002091927ed81a18040bb9d7aa60a95a5a489bc35dab73fe1d3cb72a5523376
img01443.jpg,96878,b6996e7af1d64d877530b7c080c67d60789bcc1820735e836bc0e19e50c8f73c
img01444.jpg,59759,5dd03b2556578dfb57e77dcd3e3780a3aebe520b76a622f3537ebf8e19b75fd9
img01445.jpg,109683,3f969749e424432574503cba46007f84a2aa4cdb09f62a2ee70ea93e50fb3e2c
img01446.jpg,42927,42d6fdc6bd582e160de4de10a76e5085c4d9958d9279ac5aa2e482ab55bee94a
img01447.jpg,66157,ff0376aa7e94ccc4a8c6a6fdbe02efda9941f6ee1c43fceaf7f2e4a4b6530b3d
img01448.jpg,174616,2c6679b8274856ba63556a1e988381b7221c3ae2b3f41242b2684c17116dc6ec
img01449.jpg,108729,ef15a34fd685dd306c6f090a5a621200decf99ce5f6adddfe7cccb616bd79f7d
img01450.jpg,205151,bf736902a74044470e63965edb85c9f7ab45b1cd53eb8d660f7921b2bfe9943e
img01451.jpg,255759,834d0d7c97b9ff10827bf10de740287f3b14372eebac215963f80b223d6c3ace
img01452.jpg,110500,695dfbac00aeff4815767a90a040ae7e8cf0e09e1f3b4f57050ec2985e26b275
img01453.jpg,51694,240382bb9761be86a6599ce35df0c885aa829a1132c8803223e5c6542313f288
img01454.jpg,65490,e5ffc5a24a842ad095273a4f7d1c403d03e566270cb23d8123776519db09cde8
img01455.jpg,249554,73ec904f785fd1b72f5ff3e0e8b757cd51d8f205150fa8468985dd4d5926e7da
img01456.jpg,57010,59376fa6b7cc54e3ac0ec3ef0361f31155dad95d23a3fef2fc44865724dd6b4f
img01457.jpg,71694,e51b9312a4653635fff65cf169ebdc76eed88b87db3492c25fdc279d99e01ada
img01458.jpg,40476,273137478edb888ca4089cf2f78e7da178199681db04140702a4c4da22baf0fa
img01459.jpg,133733,d8323f81f5be7f6b2e992400ca5b47bfb9b6e40bf309afcb9e73190762449282
img01460.jpg,69485,8fa37231d80d5f8c8110852eac9d17a2811be567451db9b387601f849f350cb8
img01461.jpg,23500,7fe9329dac124dd9bdb68d968a14889aa1afa91826403e40fc90058b2dbba68a
img01462.jpg,499775,ed4f131b465fc8f55eba340aa7669303f4eb13b83ca80b8bb2c6a8d9ecef7669
img01463.jpg,165289,0c5f90813dcc4c1e776873f526e8de285405a5706a88f845ca4849c6bdda0070
img01464.jpg,91845,6d71b9ced4d6a0eed92fb0dd657ca92ed91b433d9b3f6f8cf30985ad21255ee6
img01465.png,81954,f00d5114a4c36329862e5bf4a5890ed90252191bbfdc8c00083538d6e36baea4
img01466.jpg,55990,a2c5980ea3da15fde0aaf377c824b72dfa96076025983acc337cd3c2d85fd355
img01467.jpg,75264,669a4da83e19eeddca8a5e2358e43ce01a218735d2419528386706fec3326f28
img01468.png,11453746,63fc7c9678b66f7086cfd13add20dd49e80d857ef7f504c5ed7c46cbf334f2bf
img01469.png,1480212,09916c68533c7c9659bd1a47ac2c3ccd4cc1c6c37717c132f35b6eab6ff303e5
img01470.png,1380184,b28156c70622bb6a7b1cf5b94b27f6224cc57745c47d90160374e3cbbe25094d
img01471.jpg,91769,4206bdd32a27c02094f0d63decf82ef3158627edc5a9bc83ac21fe94b9b3c786
img01472.png,3932192,7587aec85fd3d04a8c54f35560cb9250bb27346b0816f2a26592eb15dcb981c8
img01473.jpg,40163,946ddd18ab8f80dbef3ede5de7e686f60dc47b0a63f6966ff0b326a3500db25f
img01474.png,889888,bee92bf91e6982b6f5b2cfd8035298a5fc7e953a7fd0dfc5c70dc961f25c2cc8
img01475.jpg,367044,79e2fc8f37603323d2862c482035614ad7749ba3205e34a0ccac69155217d8f5
img01476.jpg,270333,181025be0248034feabeccdbdba486363096a94001613d4a7981804534b0d47d
img01477.jpg,121940,7b285c52619457ab69857634f6fe9cf6e86f5fa0c8da8c79d2e3b29b18fd790e
img01478.jpg,124457,48e3c5ff55b9d949a3bab51490dedb2b2fbb09e945435252e9120865eae51a41
img01479.png,1815217,bfff67b3e2d360807886ac0cf33ee94c6ef4c605ae446a8375c6ebcfa3ea136e
img01480.jpg,57292,b9e371f2ca771b5555ab22fc7705eae88c8cf7909e224b23b4d0a97815bf8db8
img01481.png,5009258,5247f94cd28042630bd64312fff3e96db87c8e9c0074d27ae83e85807d6867c0
img01482.png,932903,9c30594530e46767a5a22fde670326e8dccedadf0f965ff496a64851925a61b5
img01483.jpg,101886,a5002844fd90c375fb3296891195cb2309217c4aa97952aa7cf0e90a462e4edf
img01484.jpg,30437,7c05c39fc1f69ee1ea25465196dee816c64798c28df020a41d9bc9f379fc55ea
img01485.png,1476586,18a5857e44e501e23e0ab2923473f2c682c648579c626018f9b954c5cd2e0b78
img01486.jpg,122366,13472501c0508b07bf031b6a2bccf5c4ddd41660ef7fa7ac86bc62a8de8cd879
img01487.png,1072832,00a0b9aaa6d1306e06ccc09aa6797b40f59176f649166632ea6d020689e5e62a
img01488.jpg,306646,5c5a19f1de76eee03b9d04b8cc7728af2cfa08ed3e18931d67cd0150d2e6849e
img01489.jpg,58602,516d51fd7b5e90ea735ff0bcdce495ac7c62edf2994024e5659693e015b522c4
img01490.jpg,155692,3ec259e5fa862d881ca52144b6a7e49edd0d48c7f17a940e41e9bf087a007cc7
img01491.jpg,237149,08b8f3747925090172a0039fad6a930cc78d7130280e231664db6dff74b9ff1f
img01492.jpg,13987,710943b7f61c70f900aae6f5e38ec760a470279cfc4447323931d468230824f5
img01493.jpg,117358,59500deb969c5567bc38666252431c9ad271ff3510e18fe752ac125582177779
img01494.jpg,194440,433374ad0e7e7760e4c6a3930e3a5efe7745bc779c903d4ccf2f7c006782f348
img01495.jpg,921509,8c2bc4fa0d84f397ffc9d8934d3d5384d4ac9a4e9711955db021ee4459e6b5cf
img01496.jpg,399372,845316208683af1acdac7a9ba1cf7b3d2c91e1fed7edd701bfa1f2dbb901db1c
img01497.jpg,1053252,285cab7389100a1c28ca6a9d889e331ad58d73a3a2130de1b2cd4a79f19bdce8
img01498.png,1979383,73d83a110650c81cc50f08c8dcf839639b98f0f0dec4def5e29296125a8244db
img01499.jpg,20037,1c4b2c3cf8cddd3c1bcab99370a9d340d10dc5c0074cf83f6a04855ca20142df
img01500.jpg,270765,e64ac4ea243a77e95638387dc5ad08c506f7a58ad38e4441eab85aa872fbfbf0
img01501.png,533260,9d3ac1c8d9052e35059a04a98e6f21e79d74381a29e44aaedd60c9dbc4ccd35f
img01502.png,7604970,70df94c9dc694eddf400cf04bbc901da0f2c99458208dd377fc5bd7c18bbf715
img01503.jpg,102074,ba4d80057229138840d8e837d483df7c060e0480a2ede811b442f4d33a877e26
img01504.jpg,264712,7d26ff70a5ec701f085a49d606411ae22f39543834d60f68349a31ee10ca4707
img01505.jpg,194965,5919622278a9edc91164784c357a7acd4d764d3ede5347dbf84a9d9f9ce71c26
img01506.jpg,316340,5eeafe52f05e7c48938d088bddd5a4fc443ba6839a79bfa2f2fb839b15bb3b83
img01507.jpg,1350986,725773ab56ac8ce9e9a88ba5b5d48aa416147c97d9c80255f0b2b669cafb02fd
img01508.png,955105,6b6aa1a680127a6bfd8b400c7af92605b34db0e2aad4663d086c83bc4ffaf102
img01509.jpg,338271,6f5c4bbb1e1e0f6d1f1aedc5b18d771712a9c8277aad6d3a23e41aa520e64fe9
img01510.png,2755854,0e3f65778cb11622f182ddeeba304a78208d782109cf608732839d3a3d1457d3
img01511.png,1348438,4985b809377cdd2e7257d9b645a50bfdfbfed8d6a3b42763c8eb72b73c09cf67
img01512.jpg,65724,de96b280c67472df6b11005fc528694218311b98ce0336e4e0d2c07b829d8903
img01513.jpg,1489438,c869529062cf3e4a0e739e4a7e71c027ba51278062130b43c55cf72750a1f65c
img01514.jpg,94422,a381c7ec32fee544613d6f62cac842ce8f23f040d319c8128d09244ab4179481
img01515.jpg,467047,d920170a40af2aaaa0f569943a734903035b31cde069c66629e36f432b39e64d
img01516.png,272066,c00f72218554569b846b1ec0c164cb195c98900aa24a71c862604c7c63f699a8
img01517.jpg,127343,07651cd5f42ef870d738b1e1e426bd5e9efa316697c80e74c9a974332aa7d1e2
img01518.png,165806,9fec0e1f864a10ddb173e4b034e742c795fe905bfb138d03ddb349d9ef3be027
img01519.jpg,268129,0947cd83d6176eaa12a5ae7aeda18b6767b2effa8fadfffed462445af4478f1f
img01520.jpg,276940,60b317583572b448652f62b6879e41e4139d4727544c1478e1a3b0cd71ac3c0b
img01521.jpg,213994,32ac4d0ee33ea113d55001f421de1ea2a157a09d9c6ebdb8298e25706b98e199
img01522.png,63163,9a15b74b4ac4963d22a108232c7d781d60ae1296f0d464bcac55f31001b283cf
img01523.jpg,276737,9f8992949c31c5eba323e9b3f2b3d7217cfcfab8e4f6fb2459b458069c25f485
img01524.png,4108380,b76e8ce43ad37919de42f560b6cc1794ec2474c89acc2baa90ed2af13fa87648
img01525.jpg,277963,4a323867ec81bc42167683ae6201826a4a349e3e3ed54cbea5ac6586c3ca4753
img01526.jpg,78821,63b6cf0f8de01eabe2c088e2555df75bd02cecfb799585effe78608324698e3b
img01527.jpg,3855943,1f072f76ef3ac42285f704febbf94dd9fcbc879c4d195c1535ecccfb442eac7a
img01528.jpg,92950,790ef9d970fa32bb6f4791fcc01406d42542eac5c7527a806c5c8a5e28856b8c
img01529.jpg,137359,1e294696bc7ff322a28bed4a90ec4507efa7cac236165e77dd0439dc93c1e676
img01530.jpg,177484,f6e20d6999612628a896e409bac42676d3cb17ab9c73f95de9cf21a777530036
img01531.jpg,240542,52348b589ab1f9c250066a4e66faa29a83736a7f8c10665f551ecdbf7c4c64bb
img01532.png,2453437,04d7bedf70fb8e6d39e5079811582e49b8ea71778ecf7f5ea7ed627621290185
img01533.jpg,300552,a2ad4cf4cec6baf8dcf8c99e2ce3b767c18b7a5d9c14e6054cce66c5a3e20b12
img01534.jpg,236738,a56e19e988242d2c76b3cac7d85c54715486b782d14787412c192ed0064e1354
img01535.jpg,240328,9f15b984acc93d386fef942e72fd3900d1d876a13af78647775ad9b16d3f4473
img01536.png,275414,cd4a24600b1edaeee8dbfba30e53d3d202f7abfed812943d0724796b10f1084a
img01537.jpg,73227,1e1315f9e1f20d984c8cc0b388c422dd785f6bb496af27ab3182108e895d97cc
img01538.jpg,2366252,9c74af96ebe569b4c70f5ccb99fdc6e4d6b57a1ba50b3f78a0814024e5ada6c1
img01539.jpg,1607329,5263193274f770281b489694a962127fda088bd23151b24ba7f42889aac8579b
img01540.png,1010150,5a1031ce72af6a04fc135fbb0a3bfd9eb74587f46f170e99ee876e1c0f139828
img01541.jpg,168130,e1f8343fb76c82ad076b68038658481d731e45dc2dd28b89ac8b78a8e1d9d649
img01542.png,1095942,d2cc4d209015174fddef34816dbb2b05b140cbb1bd5661622cefb6ab0bbe1ed9
img01543.jpg,1881330,ec4d2b253ca0bf91718ad47853d7c7c4f1886be3551ce47ad5e66178ee0d78af
img01544.jpg,237675,5e173d1a840be5f1c8fb80312bca0bf7a309ebc60ab4d38fbd1580906a1f0ef3
img01545.jpg,2279868,524f8c8bb0d351e694e10ce260ecffa31c50c6c6ff31101ba1187f9c7568c169
img01546.jpg,368932,1a59bcf66f130a936868348312fe72e5bfc3e748a88dcd86d24e4decef7de883
img01547.jpg,104782,2e8bc0194f66c793080b87ff7cbdb6f035fc5f904b66d82b30a478c6ccca8df8
img01548.jpg,183569,dbf3e2ebfa2748a25f4d218e5fc6b881d7524b8a753bcd8b0ac95547c2d5d46a
img01549.jpg,289387,ba6320df4bc71b9aba7c9f69bb9665fbf8247b2f6e89c18a714479b889c6df30
img01550.png,1209337,1e376e854f7b1bc1fb0b05a74492c0b2140ec3729d13a2ddc3b4b001547092c0
img01551.jpg,109153,2a741f25b69d552607f533f3d6811563fc3cb890b08c746c496c4c1a69bc5299
img01552.jpg,91176,cafd1346bd611578e03d4007c48d84a70680418fd3860a9933170046a46631a8
img01553.png,1720534,d4476acca6e8cfcd27ac7feec8590a523db08cb1f322d2ea5131872b04156f0c
img01554.jpg,229039,32e398aa24866c1c72c4672e93d1af1c309eb2db60effe415b9345dea4b8de35
img01555.jpg,802018,bc123e17b9dd0e43f403685f2c7bfa887e0dc0688b8a97edd009a1ba54946429
img01556.png,3257272,09b170da9ac07de2935b62fadaf3c2877e8364b6a114d823ef185663b50f5d84
img01557.jpg,834449,dcc70b4f791504f0ac8027a374486949e5dbb66a94d3a9aecaea03a58b403d10
img01558.png,822605,ccc3e528a254ba2f31428112b1571f665afd6348fe51fd7ddbc2d52873aa0938
img01559.jpg,677871,c547be7522a7405d16cee8d5215bc9527390e16fa3b2dd9147e596e5446a14d4
img01560.png,2806625,f1600b14cdc5daed81263c35d3b594f59ba01ade30f3dfd6f94588f7ad100d6e
img01561.png,611147,ac453b5218b74da1715a2117140bb0b7348d849d15d975a56e3f28e94b00d63d
img01562.jpg,98263,f950f5a38d7be16c01de6fba6864a5979988c79575ae3fc7eae86610d1df6555
img01563.jpg,116229,cf9c975ce077d39569537c05b3b296e9e78f27595ab037689b1f7728fd3660bf
img01564.jpg,788273,e91158b7fd95552ae8e4d63e9ed4ce82adf9160c27f68bd4c5bf149ec86f6dd3
img01565.png,604357,4c35ff74087b87800e9106d2958e5d6b5aaf0ab0602b68513de5f8f483617873
img01566.jpg,134278,f49bea353e30560a5e5e0125d6eef4a144935de6efa12a8d0fe4d67a866bdf8b
img01567.png,523769,6900ada6d932da98436cee4ec4fe6d4affb83e056e0d120c10452dd03425f33d
img01568.png,280718,e1fc300891bcbf428d5c457a0febf3332ce30f7bb5d5d1809b0281de42b0036a
img01569.png,641320,9a017ee9aec57078e701a2d2a175f3016837efe1f8acf0b584073368decc6c9f
img01570.png,718771,85feeb39b26e5535a9e7f50193b2a9749d6c1b0ad118f173ec8de204db16a9a7
img01571.png,472722,30ed32932f1866093ff9c05af64c96e30869388cd12fe38247b0c99a004cf4d3
img01572.jpg,198691,96f90935223ca92bd0aa3b6ff9459e18756a2603da5f21cede9a097546353558
img01573.jpg,145318,80053c4d214674cfe64dde17647ec9a94af1edb220c6cf93228be35fceded306
img01574.jpg,68769,1771a715e42a3834436f6a08ec684adb1c078affef2c091d15a6b188080c4848
img01575.jpg,128248,8f4b253bf50314195ab52cee7840aa838e4d8032d57b8e2a4cc4fb2e4590eee4
img01576.jpg,79315,2c916818add93e06e7b9ea8a5b7a1b857e8666ff99f51842882bc47d2cdf6b86
img01577.jpg,59313,ae06b1c1f2c0086239d1c7030009782c4ae5187b30bf8ea3c67d916f97e2470b
img01578.jpg,33500,a04e4ade51eee91c46a228a0321b93604f8233181190aa26068d18d2643b477d
img01579.jpg,288069,607ec72158da5bf02176e472dd739c2fba3fc72ea5e70ce0bb1ba0e236f3b3e7
img01580.jpg,450152,7c119f5fc54dd1fd02732810025c5609d3ba4cbd5a3e4041580b550f830bf080
img01581.jpg,341736,a23d2df9ea33ff76f1f455d78e358978767f9a1e83a74c845fed40695314f803
img01582.jpg,1296306,155271a4ce8cef94ecd1590eb15140a6d47526f9ce7ae8d456792fcc03d41206
img01583.jpg,1147279,0b309f9c841c59665b01bb0b9958d31e836b187067e65470cf761680f06e8cf5
img01584.png,1322194,1ed842baaba4708a63692d0b2c541453f4b123c73d54ef494a962c1a033efba3
img01585.jpg,130259,2250a07938ae9781fb40f1cfccf08633ca1cefee838178ed8d847c2b35f9e840
img01586.jpg,87039,c22d38c15cfa54959e57102dec50248133e5a763874b325fdd9f2356c8918df9
img01587.jpg,127382,3f8a6950a696bb35601516196b9215fcd98f5de252c5023da35be83975f516a9
img01588.jpg,205437,e945142c4c39ec8b00710443696c985c6fcdebc498154c3b261031edf5b91cd8
img01589.jpg,20559,6302112b2efe5918ff2e5842ef5f6780f454fca848333e788a2e99f434c4dddc
img01590.jpg,15234,a23bf091abb4aa8f229253553707e8385a2a7474c470696c4d517b2db34a0bdb
img01591.jpg,102917,f1163eccdfdac4e3c75d4aceaa6e300a35ebeaf6dd81fe39da89e1f69f8f40a2
img01592.jpg,14068,3da1d0fe60853c3378eb2670c343ed078470c68e0765c555caf2c72aad937da9
img01593.jpg,122732,b4d67c4dbde3b14b2912005088953197eae353830cfbe748c6189d641c46e837
img01594.png,421262,e0893ff6bfc508957c1dc8826cb08d8def3f06ce177c067f75ddeea83e799c80
img01595.jpg,609980,9df282624717c4d3d46974651ce9a0471caa4da72848cd97821405db30aba1ad
img01596.jpg,724809,a22ae3dc34d9197b3f539016f7510b3c08525b0af903bf74bea3fc4a674f2f9a
img01597.jpg,53608,156bc0aca0685fc25b34edc5d287add086de975391c3a2e99bbe7fcfba958053
img01598.jpg,257771,ebd4b36bfa0af6d47741369e807176115c5c9394aff87471cee2da0bb781f52e
img01599.jpg,42980,d4ef5e95ebea9be1ccd54f6c619cd2c72f4c228630dd29a8c7d7e762df491b46
img01600.jpg,658680,378256a623c826f2207fb32308626a6d1741f2466520d108a318d21ba23e14b9
img01601.jpg,731601,9fec83972a05dcb1bbbd79b728f52cb4f935e79a9b4eed92f476dfaa1683c2ee
img01602.jpg,51030,643a1dcfd7aa592aad137724bf6b7ebc5d33e9edfb01aa4dbffd941b8d4205a1
img01603.jpg,104779,55b2ca6c6735ffa28071cb50c43a258f06478359be3cd5e11524ab579471c88d
img01604.jpg,20728,0f96532f44e6241ee3e855016d91f13f9261f1f7ae6534e8269894fd630f670a
img01605.jpg,285155,0f59739a8c7aa054aae87301b5848854a5cb68aed1e7a0906060dd202e3808c5
img01606.jpg,130896,1b23fd6b2b004b8e57b6270c8b656140edc4430fcada395a8a5f38c72f95d2ad
img01607.png,597930,a16b01abbe8dcf5f557cca50e3fc8ed88ede85413b0cfcddaf4d5f40c199f653
img01608.png,735069,5d3d15d5f1fa07c2ee57fd4b0f9c84e45e7acf55bae475588c44380821882ebd
img01609.jpg,724613,2040411ec840ba0b19bb38f1b06eebd61854544c25e11ae6a4f4670aa4f3dab2
img01610.jpg,87709,2f328981b3e954a4bdfc55c44f73a211be99e797ea271d8bb6187bcb64721882
img01611.jpg,554033,20f0b36821c45427609f46e6c2b2b9e2b3f7e597ebe78d2bbb4b9eb2c6a58e13
img01612.png,901576,cddfe787ff445d8526561a3cfef5a30e47d660a44f38feaddb5b7dc10f0bd628
img01613.png,2369611,61e5abc70a0574d52834081f2f88d994117f890926ec74de1d2af2bb9d3c0641
img01614.jpg,17243,f4ebaf9e8290ea2f9dac492d33980c9424ece9896d22e4f455eccdd1df50c4e7
img01615.png,653908,b4e72d645d46c40e9a2321998a05bb9c6cba540cfd6d65ea708965510ca3bb96
img01616.jpg,665457,194343183f86fedc3dea4bdcb4062739a69a9bb9c51f80c0b29a62459d21a904
img01617.jpg,39854,74b918e0488d1bede6fb12db264e88ba47325ec94181117ad388fb67c8affab3
img01618.jpg,66451,6c239535080629e4de12d6d23153f0baf7526abc53bb5401692ff393fc46cc50
img01619.png,841800,9ef35ed3850cd3990ff527d5cf3d37a24760eaffe0e20c1e10b705ff98dd584a
img01620.jpg,71663,b42fe9bff6b2697de08ace51a94c19a2fe0b9b7955fea20f69770f091c268317
img01621.jpg,363409,fb8bd9dc4402b2de7ca210d1f8863f9529af8a24a4e4ba62b6de9b2a3dd06ae8
img01622.jpg,13886,8f5ac6967ad9d50b1e48486ba332364011b2d701edd36bdaec16e27b2c83f04d
img01623.jpg,61483,57006170555d3098509032f7a69e2debba3710482c07a5fc9b0f0c340123dc43
img01624.png,607882,2c3e435f62dc1474b108dd9c811093a4422abbd1c997d5c0c29ede2d0f1de251
img01625.jpg,118591,554a4923d36fed66d818ac11607da2251b027db911f5b8d6a23bc60f4e2c3f90
img01626.jpg,18041,595bc319093dcf302e70444bf190885baa198570fe8421f10c6ea16df2729c95
img01627.jpg,48435,06f6a351ed9020c3fedc32217308559a10c21c2a6e781c8fb84df4bddc54f264
img01628.png,467243,5d6b32b40555f591c9b106d331698387dc80f78ecf2c41e85639fe6773cffc7c
img01629.jpg,160588,2840b20f947909339fe1c72cf55749e0883a913bdf9529500a43193b21b8a5eb
img01630.jpg,96129,39b9d38097745c1dfd08869ef786c21fe77c0dd1f72933d673a6cbced30a3837
img01631.jpg,2318685,1256af68327d859a88e2752a18561c187445d65d085e77f8552a3dc1db06d5f1
img01632.png,441657,2e335d6d71a58f7f0fef2138cf40c8f33be7810f6253fbf02639ed0f7f0fee21
img01633.jpg,62104,8c562400d99de3b0b9f1812980770cede73c47a2989311b68e4a40f56f1951da
img01634.jpg,1664712,9d7e5ce22f315054c2e054bab8985705380a911542bcf4403187f81dabc83cdd
img01635.jpg,14633,c6f724fc60669c9091e0213dd8ab1f7ab6be504a821bdc6ad6f19bbeae21df1e
img01636.png,399241,ba061ecf93ccfe86f29bdb4736514d39373bccb9263a4eb8632e949e0a07fcea
img01637.jpg,560055,0ae9373c49bf71cbeffc92af715c45df7445b2f19d4c5c4e44be9778ccab8ecf
img01638.jpg,240345,117d44c40e467d76fe23aa5944c00f6ff5561563d17fd82b48f086d82c508bc4
img01639.jpg,35960,e651daf4d4d43b631934cc1bd64320adcad4966812fed013effaa39482b24530
img01640.jpg,39165,185015148df0b0adf6b9e28a8fba05e6523d994af5d3de213b218691a5a57c3b
img01641.jpg,60450,0dd62282f57dd29f5704151a94f864707075cd861e04c08cc2b7adde85134400
img01642.jpg,39045,7974dc55f17cec918229da349fea6831612133166b6348cdd6bf93234728808d
img01643.jpg,52708,e5996113f31f4b1b56749858114857c65679a347e0ec360096c913cfcea82709
img01644.jpg,159892,e018e74ea55e4728cf7bb7655a7e4c1be57d572fe5c379136742ee964707fed9
img01645.png,2808740,b77478c539b2d04804462f6115ddeb1cf3005c4e72489aca43459957b31fa7b5
img01646.png,2089739,049237827bd07ddd20f32b8799644558bb8da5504daf02b928e780d05e68dfc4
img01647.jpg,128354,f4e54bd0da54afb0c1c4032e0e546d869af75c13ae09a412c4ab8264d4ef5519
img01648.jpg,221628,8cb1d611d6bcba6890318f33f9023613f22454de1837a8a9afd96f5f52868829
img01649.jpg,943355,f2b33446fd771909540c780530b915f862b05221cf2fce611f7dbb0af5ddefa5
img01650.jpg,192009,6bfea2e4853c7fc07a3596a98c6ccc64e893d9f139ba020e6195c3631e570d46
img01651.jpg,355000,7183ff094d2dd203e99edf8ab4e9facbaea089badd835b029762d317522cd174
img01652.jpg,335620,6c861a8140cf64042749242cdd5033bf84e527938309e14d91ec869dcb541b5e
img01653.jpg,19952,1bfa1737644f8558670bb02ba0ae787f0269d0479ae290ff8af126a090449b2b
img01654.jpg,245283,0ae0b3c6762be0e3a8349827e5dc66abbc20b12a4579cc120ec5c1bdce357d3e
img01655.jpg,399874,961a31aa95abfa1a891f73ba879d5532aff49e0434341bcba8023e5a050baf05
img01656.jpg,80423,c60b2bf1277233a719f88d7fd85bedc0e44d963ffa961ee35108775bbbda5909
img01657.jpg,413950,b2acf06ae17509b212eaaaaca280dfa3be7f33f20113248b98fd33e889ed1bc3
img01658.png,638606,a7d674d4d305b15ae9c42cf617b8a029a21b61b745635e9b722e9b00740eb4d4
img01659.png,218770,ecdf67464d2c70c8dfa9a6e77406d40cc46518738b47374c3647ccb5198ba095
img01660.png,1072681,42b09c7598f5eb37f7e5990d288e103b97337eb0e44a947ff1f1083efa24662d
img01661.jpg,90229,25d0df7292fac8d0bd468af8fa8ab75d1183803d82094e1e6cd7a2df5e474279
img01662.jpg,587422,046940a0371a9403c063fd7421c0d931b7b0ab07f96556695eabe834fdfd3d5f
img01663.jpg,983252,a986f7e393cb31ef9e5e39674082a81e4db1ae35246cb9f2f5b7ea4eec88d9a0
img01664.jpg,93337,1e54c7309679ecd0d466b89999fdb862ca85d027dc11d244bb29aa666c4b9ff6
img01665.jpg,126362,04b2434b704bc6b17885703aa4b430e47881e5870db437bcdf08d9b6f25f9c30
img01666.jpg,113477,199c1aface1d61bd91e771d8a1e6014f57f19e1672939d3b622370cba1e0bd89
img01667.jpg,73606,3b625fea6630116f2c143e94c9fe0797246c06aae3d3c97fcd34ebd61c07f9d3
img01668.png,1556853,ce09c04667a9a1c3c0b205d4d83419b3652112ae03f07d915630e2dbdce1d583
img01669.jpg,78830,b1f487f7cb8e5b29c11e57c909a476a3326bace6a64b64f89d7168986558ee1e
img01670.jpg,493875,cb545d507466770cb4841ce5bf1f8a279875a0f168caa8dbcb5ad100bb0a71b2
img01671.png,1276976,481e0897de81371806a9aff36b64eed328c9e4ddff1f7762c43a3874d07f3daa
img01672.jpg,151810,f793fdd6d1fe1102abbae57d7b1a61ba1bdbb3166e6ba9b1e4fbcb18e84a8633
img01673.jpg,152616,369e59e813f7a9452401279ae02ca0f985ed2d274d70c1073ab414a94f639bf8
img01674.jpg,90073,efdca241db4e8afc05c1860064fe20d530a50437c3d930491b6592cceb0e882b
img01675.jpg,296962,22c163eaea1c4edba4843b88e1c491a24f80e1848e59ac9d3680b023e70879d8
img01676.jpg,50780,1458575d4ee66df078303762ddc773a218f1da4f2931c08a9d65aaeb0f411053
img01677.jpg,127837,ad98209b83186b9b97fef38f5e9ce3afa34618f049da801952596089090fab00
img01678.png,2360211,e2af47123506cb972d77a953a607afdf5a600b649a71e1d09a9d48f647366591
img01679.jpg,228804,930490142263cb9953fd449958ce9eb731d43bdce1d936976acc7c8b477c433b
img01680.jpg,244140,3d42bad46cb38e47b7bd69889ed3196166bf66d76300935acd45413c823f254c
img01681.png,765261,e5f0b174d920cf400a0e8a80eae987738a935556edd09b6f8a2b0602267ba7b0
img01682.jpg,315175,2515d25cacdee118d336b7c0ef2fd4f84feeb2095150cf27ba889ec8a1e82c93
img01683.jpg,64210,f3538ee58e19b7c087bde25a7cecfdd5f639a39019e79309d62b9a2db43a66cb
img01684.png,427274,55ab6c2ede024c068eb8c821fe4785a56fb6761c583d4a75a080c5779be11cd3
img01685.jpg,114058,f5fd30e2b6c305d0f0fb0cafef2f525518d2d5c8c4c3c898ff84485d965df21a
img01686.jpg,367634,9f70a73feb4ecc4420a1315fa1bf9272fb998c645e90451318c50b06b418652c
img01687.jpg,19476,0f3d139da745c9fcee84df2317698296b3b7d9473d2d2dff4fb1987df175747c
img01688.jpg,109058,78369e0d74011b7b57d7ae2592692fe02e233a08407022053b4f84ece7659f74
img01689.jpg,686508,b741cca1969a3ed327bf899242009ce4e5b89e613ce0ec07094d8c8c0dd20a28
img01690.jpg,157121,b5eb6dd4177ca9f04dafbad2f76c34e9b6ded810ee3f21d39ef6f9bebc1282c8
img01691.jpg,153459,d88bd2310b58b6316ecee83d0fbb66fda2afb3dadc778029c0cb8c077461e752
img01692.png,1219982,86c1fd7fb580bc6894334e528b8db26230e3eef216ca547fbe6d0a2ca5963328
img01693.jpg,272537,bd4b29f84c50a9be591f9a445af73d1ac19505a3b28ec6659538c1d9be7b8be6
img01694.jpg,20273,e032ee7cd94e1be87df7aa27d29035679cf12d9934e06b82bd3bd083b9119af9
img01695.jpg,217181,9631dafab83650ce220547cfb15664d13520c2f74b8ece1ce39307384c72c729
img01696.jpg,68687,6d2c458ae785645416cbd45cdc114cd85bdc1953006828cb17db59231ce5ca8a
img01697.jpg,19900,4931d98efa3568ffa6b4e82c330637f1cfa24d78eb4708a9ca94e21df9a8009e
img01698.jpg,179708,d819f14f0cad5aad0319681312fc13ebdddf7333b0957d132d9b25d9c4e581c5
img01699.jpg,41079,b31c6e93589ddf2652717623e0a79f44ea5f94520aad1b9c47bcefc721a9c483
img01700.jpg,95422,16691b946c914f44ef7bde107ca7a1f5c6ccf661b23fdcaed131c4a36c3cddb2
img01701.jpg,94682,0c91f2a5313d508ba2e60ba9fa2ff60b16a9461c29872c53d19a3da84f772604
img01702.jpg,49708,a31124ab099c45fb01948fed6146698428af92384edd44b8f45354dfc0ebc199
img01703.jpg,47883,77f5994701dc27be29a34f055eefa4417b1d9db9468349d8ed8b6474a612dcfa
img01704.jpg,478659,58580a52e4791ffba046bac1695087f97e2812bf6885a1463c6951ba40fb3e1f
img01705.png,1873597,be4de0d053119dd9a3a3760b3dc511224c44fadb2b7f3710e0277aa713974c47
img01706.jpg,159385,949d428a5a2d5aeb11621d312bb4ba5a9740cd98e71cf1b5aa5a4b7676a07ed5
img01707.jpg,28265,d7b07d8da6fc8f6578e1f4a25bdfb84b66c89becf51f344592d930f9e05b3eb7
img01708.jpg,464154,273fdd4c39208c7a5d8035cfa923e68afa17489d75f83322b9fe3ba07633156f
img01709.jpg,592072,248d9b4a955b3f08019ca9293152a8ef97441e8a43c5553c0a8e3dbd21866e0c
img01710.jpg,62681,0b5c801f24f88a1cd1cdfc31f4699acbfedb734e95868762f6ce93b0018ceb84
img01711.jpg,2525893,d343293fd2420cdaca174975a6682136de8662808870925cc730dd05115b01a5
img01712.jpg,1114728,c69fc845437fcd66a35949d12210bc596ca1d0ff349061cb01c4e8c8c5bbc06a
img01713.jpg,726510,9e60aa7f672eca0e192db8ba58b654d1b7089adf634dfbf04e6e59ff1633586f
img01714.jpg,545604,1b14934d704e2c3c4a92e734a11137d9a4b8d45c0b9b083a5240ea342493be41
img01715.jpg,475562,2d0461fd2449f16ac487ab0671bcf42cb299c7d16812124f6b4a34f9d596cc3e
img01716.jpg,104810,2aba4c0619b0d3b6bf9e0812d304375c7d0d2fece4b1bc78211fa2ebd9f0748f
img01717.jpg,2636726,4d169ced9fae7b463ba73c27d286ff13dbd134d9fa0d45a275b578e48be37a33
img01718.jpg,144518,483bab066f107915d28ec269fb016fd2bf4418bbc38d31a1379f9d2006ae24ad
img01719.jpg,3085937,f1d1cc32b03ed24d4db829ef534c80a21b31fed39902e7093d69811a4cbbd9e7
img01720.jpg,119833,6a968af45c8abea6def399f3842016abf6289ee3bd367ff58d664298e908aa25
img01721.png,524351,2b9b782ed184a66ceb851ce39152635dad892fb1d7ce04f16d4c89ebde79ecdb
img01722.jpg,197945,f14eb57efb4ce681ec8f12b3b36e6c4e668c8d465a646cc0b8509172ae203b96
img01723.jpg,156685,4777c98118bf83dc3d6ff110b4ca57e01c98c7b161ddc30586280b49c7695602
img01724.jpg,1125628,e9c0c85effeb9b50ae4eff7b9186839672772e67dfed2eb3701f72fd290f43ac
img01725.jpg,41812,987b47a209e2e16442bc22dcbed8495fab7d69f23d2a0f88a9b6d409b3ca540e
img01726.jpg,149751,1c06c4429833f8e98a217f9c3e753a469a1a4a565f58c5ff991b0add0cd4785e
img01727.png,740506,45f7d0d561d1dbe51d21503b28b95571438d0bb6a716fa9718c9d8071573c1aa
img01728.png,3866898,b4b44916b8ebb8bcbd5e83ece0b4b04f9354beb9c60d1b23e9190978b3d3564f
img01729.jpg,70285,42c8a5051a2283535935fc2938e4a187682918ad6a64426338f33ceb97bb0965
img01730.jpg,407839,1f1a7ca2f78cb8b422a24eb6091a7080f736da24559145624942f0b4b5268390
img01731.jpg,666226,8c03511b905c888efb00d829e9868df06bb89feb42687f0e755aef8d84a62660
img01732.png,1848764,c5a34f99aa3c66eb8a89c0b03ef9d3a6fe55d94952423edd7a0acc3536003969
img01733.jpg,87013,1024ae5c799cbc4d709a2ee5edbcfa7046028d70c75a4af0bf8564619b9bab3f
img01734.jpg,80799,5a93a80f13b9657e6e11289b3904da79565e5effb838b5c2615198a461301cab
img01735.jpg,64948,fb4713846e33cd54b6c9d494868dd77faf030a49273e27f2bab24657d7719232
img01736.png,3185440,7a127667d8b35b5d49bbf40f2c9251c025109ba802fe0e173fabb87bc65f6312
img01737.jpg,519817,ca54bba1cea4243a1f6f3ea1f029bfbf34f3aca2879564d382daf164f692dcea
img01738.jpg,1220329,02bcec4940d56033c0a45062fd26027e37f9a2187bfef6f0879e864fd835c712
img01739.jpg,603393,4c9de3cddccd414321bc35e42cc62f86a2e2bed6f24144d15fcb8f51d0ddbb57
img01740.jpg,194543,a1f104e7aa111b9f2ffb4c2261bfc0e6d72d42459280e206d76b0d192c3561e6
img01741.jpg,136198,f81bd9dc8001aaad5a49a48f29a00501e0e2cf376daef50d3937450e4b09e7c7
img01742.jpg,107420,a9c9867174b0cc98e30bafadddaad07f27d5018d39aa69a31e5476ef8e1f1bbd
img01743.jpg,286418,b7fab3d08170413ce6c5eeb55e8bb910d0fcf5f974a17bb7361f7ab5a17cdd2d
img01744.png,837011,6a426ee9f8f696bdf8fc9a744923ffd763385c89bcc7223c6854f24e1c5f4e38
img01745.png,932544,b9bc938fe3d96eff85aa292fabb5f1eb31f4b241a2f6725ce9307273cc4b2bf1
img01746.png,824147,4a6ce784a6e6a9bf67d29171d6dad75eeca01a323a9261730815a6e666320acb
img01747.jpg,34157,e967806710810c48fc8fb722980fb58a90289bc63202525bf6ca61c923f95641
img01748.png,899532,5e1e832c310ff0f3861a91afbc80b5450ca340a0bd47c7b77b4b610d9ef8796a
img01749.jpg,97248,f77eca9b05e57ef6417da99f4bcc824143056fc6022343cdea2cbfeae412a907
img01750.jpg,110701,09aa983946aecfbf229d7a684fc8bc36c19788fde3ce7fb83708010fb298aad1
img01751.jpg,61550,b6dfc6671c3944dcf011f5dbd7f17602f8bb1e83b10b11f209189d2ee48a0e36
img01752.jpg,130123,02821777bbf2654762203e49e5559255e40af947c1ba181b61aae5d8cab313ac
img01753.jpg,157174,50d6aba1d57eeaabd61c721a752f5af8bb688e756098df3624278fb67cc1fde0
img01754.jpg,66334,73121763253ccd681edc69a09247bf1b4a5300449aea8be458a32c0bd26364ef
img01755.png,1370803,c6703d48205c59fc7f8b73152e3ebfb6114a14beadbcfcbe143fbaebc8d1a129
img01756.png,390639,e11bd3a5de91c45145da4c519002bef8f51c014fddcab0a9007b1ebfa6b4a2be
img01757.jpg,47634,379488e13e118072f6c79ab75bd1a0ca850abb0b61f19c02cda350c7c5db4d88
img01758.png,3538129,025c6eb541c846defe22716dfd5551b161e6d8f1959eeacf6d1ef6eef2f67d07
img01759.png,2682919,06efe9c55ebf1d0dda24c621b811af744e6d6459a42b200aeeef451f3cb328a9
img01760.jpg,113544,c1dfc1768bae9a92e6871c9fb8f62c0136df36a87d26ae291bf3ae74d5f6a29c
img01761.jpg,964628,a94a5dc201cd9316d8554bb4887c4f5e82a13f7480c0af12871dc9fa3a9aeb9d
img01762.jpg,30730,ee94d93fb60b82071e0759e8a6475c2c5539b2d0c64956a9682ed6dc11855d62
img01763.jpg,271122,94eba6aa055e60170114e1e9baef929648a6ade84122b63cd915ce524c927d20
img01764.jpg,458022,f6629ab6ccbd5244bf91f1610ee809aee6c4097e093ad9f373c3bfb740fdf4f5
img01765.jpg,98811,a5ce6edd893f7c5a7b2ff0dfd361d2eca7f5be675c92be5e2b5bba094f805307
img01766.jpg,219895,5ca753a02b59dc61b10b1cbd30c3a30105117ef397eed7d177a0280e69dca6ca
img01767.jpg,1280187,687b32247b3e8cbb392e73ceac6f66b21cf147923aaebb69c34122bdee7dbfbb
img01768.jpg,134414,eb7cbb78a9b617c6f6544a5d793caf50f56a57c47733626ffe432d5bd3b02dcd
img01769.jpg,141535,ec73395176d7687dd91b2e67147a9f3074641101d6efefd623c0ac5552d0e116
img01770.jpg,1943434,3bed01267d408712882e6d6513180bf955ccc427ab57068dc5f0d06cb36ef1ad
img01771.jpg,832187,7f6148ceefd94ed17569382f345fe81a6a88ca98bc40f3a61229c8e2ce664b8a
img01772.jpg,959042,9427de86d6f07b1ba01e9d5c4b7e8fa2d37fa9f0cb351ee0393751bb06d09817
img01773.jpg,103516,cced37599ccbae07c0541db265f80c25170c0b0e94bf147306319fd37c122135
img01774.jpg,179678,be26a5a27b08040c0bb483858f20f93839bcbebcc728fb2eaa5d64de911329a0
img01775.jpg,101540,20481c32fc62b2686f6321a10b9a25f90785664756391ef89dac4debe3ca31ea
img01776.jpg,54281,360bbbba67bed7a703e345bc9292d967db34ed1a301bf1b77afc464257b6d33a
img01777.png,515104,6202f0020ab183bdf0f054f5de3a9f99c824272fe80819857352dbe113edf029
img01778.jpg,123701,37f284c66af8c9aba597073f06f21e7f636554e86cbb6f01f68942274226bedd
img01779.jpg,147820,e31ac8d719c108b94c143d9b4533b5984dc75652c923d8d6301a2b197bc8b27b
img01780.jpg,70772,481357b9af22b6efabaaee824d26441312e9b7bb5d6b368a87c20ba43e4e5a75
img01781.jpg,761305,a5c7552144426fe10ed5745790499ab376bd801302b94d5d0174de4a1e47d1c3
img01782.jpg,88867,52a47a820d3c8fdc250b6c0ed5b4f037fa549faa6308008cb5423829d86d1603
img01783.jpg,17587,6e07d2f9f732d5a111be7bbfbfc4b6729fe6bf7daa6076549ffa220c202a2e8a
img01784.jpg,168213,7f30462685c77171018ad056dd2af98622b19cccd0eb0d5184ee826148b76fec
img01785.png,728821,ca48960bdbbf3c788fc2ab83a13f75e2a3f586025d1d922da1711a52cf878b66
img01786.jpg,86277,7301e36d003fee8a802086e475e57e2dc3a62a4a94e6331e63c054699ac3c6a6
img01787.jpg,98588,1f9ea358f1b3e6aee9e9268f270e707e7fdbca8418fdc2adf5e5e10b117a3a9a
img01788.jpg,333310,f33de26a0e3818a8ca8f8c1ff6a51f2cd035ce73309a411a6c35001f92c61b33
img01789.png,1829959,ce664b0a26889fdd9bb0eeaec8c21461bde98d3f6685dbea607b7e2bdbc14d12
img01790.jpg,605834,fdce1989cad9829f413da89b5c1829b5907f25bd4612b3fcf5fa1d6a3eac3552
img01791.jpg,54949,7fda150195b1e5fc5f6f488307c4036e54a123db596eab30f47488d7742b80f9
img01792.jpg,169294,3232b01f3d6c2dfc3924c830eea000f6c47d4cc6aa79e53b2e543992bb5f4ac7
img01793.jpg,12090,cff5f4935098949b7d71ec1f7d46b158fee4a142640751203f3871d4a3c31ecd
img01794.jpg,321258,b56ec136466ae91829bcd2b902e44ef9ca7e5b05cbb1df0a5f7f8613516fe879
img01795.png,1836285,83194301ecbf5b649ccff5b3455cd6539c4d9d0b8fc313d3d93635217a368c5f
img01796.png,400856,c9e9dfae27e6f9f02420777ae66d3a24b56fdcca4342fac2f68a78ef03b5c475
img01797.png,739503,d4b176cfa31390c3195e13225354432ae9f2e64cf4da44ac15deae7f05119a6c
img01798.png,2308420,5add0748469208a91d13bb742e6dbe46760e8aca27eef64be5f7d43411df5c83
img01799.png,108354,a5c6e961e9865710c20f6ea649e0b5a8015130c663670f0e266d1de3189fc792
img01800.jpg,1024025,6fc14d22d381510c885f05455b42ce25aeb4c220386d2a1db76b0528347ac2a6
img01801.png,1506991,3718bcd849bde87581748745db9d7c68a312f18a542537358e6f257022fbc6f0
img01802.jpg,118699,ca70b4abcda8419f3c02f56cb083e44a193e22e0849efdd3df8fc7c9949ea965
img01803.png,914787,8e044a0f538a6462d30a7a7d379ca8fe3a9ebe1247a0ccb2c2c99965aef13d9f
img01804.png,323960,f5acaa79f2171d3b21c942769c8af18038825755d80b0a601f3c059e6140dfa5
img01805.png,789584,d08480f1d5e31c2447c7d5be761eaca0e5a383dfa5bda82328998c83a370a1af
img01806.jpg,94629,cc11cd24a745e39f4768c263bef6108bcc8328726a6699e5c301fba953aea4bd
img01807.png,1333066,18a1564b1e2b7a8096c720265f1c721c2852c4e84bba9f64a0cd2e8e83909415
img01808.jpg,311817,f30fb32c4b33e861a82a25591231d031b2df1392e1fc284e63de9efeb0f57b9d
img01809.jpg,69315,a65d4b1ae4974961bf0e0e4216c0ec39af467e6b18aec5bbc86cb20d45390363
img01810.png,1242843,0b81ed7202332c394ec2efabf6699511950071e09e0772fa94ed5225a89fa565
img01811.jpg,620608,b67753f02fd33efbd72459aaabc485959dff3b8068735dcc9d76379da01ff84f
img01812.jpg,92892,e879a12b7f4d3c1b5aaec137c1db66f87abc4b00512acf63b070d9e4385deff3
img01813.jpg,658785,4d81d6b07205f394b31dd348c863a79d81b0b01fdd63e175e8419a0475bb53c1
img01814.jpg,286619,eb3b0ebb8a89fa744d54001655ad63c3db1412779d1d37aff1a26130aedffe8d
img01815.jpg,497098,16cceacb874ff9c14e26467bd0dec8815e2b42a6fc6439876d2fd9199c031f90
img01816.png,10699330,22072c0be9e19ceafcb639c2b77dfc9d6dbb9d804ca17dfd8c2641ed02d33924
img01817.jpg,1094033,a3023082abaa8fc853f566f5de01e5906bdd991c8acf3d886b5372d2c3cbfa33
img01818.png,670358,2d3a0cc1ed68c4199656cf4ca6f7eadd992ffdb61b581f385dbbeb27ed6e60d2
img01819.jpg,36689,012078847a49107f68980fdb43523d5fe75d8db44deaa98d93e1435a22badd4a
img01820.jpg,232012,d0b23ec4e2105de95e6f0d201a147b6e51c9eb8639d98589de92c64c49dfcce4
img01821.jpg,82729,993e77cfd3f8d79b9695c5537f3321f67c3d2512e2dc202280a8d65f4f434c1b
img01822.jpg,12600,cfbce1bd2e0ce84eca540bc7dafd09773b39f8043b03a05e885a2661f7757233
img01823.jpg,324884,bf10ca7c026ec228464cf439338c63aa5eea9d2b55d87fc29e744b4929e70528
img01824.jpg,315998,e849db48198a0b73fb5012e1908918e8f09ce8e035c371d06ba8bffd10434039
img01825.jpg,382818,5f8ca2219b7120b9ef7fabb48915ee450b7c8330eca49d4a8cef8b9f18d3acec
img01826.jpg,48155,116205b1fb3d71e5c14d1fbed504d93ebb3d8e03ede7aa7965a66fdfaadab9c0
img01827.jpg,162883,3ad4e21d5c95a65096c1320131c8c4613d85a0492253f10de5c52670ccc91636
img01828.jpg,156831,3fc75a0f1441a89b661b15c00950ff3e77375580f5414c1204d1d4e4082638c1
img01829.jpg,102421,1fac9ef2bfec483aaf85a330d19bdb22f007e2ba32d58f1d4d0000cd2baeed94
img01830.jpg,15817,633ec43de96308bdb2a878b3d01de4ec3f95eaa4c55f48455388309ec52df741
img01831.jpg,329561,c00f2ad37fc0a76c78048b515c14ffd987b53173f3368d1726d4c6ef952de17c
img01832.jpg,18212,dd51dd9a716433ca2ee4f5bcdf800d32c51819cdadbcb7d7851586ba9e49ef36
img01833.jpg,152248,486cf1fa41b9dbe81ffd0d64fc8906969ba5ff38515880d31731840808589104
img01834.jpg,57247,77d5a78b636034b2d6fabe5e687e4fa60b4efeb4da83047d6a866a6fa692ea97
img01835.jpg,238707,321e513b2945fab0874a80cc1f1bbc3e8fe6341dcadcf19630af1ba5113eb31a
img01836.jpg,464952,c8d5d29d4a7798660922fd508304d5a7fcbba862ca9d4aa9e1f77ef5fa62ead5
img01837.jpg,88360,d8ff3726d737ce938326687eb9b329ac1ddf4b293275c763d3b9504d0f7d09ac
img01838.jpg,127449,f02c2da8b77f6b006d4222a23506c61822ce147b7f838baf258fc0eb8f7954a8
img01839.jpg,152295,6c1bfa71664334fa62ff83061a3cc66b0fe3b91d6d42e7d5330478fd35c312b6
img01840.jpg,79107,323a856fa6714794d8c9dc89a6810bd471224c158fd7e4302277cca5439b4b31
img01841.jpg,82361,8675ecefff4270c6bd9fde9d5160e34110e8abf02b276521cc5d74f9268ad679
img01842.jpg,54316,ac4e59ac0fdc8b9d49ac43dafe28463d62fbb63bb44fd47eae043dd48cf076d7
img01843.jpg,215062,5599961ee5ebc1f9146ea7d2ac5bf21d97cc6958b5677467c2ac7e7fe65fac4e
img01844.jpg,85104,ba45f412ad6a857c707bfb59010c79bd108acee63d1f4394cb6baf2daa2ae35d
img01845.jpg,192346,e001684b0e396800312f3a1c9f0adb09926d8e0fc77992b9b0e72773d156b85b
img01846.jpg,60214,1d37deaad482abc3eeb7579af2f42dfc89e9de5f4a25eec5063291b784a8aef1
img01847.jpg,59621,1b36e28fc10ca8ea2a2ed29002422cccf4dc74016726667eaa36b4ce281be6e6
img01848.jpg,120807,d8a38b32331868649d73c57751ed2b776c19eda40a1692b30502dcf9015337f2
img01849.jpg,83202,9d0da3742c41b361328ac78ef1e423ad09359ca90330201c6f68f09cd18a9066
img01850.jpg,90668,98bb7f027acf73cffd26ff874af4b1d292b0c17e8e365119fa7d16c1279ab165
img01851.jpg,113045,dfb3b646ff0e5e805e5221339493941502acdc8d19dd3c6f7fb1adc3eaa52ae9
img01852.jpg,106147,cb2a03270d1d10c609088cb311b4990e35b06b92df8dc44c075d4241ed9a39f9
img01853.jpg,90117,dbd5acf87b41a9ba82db0abb5760a3e845fdb8ebd57f665a376e70a97910adfa
img01854.jpg,90908,72fb088e4641330c2542c34e8c21fe7bde3ecc36083590e530b872c3725bbd54
img01855.jpg,74874,522c90184080a10343b6a4fd6549e0e45285cc306b8316c10e1764f63032ec68
img01856.jpg,66094,59a9692d0e4b7ef28e3ffe2e3f799ef9a54ffc011bc2889fd2cc626b9e75dc05
img01857.jpg,32879,3a9865ebcd6d548042ba24505f377e77b7739d6112f5d6eae6cffb7c6322f767
img01858.jpg,72323,1b08552b6786276e4c7d6d3e8e3c60e1aae3618f4e0a9b1d860bc2a0e1145796
img01859.jpg,439272,12fdbf2d7709b7020dbfdc097ffe7451aa5a0632406529d62662c425d874f2df
img01860.jpg,174158,a302bfa5dcde85ccfabfa9b9fcb5178e892d4e021469a575d7fe3fd5add9b814
img01861.jpg,81791,f38e08e227ecd4e0e94578a508296c3d9401190e114e40a57de9ca630acafc3d
img01862.jpg,31602,0758d66f13b8cc5ab338e3c84bd03047765d7a4b290fd0c1a89d407d3bddd8ef
img01863.jpg,79083,2d3106a94e40a1564d02eb4ac5e68ea362753006c8707c746f48f06b29f766d6
img01864.jpg,22407,65ec560b63e73f4ca7f662f25141d7cc0b483cd425f635fd66ed17d0afd2e9b3
img01865.jpg,80221,5a0f4e88bcd027d3592a9e873291500ce5e18e82b3daf1f8228ab3ef8d55a1aa
img01866.jpg,260016,1e705e9f6a5c3dc28744db6c9cd21b47c361d050f74307608a4a40e199eb2a12
img01867.jpg,143033,326be7b5270d34c60ac2f71d4ca91a38525d365994ad404e51ef7c4a33037d61
img01868.jpg,275296,0f809e582190636801cdf871674e29f4003fc0a9da432576ad30792f1cb7c2c2
img01869.jpg,36691,37eb9a8af6744ff61febaf601526f6cb5b1949ff8331c1c9cb07a1429db41f38
img01870.jpg,102269,2790166069224d5282cc676940ee0951f8d97b7e3f6525dced28b5116f0aebaa
img01871.jpg,101461,e86a3e352d80414bf4d4c11557986e01b59a6db69017120ec54f1df45728d6c2
img01872.jpg,39663,0d7dbdda36963684c8beb7888317f66054b030e3f878cf681486aea0e17c6000
img01873.jpg,107065,240da51321236f5291674f7b9c74f059701a26bb1782e27e92c9138e80d59156
img01874.jpg,78772,21bff2562aa3596fc3ee2b05e43d2c07e53aaf906bd81bfd1732d7b6cba677fe
img01875.jpg,134919,b111898b5867bbe07cad3e83fe1bda37fe579bdebd89ac411a3cfc8cfcb256e5
img01876.jpg,68811,8e25798db64e3aef2f7da9e6e6ccbf44010366ea94136ed75d96c93009e88c75
img01877.jpg,367170,91185c5293c39d769b9e309e30fec4188ecf44d8ef6227e21cf23c39c213e298
img01878.jpg,69986,32b9321637643e9f0e8a80b60d1950680e56a6c57fbf244998ca23fa1851bc37
img01879.jpg,73431,f35fd37f86d586235900ff2edc1d5cfbbd96671c21b3a9a7cf232ce000a59f3b
img01880.jpg,588415,7eaded82981b0848557c2a34d1a436498eb23ae8dcc5cfcb296a19f3e803462b
img01881.jpg,80242,8e6bcfdd16c2695b90271ead19372a1fab855b55e9142683717aa5b16e3b4e4e
img01882.jpg,78740,769f6fdc3eb66964b0d198665c6348715eaba24b4e6ad42e83100e1be784a4ce
img01883.jpg,320191,ca2f1f64d22eebed02107dd419a1533199b46dbf536ec5d549f9ff580f874fb1
img01884.jpg,94923,e6d122bf5e1b2dd9991bdd20ada4446b21b9154f7e64da91e5264e3413ccb8d6
img01885.jpg,77704,7a746a2e99f67a395e8ed7b8ba2d769a82dc914d4e548b6b7fd7c33bcdad7acb
img01886.jpg,70852,652af4096f9ea54dfc6ab51f3cac5ce30ce034065ab105213ec0a7e624108ec5
img01887.jpg,126842,7b2ebfb691093d4f6a495361f81d263d0a8754024cd016a88bcb25c45a26b55c
img01888.jpg,274265,9e8497ea341798ad455e61f53eb6eb4a64cd16e5f2f35c20b3e1ad34ba17dc4c
img01889.jpg,84807,f8a6174895959d7cbadecb967b88683142ae35e33025f8c984b664dea018a476
img01890.jpg,151748,9c6d3d9cac983998c761bd198d6c04603699ad9915d36c565c2662528254501d
img01891.jpg,64875,d9e040e2a9c01e230ba118d6795e0a5c526afcbe7fd9d13a2e7d0bf8d0a5fb93
img01892.jpg,167833,df3e9abeccddd63e01b7d86bde51646a2d946260c602eb844d77517b9937d771
img01893.jpg,92749,675ca141fea0da5e1aca9f7c32a3da3084ea08ca202c749b5856a7f92ab10776
img01894.jpg,195928,b0addee9ed0efc0fe45c31941a9ee4c3f5bc5891e023cb98fef087a6e553bb3f
img01895.jpg,112895,a83552ce44d0552313b5e67bc52ca335ca3ba01ffa812a8154e4928fd43b55fe
img01896.jpg,18304,5e9dc9b06e3449b3181ae501e7383e9e3ee399b8368a072ffe74e6816b94e717
img01897.jpg,39632,757ecfc5530921d18c27006854326b7f738622b4813dad7e7a1dfa6cd1f63eb8
img01898.jpg,80332,d70d2532925362b986240eafdae6a57040c6152823cc7cc051bd02ec4f4d8fbc
img01899.jpg,8409,9dfb7abb05eabbab6684f2f324d253154f1f36c5463ff4ae04346f9f72fb6c76
img01900.jpg,149835,1e707e6649b6ec4b568b9842ef578a42899211a67f83c85de9bfef813527b288
img01901.jpg,98449,94c0a821dd4ffb1f536e3cf4ad03244962a5e9efdb2ff61ccb9f91d39407bc1a
img01902.jpg,68504,7937351131dda682d0f8efda91453ddb3ea455bdc9d404af89d31b7be46a0fb9
img01903.jpg,45146,9c6443f202077b5635427776edd08912a6457aeecd41804ec3d7d7eb7b47cde9
img01904.jpg,219764,42872b158622bc9cc62609de0cefeeea229bbdd291db2208bb48117ea5d44270
img01905.jpg,18544,0be9cb04b3fe7a295770339251cae283a4a319924f789977cb01265c074976c4
img01906.jpg,84613,291175a6465f33b039bdc6bbbf74067d70a905b52b7486fd7034c89b546e9caa
img01907.jpg,90183,4c9dd3f53d921ddfe209e539699b33954981c8e50e486158aaf75fea7f962a85
img01908.jpg,134201,d7d38f3a2f0d51432ea7403b2556aa51affac5242dea7321ea0706f3a1fdd337
img01909.jpg,123854,43f41e058cc543ee42eac091d44f6f618879bb29dc032f61445b302f7136cfb4
img01910.jpg,43872,6b6c0af1c1a05ea518905469627c3f8d95b175848935fea97039555c514688ca
img01911.jpg,88061,02fbdaf518f9accf23db0e4e2710f1c4db504d6ee68f48c6b6f2a0e28d42c50e
img01912.jpg,258124,5c330b676bec22dc3624f641272e14fbe8c16cd7b2394f835b4a0318b7db6fa4
img01913.jpg,120194,d0e28f5e1374efdd77dcd303b9fa38a386d2e71064977ececaedc9be907e9f36
img01914.jpg,221406,34e77b0ea0f766062bc96f06c0e1d9311c360b31b1fdd3533304f1cfb786fea9
img01915.jpg,29114,0130d7f324a583cfaee3da29555e102e28986fabe2a0495a1ba4ddc926ad60d3
img01916.jpg,63553,3075dc74a12be9f9f58955d3ca1980ff2eafa2287320878da2db4d219f3a30dd
img01917.jpg,183971,efe9157dd01160269e6b10d829124ffe2322cb5a61727e229642ac3f1b5e255c
img01918.jpg,90852,8dbd313ce4c6c922d34a392d21d81dc2f570e68d9aae070723de498c89d7829a
img01919.jpg,100047,b6a241d5c07e3bc6827acbe4e5066e2bc26e5b2abb5420625d779ede3d84df1f
img01920.jpg,96531,358519f1209c77c14fe355e29470d3fe2cf8d5c9290687e445f330c61e2f6bbc
img01921.jpg,71437,0c03f1b11204938f0d3dea9230c739c2e8f35d025f39d5e57bb81940135bd567
img01922.jpg,84591,47bb50d4cc0cfe18a9932cbab939926c3e3c72366067f810c01057e588452bdb
img01923.jpg,51233,f04bf2a0deecdc4925d99bfff6ee9d2f7114f710037c4e842439352f5b6b05d0
img01924.jpg,62763,3ceb734684c8a74a8497efbc15a5c4a2da1178425b9e6054252fe0ef0122f5b2
img01925.jpg,202944,7d344fc36917ad61545563e26a0a1e29ef1eb248b1f0114d684231a4fc7926c1
img01926.jpg,115621,e98eb25f945abfd5614b7e0cc577eb238049bd80d869896fa9d0337c23d95bea
img01927.jpg,157604,3378b84ccbeb49452c63631a78ffb0f0af4a49516cdccc77395c585dc72428c3
img01928.jpg,171596,1f01d4b8599e856af061f61d5a28089dfb0149621431f1008d19e8e2e2bf3e4a
img01929.jpg,8722,d2186065aea017d441259e833b0dcc5ddb5178cb0a434f1c583b8c5a1dd65c7e
img01930.jpg,64523,4a3a4690d96b4a88ebff088304fe2d9cbd09c9a7f48b9d85d8c6a4b46524b418
img01931.jpg,67270,501bdf2e9c3186f49028039b4ca095cfa869558bf66adc9e58217c91eb98dacb
img01932.jpg,141182,1b975ff38b8e2262983bf88bd1af3b2474052ef6628f46ab1bebab7c226e3be5
img01933.jpg,172992,a80a03414c9129ec6a6251966007bbe08d4684d6f3c6af18223a03b5c437c7ff
img01934.jpg,172551,a8da63f2c83f959006b0bf35f4395bb145ba8920fb9a8203e5d8edff3b66c491
img01935.jpg,171555,36c566528a7173e94fc1872b538710830ad28f7184cfec255624e115b14e2b7e
img01936.jpg,125229,d3c2eee296fdafcb922442612149e19bc039c43d34465882b60399e36fcfb875
img01937.jpg,78507,3b7cd9026bf1fd7e05ec9067de1e44e0fb4bec8d8d7dea08dad33748e72ce0d2
img01938.jpg,176540,532a9c26b7ec7d015793fa08cc6dcc520470cec65f4c4b23be9fcf0e58f62cbb
img01939.jpg,12557,be6a8d9d1ea235462dc977df85bd7375ba61965fb58f2ce79f99df75e65516c1
img01940.jpg,108865,df87e37b8b5dbd3438b2b0477b939abff23e5e7f8124a344d5bbe8eeb6ad2ccf
img01941.jpg,65539,357aa3d7942453ea77d0b311c02ec459bcdb650b8373ac302edf0e985ebd52b6
img01942.jpg,136394,430a7a8bd1b590d206d8bf342ec1a277da754b82e891df407de92ad348e3b19f
img01943.jpg,187312,ca8e4cbb79c0ff42598cadb82effffbffc1e17197952736a1404d92540ab9a26
img01944.jpg,56610,ee2748e81e8c28fbc1fcdd935f38fd06d429ef453c034b577c0b834ba34710f7
img01945.jpg,76401,221da7aa8c9e42038ac38c81ed0a4ceb09aa9c92fd7bbe897b9464f68ddbf712
img01946.jpg,222764,0725ba5560c901446e646998d7757572b95e4d5634042c98019c492c4e252564
img01947.jpg,99752,c1bf7d6de9873333e221a36242a8ae9b8c49275148ab8a2e2cf80848ebab9ccb
img01948.jpg,81040,d556fd3b5d6262c7d14cb8c9a959595b78b87d2d1cff170b000d85c3c63d9ce7
img01949.jpg,67487,a1b9bb6c692566a3be980e73d8d82761870698da405232949a0f5cfb56c84e85
img01950.jpg,62507,09f61c857a45aaab6379b0db05c3b86555aeafa9a9d43f389f2eba25725e42d2
img01951.jpg,119081,ceda2a5fc60bff2d5a85d855e3aa0198d64f4d0a9951009ea6857fbce18c8254
img01952.jpg,202612,65faa8a825db229b38fb66463e91cd3fdfe8abd4ca14ca529176cc07688c2ace
img01953.jpg,79372,f43cc2326abfaa57736314347a8ceb78429a74f67fd6708c5c2bfd2cb3fa66b7
img01954.jpg,66147,b594529e67e3a7e8f4cbe798729767e6af31439f772f23294fa4f0b5dbbb0206
img01955.jpg,115212,9ad2f808b016b75efe6a948885c38317e8fe008c9276765e3f8c7e76917c8d1a
img01956.jpg,155705,b2f47707d4292b30907628587f072e4543b003af592039744664cca8b3ea804d
img01957.jpg,27566,d37163346e27702e4d090946f6ddd806fba045db4aad5aa9ac576851261eac51
img01958.jpg,21327,12e0c637ab95184fda5f689bd80b5695e6a32ac62dbd55c2f12a40a680847fdf
img01959.jpg,67975,2ac45dfdef5b47f466e7b615fb8521c03eb66161bf770e9058d239a9fa349ba6
img01960.jpg,113469,bed011965bb0d358ed81bdb8b28b1fa9645dd89657b8f86dfef0be7b72bb11af
img01961.jpg,73082,935add4ba4374f93f3fe134be5d39932c84721128548bfad29202584e5bf90d6
img01962.jpg,267079,0fd78bf4162bdd2d8782aca3b95ba60756c9f0f7c802312a26e517f6d7357cc4
img01963.jpg,173346,c1669f1dd3a0c20ee8926b68b2112dae1cdd6a147bd0da82bdc69376288c64cc
img01964.jpg,251667,5829bb54aa3498a494b0b0a2a785ed8ef5401f97371053c129d91c0a86bbd019
img01965.jpg,111523,8fd3022738bc184dcae94cad7d6bd59c5172384291f930ff9938598881f2df93
img01966.jpg,205659,78d2f29452bce89f0e9432ad3f23d22bb830885998863bb3e9f5c6776fe9faa9
img01967.jpg,208840,31c3e03ad44ea02fd1e7e00a683f1982dd11e0ef800a5abbcb6b13fe7932c45d
img01968.jpg,148325,f38989b3f0141a93048c4510b03a1ce08a0dbae238024232c1dedf393a1c3c27
img01969.jpg,29034,7122a7be46271b651d59f7135cb833efbad7eeac47315c4977b7f3e15997f5d5
img01970.jpg,45169,e700ef9c553e90e72481fb4d427057a28f96c8cdf459d7d352c5ecb2e8dfe6b4
img01971.jpg,854813,a0d26344482b6ec56ee9b1b84ca5bb7f72d67de72e15b46ed911d1fbcae70be7
img01972.jpg,92367,2231d3d855fc18a0668e687e9d4d77183716502c68f900f874eb74a10a00cb5c
img01973.jpg,195617,d72c1dcb97a97e0e26d641f403fe60ac8e4c5e4d8f6734236b841a5c388e2717
img01974.jpg,172897,31a14f0a56ea1ad693c11d1aacb0042425d78f73b48068696008753e7088681b
img01975.jpg,188589,88fc980eb961683e3037043dd2183b0b5dfa47c41a67125a66ff53b2dc0d3591
img01976.jpg,122198,8f01e524262ad74416c2db0aaf5be57ae183f5b2ef2913d8ff253888ad272e97
img01977.jpg,116423,f2340ca68a5289f6fcbbd26eb4e65cb61ec6af07772af8e81cb100d9b48a230e
img01978.jpg,70523,f30ef7ff3150da521cc2fbf25e83caf5ead68254fb47d27b0951c37da7ed07ef
img01979.jpg,214669,31e7149772d01e21ace46289471a205873f6a6ece1f727901f4bff79ca2c43de
img01980.jpg,8761,968c80b28fde5cf45f20566a253d1c50f576680a7d8f62c847c9ec6b9bad43ad
img01981.jpg,94765,43624230bc9cd6ade1b7fda603d59adc3152768bbc07a5d4075ab5043315dc14
img01982.jpg,133461,083badd8c2e1afa0d542139902ed6813816db9d5fd53abc71f0a60688c70042e
img01983.jpg,84012,2604edde25b003f8a3c954ef463b29114a34f94cf3f22e9d723fdb505d8389f9
img01984.jpg,177884,c85f6a3b32986089fd3890de7e9a694358e4d2c61429dbbbcd2f82746f36248d
img01985.jpg,145730,f092e09013fbb48ff35ce3548ba4895df9428bd241867c5d3ef8b4b54f3e307e
img01986.jpg,181369,b7de1af1562dcc2292ca480351d05b5219e68e64345519838c7f7a4cf29e109c
img01987.jpg,222697,362b898c8922ab3ae8b1006e168cb7ffce9b870b1f542b0adb2f01a9c649e48f
img01988.jpg,147612,4ccaed99305d8c8966c1742125e0ebe35bf9b06c2a6578459b97c241754b2805
img01989.jpg,128184,4a914894720f94f7dce6e46b0d60ccb6afd98e3017c660ee4d81fd3fa7b71134
img01990.jpg,178178,1153d0401e58517504174ba6705b6ee9030b8afafbc53fd51706103c115097f2
img01991.jpg,201381,0980a4e42df040981886942d7c7ae10d337ab752df337cf411ba702772b98743
img01992.jpg,107420,cc9a2f47fbfb32ef9ce88b030551b9be72a5ac75fc9158251fb5b8fdfe891c23
img01993.jpg,60678,0f82a00583cfe9342c4ea292fe26cfd632b83ea74a3402a9385f5a3cf7e19e89
img01994.jpg,73699,63dca6929900776d438c3e0ea14373892414481fd2e00e02bcb1c206a0e3280f
img01995.jpg,45448,7fb7dedebc402c12b28f471d51ec2ee178304f8217d7ecfa7e8144b505ada4c1
img01996.jpg,140095,adf7edb68609f8517b2fe33648931fb23a485446d2df12d984760f43fbcca795
img01997.jpg,113925,3e92ced4406ad4459635b3002ef8a272ee95a1e5cc54f91250dc5378a88a92e6
img01998.jpg,90029,8974aa8562e4b845f950c4396d0039f6c17871af035a907fe15b6ac72c5f1056
img01999.jpg,54170,dd1c0ef8625eee7f5fe05ec9fcd8a9cb807f94fb692bdd349a76350f4964ce5b
img02000.jpg,74490,d329cf70ee1f5c90f16744cc9fe149b5ad59853afb2b244cdf20e0fad64f4464
img02001.jpg,149329,dbd965a7b2afa108f3cc2758f9c016f33d1141bad4c14d9092a3a71a83093ca1
img02002.jpg,196382,133ef0fa276b00b1e0e23fce040904dd97e17b94bfa4e90d1036dd125f74c8cd
img02003.jpg,115221,18b87e168c700f992cea391bc1a29c81d0ddfd90f1a08d5d0acd2118c22425b6
img02004.jpg,205846,f2bf7312923b0597ce2d1436735db0ba6bdb351a2c0e298b221647f1c2b513d6
img02005.jpg,193488,0043d207f220e769c876a4b16a9b0439434417d918049e2c03a611f1a599dc72
img02006.jpg,95909,b81bf0bd292e2b42d58ee3e9c1c4b92a0b1119566238614eaa0657b592dbfa3d
img02007.jpg,76047,f238763ab94504620982c6f3b6e83b0b2ea3c9afb9d45d3fd3740b6fa71cafd3
img02008.jpg,89473,667ae9faaa2340107e92d08843bd60243352829bf94fe780248ec83aa3ac956e
img02009.jpg,112353,3014f272a818aa8980d1608033edbcc7e798b6ac218c33d28df171bfee0f1614
img02010.jpg,11193,82507a4f1185817bfa1b828994a6fb1381b2549f134c06bf990709f9b504565b
img02011.jpg,69139,529328bafc8e1c0ee80c5e1a7cdf3b9175191e74d9d409d0e4220586ada6e9ae
img02012.jpg,122315,54cc19d09eb300ffe6d43a413cbb4b5d6b2d4b0d96bead8e081ce09f1df4e0e3
img02013.jpg,73851,e9d071b7b2b5f84363ac89476f50065df0cc8c5909a1e602875c85b708e679e2
img02014.jpg,50085,9931263d7e54d91cefe048403e8a893313df2ca11d420024e697d4fe1dbb35db
img02015.jpg,192807,1cee96e5eb5d9b2598fb80030c19f0822e26f1253824066ab1c74e502a510d8c
img02016.jpg,202367,38a0e9c1bee4f2ef3bb9846107373b88dab8bb699e09130e5d4f662c9a2fa7b5
img02017.jpg,89075,b55f5dfb366c2c1b8077058fb6312eb6625987e0754b70b19e3e82affa6f704f
img02018.jpg,180558,a1bae7e2675f182fcff7361012ae51b9de1735e17db140d81dd992e919f80b75
img02019.jpg,36924,84ff4128b4d1433446d263a81cb2918066cc0c0a9552ca58b1dc32801603f2e3
img02020.jpg,101825,28d46fdda8ab2e63953af947ec4eb71d9cf6e51c1e7a228b7cd8bebc49f7ce0d
img02021.jpg,83166,9ac339af1c460d41a5f9b467f052e341d66b8c2d64f6ee716d90b54983bf6940
img02022.jpg,109893,613733b271b507925ba0a45746e7c1f4927a6c0dd54078c923978ac64ff834e0
img02023.jpg,142866,f99a0fc514c0cad867248982dba00887479065b8f2ebc2140d1a96de1b5056eb
img02024.jpg,11543,3efde7b5d27173851edb5fcb91b10d501fbf31e347bc8d0504a5480c280f3978
img02025.jpg,117314,cd451806e085840a064c32e581a942da35025530939899a6c0a5dbc8c14a0e18
img02026.jpg,55843,5b8f6a90b5b64c1d6b2a050bbdbdead9d2d9725312383a88e8ef148b139214a4
img02027.jpg,67471,4c9e4a5705d57c8ae3155589d7abc9fb88c47e387e28444fc3443faed326bd11
img02028.jpg,220240,a88aede98131fddfe8b9694c2a54d6748b0885d3dd9b17a13f90e04a4d0fd918
img02029.jpg,110110,54d1a6b83dec817661c59ca935afbdcfa74bb060e22774bd0cba9ab6efad8b29
img02030.jpg,89370,cae77477cc06f1b343ee504efa55ad5728aa7b1b215e176f2219263d5703128a
img02031.jpg,199581,bb59ba623b10ff661764d26345a6ecdeebbdbfc79b02cf56f9e49d86ad66323c
img02032.jpg,108873,c60397c90514f7a6199c88ba70ac454db8ea7403e2bd457570436fae4aaa9ded
img02033.jpg,20329,f7859aee67b802e0c3500ae2ca0916066056fcaa288758c77dbdd2efa3295bf1
img02034.jpg,211713,51672a267717b57bddfcd1d1f64f70fb85e8c1972a5d3bbd55811cf7eb254abf
img02035.jpg,75492,46978cea5754cab65805de93334fc795c27b2660ac4f9ceead2663c4fd8d7c51
img02036.jpg,13218,2a110e4516eb91946a3dea39f91d493ef01980f5474023578a5a6edbe181dc47
img02037.jpg,189496,7066f12282e749d145aa154980beb7255c5310dbb0810cd1f958c0878533bc40
img02038.jpg,72905,bb6b896c2e482c7e483af7196c1f0d7e942f1d7ff3f470461bc0ff5e0d1ab597
img02039.jpg,121127,a84e57284f111f9f08c8595bf83c99a1d052422fdbd0abae7907f441978e5547
img02040.jpg,63055,9e9b7d9fc9fbe0683c1e746e2714a4ab371182eff3816dd261c0d6fbdb0a3417
img02041.jpg,95824,452773f14caef4ed8fd0bd8d7b57d04f26be1e1b51f0ecd5968d63e95231daf6
img02042.jpg,11850,ea11469d34b612949ad7a46aa433db0a96ea9d1d381d969d74394821dc08991d
img02043.jpg,148149,836387fe07cb1b80f1091f5e3e4f7ccc8669066ecd6185c2010a75b98bfb2da2
img02044.jpg,91648,62229d056a1ebbcf6cc1a7e7ab4a37c43213a5ae5299dcf032d96050a347c738
img02045.jpg,144345,faac676f0fafa0e4030069cd65ec41641af2cad9e74add3b070d5a0c72d0bfbb
img02046.jpg,111945,b2612c610b337e28c80e932e2ac2b9016a7bf59eced15f718f9e786aa046462b
img02047.jpg,111725,df47ef4033a091d02cd55f33daec032a101cabf1c4a27c9bf503d20e5c5f443c
img02048.jpg,90725,8342adb29e1daaf4b4de06aeec72fc27272b0a2a1cdd67f29eaad0d8381dbc1d
img02049.jpg,345071,42d308b05fb5d6038a63994887cf1d03cd524b4402eac850d5e0d414526d021e
img02050.jpg,254854,bd585d5857000051eb2b65b8a6318d14fe1c4c72df98086fb8af618c2e081367
img02051.jpg,97530,559b7555c3721ac8706f2fa5ea37a3ca8b58d49698ddce72c6bce7997ead5a9a
img02052.jpg,59439,80e5f0312ae887a407fe6112d25177456027869a679817146342bec394883884
img02053.jpg,118461,289ea4100fd7324ce117a46a16ca551a20a591f0bb7b4b6834c843ed52b63e26
img02054.jpg,133327,41a6ff3199bf2de50a525cf96024525fa2181712c3a5865e0490449fbe7acb4b
img02055.jpg,141958,628f6cd3538a447065bddd1e681f6b949c132ba54e4292dd744ed9bbc020897b
img02056.jpg,819230,ef33ef16008cf23753e2bbd6c8543453503246077235358e53548b8505d26edb
img02057.jpg,85774,094144aff16240993ccc3001c758f127adde6d94855528450782a4c65a52b314
img02058.jpg,191180,a0a7bd8cef9eda851f4efa81236b295692416feb805eb492daf7df214caa1e3f
img02059.jpg,89132,a8aade70458de16d80756c125238cebd53958b4cf21778625c1706b1f87997f4
img02060.jpg,146920,2bfe117cb1584e764e818cf830d9868de896cda671865dea649452867615febf
img02061.jpg,203438,3d8996983a2f6cc979b24ec10df007580636dedc91c9ff7aed9d153e2b5e5ce7
img02062.jpg,215350,765d7f57d30b0cbef466d0bd7ac935d3ff3a7a305fd592697d82bfb2c13d5ac6
img02063.jpg,109022,19af1d67edd86d9c1b2abc1049550eb88ce7e7c28f9e1512a92366f8707614b2
img02064.jpg,189347,94904d7abf9402eab080d80312e7809e371dc26a68eded3c2a1cb6c0b5f60b53
img02065.jpg,9817,3fc49bc6887f0d4a0bd37a63d62628d3ae4cf9f7f151e52de662ef39df3ae259
img02066.jpg,42349,8e22baa80003e0392a8f90c11186db77f9fce127fa6625ae85803ece87a19ce8
img02067.jpg,10762,4f7f54f610c6ac774c6ca98b171d36417101b99542caea084e0c52a3bd63b570
img02068.jpg,92181,361123333c685582ecb826abaf22078f824e631a10e62c891f645f54c6cfb880
img02069.jpg,101328,a8d49eb17ef00ff551164290cd5eeef85fa4b0f3647f3f4e3d8aadb7d16b441b
img02070.jpg,173213,1f570ca450d2a31a983864efb294a579339beabdcfc34002fb3319000571261f
img02071.jpg,176819,610797a80614d9c1f290354dcd6de10fb0ebd1a0026b948d0069bfe4a1b2ae1e
img02072.jpg,178297,e30cf09e537aaaa60998facd79050c5d66b5d94a9d9088732cedd9a6704820c8
img02073.jpg,159385,76e44f912cb02d74e8cc7874402bc8e73f8bbdda6be2ad4025c86ec2ad557a57
img02074.jpg,100427,33d82f12c327f6ba015dd6df571890a68a19060f0f266e03ce8ec7186b5cf7d0
img02075.jpg,150675,85bf95438ba49fb2c2b4a037dc15626a6e17a1e1dd52049c3002226f28860e01
img02076.jpg,129503,28bdea2e15851f26ff57bca79fc28a94c9332c93491b7d28e3962e0262ac0281
img02077.jpg,105774,e182fa96b09b1b8537c1f8dde6af027d780e3b1bdea8ecee537c239a8ece0d2d
img02078.jpg,135277,315da960733ba3d606da4bc9abe0de237305516fab98a1ea64c2836189cfd220
img02079.jpg,75082,2d197df50c3311439901a2ff1487417ea000633ba8eb752d14bc1be56850939a
img02080.jpg,158563,ad019be1619edb815ad2f9dbda2eb8d5dda1609269d66bd8b1b93759c18948b0
img02081.jpg,202347,b2510858bf7da0ed0875bf6afea787a09132fca31c089fef84b3829be4c373ef
img02082.jpg,124112,399f3d0ffc79b486bb9cfc1c4ffb96bdcc8d0eb5a5b6977a74341cdd52051038
img02083.jpg,74169,ff2620f12aed27d0c3ee20c63ddc576f94a8f962104d3ca138dff190acf09546
img02084.jpg,61138,5d40f4cc6b21a3095336baa02b1a259d4ce4c8bbed75030532ac4a7766e355c9
img02085.jpg,145089,9ff31732f9057107aeefcfb743006125b8e00285a9d7edf387da5e9f18a5f9be
img02086.jpg,336939,e5f7eab760c2a988d5aa9fa8c0300e47856f9785bda5aac25cebac88f9df28c6
img02087.jpg,169751,a50d4b06e99b38a27d9f17762f39bec7fa07d16bcbd629ac7ca27e44817d1cf9
img02088.jpg,85236,25a7edaafdb0e7039a895f400bc660ebbf0cc4dfb3ab6e60352e444b2487af9f
img02089.jpg,69169,df913a9b2fe879f3113be65dd982b0125ab608b1e6241c702bc5820f962c11cd
img02090.jpg,175868,3f864696329dc907e2411f97e252bf23b8883fb132f28527fa6a43f9d1f7da49
img02091.jpg,84742,a89e24a76f94e708878527bb04cc9b8838ac425f9fdb47021a6a91a4e4aac5ca
img02092.jpg,116263,1f34fa1067e3c685f45c820b6f3691030660316887ee92256ba389fe59505afc
img02093.jpg,157362,fdb3c7174032ba527a8988615c4d891878d91fd02913736a801401f294620cbd
img02094.jpg,140387,8cf40d2ac86420dbeba8b2384334180da04cd350f29a6d484580daeda1979ef8
img02095.jpg,86879,1c1b1cad8f79074de3bdff863b10bc0a7b8b370038cbbeecb74db0219d7261bd
img02096.jpg,42531,2cf8872303f17bb99744378aff83937e95c0919e296b314d3f6c0ffae6a94812
img02097.jpg,182206,b0a570d5525c4aabcf753989cd36b7ae5e22d0115f7e6468dfa5967a3c6c892e
img02098.jpg,230019,7809e923a873d1eab0bc992ed6bf2b9ebfbf1d10cc3a260cd4cce59c9c1e4511
img02099.jpg,137588,b597e9280eff9f573771f74c5be053b43c62bc61ac2327385797997445fc5b8e
img02100.jpg,268484,3ad0cffce5d2e1acd66dc4a255c339eadb66ef57097954713c54832d3dffbf17
img02101.jpg,75360,b332bd2bce5d16acd72faaf6614f86a19dba1fb5bebac859727fdaf8513eff59
img02102.jpg,74757,6e59925b0dd8d658564834d38af49697a47340b15fb23e8e8a11410895f87474
img02103.jpg,114987,fd736247fa7ee7f8a1c666b32b78dddc29ee66a8909125b707e0c0b2dee5532a
img02104.jpg,269561,7ab27c68719a6ecd01516c5358b150412088f07d4515855dc291a1c6b4a700e8
img02105.jpg,100555,7126452a39372e2b1e8fc369ff3ca7da527a6ac8acfcda7b1e5c95aeb5f1b019
img02106.jpg,124374,d9b2a64e682a8ceb94c431ef850e437613fe349960159001f949588c837deea0
img02107.jpg,155742,b5a04ec5ef39e697ee7f1cd820011bc40e36fc5bdf48f19766a5bc9bfbe35740
img02108.jpg,63246,abc27b8fa311e334acdafaceaf9f6251732dcbd705a0b1316f77fa942544f5be
img02109.jpg,64665,d847cb7d0d290e9f2659daee1357f750a40177fe68b03700c3109f7c7b2c15eb
img02110.jpg,351312,685db451022779bcae4a586e656152d19cbeb922ad176866c3d1f0b91d0140a9
img02111.jpg,177764,28b0edf07177407d6ffdca1e3e2b81f61b8e89eab0782d55c49b1ad8e4e70910
img02112.jpg,74770,85aa9f70dbe22aaf4e415bdaa7c827effb6f454667e032132dfa639e2d03e8ee
img02113.jpg,111478,9605e4ddcc5e2cdc5bf440603367fc61b4d33c713552e98897ae4097b2e5e93e
img02114.jpg,95641,b8d207e57aa026e410092db07f9eb1f0d1aa1ce429357554bf4494b080c88799
img02115.jpg,123041,0137bd1b2653472e0c668368bb1191a1d330363284e2b619cc308fa948947079
img02116.jpg,694819,df8da584cc1989209296ed7f7430d5f2e4b20037293c34fd409136129a2a3b87
img02117.jpg,210538,fde761c23dcc94ca8f129f440f0f741ea2e7857243c481cb351a92f7bcad3090
img02118.jpg,74437,6c462ff66cab8d43e68556862b64818793851b9a76a767dbcc60bbeda191a27f
img02119.jpg,60368,64bc495b84c55469120b08ccf8b9bf1768622b1c597c1e4fc598c12944fce79f
img02120.jpg,73086,b08f95081611ec0bc3cc3ca386d7000dd90558e103913272dce2e2dde06513b0
img02121.jpg,160804,1f2cd0b467ebad51962048cab6d51dedfd4ac86869b49679083398098ffb859d
img02122.jpg,12360,e2b3370eedfe0ec9afc700b305ceed916cb96b797dea2a85a187bda71c01f600
img02123.jpg,122047,4b50a02d08b89c423f0bf725d2ca9588b53d198c168c4ae078d2c9525044183b
img02124.jpg,164714,4078c04c9dc0649e5dbbbe9309b8733ecaa60df4e2275a7446494a010da8b49e
img02125.jpg,112271,3a803c307b576b51dca10d60b7857688e94c0a02f52bf6f02a4e8ae52051e2ea
img02126.jpg,58134,9abe5dd241ff1117acbc828c8da2cdc0b7b3466a3087541840cb4675d8e63a3e
img02127.jpg,194900,adf85a21a61a7140486f658a2c0c3b3bad21a5e6cbd418a27408cba523451003
img02128.jpg,275826,a8f42db0ef64e36c34229ac66e76744af4dfa1555ec279be013c7fe2c206cce6
img02129.jpg,199551,221f3bf5d52d988594c7e6dd1ce4fea0e061a9f8363c596c2366dc32b28ca249
img02130.jpg,110103,68dd8fae55fcda9e0d3fe4b48b1460be599dbe9e37c02f6610b7ca73866122fa
img02131.jpg,68447,2193467471381dfe245213c9c5b4de6ed97a2739ef8378eda226d50e50759de3
img02132.jpg,92578,39d0172ed55efca706fd3533d1319d9ed4f195a572fb32de2e4b02f4e970bb17
img02133.jpg,354859,c979e91367fa430c6fcf5573a295267450cb12416101bf6b27374d81a4c588c6
img02134.jpg,167501,6e5fd114a6a85a19596a3d869293a0d9f94c9bd27c099bfa625a1c4294e7aefe
img02135.jpg,95457,2fffa172f0aa44b6d7d637a66b82685f1cf250b96784ec3fecf05957e899c157
img02136.jpg,90935,4381f3abb4640797979310e707d04ec27f8de5a6fccd556bc07241c58d7284dc
img02137.jpg,123852,202386e4ca84f684f0884a9a157233f3d3af2e26eb95a34b8a759f026c62fff9
img02138.jpg,100958,a210893b207c1dbbe648e79370d127fb8c870da2b13ada220e3fbbe0a9ce886f
img02139.jpg,13803,f7146f88148019a5ec2e5d6ede56fbbedd31ad092043cf81214bdf05ffc44b50
img02140.jpg,126076,8e44e11d8281f3fdb6d2e7c3d9f7f2c3e958e01ddc5d50ddfeedec44474bd009
img02141.jpg,67189,e01efc23f9b1f0bb68e6f4be62650ebcb28805024ab6022a19c4614667a884f7
img02142.jpg,11895,7ee7ef126196e37bcffd5608d2a50bf6b19aabefa289ac786e4c3d28646a3ed3
img02143.jpg,143479,11cec69469e0e6b7178a7aae9a2934df402d2788aea62f628cd01e54dbc0ae6b
img02144.jpg,77177,2a480d165df2dc9c5cca1f24d946bc4515d8145b89698f7d73f7dd4724e7fe1e
img02145.jpg,127917,a5aa8d10e4e8c2ca22ab734231237bc4cb23d8a1c1f5106eacf4cb1dad41608f
img02146.jpg,166271,e8a7863ca0c1f5584b900c038456c11968a82e85e5e8ba6933850d078e09ce38
img02147.jpg,54333,e3bda4eb9c691f5e908e4e45ec8c882c2035b7807b446d3eb956cdaec51e2fa6
img02148.jpg,173429,b771c5f1c73e8a32e13882a74e54a788a0de5973ea4cbb8d9707bc3eefac495e
img02149.jpg,78697,c647a12cbfc9f9b8f180b64c2937da9756427903c52f8ea78d776a5caa8bbd34
img02150.jpg,114145,57d5c85c2cbd5be651a4f682ddf0d8f49918dcc88940303305bda828a9e1e9a4
img02151.jpg,63108,5d1619035d09393f6e667230c3619b2b1c8f5e2991db3ac91e57c1f4e46d0117
img02152.jpg,203236,cd3d97e1dc0185460669ed800503cb84d657da06596d4d69f1f2efd0ee20bd8d
img02153.jpg,178813,08e12ff83825025349275d2d0b967548cf9eb44cce24cf801e0fa185bcbb4d09
img02154.jpg,94725,5630f3bdf4b9e3d8886590fe1a4ded76bb9dbb25fd04e3df4074648133d03d02
img02155.jpg,101904,6526dd7a9751ddcbd87d66f01298dac4b947cacf1035af3e0d2a59e963b2ab3a
img02156.jpg,140053,4fad79c581c23ab0b775e37d0607e4e89932922e302379792ffa8efb5a04068c
img02157.jpg,991425,b49160c296870adcb168142fcd9234336e996ef15d90717191e047db05ed462c
img02158.jpg,10487,624153304d16c949ad2f59f3dd92f86b7e966c880b15ef0dc8ffbd29b8e02817
img02159.jpg,53319,72a7d12a3b11198b69530417ee7537b3af9726eab5f3d19cf9b6fb50cec8675c
img02160.jpg,78952,f1ce28748eed13cb4e4a81ae618cd37ffe783f5b72b54b94769ffdf417d692bc
img02161.jpg,238015,bb2cbe33d4d883f7431e4c0755e57ab71a5762c9476bbfac1cd8aa2720f27d9e
img02162.jpg,211546,6b64fb4cc85bb2e6e5496ad128455127a15c32ec996ca9e112b78f8bdc78ed6d
img02163.jpg,15247,9f7132d22f13f28e06b79c0504bc8e2f78a945a909626b912600118b2f7f741b
img02164.jpg,89897,68c88a1afc7599b96a30eeffc75bc994a45ac8e55b5bc0afce98ab084848afb4
img02165.jpg,175386,66ce9092071bad6054b32ee135716274a0d76ed2b9d17a0bb91a0bd2a7033d2d
img02166.jpg,175239,faacfe68c92eada69f47a754eea42bb1d2be8d54549a454c5b29e2af223eaaba
img02167.jpg,76837,3046b93d219f8d72d1c789ceb15f5dd0e9ba32b1002a2f8d1b3b0293c56a2d2e
img02168.jpg,169896,77b2bae497002fa4a771016804a25b18416eb0d4bb31fe616bbf8d028a30a19f
img02169.jpg,166988,3852a93cb8a4f50b738a21b15acbc34712f3704a765ba9bed0951e050bee26f9
img02170.jpg,55159,0f3403baef1aeb4c345c2a8f6e24e65ca53343529e2949b2db99c029a36bda17
img02171.jpg,203957,d8c911461c4f3d8191fe9c6af851841e2e55d081f825f2891242c3ebe3676ed5
img02172.jpg,132880,4dcd123504b439c1860bb1bdb9ceab698938400e596c713c4b4289e42fa337f7
img02173.jpg,289842,366032f5d24608b187d9c01150162fb11b82eb7ad62dca8c52a59b135f3beb23
img02174.jpg,152774,2822e74cc92f3897993ed7f27c12c24c78bb2759ef4434c7aa3af99fab7450ab
img02175.jpg,79061,035109b475aa49ce8f8112f8fe378c7af651b2aeda0a68db4966e7c0dfaf8ff7
img02176.jpg,271399,1259e402f1dd8c23ff94373d8997df9ac2789de38068330e749a0da4a2e72c0a
img02177.jpg,72054,fcba88b8c239b9189349d01c7ecf3e2c66bdbcb404e05713bdebed186064ccf7
img02178.jpg,57887,4b042f8c201d038a49722d91beb88edfc03fee3ad04ccec8cfdaf4f7258dea15
img02179.jpg,134716,fcc8d795d699bfa1a59a518950d99b45d0fd7bf4c145cb9c07bfbf553e237270
img02180.jpg,232288,6b078f7c44f8ae68771c8747abd11e420cb361eb67d195c67dc8cff7d892373e
img02181.jpg,138671,c05a2ed0b09238872b0a6343ff036a1b8f0b2b62aea6a50cb21d4822e2e4983e
img02182.jpg,58780,cfd97973b5db45ebfd46c60a3e05c807310d1b2b624b3f4eb711f6810bb203f1
img02183.jpg,218811,d78a4bc40169cb52c88b02fe53837efc4965baf4beff72504bfca4ec6bf132e2
img02184.jpg,50552,faefd611ff7145336ca057a0bdf74fc29e0fdcf4117f19fb3a84cf8ac845d57c
img02185.jpg,119604,d8c2942442149bef9cd000a03d60e37c459cc9bcec0f8473d5c7ef1b0974f67b
img02186.jpg,173953,dc7f54cc178ef7f104ca1f1ea5595bf7e60cf6abf408715063d14a227d730ad7
img02187.jpg,112914,52ce666ef2e96badb3cbbb83143305f0f80f8eb758b45d9e09f4b1d1a9a5f9e0
img02188.jpg,180141,8198833296ee6e47c53987879249567b440b5e77152ea5622aa118e3970fe99f
img02189.jpg,176768,27d218b06a8732ef2c27a19848d92f32e60a73257d6b5e3c7d21025631ca3898
img02190.jpg,89345,d6110efadeb13c4cf0e0699c8eaf15ce52962bbc48021329163f49cce771c98f
img02191.jpg,55651,71e4bb086035a902fff41a8c0607395fb134e7946a8f54f11acd0a64d7547ef6
img02192.jpg,128806,fa7d0b33c184e511eb2014e24c69590a4fc3528074daee3bb125f1c2a5abd653
img02193.jpg,49300,d3ff5fb974fb0ba9fc4ed81ef4735b4442387c63432638d15510f2a366a15654
img02194.jpg,78546,fde44c8aa954e3c0c4ecbb22477bc6bbc05648f09767083a227b75d3d003dc45
img02195.jpg,79436,1a9a8b8a1b0f36a00fb4e0697373d981087892a8140c9a7c0d2e2a02dd0f1efa
img02196.jpg,195300,472ef291c168dd5854365e66c7b555dbc894d58c8cd5d6429a9b22b9c39286ac
img02197.jpg,68126,07c39f074698d43d280af3d0e5f81348b9b76252cd8ceea4ec3d4401ed1dd3a9
img02198.jpg,189925,eea161efd8c5ecc9ed8877f750c8302b791d7dce1415926837ca03955b164626
img02199.jpg,122097,d0fb20d3f8711650fbe8d3b1b6a51b9dc1770ff893be61a15d2f37551ed8b8d0
img02200.jpg,161436,e02d5641414a3ff603fd0e2e967e8cf5c9f292604153c3b6f5a0a95b5fdb285a
img02201.jpg,169802,a850535851a1bff218a6715e2c72d684115a5abc90bc2ec8266471967568512f
img02202.jpg,12393,261891c8e74b9364bd09db4891ace702503e886151d35ff61d40a932529d18c1
img02203.jpg,27779,135b947d18137989a272fcf40f1c176d33684e1f11bbcc573b389e9281772e4b
img02204.jpg,145132,717ea6bf938b1498d7aebb22a3dff3206144048ca25a526734e568a3cb3cc698
img02205.jpg,57889,e116b8449c56e5e9ea7e80450c0d1f9067d44b1091ccc9628b0f303d0e080e67
img02206.jpg,79641,cbebe13f58fc88719122e0b4c91388586848a664bb46b7cfffdbbea8e08a6a75
img02207.jpg,91556,9875003941deb074aecac9dc57b80ec14d0806c08d2d81110bdf36ecfd9ad754
img02208.jpg,361505,bda61c632ab68bae802640980100f5edc40a755b761f31da08a392871efc8255
img02209.jpg,259794,60cf59633f275e8bc04d43ffb87f5047b0079afdad807e12ba309865e9cda37b
img02210.jpg,102574,9f2b080ed79b58aea7ee680fc3e04db48aca2e6c854eaac3d25d0f15e56f89ab
img02211.jpg,117213,8e252bb40c22b8eb008fd433685649b88a1d9181fa075aed6430d64c306e52e1
img02212.jpg,64754,acacafdcde9d96aac7afbd35ef5d7d2bea6373f662cee277236cf98f7616a6a0
img02213.jpg,124548,ccd76690a01ea6b1c1e286896e004f16981626183d357706af143a567aaf52f2
img02214.jpg,158940,1d4433663f5dc3efb487ff4e4858e260a347fde54f6c0bbf0e1f3c670e754b8f
img02215.jpg,195563,4d0d815ad993e8aa92e10acbe6dd5a278356d23ded66cc010fc839b4769ae578
img02216.jpg,231092,9d727384eef176f2c75c43e4aad9550943448edc1f7b4a10aa68441f45af2dfa
img02217.jpg,169511,4d0a35dd9b3fdb81585e73daa1fc76e7f337cc1f798602571789d891cf77d415
img02218.jpg,40934,53e44da4c1b13629920ddd5aaa3cc47b766d5bfb90703dad75fd66284a31995b
img02219.jpg,10680,fd38f03ee19f11927d46555e0bf1fb7e84be9a906d54ee6b583c42af3710f3ed
img02220.jpg,183734,44a752be713109f3b6eadc44490f6f6822511030886cf4bffacbad540359afab
img02221.jpg,189487,77a5b27c567b0bb808c9cdb99ad3dd5798f244b21af01e70b1ee1b52467d4518
img02222.jpg,139117,a33aa334ca15431e3491130d3e4077c24bf160ec5fd85f2b243fbf4bbb540db6
img02223.jpg,182147,c96f968ff348eb4cfa004baf5148a39534a26f5cd12262fcb4993fd4a4bf62f6
img02224.jpg,158914,bceeaffc30d005e5acd91a6e6105a1b632a2a3c8a3f56d8b57eec6f1156172d4
img02225.jpg,76562,d6f338c53183f985128093b821f0a41b22edda8b9f1603030f2f876dd67e3d50
img02226.jpg,229912,048d58bdf7d2ca7b7c34a55a5a008be852655ede4d12fec6b363b3c2d191111f
img02227.jpg,221139,561460807093b519a2531fff866f132464734fbe56a4c6b12b4f5da7585605ca
img02228.jpg,240535,dea62aaefb3bbf07ba0d64b9a12b0ae577c00600629b4c6cbc8e906c0822099a
img02229.jpg,96550,f2db60d740fb8928240f1e2b31fbe6959dc9e43a19144d34a7d351941c1bc55c
img02230.jpg,104505,b61d91d82b7529a1ae8e70a70d22dfbe020697b79af173fe5039445235b6e106
img02231.jpg,10875,7a8cc5167f8f09cd06c44af151c621e9b0f79a9d616d842ecb4f5ba3cace8c24
img02232.jpg,120932,73a3f351f203224b75bbed0cb91c3147671cdbc54ab70a99e07a051f616022d5
img02233.jpg,58972,8bf0de3df6797f328c64eaeffc4a2cbf85384956df3f5634b28783f0778f6e98
img02234.jpg,135114,8c2133b77f68a805462424996606b62bb0fff2285478137e6367db256f7dbfd9
img02235.jpg,26516,fe8e087be3ce74d668e133e62f62a77341dfc128180b6bc3ddb948641b45e8fc
img02236.jpg,198924,eae18025968e6f27d3411a390fccf215744b98f33effd3a0bfd5726309e176f0
img02237.jpg,293455,ec399c62ac400e32a2acb9eeacd85779984c10e9ae191f02567b4cf057de5c21
img02238.jpg,111986,23226dcd1d89afc8c577028c701f3af622b2cae62f8b1afbd8f4fb2a3408b6c8
img02239.jpg,129914,77d6b9e864099c6c16cb03d2104607ea1f25589cdf99bc0d3d56f6f36e8c927f
img02240.jpg,136848,7d07b251458c4d3d4213f4e9896ee1b020786c8ff3b6352aaaf6516d750250d9
img02241.jpg,64699,f271c40cf4bb2e6fd285b9a798e272d2279f943976a72c4fbb3bac94f98c4f37
img02242.jpg,53352,f0fe3eb4b787bd81aa38a84d8de51f366d61666486289aaddc70ba5555de70a7
img02243.jpg,63032,8923163beae59dadbf111516774372e047e6720408db1368e00a3009f3c456ea
img02244.jpg,130176,e093c6d1eddc66ad9ab8c3314c72f9659f104a0c8cf2a3a6a276cf772042198b
img02245.jpg,92820,d357fdbc8875bae94b74b1e7b800f8527c671920f5e718867addc2ffb6e88ce9
img02246.jpg,376398,0d847fce4443d5de92c0f1dd38192389fcb821459c932dfecb972581c63d3ae9
img02247.jpg,302309,8faf25747d84bcd58b615abb394cb933d950fccf0c90564c47de407e49ec50ed
img02248.jpg,55426,a69db20ac6af8463ea2728d996e712554673b8896e74f755ef26190492f33003
img02249.jpg,149353,8fee74ded0881969584c2857b634944dc88cfc2f8ef5ad7cd7114d82431df4f7
img02250.jpg,255204,6536b413b3bf660d500f75fad651e969a117d9b7bebc38aefcd70d4c032c02b1
img02251.jpg,241347,d06404e03307fbab6841eda75c2b90d3f7569c62a825835f337086926fe412cc
img02252.jpg,68002,7154e2ed1a7294df7a23e75c7d824201ad5b2a59439c80e108841ed20941d563
img02253.jpg,36753,3b692333b38caa72c6de6c4e8f8989797852b78aa8097ecc184508a847d9b208
img02254.jpg,76333,517e83376a391607631e248127cc7c0888a493fdc90ae6ed428e040fee0d5d9c
img02255.jpg,124044,2c9e3ff928211f6972085216570217057c28f097229ae6591148840b2a0403df
img02256.jpg,82361,17f47af235002c159519e7f998bafb6f5539865c46c6b2834fef388c74abc45d
img02257.jpg,128828,a73759ea038ded0f4720e137997525f9657d88f5fd9502d610a5fdbb5399b347
img02258.jpg,105345,55d25a6d3bf5d79eb82098ccdd4f3ac28976811c528ca9e29301061804bbc633
img02259.jpg,10461,840b364d523e069fb761da548364ee2db646e30113489989af5628301738ee9b
img02260.jpg,94414,3becaa51e554d471c808154e0c6727f913e93c8fdac5c13853535ceca0129e09
img02261.jpg,334098,7ff69d3cdd7144444f940308fa3bda5d898e3a2c65969cf69383dc4f2f1cfb45
img02262.jpg,86470,addf3f65732a3d9d19732783cd23e8ea159f2be399081bafe7facce1bb40571f
img02263.jpg,72654,cd9129414a103a980a9c40e0c596604daa54a431b0d5b3c78dcf9af19daf0c22
img02264.jpg,133557,0813c58de924f3a42c19f9ac921d824c3b8032dd8f23a2fe83a5b6f14ec7a69d
img02265.jpg,287619,dcf052d2de8654f711d97e598dccc09323a0e455d209a21043349da3013efb53
img02266.jpg,134236,9ae2c2381ad32fe0a9e9ae8661c014b75feed08139b6775dc72136870f18d626
img02267.jpg,151973,477e11fea786a478c092b0d8251d669515251d58f9ff61a4be31f2f897312051
img02268.jpg,151559,1732f04be568993d08a67d81c96abf9be3c58904a02110e0ae6f0d3bbfbec8c5
img02269.jpg,9935,28d5ca2bd16cb3ced3162ac7dccd635f91d1a14d3d4932a63c11f4b0bcddf9bb
img02270.jpg,634672,7a0b59c3526586ea1e9dfaa519ff574ebb2f50b5631bd21ce6eebd6f0faa222c
img02271.jpg,175993,683ce86f415f9980e49bfb4c5e5c76e0402d8c595314e17219aea9b080fd6c0a
img02272.jpg,50477,020c7ca680c365ba383339f28e1bf496bae0f6024a5dd87a5b64931ef6c1c572
img02273.jpg,11740,63facf4293784ae1e387c97ab09162826b8231fbc8ddb9ba6507acc5b3abafbc
img02274.jpg,132414,333376d094ccef8c73418dd10992ec2ba8b36759027a40714c8ceb7c4d9b01b1
img02275.jpg,9464,44555686eb7ee4235061a790dff2b3fae9ec7347fc8dd6a0371515a4e15f2b13
img02276.jpg,673169,8c020587d76df79f400467bf0a5016627ba448a2a661ac5c9fdf0025ac34545c
img02277.jpg,133397,58c4b1e275e741bf5871a332aa9324728d56f7768c3d1dc1af4440d8e6fcc89c
img02278.jpg,54193,0d7f835a5ee86e0391dee41288ebe0d125cf2cf0b1d14b38c8b18f9a9086a2d0
img02279.jpg,112485,78db8ffd6be9c63b07a88569eb09855e7fe245d5fadf1b675513da14be38303a
img02280.jpg,82453,199b6e46c4f264818ed2d707a144dc726257d4f0d98ba5a49b5ceb6e1d988cbb
img02281.jpg,288152,f12c24435c88f17607e3b1e90ab90cbc519a0f75153f515c15da18fb4a48e6f0
img02282.jpg,116773,27f7c2647d61105c84c60e89b638f52606db1fa4b94a56e85b126af751019dea
img02283.jpg,79468,98d3d166c3cc7807e671af11982ae33c81b0506e426959a9754af5d1add4497a
img02284.jpg,79355,a25e4a8cb137d9c5264b7bb869c9d667092e9b97617147ac74fcee824b35d75a
img02285.jpg,150581,f03488dfdc5d472bb304e18a87d34aebe577a41e209cfb9a9b60ad159dc3cf5e
img02286.jpg,108460,7cc086ea37ae47e3102b84a0a1070ed8c8614c8fa3bf43d3b5a11515258ba901
img02287.jpg,134577,c3c519190794ea9a3b9ddae36216db271f1ee01b6598c9c4674928d38cbac28d
img02288.jpg,160995,2a4885d934ee486639de56f08a0f88f67e867b9db4f0ec7089acc7be8810d2b9
img02289.jpg,143653,42be5ec59e0b8dc35ded569b19c50dbbe89962494554ac655f9d85b9bdc0c656
img02290.jpg,115846,d445bf8438b43d57a4da7b08d8144e2117dd68e7d7f5a46bae79987e6a5e9936
img02291.jpg,368833,33b27bd405f844c4999bf7c58227f67d2449ca89c685b266e23d95dd580736bb
img02292.jpg,118467,bea75c86187189611baa8d4e14a63471ab7495796d07677b7c7d96f31036c985
img02293.jpg,366579,da32467d87e5fef06fb2826e443a789f35ef0fd1fd7a79d0430a3ad6f45ccf43
img02294.jpg,70558,6d5f560f99e310314032f6b31181a9d7fe1b2d5c322420047ad7e51f45ca5865
img02295.jpg,103104,c58c4c6bcfd14058f31d94df04e8cb63a900e3b08f659d51ad0864c66914ca98
img02296.jpg,105806,d3e5ec4611a0a51a3eb7f2fe31ddfaeee602dca2f9e3254b612fd675ef3eae55
img02297.jpg,63604,35b5e8967245851c2f3aab399acfe3d457e639cf7ea6cb960e69027cfd923a62
img02298.jpg,97458,8c659bfc6cfbce957eb8e7180da07df076c697b96326a256c1b09691e9f59572
img02299.jpg,141538,286d2a9d123dfd946eb4f1294096acc39cb88ddb3076b0fc36b7d01ed86efba7
img02300.jpg,79490,b0386e8cadda896d5d11e21e71a1e2552e6ded5604823b9f5033f4138ebdeb9e
img02301.jpg,119880,8fce1c8e8e0968816c71291cd99995a0bd9d5f16a8d035f13f7837d5c6bb7e9a
img02302.jpg,117706,60a72bbf5422fbb0bbdfda3d470363b8b39850eb2d76e38d49d8b880110a0933
img02303.jpg,207048,06025d2a5aa77450245df3ac790169866885a1798578211b15133743b34ec8f3
img02304.jpg,66100,e0212ac0d4304cd8b112015a06b56d5ab54fbd842a5ec71bd499dc57718b18cd
img02305.jpg,115658,545f5a6b7f2148d03a86137e4be82ecf603889b5e73d889822396947613c08ed
img02306.jpg,187674,b2d62a5079c7d7bbcd1c3aaf55020ab8bc77ebe3058962663b48766502358c66
img02307.jpg,153355,bc0f28e471dcfb3ab57aa7dd3f26947d1ca54047086a3d94e2fba897a1ed5331
img02308.jpg,87468,ff3b7019e296e624632b20b56adc98c7bc94c523c70539cbe5c92966e1a2dc77
img02309.jpg,121828,053921526fa81c07f8c08ffd8345b5ee362709a61d6c98097b93e92a7dd3f6a6
img02310.jpg,223543,3f2b89d112367ccc47d4bdac75c96194d49cbc4077cab007d8dfeccdddb40389
img02311.jpg,349552,caa14dc57d961d86a07d4b51d58e5c74b61b8a730c4422a6f6aca0d76ed4c11b
img02312.jpg,122369,df5a8e367094548f6e8309d838ad086760f9d35edd4ca862f732b0522467fe89
img02313.jpg,133752,32b6ffb9fc606a515cbfe85a5eba8ab92d1528587d11a01d9e26599fc68a76e0
img02314.jpg,158166,8fbc08a7bda4cf4634a2ed86848ea9909a766debeee7d7cb2a97241867a1b505
img02315.jpg,146226,8bae4cb2c042b32307474490312791d9e957aa46a1593907849100635052358d
img02316.jpg,90350,30586f4ece7e9002c9c09d3efa9d95a2fd53175cd20b057c5a174c6b9f44e292
img02317.jpg,313640,d98fa62e2ffa9b3326912321ba0d6736953dca50ec98a3e50b283b408e7610ac
img02318.jpg,232704,534ae0eef721db1adebf28add1c3a9bc3228c3a06e00d42cbdc3ca76c704087d
img02319.jpg,145049,39ffe4348343fe4620060bc9a327c35ee2f444385a91e998597a11078431b102
img02320.jpg,47562,c89ee24c27250bcf36bd2cdfe3f5714fa354d9e53857f2362c4573dc3575d44d
img02321.jpg,170637,9a472b44f82513f0c0b4694dfc68950c5e05eab24f2cbd702df4a250b61d3c3b
img02322.jpg,67416,f0aa152f2a57eed4b78f88b6f6f6069828050a4d671fcd21dda296985edfb7e3
img02323.jpg,25901,76fc4a9549d9a7d0d906a67503952b15393a75ccf92c639aaccc8d507a8b5edb
img02324.jpg,33591,fcbfec6cbfac61517c17ce35caa9c6e96ce09a193c98e20036947d776a67de5c
img02325.jpg,132344,daae2b2e1af58409005b82b05939de0cb07cdb488d901cad32a1cc5108c47771
img02326.jpg,170357,59d4b5803b1f55e0c138a6be5391fb986be75cbeec9a1c295c39f9ca910a1a96
img02327.jpg,13065,401404cf3ca61fcac845802424f5604330f2f4e000086cbea1b0a286fa85aa52
img02328.jpg,236257,0f91aa3b29cadcbbac11fbdff56d3f451f4fe933742904295a9a352fc4697b22
img02329.jpg,80765,7975c444162cef11655fb331e7784b4a08c8b82a08c794d4012f3613227c303a
img02330.jpg,152895,dd3793e80708348f4628e4b25d0172e9cbd115860e7ecb2868ab603a59a319b1
img02331.jpg,149917,98d4e1415806db046caa03bd68ecb40faf156e71449f03ecdede183dd7dc3669
img02332.jpg,120175,84b0eba5c032c271ee21d59e793727caa9ad9af54f4da1cdaaf959629ae45f45
img02333.jpg,61745,a8ada59c86117d47ccfa2b659184438847fa4c52db981939284e626d5d250322
img02334.jpg,9393,39a3fd6c1c7ea5ef85ac6d565992e11c11280ce04e974c81e3757d5c44fd5b26
img02335.jpg,8877,a70bd9bdc36996a2b4f3b4bad773ef516b5a7bf5eb819c4de5c51577b631adfa
img02336.jpg,85075,bf2f159f4655d5d79105c8b2a3752c22a8d8d933c4d426bbeb9418047018326c
img02337.jpg,16201,5a509826bf29d4b75f98294ed849c04ec924efd23814993c5fbaad0ab3aa86f6
img02338.jpg,114468,a623ad8a018fa9d1876fb9fb1152aa8b975ba90797b544e27300418b0763e74f
img02339.jpg,122379,b1e897cc6db8ee2772d7411dfc1db94e1a37fd96c21e094ba2030cd91462a9cc
img02340.jpg,261934,a071faa94059410c7a9f4e22bde3f57209d549470224b73d9a5367a9910a6bec
img02341.jpg,270457,88dc2200a94f6704987b847771d0e2b7658b20e0aaab6627460ce66a0b9e23f5
img02342.jpg,75416,6b4a05d1661f36fd8199620e486316bb4bb60c5bd71617ee0776d8bda8a63e95
img02343.jpg,62180,edfc2e9235c5acf1b133ae51fbc4ec90d3ddfa3c096741f3c513402879dcdd3c
img02344.jpg,11966,a04847099978b7830a1567c5739b4d495abcca9e40f72747328d5fa766128116
img02345.jpg,96030,bf1f037032d9bfe83e91691be31cc49af5130ccb79dc0571316aca7493405d76
img02346.jpg,190809,1188585069b8f038882c238eb168c79bd2dfcaf0f2b4f1ba1f22491088881162
img02347.jpg,151405,7c9359fbccf380638e6d3f3f8766e8b28c220ffbb7d51861a8109812bb8535c9
img02348.jpg,177545,ef76efaf687f1d77b88aed3cbf3a7514fa20451d8dcae544aca026657bdc8df4
img02349.jpg,131865,6d2346ac68232d4bcce2403180e86d13022671a1748311843ffbd9b686e5424a
img02350.jpg,100664,0d091a49ac1c5a31ca29a556a05284f375754c938fa79badc2d79894d2500622
img02351.jpg,29463,c3de17a9dc29a3dc3f5d0f3f061ce0b9f6ca828abe3c830ed84342bb425fd210
img02352.jpg,135733,b8dbfedc30c081a43e62fa6c19f413f0895b2fd84db1e83ab21cd693762d00ac
img02353.jpg,158649,02371b9fce7597cf80d21860d78e19adde2ca5f498cab014172ba6f6e5deb94c
img02354.jpg,223099,1afb53a07b0e3558652a173e672dada6ca4c77aa2bdb315a12b38417a1809585
img02355.jpg,380679,455140520dc4dc5d9b5fa72bf8d0e8085feef152aeb5b348d82dc015dd4a1387
img02356.jpg,67589,5168e58da48c4f9b5a9401da6c371ffaebfbbc87fe1ffb6e50d888fcf71bee30
img02357.jpg,96994,35dcd05d29575bc862d4f072e25e1212e6ed2950da002ae85c65040e5b4be3cf
img02358.jpg,88095,63cc037ff0558a2b28158c9eb748be728a7cc69467b877bcf4bc964f14cd1506
img02359.jpg,66680,5acb7bddc30c55dba39daee90d7fbbde49503d977c33c0150b9d9b2357d2f655
img02360.jpg,110008,5433c3e95d8e027762b69f6a0f6b89fb4e8e7fd22f31ce3206ac58cacb5ec140
img02361.jpg,11117,8dbcce8e8adb9e142d4427ec6c13182346a28552019b9b4630862b937ac225c8
img02362.jpg,121263,471eb8d8c6e12ab88b1de24ffd9d4a3662c2afe95f51c1640110f50610dbeea1
img02363.jpg,92810,dc5f155ec61dd59df985a3fb52754b049df3cbd77dadbfb16601e00274262223
img02364.jpg,155815,8bbf6060109c4ce276395498a8de61ad9159175c14f2850af6c2cd159ce36fcc
img02365.jpg,49498,94ede3b7da107936a49d3c324538f07536b25d18487998b0a54f3b084a980dd8
img02366.jpg,19851,10db4e7c16b992a6bd675e3b495fa8aa4f33fb51678e9346d6985eeb160335e4
img02367.jpg,119190,dcc27392463d7324022d5fd617b0c5a0e876b6225ff97efa54966e60b8d92295
img02368.jpg,72318,d4953df39c10366a912c102eb6fdad6594805b870de6f28770dbdf0f54c70947
img02369.jpg,190728,1ae4a5afda13c39efb978fd21d6daaf80660009c5781923d851850824954dd1c
img02370.jpg,96229,66b876db94a13f6ea8ed962c8f01960c17e4370549dd8b1b8a92ecda33970ea7
img02371.jpg,81670,524b8262a472ab9c157a1b283cd0a60ee6bce36de0d1f4d12e352937b657371e
img02372.jpg,114874,0676e508efc8fe781b855f14abf56b34a861b1564e85c029a76a700c7ab271fe
img02373.jpg,174804,1c8c0f2d54352d45332608604933c148e76eaa15ad42be7022cd71feb511bb8d
img02374.jpg,167117,f152f8bec3d03a4aec454e0325c38394f3905a4f5b0a4377a9bfdc067ecda572
img02375.jpg,228193,700981e3584c6f73bd0ef7215fe80d8e7b398b82926acb5836e2fa4f8d9fe7b8
img02376.jpg,71614,fbd1440ee8a385299785f3907f6b53e431a1fc04498a883e39b824cefc94d408
img02377.jpg,29868,9aade54eff315de05455db1cb0b9f796229db9c569e9081c9738c9b61eac03c8
img02378.jpg,299314,99c4726e4169939b65d6088c0b00a200c2ef6d738db3ff8879e9015e9666dd80
img02379.jpg,63119,16fb40af891c0ceaa16a60fe358c3be8e406bf88f943a9358de6137f58840903
img02380.jpg,86110,3f2ad1648a5c4f1dd58ef68e8de889a66fa4f212595ba55bdaf560dcd10389a8
img02381.jpg,149352,b355023ae1c36b5efa0e21273481fd2585a26e2a796780bac93965d4a23d9189
img02382.jpg,69385,ccf2ac31dcf5151827b28a0b9d4befcc89a1a1d06375a850495a0bcbdc7a4f84
img02383.jpg,165650,7430dd844e2d60d2f289d87e3ed3fdbaa5d481fa84f3f6b0b753396548589685
img02384.jpg,100605,277d7445e2f6a3c7637e3e7ac389ec3e57bd8866732065f2ccfc8ad314de1b14
img02385.jpg,187839,24440c1611e40a90d9f4b6e3d13d8ddfdd0480093a27b9f0c0fae4c544857703
img02386.jpg,121363,2c7aadb5419f4b3b33de68de8da45a3367bc38aed3579e17c069974d4b4f9197
img02387.jpg,88178,0cd46b3a12bb2571875a2fed7af0f109ce6cdf9001dac55299e141208f83cf62
img02388.jpg,212802,26ef84ce6e579f7d0835da61cba4eb7c677c29d07fa3e6f55bee414fe8c08181
img02389.jpg,224416,47012c15a26e3c30640308ac6a29874a7161e1cb5ccfdf724be488154bad7bbb
img02390.jpg,11190,3599439cb04b28af4607a0e61877050fa70c060739d6f1f5f7e535e28d4a5779
img02391.jpg,606824,91366a0198dc9c031de2711e902de1073ab3499720a763fd11f326c8addf29d0
img02392.jpg,114213,28f418bad6ee3142125fd2b917093d57d584949f8bcd9e57f3cff8157b3e6f7f
img02393.jpg,192091,4bbb9ba0d19cfd9607a3cc5af017e3a6e687f2c3b7538946530996acc9c30852
img02394.jpg,124535,fbde46cd49c7c5f34d555afcd9297c0b5487e6f2d0db15ac29083b2a48c16863
img02395.jpg,76370,4d48f135f3f38e51a25a49ae64ad987a8a0c5785190de77b6162118c28e23ef0
img02396.jpg,131580,62d24c877ca02dabc7585937f435e60cacbd810a0473a7c84b8c3d9d3c1da1f5
img02397.jpg,35383,8113721e383f1a57d3809d115897e57de960bdf527fd4f3bb6fa89155299ab50
img02398.jpg,151285,832db38a8a58fd4e40e78788f7196e46a59c73f5db409111f95c92a4b3e62f2e
img02399.jpg,87522,d2bdd56f8faa3da73e3252fcfd74f1c5542b8c1bc6da0e25c40ad7c137e2a8b7
img02400.jpg,159138,84bff37b370e82d9d529f27dd2b7f82320355aa570bc430e96aa28cb0991eced
img02401.jpg,167298,c63c35397ffc29c9b7a32b59ceac53f056f0fcdbb2cd40102ec68ceae060e019
img02402.jpg,162913,a10cf98abdd628019f5682440c6c565e49c4ab6ae5f831a9b1b1a6f10c83784c
img02403.jpg,254746,5e86eb7ff6d2195e740c85cb9b0161d62ffc8d6f201f4fcc2f8cfaea67d0c282
img02404.jpg,161370,54d49c88efa5465db022c1d825b002f0e884526bdee981b256ba286adf9c8259
img02405.jpg,168578,3cf4b2618f8837dbf497b8ecabc6ea477925212c3b97ad8818c96bcbf0baf09f
img02406.jpg,48359,0bee2900126c69ec557a7ca5d12ad0119833a75965cdf75db79bf2eb37693f1d
img02407.jpg,102937,0c1ba9e9a1616f611a227054c00ab4203cc9249f7cc97ad468684d10acb8d1f0
img02408.jpg,66438,53a30953793a8031369c09abdcb0ed4898bea0de8a64c327e7cdca46304bfb6b
img02409.jpg,135781,320f787b3dacb630ce5a905dfae68c4906da1b1bad628974b9c8b23025e73588
img02410.jpg,191263,4921a3ac4771821ff97cff372beb3f4464b39ac33cf2f74d1d1314b9b4579ef3
img02411.jpg,114656,a0d493f8bc73d49a9e0525e950e843644daeacaaad6bbd1754832aee3ffa3c52
img02412.jpg,233724,e1d4c0ea9f48ec05393d644dbadfa1ab21b0c8a147a816ee73b6b23f60992d25
img02413.jpg,161429,4dd809237eac83b3d74c68adc0ca4140b11ef311a71c57dc17f686d6be0eb3f2
img02414.jpg,71418,8039f0c83d801760ba8a64abb6a924facfdc58745d771f238c1ae2423c4d52c7
img02415.jpg,85489,297f4059e4f03e5d9d6f9c5312e600475553a407dcd21ddbb458f0aa26f50832
img02416.jpg,189994,a516a33c116ca87490bc9f9abf024dc87693a7f24703dd0c192cdef353a5ea85
img02417.jpg,180006,e583af68486953a4fbc51f74debb7309ccb12676d5b24df9c929d89382b36709
img02418.jpg,122776,02a76933094dafb646e4806641443daa6112ffc4503883fd9a2be2f9579a9791
img02419.jpg,112959,2478ab2d88332668c3a68ecc1e5d22370f6d2b842e23f48d1f9c824321c6dfe3
img02420.jpg,73770,982ab1325cfa89e4e6a37bdc129703b7c9b3725300393fcb8bae74d62b1d6cc1
img02421.jpg,9353,6ca6806b6c60dd59227bb77cb3ef6addf05f5096b85890e3dcec384146b1ec11
img02422.jpg,74998,becd86e949a50a7c419fb7f4250fb6a3ff99bd2f3c559ed870c8140ad754f7b6
img02423.jpg,47573,e663035fdcb40e6f1a41c92eeeeb2f432c6519e045379c9ea1854a439bc7d673
img02424.jpg,57888,f22b2e751b8bdc5ee4c58d434b75ab610149e10a83ccf5d6e8127e25da910dbc
img02425.jpg,111864,c270e20dd979b91db5bd04988f4049ce9c5b8bd0c9c31848dc062af934ab475c
img02426.jpg,49207,012be0684ceb787e9b71741e2efbb6ab6b84fe41ff3b2e410345a698065e1165
img02427.jpg,124036,b30b8d4ec96dc440a0a8335a350c842cab5b9b7a1193eb24c7df892bece023c5
img02428.jpg,205105,aaef1e05a5ed3951dea4a72644d74605ee434aee90c7ef699b559c9997b8dfe2
img02429.jpg,96476,6145139178d2f17193a0b55001e71a9631e15ab1e07888e1a61d42d22586848d
img02430.jpg,89702,cb5b5a9047c1fe23d19f571564be125f73c8eedb2ec632005e05db63bd2ead34
img02431.jpg,12100,5d9306b4d58dd0dbb9b95eac06562d2449bdd48176f0228a774888c9ab188198
img02432.jpg,154865,7b8e2fba8766f8ed6b833b54f5a80be9df8fb364e0b17a9046848a4338799c44
img02433.jpg,111306,4461bbf5116206848184240066366ab92729a7f79ff2742e9a320aec35e4c2cf
img02434.jpg,235616,7cda9e2fc83166338f6292648b0ca514db524846238d4afdfa6194b4784b6523
img02435.jpg,11084,5f4df9264d64d829dc7b6bf38c792df7efc5b31df87a7ed6698b8dcd942ea072
img02436.jpg,64182,ef37b0d61b609934e2b6706dc7ec46b824bb700ab41a1ccfbdfd6656f136ddcf
img02437.jpg,169605,4bf6d335387769b01e0f22f52d20c7b17ef696a4326871fb080bcfcef2ca9393
img02438.jpg,71916,371ae024379a40e8e78c1a003e052dd9024ecd047b9258e366c0af8eb40e5419
img02439.jpg,238832,afe5f2f7a0884b194a18e37d3a8767eb1ddf521713302bf13ec28303b8dc97a7
img02440.jpg,36911,9dc5f5235b1ff92404e7466bf7c5e1d775147de38edd0207a839b9547a0eb438
img02441.jpg,145026,84533464ec262477ca1980db9e2b0b0c37a52454aa93840480b1837777e71193
img02442.jpg,16475,d51adb62e81fb32de0d77c67b8b0fbcc82f43dd484d0b3436c83323c7df1923d
img02443.jpg,204012,dabcd5d74642eaeeb0a924da4db78f53869d0878cd68fa44fb2f420e85327531
img02444.jpg,121840,ba2aa10c48c9585f178643080b62a4a655b14f0fb0bf1d442d4d11fd989ce910
img02445.jpg,296901,26f50172fd82c5e4ad6d11bd781b2e83df5c1f329cafbb9433d0d0efb0f68fe5
img02446.jpg,77630,f9dfea15e1cf8c529be223a97db8b24d206c085ae9915f0cfd25e22a49691cc2
img02447.jpg,63015,561ec3f7e64140423847aeb2083088251889b470faafa6a81f826cfd0fbc3766
img02448.jpg,117142,5bc950b295daaa27b8076f84b8b8e8f8db53695f2d5c544f4c0830fa8d775f0e
img02449.jpg,10565,69bab4c743ab294d07661d5179c91eb56b5bdef1b13d3d15b9fbbc90e4a5c9d4
img02450.jpg,92249,21be501b29af36694844b95b45c2ac96e9258743da056d36acef186af28f0b80
img02451.jpg,342834,f91738655cc0df65b6c21a34e5d2afa4945b760ba5a070a9f1a55c73c50031ec
img02452.jpg,191434,59fe8e7ee57d6d6da0bba5835bf4abe698bc37df4a24c5b4f7519c221e28b03b
img02453.jpg,152061,5811903ed80a9a11e9360402abfbcd4f7072a368800ca614d90fe91303197247
img02454.jpg,84746,1af83331ec63ab7c706af8abc49054daa53e99242bc5c2cf8fe10370ba2d30d0
img02455.jpg,89178,5e5de90542ceb7679fe1449b224a16712e7f834349d00e7f2c3c82a26d420dfd
img02456.jpg,139037,9522dd063396a74ccb0a01ddf3ee76048eb7721e22e186eaf7977cb29df30b9c
img02457.jpg,161530,9e65c134b116d8ee4c8c734c584d2492babddaa6e461465bffba9dfe1a9e3b65
img02458.jpg,49870,eed620cca5e11e181240004043837c333e9aabe30f0ca10c00048f0a188cca84
img02459.jpg,129442,d25bf95606c60639796e823d41aa417acc8df0d71b338e6f09d7fbf8a090b756
img02460.jpg,79515,fa23c149147194d51429127674317adaf9406ff11eec4f0db66c0f4c8f3e6d59
img02461.jpg,383364,b2be0ac5db3b32f59f733a16e7e25383b1972ba9f5461596beaf08e5acf0cdf5
img02462.jpg,24819,dbcfacc9d9dddb7f3b76a7afa833365700d7fbd4c2b713cae013d5c81a28ab0d
img02463.jpg,93034,d41f187aaa5313a8876d758b1cf79c6c58e5fad280e9fbfdaae979a1b9e8a4f5
img02464.jpg,83575,67068730dabd189d21272fd60f5c2f3f70ee42f66694762211ad73f743304621
img02465.jpg,104466,e76b45a75543954f12a75b1a12a42d0aba8d9658f7250f8154b960392dc94cc6
img02466.jpg,124596,4526fc9fa90ba323a40fd97f605d90f0acb74888a13faaca0e6bc662f83b403c
img02467.jpg,68136,ba693502274dbf606025aa1eeb40119df25f6707c41386a5dfe7de203dbfd547
img02468.jpg,238686,69c9bf8a869fbefbe77cf7f5750a6c5bdef84902d7f7f962d64fc6f71cf22b7e
img02469.jpg,262305,1d49f004689800d9869f57aad78a71e84721b88df4d86916f4c73316c7e628ed
img02470.jpg,98751,8f0458ef586e908dce26a10d60e34f3ad7204a2fab3382f279c3b45f97469a94
img02471.jpg,64947,d8ee27450a7eae66479868ce2cf75a9d8f7961923d42574c25f2d8ad2df6317f
img02472.jpg,100853,baad3ea0df407d33d9e66bee667234810429897b37b211fa4421469646912865
img02473.jpg,256367,8588521b10a56f20c801d42c4d327334ee0402c93b1e149d0163abec4929e2d2
img02474.jpg,51494,1e1084ae2612ced133d2108ffe17cd05fd003ce729e6626127b2bbd9bb440476
img02475.jpg,102517,0d692ed7bf1fe96c15ae3259222a9d802514f8913dcf67e39709b2981b1022b1
img02476.jpg,94457,10e2cc96db162e139a650ed0b70ac027e50a4ff256e1f0ab018281177f7031f1
img02477.jpg,156670,658de9f9c601b1d252c3717b921fb9aac6c5c57bb780f4076cccf6e4b62be3b2
img02478.jpg,123373,8a43a65ad01428997c89c02dda00257452fabe6e506758705c6ee9e1014ff60f
img02479.jpg,112539,ba06bb76a64bccfcd6c2bee42fe9fce354994004e8749af8f60ec485186197ab
img02480.jpg,246715,ce7f21a80fa636e63cd80d8be6f8b651563e359d6bbd0e8008d25ba1ae16a0c0
img02481.jpg,41816,709eb632f9135fc273426467b0a3ac7e9ce8f7bf068e0d9e7ef6f91565bd465c
img02482.jpg,115940,33bcd48747e56b0287644eed1bc5889c3435ac9050606584f5137023f30e8b56
img02483.jpg,294227,b331afa168945c7f9c3d2827b9db3764217e485d81e258740d0c349660ba3042
img02484.jpg,155338,567a52a983cb5af64eaf04f0c131a15cca58555206fb468b3bf2184c1d9338dc
img02485.jpg,99960,34761cc2617e4e1506c19a39a4271fa14d9db8e82e474a4262d63eb4cbf2c8f5
img02486.jpg,144919,5457344b6f911b76f5cee9d9a6b2d7f091af0bf20f3382eb2972b24e2c847ff8
img02487.jpg,144272,4ecdde59f62b028d5192890e25c49116c54062e4f4901bc8f82ac7587d17e281
img02488.jpg,205896,9098c3613bcf7d576afa4718241dd3b73c4d2fc3f3217b2f6be1f2ddfff1f637
img02489.jpg,93478,34ae244203970d9f5f17ab28862360ae1ab400c7d9595eb267af73ca86e9c1e4
img02490.jpg,185739,1571a241d23d034e1da82e3497cf67f797774d64601d1dc1f3689f07127b9b7a
img02491.jpg,113612,8319c27716d4af93ebc896bc6d3d4d2dd8fde9b9ed667bb58e2ca734e667666c
img02492.jpg,96995,604863b416a12bfe874eeedf2c3bf906c8c71d74e0b72e76ec8ed712c26c241f
img02493.jpg,378283,3b4a2e7eb0834fd65a6bc1fc1a20db0d4f7239ba488569a121426c6afd4520bc
img02494.jpg,118958,220b9914aa814c5781e71ec4c025fd969c283a047d56fa939ac39422c1e2572e
img02495.jpg,134990,f1334e9ccd6c8b13fbe36669fc3c4e309b2891c1bc6eea90a2d6bde986645697
img02496.jpg,138622,0b57baff520b25dedc951283e10465de6f5cccb68699a1758faf6ccd3048368f
img02497.jpg,85299,1abc833829cf797f4cfd9f33409033760c5ada5b3f90a56c6ad506bd42bf66f8
img02498.jpg,239213,18899ec5bac9d922f81f29df09837c5e4d7be064294441bcd25b5e36e6f5d529
img02499.jpg,161091,c3ef1948ab863495fa179e4cd1d0d8a24eb30005594506bb87633194ddd2b0c0
img02500.jpg,56167,10dc9a6165117a032baed2a40a4b065de30205186b544379bf64e5efe7b1a436
img02501.jpg,132155,596eafd5d39e0403c44bb311aa7c2f2508ccc67b619dc7f2779add64ef0911d5
img02502.jpg,112100,930bb14540931edc37e9f980fcb24f1a52cea4808fb1f68d19e24287f37f3c28
img02503.jpg,120701,d994ef7f45e1c526f6bf0837714394b1ea1c17c79ab5b8cc61e7b6eb5d7e4f78
img02504.jpg,240221,62e0c0aa46da29ad5cdb60836727cf5ebe838f95cfe048f2be832050d6d1ff2a
img02505.jpg,173888,f4fcf936ec3099ceb1b2b9fa2e240f0711ce191cf053e55e8cae63b4549ec259
img02506.jpg,213096,2e65bd8dd7978cca50807f3ab87a26130c134a3ce45833579584ded1251c5d4a
img02507.jpg,257938,645676e7aa64dd23b5ed3508fdd4a1199cc96e8f1473dcb30f438e5e0cd8fb36
img02508.jpg,143393,f57765ef80064787f63738acb64e3de23c998f72a823379a4f5409c86975872b
img02509.jpg,175024,b5263dedcc3af194e444df0df38a7ff39c3974b12cd00fa12060f4a420c00309
img02510.jpg,182347,611185d914f5dc2cccb59d3a0b862b5744bc57c21c6398a34dadf3a61cbe798a
img02511.jpg,158770,f321d626e5b16a58981cc799df506f6c2da35b445eb28ee13f1af60cb0154ae4
img02512.jpg,182203,ae032e2544fd59a86b8e46557d82d0512a9b786ca4b855ea13b2170758e5369b
img02513.jpg,141072,4fd7d27d31ec1e22f6a57cfc22077944659117aa656c7696ab31fac0ebb843ff
img02514.jpg,118271,d955ff504c2fe7394e25621bf31fe798cc447ec0a06bb7e694c8243844092e79
img02515.jpg,225400,519940c8f1b3356ea654909af285e1f0a4ec01f9d9fb5e6629b1b75c54fe9d0f
img02516.jpg,132921,0ef0c8147f762ff93b1d26c7632c93b46e698956852d49aa37683397f3acbbcf
img02517.jpg,155214,fcf19e488a749fa78b29a7005590aeaa1579edc1b02a37f802b6a1edf28703e8
img02518.jpg,197123,5243a8a24478042697a68ae319de0e0748f349156b3974323a4efc0a87732156
img02519.jpg,232687,b26b086032b16b156b64360d5f9bc686c61091d5d15a5e07900c8112d0e1772f
img02520.jpg,253091,bdf4e88a57d958c029071c5c0c0214362d5cafa4a6a85051db6255e5143ef63e
img02521.jpg,171975,079e9cf30d33e00fb263ccb7a95707b62599ad1cfcce58a20fa4642148aa402a
img02522.jpg,248748,5c35c19cb841de9c5af20c86ec132036a31f0ab51abfc1901e23f543abbfa812
img02523.jpg,199549,df48264fd93bd963736da68fa04c77de126586dde77019b2a06f1855a235ea52
img02524.jpg,172705,136935f266fa2e53bb548ed30f382e98568c0dc94c23e5d95acaea10b8df65f2
img02525.jpg,222657,4adae82cae4b0c545ad8c0a329971be94f158f45c0c81dd384001c9b7f9db493
img02526.jpg,166877,5a0a9cc6016aa5102a26b6fd32e4f64e7d772e5c12242a2b6147182d84a3975a
img02527.jpg,234067,235e0b5ad070fc815a1a0ac8ce2898b6346cf0db84c10039ce6ec59891fcb934
img02528.jpg,234547,1683423424dfae4192ceaf5cb2c4800532acd69d16b43c6653b5da32082fb33e
img02529.jpg,218250,9547a5549658c0d44ac7cbf9134fbe06646231329466c74dc89aa1ba7cf9330c
img02530.jpg,106847,29c410d0585c95041dffe6b8b01b3a658639b2de9f506e2770320a20124408ef
img02531.jpg,155141,0a977b3c79af9c35d2c1105a8d23f174cb5ab99a710e1069c2016239038d47df
img02532.jpg,261863,e4a6079f9639ddd79c68a8f0ba389ab2790a2a59143b16e30a3f4c2510b351e5
img02533.jpg,166322,4f24f1a3eb9909f733eefb97419734270c3966460f6ec611367f621aa165cec5
img02534.jpg,208172,87119ba9db3940ba01c87f303d9ad51039aff11f1742ac6dd9cbbcf3c196dc45
img02535.jpg,198963,5b83329927fb7fb3de5de695f2de448f0c75f801bcca571774f24b4ab4d282f8
img02536.jpg,83802,f0eef22b8a35b2fb7923198c00dac88e038b04a3782b1f3e835eb6c37b35c4a3
img02537.jpg,233944,0cee6f1f5f7802b2c3b5dc857efb82f1498197b980998f0b8425b7794a207724
img02538.jpg,117210,db5dff348353b4acb3efa1ceeb75f3a15dff6099a9458e7247468694fc738158
img02539.jpg,160298,17252c0a518cec57fdf35810bf9de365e934360a87c448220f65cb507480bbaa
img02540.jpg,170918,5eca4b8f697fe3abf74168722fd7c1d82940eb1f09bf8780af2d6016f1880927
img02541.jpg,262223,68f215a44e7a6a327e64d8bfc8aaceb8e40a09fe7c19343642d03008b7756a6e
img02542.jpg,182199,7e186102cb7483fbba9d80c1f2e2d3984454a2f84d91cb3f619b27f0e6d2e38d
img02543.jpg,173392,00145717732603f7c0f4490f279c98492b79723fdba9a6e0e1e569ae6e290cfb
img02544.jpg,170966,2f5b472c64579a536efdba88a1d529e9db32fae714f9bfde3ac91d8a880d7d32
img02545.jpg,147792,d012902922b05cc7f010497a18031d88ed07e43c9bd52140d05f826bc72e5439
img02546.jpg,166908,f1776f599c43f409d3ccbcc0925a498568b1fee62bc97be7ab77d6753c32a673
img02547.jpg,193828,836c22357a2e5f8341794eeb19799ec6320575e810462669f3b8b69adbc3826d
img02548.jpg,168651,38a7653bd7a39d0e1473b5abf40538923efd10ac650d1a04627a80b071c10e76
img02549.jpg,142528,c8cffd73349af01d93c30af750aebcdc75a47a57cbaf20c3468caf73fa46555f
img02550.jpg,177466,077c45b80b168f1a13682e131a9d455a127f46552de04ca0b8c46ff45f581283
img02551.jpg,334287,e302f2156472b1d905c9db03399e5023055c4c488fe0dfed1b3e9a2e5911ac25
img02552.jpg,166740,2db0e613e78e42a24a91aa90de36de41e756b046d666bf00b10bb93f20f342a7
img02553.jpg,137078,d2cf7e60d82a340f6462a5a2e9fc87b1d199d8900a0eb68c5b264842a8070476
img02554.jpg,197638,01fc96f0de409d9251108ea04ddb5b81de70ef9c9e5bc80fe2aeb7f93a9de0bd
img02555.jpg,205358,ef4f2f958412e7de5acd71a54f7b8df11a12a30304ffed1db66b403c3c878771
img02556.jpg,131591,a0a5d29858edad299a6451dbea9b53d542072e0cae4e2e4402a0aca07e71e84a
img02557.jpg,107995,42e79c4ff8694eff085bdb44b8b96a433eddb6e9ecee309891c4b3f0a4eb7c87
img02558.jpg,174429,2408beb5a7fba5853cbba860e45f35e428191651a9ab777e5c8ea56ca5be92e5
img02559.jpg,236942,647de8505647f282678da094d56130acb062b3ddb777becfb45a8603d54fe0c6
img02560.jpg,113400,213f962914cdac89a0b10ae9dda5f9a79cc945f3600cb13939f1f8f28c31f486
img02561.jpg,176161,a3b4082fa04a5f2198b552b6d0db787903cb69fd5f53be5f59a1749b08394f88
img02562.jpg,196004,8b3a4e1091bf9393f89cca657a5766927fabc702fccfe807b3017aac2bfceaa3
img02563.jpg,201924,8076f0f0cdfd13dea67ec2296209f2764a91bb27a689ad8a05e1fab5cd647dfe
img02564.jpg,179712,c9211ab6367fcc2c3103ffea6e8bb3ad492af17f8f54d1cde8a409659c628da2
img02565.jpg,167073,0d8ed90fbbb1633dc4b18ee09d066f7a6ae81afe0660f69830f84b1b5a15dea7
img02566.jpg,230048,c4eda02c99f4f63c3ed475cb39b72dd7ef33d75b43d4166d8452eb442b5bb05a
img02567.jpg,208055,8b2f53059125f8e7af4135de3be0aaf1761e1f7390dcebdebdd4a6b221fa45e5
img02568.jpg,128456,b3e3855f058a818a2238114f0f3a7efda78164179a381adce7f230ac1d0f6c9a
img02569.jpg,177341,f3166d6d50cd09060063f31121c54789438a700a8cebfcc9f6bcd7de28d4f398
img02570.jpg,155441,45dcb78e7a52561276e493deadce85199346f96bf77fc3735c38002e33b11eb3
img02571.jpg,139177,c07f4edcebb03f8d715cf6a566d7bb493e73ae54c3f0d8e08768581cd04d328e
img02572.jpg,174793,84cb46cfdc8c912fd0c8764a0d877abb382121e549cc5fbefd76ee7d6534e178
img02573.jpg,231668,faa5aaa0fcaf1f6c5d1d3ba53725fad7a386ec6954dc3e4549a70eb48d9644f0
img02574.jpg,132999,4e34a59771d2bef64f2baa26ea162b163e22a2ce64f383543e66271939096d90
img02575.jpg,133250,970d49306a21e6b8f8d1c98740c648d6ffffeba8dea6bd3f363bfad0602aef41
img02576.jpg,216372,32e330d7407e41508441fe3f7e08da312198e68150e5cc20c6c5f472a0d1f921
img02577.jpg,169560,c5d4fffbc51281db01bed4b41ba756f008bb8727a5d5b81ef69e0122815828dd
img02578.jpg,202081,6ed9e6bc316b5f27d71ac36ffadc5d8ef33278affdbf1b5d66efd36a9c4aafda
img02579.jpg,210681,c2da00e3dea5008392851e92dee07300d9f9e027f840f64df770e092f28e2000
img02580.jpg,205858,eea487637200da5b1c16c81e6264eb5ff3f5f5f196ca83beeed887005d6d4fca
img02581.jpg,215104,d5f52aa61386c284b85a4a2da903ce8d270a869aefa2ca1b6c1f994fdaf7a2c5
img02582.jpg,103813,26c26facc21647bdd6272a998ae89741411ef6a03044197524869b6e101090c9
img02583.jpg,159462,e6b2f18c72d32124889e6f5d388a163466952fef21dd6e92043aea7ce15840cb
img02584.jpg,143377,80fa065b1662a1ab30af2d06a274f388175a3bd6f1ef4cc41149187e2dbcae72
img02585.jpg,121969,58b2d0a38dd9b2279031a0780016cd31738b5322c3f990f014fc56ff0509c155
img02586.jpg,172873,26a4ffc6b81fc488ac13f6ffe2532b194ad3ff2a756a0ea74a7d8b805ff8582f
img02587.jpg,279421,79e562e4111749a547fb1cc2609c5b396c7bf2c1e651a837f55346c242602d88
img02588.jpg,193042,dd308e16c4e93c91a10320a5b713f2f3eaf4c0fd17d2902f6dcf70cfa04754a7
img02589.jpg,177923,c7c6a264c353966f27ab4677a04088fae57b499359ff2db6b874f25b4cccf1ec
img02590.jpg,195305,76299a64dceb81f6d9def9c16d436915a82d2db87315953cdb9949f33f0defd9
img02591.jpg,194654,b298af74f74a879244f39f3ca34e702e2eeca2a19f27a682a7338da3416dfe37
img02592.jpg,135303,1eeebf52b62120de8c0096cbd9ab696e0af282eff0b03302058a89e529066a78
img02593.jpg,219862,46fe8a74fcb632fb6c6e0d9f0dce33dcbc89e0e807335933fa3bb19f0a783ced
img02594.jpg,227944,43510100ad30f84d345e5fe7cb3df496efcb9340ea04b399e8d3e55b1223bda6
img02595.jpg,159083,c157ad8a221a569e38e49ceb731b8ec37f5e5c77bd0b74ab3f252b33c757b639
img02596.jpg,191395,42a89e3ccf6d364066954d23227021ef3a49b05dc472cdbc4b9c157e19781297
img02597.jpg,162443,059ddeb0c5b928643696b90161405963acf49b5746b77fa344cf9c1ad3e673d8
img02598.jpg,86194,d5f693cf7575ab710d6bf88a82af812db23b7f4bfffe9a8f848e482caac5e145
img02599.jpg,186908,f2ca330124b9c812147283216599dd6d948097068a2d997b5aab2e6c01c9d708
img02600.jpg,190749,5d956e0c69936c0b34e5680a546be9fa522266d0e07d9d680892f6df28ea6994
img02601.jpg,159584,79be98a6f71989cad75338f7778bf8dd4b63c6dc528bc5eff719c2570658b123
img02602.jpg,171951,26b4c1a48401cb02ad727ff6eae38cf208fd2f3a1180afaa7c9b5248070645bf
img02603.jpg,120906,9999789438d502b8f05d4763bac82d8641d4199017182451a56e6f2cc9e537da
img02604.jpg,184504,a9d9cdc9664fbc3b90691130dfe8d076bdd106ba780aa48f1d8f99cbfc04d3bd
img02605.jpg,220201,2af27e1bcd1ec871a7f0dc81878a1e83c9dca287fd5b7395635784dfddab50f1
img02606.jpg,177072,dec50d4b901e9e534785e35ad154ee117efbb7db31daf14629e4b8d88d998215
img02607.jpg,128017,22c5dd668bde26f3a19db12029b64028eff2525d410abe0080551d6cc1d04b73
img02608.jpg,130089,62067ce057b628efc699b4fe69b78c7a2893568989fc29add095229c8b89a386
img02609.jpg,178549,eacada14c846255649d1bce2bf2cfd087c5da37905e79b9236e3436892844439
img02610.jpg,140618,02399390c85c62e44bec2c4f04fe0d0c6a6db671e2cbdb12cf7d2ef4eac400b3
img02611.jpg,129599,57fb24dcee0987eadacca94b8e3b2662641c485b6314c9dd5ec8534810a7a7c6
img02612.jpg,108124,673c4af0749611649d9f7d96fce96d94f4d7a3b5a846cef9484152321aa0df88
img02613.jpg,151262,84a087ba1fb522bea792ffc230da9eba87abfa50e09917d349eeed8cc9f54b61
img02614.jpg,213564,ce7c720fc08de27dd568fd5eeda8b0071a7cd4b11b08cdb0909ff167e272d896
img02615.jpg,197371,f906737435958784f9947adecda7ace6172353b3a006ae9f605f32fe29881eda
img02616.jpg,180483,891e3a55d99a83088c1f13b186ffcd8a49c2088082dbebcf108022252205029e
img02617.jpg,280430,25b423ab50b72ce81257f8252e839c28a7a8c25e6550263333c91c86339c287c
img02618.jpg,137029,2186846cdc8c6f3aedebff48cf016c803792b467904365581512cf7a539b0390
img02619.jpg,218587,c0e5e2450f0d25110017ee3ca5b10aab79ce1159a1074141bdaea96152cbd0b5
img02620.jpg,177770,0812c3b9b62d87f9a534289192574ea0ccd6b8f541047e8e4e8b49340fab7a1d
img02621.jpg,146930,ce61d61375219a7813c937ed4fd50f80754c33057355fbd2f9e4564e6eecad18
img02622.jpg,174638,45463c3c9e379a5a66643cf8e01c90c9bc705761f44b4a0b2705ec3e0e98f178
img02623.jpg,232670,9275f16b321836342f2164ed3e102ec49d730802369c5c56250e3ab3c947b312
img02624.jpg,180141,d8087677879b89e0792d5a198f53c5bbfc984333725a4189143ba83b1aee89d2
img02625.jpg,182466,45f36b198345b3be0d7eb4d618cc996e1b75bb6e6d92cb14f9741c4be50bbcab
img02626.jpg,139428,941c81dd20bb37b64ea7eb6a4d456e2ced0b8413db764bf2c62b000ab3e6b627
img02627.jpg,213002,ff32d44c387c56cae2fcb3d5acff4a5f247c14cad3893e44486322d3f70628b9
img02628.jpg,202938,53f09c627eedb27bfb673e7cc01d046cbe29e4e41a2eec970e7ac61a6b26ab33
img02629.jpg,161645,78f8aefefd4db8297622963bd503c983f85956f0e25883f11bfd21af1a968ca9
img02630.jpg,323259,e107d471d157dba3b1247b26518d742532fbbd3fed1849d1cbdd0a35ef1b61e1
img02631.jpg,139215,9f32224fbdcb5451c90c34ecc5b0cc2099c4159d9542080d3351435322537302
img02632.jpg,152160,b2a910c99013dad4ce754aa84b60379e79f7caf31a5fb48e2f7b26f73d9ea969
img02633.jpg,196433,c43c85c9c9102acf12dfa626d4b38d842b064959138c63af6cc7abf50b872ed7
img02634.jpg,180883,0db92228288234d49aa0783425f990609ebf7483e79665a72f0321943c5832a4
img02635.jpg,175029,64cf8efbf04bd46271b6d7a5385dff7833f1122cc06199d9f507c9147ddc7101
img02636.jpg,234712,0fe7867658d821dd2de547e4524f7d99d738178d579ddda710d6f519304adc7f
img02637.jpg,132373,3d38e675ca64372e86c16d21331bde0931d55dd9bcbcdc54d78bd918bd56c7be
img02638.jpg,135489,80f04e7d6438bfb96e366dc0c5287fdf1621c8bf634fda2ffd8186e04feac5f4
img02639.jpg,168493,be3362228a2638666ce621d8632778668a91922a1ae4ef2f84f254feffd0d0e5
img02640.jpg,219304,fafa5a52682b74b80b8262496e5d9b7b5463cbe84df047c2df6ecc84bf43525b
img02641.jpg,175732,290af5dd7f26e9b56393579105af8f4a3fd3ab0d5a03e30355dbfb583f382dcc
img02642.jpg,232050,eb8759185e5d7f9714cf467794c1ee900f1f08e0fd828c8dc4cf1f0bd903b24b
img02643.jpg,174539,06861e2a857f2093f5e2f16074660b67dd2a5f4fe06b8311017b77425a3ddef2
img02644.jpg,214087,1ad3948b4722052852c96810c793907526650e859e07a4539345238b0ed22d19
img02645.jpg,203125,b01e0e010a7cfa8968eb00221ca789185784470808026169ba6176922b2d0ec6
img02646.jpg,153100,4b757926f8957e4c3e377366adfe9a785f0f102d182f241290e82d0de794aa43
img02647.jpg,184084,f251fc6fed7a3b9662c74d287284a1f79848916d5d97d1b33e5feb9fbfd66317
img02648.jpg,173241,fabb16ca46a36e5b8dc4078f479d891c6569ed32b06a23bccc3c8ee650b36611
img02649.jpg,176831,6acc4aa310fc8a7363fd6067470a16d4fd6a0ad08bdbf7d3b0fe7908498f3755
img02650.jpg,184783,9793b70847ff58910f762d66e8e0917222995b4cbb663bc758f3437399a5ac9c
img02651.jpg,128130,6d4e60c47987c055de73d69281569c5240f6f3e8a4d61e1f09fcb56ed07f3480
img02652.jpg,235713,5cf969eb0521d66b71f9ef083a82e162042a9c1eff64eb2de41be1a2d2a8d926
img02653.jpg,231177,9251f70ceb10513d2dbb0efcb1360b7e8e22d5d0ef69cab1588f364603c7d12d
img02654.jpg,214232,0f69e035d34d054ab011b600e1b52e69fde629a67d389d219465e3e6d1c6066b
img02655.jpg,142123,12a6f696325cb5d982f1934291641d64d4c59a87f7e460a0a796074078558034
img02656.jpg,249703,5036d379d82154822c70456b64d5b30c456493f6e4bbfa8891f5f0abedd7d86b
img02657.jpg,218925,6095fd18034ad16acda2de19e9ac6b0eafbac29371f4d647234ab54a678d1af1
img02658.jpg,162723,3ea2fd2067221558480e2bcb775502c007f4ad5b26313b101688b6de2dc04e6d
img02659.jpg,183606,74faed543d2d1802c8400413948824e89f0103a8ef7954479f0156a219d2f6c6
img02660.jpg,225950,5bb1570abf361418a59fa0bf005f42329d9e91f42743c45a9ac8e24c0ced72dd
img02661.jpg,259798,beeb0177bea25bd0e1aa54a95d38f43108656a6ce35524c521842a9137f4b371
img02662.jpg,169060,5f5013a3b2abc5e3adf4e79c4551dd0bab88700c1e892991933ac956722d603e
img02663.jpg,248855,9c090fed3813033fe705cd5658d6126972ee719b75b5b70aea940899548fd948
img02664.jpg,109297,03b17388529e6831ff4be7080f91fc1a484d18ef8d3c751cc36519b082e25595
img02665.jpg,215760,9e1d8afd24c11a050476cae48da66ccfdac954483533e60dba2bc1922b5d2dfc
img02666.jpg,225321,3a7927eedd34b46e8bdb9a1665f067c65b87ca738235f5d3931192cab0cb0b37
img02667.jpg,168319,9eda7f2f8b80c3c76a5b0622f40c39db5984358fec6bba396478a1252920b4ac
img02668.jpg,31535,c9a0ddfd56ca9caad90d0b0a4e7b68b305609130ff65d622a351f12759780554
img02669.jpg,168587,15b7542f374d325ad370d83ab93d4e6ad5cf5d9199d2905d693be7a8bcc2b56e
img02670.jpg,262929,14df95f3ced8757bed88d61cfba8b38d798d43e2b0b4216e3cf1d5082561566d
img02671.jpg,89198,b2e4e2db2ba5bf0afa177704e85726d2df48d807b7fb683cf109ab9a4490fe92
img02672.jpg,145960,11e441ec1c8b9165ddaf294d86184f632aeef034dc380f956c5498e5ba49ccee
img02673.jpg,137916,a2d561916743aeda82c8c5358530810da8a088f371f8df0e8785aaa95908f29e
img02674.jpg,166821,da80de01dbf1c574992c7c0624621025a3248ca32f9306c85a0efc2acc316c4b
img02675.jpg,117307,e93f07d8a21336ec8ddc04b842bbd9cdfbb5424f7fa5a8acbb6cfcfb43708b07
img02676.jpg,197060,1789131e0f02a5e77af758ba54f68fd275ae4cc46d8219ffa290986d5e8673d3
img02677.jpg,210312,e417aad22f71b906e5b8635c73fec578bf31b83350e91b6eede36129bc5dea54
img02678.jpg,142811,ea34e21cec3d4b8182c111747eaee00828dbf5a45af36241e1911b2272e4f34f
img02679.jpg,208758,bedfbb94bde14977f97cf755f5f01039b9c030c1c9b1d61c2927f51e54865c0e
img02680.jpg,189902,3e0dd981682cd38c5ed140e9af896467f1b98931a80ed38e44ebcf801e987093
img02681.jpg,209677,1cb266119f890586f51a4d3d48e34238040750ec298fe7909ba484bff8de96bb
img02682.jpg,191766,89fd2a61625196ea3ba074a5ba7864468166e8e9b402e5bc6e1e567efa5719d0
img02683.jpg,219564,8e1978605332304c4afe41a5877072c6d01b8a1fb1686957e7a281764fb0d5d9
img02684.jpg,159680,c76b3a63b3b0502aaab7c57264d1cc015cc80ef0cc989816718a4d2ee6766638
img02685.jpg,264303,a737726908ef7e6317187ebf91316da65c71f88e71a3126f433111c14319ca02
img02686.jpg,212962,a7983e935d05340ee9cd85c67f5cbdc699e7f5544edcf573f4e660fcf9e5ee34
img02687.jpg,166466,6008ef2300217d41aab6d282996e194da64b89119d4fb909b75cba5ea4dc658d
img02688.jpg,179286,93a899b47e11fecfe0790d9480a43f307f3a9a8ad408b80cc07ef9e8600f4a48
img02689.jpg,192421,a77c0c7de00a7c17d567569b3b7aea1e0a31fbc7126fa08be265bd05380d0cae
img02690.jpg,129331,3af4ba361a4bf042ced22a006c7f6ed9c4cba6bffd28f6b5f8405a4e316cc7c2
img02691.jpg,185279,83de52ba39d75e45c7bf0e7d27f59926f5fa4134abc3129d75428f410d29f780
img02692.jpg,161354,5adeab394c369a43b26d4920dd51d7bcbd526bce9e931c6e6ca44fbfeb4fbaf4
img02693.jpg,152800,1329779da6450f3df879891e6838316f312dc65850ed2e677adc6d029ef57f53
img02694.jpg,168514,44d60ea013dce1447ad1f71bde757ade68fe9813f45d0d9769afbce8b234654b
img02695.jpg,336408,1d34ccf7d16d62238470446c00e76cd1786681ff5d40f2a2f5da69e8ba7ee80d
img02696.jpg,208412,5efa7cd9c63b42c5341c845ace1de51a4241f540fa11843224468eb8e0ca2c57
img02697.jpg,165583,4c43fd8f16114b0255897db3c807080dc6c828d8279708e66fa533a1527f19af
img02698.jpg,144503,1193dff88abab989475388eab83bf342851826ceea7a0c4d667291e8b8f8837b
img02699.jpg,140699,fd583c16a898b14dc2dedd70f3d69122cd0e385fa0c9861787da6c436f4fe278
img02700.jpg,211920,efd28b731339f52b205c8c68746bede4120f912498f0ca1bd45917e01d61b291
img02701.jpg,217014,833bbb2d11e01e70ed99a603c79407d3891f01b419aeb2bf9f0111dee30fdc1c
img02702.jpg,174520,256ff6c972d2e6d4c6240c307bfe18851ca625950c1a55d3008992cd9fcb0eee
img02703.jpg,208677,3a19f107c0e1284fc6cf0bd3c99cfb7529ea7f42ae068813b51b9313dc06e2a9
img02704.jpg,219637,8c3569530adcefade3fc694529fac20460b46b5f6519667115ddfb66583b7b70
img02705.jpg,124607,485cf1c05ce2b8c4a8b5795271c01f43bb8f79a230d727e0e41e92f184e989bc
img02706.jpg,245633,e9dc82df97f818a69080396298937bb6df50d605adee2d931ab78851aed668dc
img02707.jpg,150119,3e79f3490ac1b4f2f43b5b14e15749074a4876b5e62bcbb4421cb11715092d85
img02708.jpg,250106,86876499e5f94ff0fa482301310759e0f7a22d43baead82ec746a9165b95a92b
img02709.jpg,214833,78b556a8a424969af59aa51343549fbcd9eb4c1fd6f29bd4bca805dc8a5b46ac
img02710.jpg,146090,4b33d24a33dcc1cc6140c3a827c158cdb6b2ef287a66898c3434822488e61a44
img02711.jpg,167540,c7102de544f67ff2ae3273dc1dd26fc60c65c29dec02220d6dd268ec139b9f73
img02712.jpg,152998,c11599e854fa1a48436e120b2191b9b173f545f1b736479fc7d2c35e15aa504a
img02713.jpg,174970,6506a6371f0abe5497ac6d3e4fa5e06126528da3eb6d2d220828dc1b5ea81f0e
img02714.jpg,153201,8cddcc6877d186062bb0e3cca98e222d7c78d89c27696b9c5c93787e0d85be84
img02715.jpg,230737,c6c0ed0c40c7169b7f112130a3355c13419eedcbea71a84d8b43cc0b84681f66
img02716.jpg,130437,794c2e12411fec4373f972ffcb1bb64fe53ba7931c3eacdff73c07ca5a7bb253
img02717.jpg,163606,7351697739cbaa248e94446921271a7251c2c0ebf9d2c3006b473b735f198c9b
img02718.jpg,152448,920666de3179a230550460be0f7c4dcba7ed8340b1eb27916585fd34a4dd9900
img02719.jpg,198677,75b70ef7fcd9390a432ab6eea3776c1d38c1ed556939952044523339e44b7a90
img02720.jpg,146866,b09c58b78a9d531d79a64b0a3c2c9fa911728e6903686975b2cd9d04c74d6ca6
img02721.jpg,165057,e9c718c1bb3a01c41bfa79b4d0e8ade36ac87865c608de324c5372d34e73b674
img02722.jpg,199303,e7b621cb448392fcc240064b48ef0f9542380500fb5fb37950aa98a0b2a5e66b
img02723.jpg,114586,e525763b18f95f2da974d574fabbc40fd4031ddaaec592e482fcb00ff065c256
img02724.jpg,181385,236c480f369a26976d64f4ae10d52cb2c929bd0f471c0badf27358b325325560
img02725.jpg,195784,ee669865c283eb735d4bc298df202b190442f916a6e826984f3900fdcdac6eb8
img02726.jpg,184150,1ed1dbe94e008c69409d243fb8a334aca0ed4ee24adeb7de366b39945b2e90df
img02727.jpg,120965,d3023e8801c6da8b4cc14c856cbc047639ebce1c29025d945fdd40b44eda0b06
img02728.jpg,243993,33fb50d227771ff042bafa3cf4745aa11bfd078203cc4ba4db65be2967865a05
img02729.jpg,180112,1bda730f35431ed6f31059dcbffea2d446d3f293721ceff303342a20c30c81b2
img02730.jpg,237099,f3ebb343bd35ba9e26941c39a036ca136db8519abbd8c3f9b366d76bdd4d9d5b
img02731.jpg,141214,4fe4c953f13666ac48b52477385fddef4505bbcdc92a93f534f467b7ae26fc50
img02732.jpg,162567,24b36e7c518cabb85dd53b5b37c09286c5de724d7413a4895e293815e63164bb
img02733.jpg,161078,d74d977a7a45a1e0e3d30c16a09c919ad3abf24eec0e6bd7faa01921ce86e0fb
img02734.jpg,160445,c7f0a142acd06d8c5a52ebe3bac6af9df4c9e59539385e911d8a2b0da9a555d2
img02735.jpg,184800,65ab1fbf14d1c5fce0192fbbb093bb7bdc05c2e46c763c180a55f1336a4c5426
img02736.jpg,216679,747068210711e8404ed41dbfd646022c7e3936661e29f8db72cbbf83b081e6bf
img02737.jpg,174702,fbcb8e199e9fbe156b91260a0f3210ab869caa4c0d64f8edcbc2c97cadbdeaa5
img02738.jpg,251229,e44ebf269279924b734043ff17f0cc0012ee51ee519f59e8b9e0b5708cd3aa06
img02739.jpg,261616,0b599f50a5ca828c2b7a3999330dce37e771da3393fa6e1c883c8e9e8b3f6cf6
img02740.jpg,185319,cf32dfcfd8f0f49e599b86f92f617534911986018725a97b5f207c3ec806f2a3
img02741.jpg,245579,65878babefc76d1e0268a0ca8bfc976e531acf0287ce3c104b20c793da6f478d
img02742.jpg,207701,66701c805d1c64d6f4dfe1eaf08ce115a6b598f900c4c066b2a715c35fd920bf
img02743.jpg,143113,0ba66dded018801a5edb701785a64f36e9fbb8b604f75a020f83b0ad4a4a5607
img02744.jpg,100447,0d10e82582afe349127b7ad835c8f47b73428951d1d9ac2600aef6b66fea2801
img02745.jpg,153949,e7f82029ca79a952b88a6131f70df329d1ec888daf1791a1aa5be3af37d4a8c1
img02746.jpg,238749,4b0fab5896180174cbf8d60b410f2a5a86681f9a1711a0553b10e9e30f9d8392
img02747.jpg,171948,653df2822a5a51eebb5ac1983c9e38454d8c9187051cb8e6016bc0b234956156
img02748.jpg,151408,018114d50ff3df595517d34a470972640722cc150501408647f3e1452d97ea6c
img02749.jpg,167297,059145f43ac7132790fec2d6e72fd61c640e1edc1f1b5300c7fab383e01977be
img02750.jpg,112634,b7b412f8ffb0697d27229cbeffba1dc996331b8eec67dd2b3b2d4b701dc47481
img02751.jpg,261466,19d0c73c40ce7ce7d29e2460bba3e96514dbd0f45f49db8c554a3b76a545ba78
img02752.jpg,172627,d77f4fa5c479a79ef0c5e0516784f235ee772e99e35d08b0639720415c43fb69
img02753.jpg,149314,538b441ca1b72ca8e2304bfceca1ddb5679cabff87ba1e95e52624f55d83e619
img02754.jpg,127251,267d45410b629767d22574f3c456c5b3dc25cc56077ff225c41214e827a064ff
img02755.jpg,153786,aac4380f80cf61cabb0d0b2a35e52b170ff8d518173e5bb141d0b4b83b9eb368
img02756.jpg,191385,9e7365f9e57af2efc44d0c26543d374ec293d7953f382d82e42997abaafef019
img02757.jpg,127092,2f595e57798d8bdbc7b30fbc66f2712f87cd61f8c94cd95beded5ca69ac3154a
img02758.jpg,136548,5dcbe7451999528e32ef27830348473329146ad60f8e9a0db0168f2ba257ff9b
img02759.jpg,139296,6424b030a5f74b08a22be319e78af1ae47fb59c969565a6f973105985f6f3a1a
img02760.jpg,114143,20e6ab95d79b45322b045f17f92c1ae9c02fe765b47681f503c6ad17cd44bc7b
img02761.jpg,206248,82edba0b4d7d112062d1f0a92831396928bd83ccaf3d482c6c890d4f649b2b44
img02762.jpg,252070,2b8ed58e8b2ea583d834724e4872cfac4dc344752b22b82ef75c444a80350961
img02763.jpg,213150,fe2049d862a6b450cf21a7a609db5a7ecb699dfa62b62796e004896b54b92989
img02764.jpg,204739,b60e5de2dd26a60b7c3795435a986a5c863e18a519fba9068ec17feddffd5939
img02765.jpg,177363,43d1b6250b739eb38efe63f3a07a6da079481f44a1296814a32dcd8be94ccde8
img02766.jpg,267409,69f7412661733b07c0752c2dec7da3f6b818d38adf8dc1d49068708b44249ac7
img02767.jpg,209567,51d61c50cb74a3cfa3882bf884318e46e23c3fd36aae1f48491feb1bf95c123b
img02768.jpg,212810,45b8265ee16dbac6fd6ef79b9e72df9bf34f488ac3ea7ee26881a2d655f6c286
img02769.jpg,217725,2a406194792472b303136bf5604943e77d59b512efe5d79ff9502d7e66de1596
img02770.jpg,207082,e2a77571278367d95a5ab0f3919df4f89d35ef0df2fdb7d8fbdb57459b5eb730
img02771.jpg,139908,f563217ac3e72d0d1d9a95ed2e1ace7edb23348e378534fe0b6c87434ba83d4a
img02772.jpg,194774,03416b160ed2687420fe6bc7b935f0b046ac2c400ed88f3b43c5977b6ae2cc99
img02773.jpg,183921,3c742e707dcbc53a1d15d1799f2d58776a854d354aa8f05c8fe91f9a28ae1c44
img02774.jpg,136270,2e84a504e2fe18edff79c2afe57c2fbc2c8f8acab553471b1bd6961cf902d3a5
img02775.jpg,332534,79f6801326f0bbe03ca5c9ecaae4b9ef959aaedc85981bf2d8c38cdf128b87d7
img02776.jpg,205631,18cdc2b201999c971d471ee36e8eb3dd0ecdbc8381a14e9d5a7f066b335392b3
img02777.jpg,178543,bbd2c5d01a6742665ceb98ac507dcced5602e20bee8aa32d427fa26b77ac3026
img02778.jpg,114416,88c08dfc252744b5b20ee5f5428221c1cc87564d9100285e3a5a3d1bf737f04d
img02779.jpg,180065,6a486b3f216b0791d1fb5da829e8724bb3622e9c78fe2b7bc94bf52896290cac
img02780.jpg,200426,a213971f2a51ea56665f1f1531a5655f33451f02f6a084d44300585e00e0c4a4
img02781.jpg,155835,e6dcf76a796abcff8660585977cb4d985b7370f7fcda77cf4e64a5db4f6a3d01
img02782.jpg,172930,6802313d204dc52db23a754c9e7cb6a4a1c62bdb7a767e95ba0d5867cb9ff38f
img02783.jpg,271351,e7560c4c88c8ae5fda27d0a76c69871752964ac5e973337b624497f5d292985f
img02784.jpg,142132,d6f6d88b1d8445f7192a90cdf1179b81a13c7544db7369fff69da42ce3cb9914
img02785.jpg,219573,af70eec3edf84661bb74a27fc16324f6259ed7059d1bb2e15d9def63d0cfa8e4
img02786.jpg,156715,87bc1477e34c7dac4d4041fa3a050f4bbada78f540142ab17a034f463d82f457
img02787.jpg,182072,5b5d4ab846ef359e3cb237cf210d30e12a4cd4c1a6ad42d2151d17b285d846f2
img02788.jpg,106523,425bcf7b4ec96cc4de21c85c218749d5769b8c3f709efb3a3843ef3e932c1345
img02789.jpg,142993,e142ad638288d45cc29a7de26cf17c6c213bd00c6aee2cf6ceb65f603b385c61
img02790.jpg,142292,2bbd1edbd2b74e2e683f10e2a2b7b4501dce21b2aafbd01b0b8e58ae58d9aaee
img02791.jpg,226597,865f27e0dea20f37189af1eebb6d3b9eb15c1b7693902cb5db5c21e516d20029
img02792.jpg,159903,cf4c3cbc0cd0d5a65d2a4e4c728405280f233f5c0df3d5137f6a4e4c37267045
img02793.jpg,198449,26171e92bafb1db08baca97caac37f2eacbc0f3a85eb97c5019766341b89a88f
img02794.jpg,145860,fce4fa99bc1e5960fb40d4aa9749dc3ffccade84563b2534b12d380b521ac2a5
img02795.jpg,181066,10f8a3510bae39a584b3ec617c5175e4dc2e6a986818943af5585cf6908221d9
img02796.jpg,160209,082c0142c30b72e278bb0bcc2f2a9a4a6212df8299f6d15f99e593f93967cf52
img02797.jpg,128407,09e56f05e6fb59ba4e887d2ab588d7f18399ed96b789b45d1e87327036150695
img02798.jpg,256392,ea1ed996f892bd41991c794b6f494d0c2c79f180dab58260142aa38469311f1a
img02799.jpg,163699,3bd9da3ec5cd827a7b8a15387bbf21aa0a78b72e22843d1d66c4d023b647041d
img02800.jpg,77095,e3daa165a3e0043c11410c630e3a4e0e99f4bb46a33fc41e5551666bc033c866
img02801.jpg,61946,8eecf7c9cd09741cb7ab33580890dda181b5ff14895eb49521f02554ffa71616
img02802.jpg,249764,763e632a1531b218d7f17481f72e9116f88278b22e1a282064f7142553018928
img02803.jpg,158287,0066ee7159a045dd574fdf15f9c1f368c60f2717e396fd2fd8e7da5a5562db3d
img02804.jpg,237149,f7ccaf92de6d54e2536d67fe6e30910a884846fe54137bcf881c1b7fda8df7ae
img02805.jpg,158359,261ce1e792143bcef7fbdcdf4ef2fb8d6e8179d918ebb6d60a93f301bbb458e4
img02806.jpg,139087,496cf3c8e65e0d80f437947d944cf76183d480aea5195ba992e33e08b2b7bcd8
img02807.jpg,190464,73dca6df961d1cc08e9fcf029dc4b7a9132f90059f20cf479929f74e36d9fe09
img02808.jpg,78898,b90e21411be5d1a88c235b4dee97423df90d03f73bf6c0f383cc649b491b8965
img02809.jpg,95265,6aeb0cd216f2908208fa4c590c8656fd0019b0d52b0dacada70ec239897ea854
img02810.jpg,137194,978214248043935e47f28dbbec98da5bfd4c5d082332fd6bccc7b4632a6c35f0
img02811.jpg,123031,9e7be50434ffab9b8e613e6cad13c05a117cce1ddecc75a0fd443d609021177a
img02812.jpg,199686,68e2339d64a52abdf45fea18362f399bf191eafd1e9ed30691b921605f00ca4b
img02813.jpg,140994,347a0c70c25f08c18d4395e155b41409f1a0fd7ada1da0d88126a3cb07e4ca51
img02814.jpg,198363,d360ed60dd3459fc15ec7fcf935ecdde900487503400fcf7a8d7125eb8a5f0ed
img02815.jpg,272797,63500b4174cef56ae4d5b5bd3c3b9f47ade5d1b8b5bd68fdc2ebef45103c6726
img02816.jpg,184663,1fb0e48d5406cfc2e2bf1a7b8929a37d12e463df1c75cb03a76703db4c0b557a
img02817.jpg,235544,c4315d74eed8b60cc8f0494ed2002703cb770e275dcba1829225e55ef171e7d1
img02818.jpg,232726,79bd71b03bb593957fba1ee199ba856f9b1f985720e0962a017a1a6f308034e7
img02819.jpg,191436,b2dab33a5f38b3ad9585a994a3ca280a44ecd3b2c673a3c2985a556773f9a5e1
img02820.jpg,120472,65366e8ca890a35afb01b5ff97ace69bbe17deaeb11ab54d8804c6d8b460fc11
img02821.jpg,276155,f0198438f2cbc8ce4596b27ac1d974f8240e1798edacae637736ac6736a5d30c
img02822.jpg,289915,9d083125e69611f5818b1df14625f153b5fd2c1004c7e8cc34d36d2cea2cdd9c
img02823.jpg,152484,c5fa568e5ef0ff816efe63ee4335893b6c9c27fcdbadbfd643f64bce2f69f301
img02824.jpg,74389,138f8d787d18e1e084bb90cc16a63c3fe228b9b484e2dfa011925078f53160cf
img02825.jpg,164861,dd5d18746f2edad53165673a0be130d08a6ab95a9eec52868323b300e98641af
img02826.jpg,215797,832fb19fc69366d312482ec39c5d47e63e61401e06f922f6ae64fa78ba44a4da
img02827.jpg,156282,e85aee476ea53af58b03c0af95fe4e90b392f0e7e9b371a08deeeb28482d2d06
img02828.jpg,89656,20ac4f7f0004522eff62d3286bc945da6af0d285c981347b64d07a69ff574aee
img02829.jpg,357300,bf199d3d283de64697a633e5d77bf62fb9d1acc37474e48574858c2383d3c2f8
img02830.jpg,138815,490c0a58e05a950c8254110306f6623efecc95c7f050408defa3d554f94528a3
img02831.jpg,266266,862f9537224945b65e4c2ceaffabb3c056e2e957965161b3f7dcd58edddc0068
img02832.jpg,207304,455bb1ba55c866291bd84436320d0c038712a34dcd8689940d36bf3e2ba129da
img02833.jpg,265107,430b0767bf449be4746120217a5dbb1c362304ff236c49d20d7c3be8ab447829
img02834.jpg,243080,b1e91b1793d4551f60fa79ac69ba1a79f1e30799181204290ecfa5a3d3301586
img02835.jpg,114961,d5f38a01209e2ead5a585d60d6b75016f145013d9c1ac6a6ab915552ce5b2f09
img02836.jpg,118146,82f8189afb72e31eb4bd02d28522737e4ac6a2289f9c8552b0475e872906cc27
img02837.jpg,169574,5abaf66b6615142b71e5548e713f7523a113f7877c1196c372210ca145d99420
img02838.jpg,148961,1bc47a0ac3af7489ef2b645caf59dd0cf98b0b75b32405d85efb131511cd18c0
img02839.jpg,211372,e4258bebd65c4ebe96c7b2d8a72e1f1412db122ac2adc515fd4c1df8dddca8b2
img02840.jpg,283574,bf500afe93165f931990c5349350a4983ee7bb1d6ae1fcaaa3d7dd8678bf8078
img02841.jpg,236169,3fc12c73cb4f1e398856fd37d6528e95237a4133cbaf05ff3132394123ec68eb
img02842.jpg,106282,fdcf9cba371463ed592e6bdb8879c35c7d8043c1ab24c4ca799e0ead9007ac1c
img02843.jpg,227821,d6bece66481906b05d99688b74eb8feffd77bcc3e42e58004a7af4f76978ef0c
img02844.jpg,182497,144e7d6fce265dac393a67a05b31ff3310ece86a1e022c77979264da1a857121
img02845.jpg,131487,d873c085c200b3528f40e23d20ca970f2e8753af084721bdc6c2d32238b0266f
img02846.jpg,193068,147b0354531137d08434a56bba457e3a91624412287e08cb58ec125cc78db390
img02847.jpg,169708,3a4529cf6a100a5432dfb00847b478644070153a2d1e37c974d14ecf8b40bba0
img02848.jpg,193244,17a3acdc9e3d09514cb7bdfae5e9e873d89cc7d1a0eb8253fb3dcfabfd4d8fdd
img02849.jpg,327491,9efddbcf422631cddea71fa0e56d48aa1ef0c16956366e665fc8b0017758fe91
img02850.jpg,172109,207b2c9dbe6c76536d76f0db04657040fdb19d1f4718cd43b5a7a3130dfa55ce
img02851.jpg,187162,abda135957c683efe463641cfc33eccde6fb712c3b382d4e09082dea778961fe
img02852.jpg,168780,95f23d7cc89c195132d605bb86bb98b0b9472fb3bfeab7f2171e8ca6f6fe4b78
img02853.jpg,210547,1bf9621f7c39bf2c5f515378fcc5a1ef86501fcbd6178a1a54e745c1e5646a31
img02854.jpg,136737,13380c2b67a3e2a2a2cb6e23582877a7e7c98ce1d18d4f5702d79babf3cca5ee
img02855.jpg,187369,6af4eb44beacf85210b25b4e39956414c3415832d7c827f5302875229db09e3a
img02856.jpg,224914,164607917074ef1b94298ebc7348f6bd592696daf41f89ce1f4e48b7b79e792c
img02857.jpg,133569,c09f8c2b32ab2d68ae5f196c3c76fd096a9deffc0548ce3d68a82584112e6d2a
img02858.jpg,197291,2848004c2aa9f3ddb061062bc90fe9b4baa51469b3aee9f5c292f8b87c759d61
img02859.jpg,192407,09247f87fb8c157bd22c69355dc6f5df4534dddfdfefbff35922b4557a590d7b
img02860.jpg,84417,ed4f6d32cb342d0f63a00745316292d34aef1b9b5014874782afd94f38ea2fdb
img02861.jpg,193652,9141726abf582d54ca1315325a6008c9029bc666c942ec599bf51e1e4f151f6e
img02862.jpg,169268,cde50901018af9c7915f2908af6b8f794d259c1d3ae9d0f781e96b74dd7cf290
img02863.jpg,201037,9a7b71df5476c5dd694f77df9a17262ebfa00c36b6f7fd5cd7ad555f42abf880
img02864.jpg,248086,9e1b3b2fc0f2dfcaf1cec87798c7d38576cb2fd0e40345b26cc65196be4c6275
img02865.jpg,167340,a84517f9b42768e7d44a3b161ff34d164d9b33ec0e39c5bbda9c2aed8ea72e65
img02866.jpg,181122,0cc26220f8ff67bdc2742a397847435f452d034f71745dc9ccef381351eae450
img02867.jpg,208337,be6e8554120267ff0bbf9f260d993ec8ef769f7f28550e37669d1f3232b88f9c
img02868.jpg,138315,ac46bb983764fcdce7b01c3c255b2c71f6d097d49b75467a688cb8baf8338a0c
img02869.jpg,136185,8429cc1852a69d30714f3fb1f4ad79cfed94be4e3ccca35317f9749afc9103b5
img02870.jpg,184841,ee6319cd801af80dae1ff8841aaffc347badb03b13d62b140ec9d239b18a0e50
img02871.jpg,155079,cfcfa404a5cdf065a54dac45fab8a1db997e1ce1ce05aeee3273c002df95586b
img02872.jpg,214118,422eb5cc868ceed26f1125213ba40d4d4886f02ae44f5599a3a1d8c2af549624
img02873.jpg,192185,74dfd4020dd1d78f491ceafb44b1da33c3f760f850410e7d0f962efa35c16ff5
img02874.jpg,121961,c9628f9902663b8f9ed9ecd7eaa4d868997cfde70dba38cc7aa0bdeefbeb2fc6
img02875.jpg,214380,7d1070204174daf68b4731e22eb6aa94001a25eb68079f4badf27c204c930c17
img02876.jpg,261896,b0f4d861c106be491e21d51fb2ffc76e6c342b289dcd1acc231c13f6eaccc3b9
img02877.jpg,142937,25512c232eaacd657288f82e9966a46db802a0878fa0c214aba5ff0de43b0a67
img02878.jpg,98921,7245e5e684cb4f36012b6d97f8f68a0903e37cdb6b119b99de7cc256ed704c4f
img02879.jpg,84905,3e0db63d7c48c094478a830ea26f05b770d03a45b891e197de3ea71a06926aa9
img02880.jpg,200279,7454fd42b2619801296b82a0cde8b871865f6c5cb29cd0d2cfb59f3b152ab36a
img02881.jpg,172186,85e161abeedfe50fd08e01ac0bdaee7123e6ea6191378b2d704217ef509cc61c
img02882.jpg,162997,479c05d2382a9a1960619c9cecf10dc36064ac199a70587894e9446c9ff24cde
img02883.jpg,245969,ea96c7bb799423f545ce69ea2e8ac03d4271208aab6164b749852834e78b1ba2
img02884.jpg,174063,c9fc4540122976e3538b6e71df68c1aded9a27ba7d86c5657f573c7f50f2da4c
img02885.jpg,125493,c8bcd6f58561918c692746c2236e367340ff61db8ad1f0c2aded247df1e3307b
img02886.jpg,99118,aa85b96786afba86d1ee30a2d7f3d51cba27318e61456a347057c048b16589bc
img02887.jpg,213759,8fb39b6a9f869770b0a52f614897843ac4a7ffdc3816caf84f19573c204d4c7c
img02888.jpg,206569,1161af2d1477cb09841df300c4629616198154b04d33525866d15a74476ac0a4
img02889.jpg,198347,2e908d1681b4c2900ff7b1e60a4704268f5669f50718901cd4a17ab19858adc0
img02890.jpg,221659,e18dcaa1074c8efc92855c406f0b0a31d29e4eca0b6566cb40dce616479daf38
img02891.jpg,196450,ec77a23a6e130ce60a37b484e7c82ff12eb084412c78ad45961099f2a15a4848
img02892.jpg,174039,357e708ba3488598b97bb1719f39d488f65d795eef796c3c939025aff20db2b0
img02893.jpg,148906,85bdccb1db3962013365b2ad1504fd076f576334a40fc26f06d3345a05ce65ab
img02894.jpg,166520,93301f9c95a8754b0fe6233762ba3efac3fcf4a637140d7a2cdffbfe6b631cb2
img02895.jpg,281706,94a2021dd836b43cd8d61dd7044e20f1d3fea31e7034502964c02419554ced0b
img02896.jpg,257196,16eaa728c217f909e8f5adae309cf753edf756b4423c15671d875b84605791fb
img02897.jpg,186169,411452fb2fb954f10ec978bd793c9da77754379bc7eee7e504c50584adbedf73
img02898.jpg,101826,b4c2bec16405bed01f9cf3bb92a2ca048064a31c1d723be34343d3d92fa1e19c
img02899.jpg,172013,826604e24efc2ae5e1c4dea15d9915a9bbfc87d425e7d20cc0c16331f0cee1e0
img02900.jpg,239556,958aa9ba8137e02664f57d6343ae109bff1a16c72d46e812ee4600980ec51f70
img02901.jpg,178119,832cc2ef9c9f79d90bf082bb30ae62eb89144e03ea6bc6da730eb620dae2bbf8
img02902.jpg,168556,00e9240739c1665268a20d580a2f2c5b32c9a9c83c14b359dc3849737ef83dac
img02903.jpg,170549,f39acfcc1ad7911ccdfee33a56a091db91fe8cc0a9173ad95f30b271d0d06891
img02904.jpg,186317,84809b74859a00031823760ff8c9b0771b054bd5a517d8680292ea422c12b7ad
img02905.jpg,247189,af1fe7b3519c44fe95752bc1e8d2d124a0b50d215ebd9a761e91abeb28cd1501
img02906.jpg,169475,8d2a68f9ffb05ba3c8bd941ff444eee95d377abb570da0923fdb87e1270e1655
img02907.jpg,207171,58a286fc8633c8239b51521500b0abb065d06591343591b1fdf640a87f873ba5
img02908.jpg,156484,1fd2eb4d8a05ac835f44be07672b72b67aaa2ea7a1ea8a78e621bb02e113fb32
img02909.jpg,99032,93c8ac00f2f0c475645787df1255a6cbd0e3b80f9d14bf6a816d6521abb2492a
img02910.jpg,251833,9e39a6746a335195fea9e1fcd1cd2e14fadd05c06779df6a048e5dc860f9fb2d
img02911.jpg,239026,ec6541d9332ff3b57efb40543563984c12a090ace082ef4012eb502ead29a0cf
img02912.jpg,111875,205270ce84b90329e9e2e374a1c0755aa0c445aca144b1a46d316ba2e5b300b2
img02913.jpg,174276,94ae8b46910f46dd89a9fe7d8f322e2ee289f79e024d22b9a048d49103bac42b
img02914.jpg,216018,077162ccf21b2d5b6707d7e2449af151cddd6300da30fa7f6b724a664e0b8740
img02915.jpg,223438,c5e983b569ea95bfec0e18784710e9de9a735a7a39eeddcd9620e72774361922
img02916.jpg,174729,1fd480cbd3e83f691fbe75bf58cc9e6e5d432bc100bfcdd0da98438da9074408
img02917.jpg,131910,613ded22e612a2fab81ab2c37039e214f5526a5c09f8959e5ede563e6aa431f2
img02918.jpg,128781,9738eb560a3dd2076e705d3935774eb34b57500522e87a00c5b6f65f44e1e20c
img02919.jpg,180907,15c03b385e1320f75cf364e73b5d936310f4aee7fe2c7732e88982d1ebeef4a8
img02920.jpg,228448,295641c83c1ec086c8baea7f3dda66e57baf39a37cdc590d33ac8fec933d7966
img02921.jpg,226998,b2065c7b577a11993cdc2360228d574171ff1524ca2705df5641b31dcc852e0e
img02922.jpg,147813,ac78419bf7708f4b4331921495c66c71359625ecd2aecfa5b7a018b172cccc9e
img02923.jpg,188068,805d83a9344d050c0d9c058162fc4dc051ad5d3ab27118892b1299204e200085
img02924.jpg,190623,50a208225542063dcc5051dff633d9e010793fcf60cdf52e49fc06de9dee74d9
img02925.jpg,130302,9f11973728e60ef67735ff8c5128809c16aae33962dd512c69d6eeb627d5cf70
img02926.jpg,147223,22c633a7f5d55463aac0a8cf53deb47960a5fd4c44dcf3af5a253ee1b32b2dee
img02927.jpg,117667,5a0a356e55ed0b4ff85caa4d591153e833ead2213d1c37edc5f2f270b4511a98
img02928.jpg,153150,da9d9e4405402d7a275ba113139d1edec7566ab3845ec438547b68aa3c1d8a4f
img02929.jpg,176369,b01ddd784603ce5f17f6ae85a52fbc0a3dce846d38147d1270467ab75a1945fd
img02930.jpg,192025,24aa8df321077d4e626c2baf5fa4a704aac7271ce08d268df95a8853b1745692
img02931.jpg,130249,3eea303bf2b38eb2ebcc5ac6504bf5c4eec25fa3f2487f62ab98afb0241b83c1
img02932.jpg,256759,76c22660a18979c38e51d1bd9ed78c600aaf3ea651e575994cb0191a2338e6df
img02933.jpg,190624,6661deac3f5bfc0b052506ab19d98edf484779dc082d0432af74e080d16ee9f0
img02934.jpg,278223,6d7dffca06900b2e674f3071bb0cff56aac8c0f4a635b86085400cd78b15dc69
img02935.jpg,216313,1d409134a6caaeb4d8c03aa897f192cae8b3dd57b08589e6e47286081c4754cc
img02936.jpg,260250,700d01055ac0781d4e1b3f90e0b6addd1bbcd00060dc817c64e8218e7040f72d
img02937.jpg,129746,357b588eda18018137761d547acdf193cc7d81ece1e08bdc89c7e374ddd8fe98
img02938.jpg,173359,3f83c2df335f6c4293dbe8e80180804d80a4a22932a992e09dd1e84aed8c86b3
img02939.jpg,212915,71d375cf5d37091604b39fde38c606f5c5bd26399b4658867e158de844d4a1f5
img02940.jpg,151757,3eeb1d11431a14ed002bf6685fc8c94f40f16af5e72a606b1d33b5ba314a6d07
img02941.jpg,211935,9e9725d5b4776bbb23e0dd6120b0734c66e3d15bdd087f235158bd1708b6aec8
img02942.jpg,135947,b683c3d3dd17b01dc16e0a846a85875cc91a4374d602948472594591b8b7d56b
img02943.jpg,99398,2aae3c2fd5cc8f73c679677b3da926d66f7a09e72a68e9123f948a2d3822d547
img02944.jpg,145270,609b40b4baf08c7397a92082d68364deb6b6768307133a5833b109a15690743f
img02945.jpg,193756,4bce124b0bd29f39d49610b59e17ddf112e18b7ba645973f90540952a6a9d34c
img02946.jpg,280879,f0bb2b8ce3800082402368f77a38be97b0819d7769b16b838ba7c6f4a13cc9eb
img02947.jpg,213902,05babe2439ad8c925104e2e6b97f03c063dc47b89e8c080e9c27978e69494af9
img02948.jpg,174489,820f6e749ac9940d120e5a9942aef0cfa61d9ba14363a1c3e5f498b9b33a5c6b
img02949.jpg,172731,b4adecf3932ab49797cfd3fbd41570b3648b024aaa773cae933ae323a523faeb
img02950.jpg,171486,69c7eb3e2ef1f1d7c9b9fa930ca2b7dbb63de84a42aa5d8eb2d70d38d4f194db
img02951.jpg,150714,0c10685659e2ceb3c0e1742c5d5d9f08fb30f6b751accd1b972ad708676459fd
img02952.jpg,204874,0b57c73ffde4bafd0cd69b2e29476b59ec79c8323f1b2ef4d0f877170e999c47
img02953.jpg,172545,5c6dabc986224bd95a4ef3ae6940067216584561551b2148bc6b381f5b19f14d
img02954.jpg,145880,3029414df64c1492b1bf81fb795f0dd2cea0c5be847e481ef207678f1ca19b56
img02955.jpg,186035,f3dc82bf2436fa22168e906a3be7e0e166e9681e1630f76795df96d14ee35b61
img02956.jpg,254862,c6e1b353fa4ea57290ba4ad54f3ca36a32081e7ede6ad1044412be78c5ea50f6
img02957.jpg,202945,e5b7a35709172aefe3f6d7b61824f0028e106d79bf6ea2adec504140ef4de42e
img02958.jpg,122674,d8ed443fce6fd0d9c5f55baa0fb1d6b36dc9f69a1ac9a176c8afd50d5c989078
img02959.jpg,196010,141bff4a5753c362aca2aa00850856acf483508abf3fc8d7deb0fe99e6c214b9
img02960.jpg,168444,1e33e79a6ab6b4374bf01d248472b5fc6aa654fe3b925b980b8a4be24ac697f0
img02961.jpg,163801,412c9c5111d1dbd8451e30ad23334b592d902aaa861a669e819fcecfebdfe0ea
img02962.jpg,178670,f3ea8e1c06f905c8f81f160bb532c1d2ec1bc705fbdf66309f084b25f4a5eeae
img02963.jpg,155986,acc7d5ce204c3da5354a944f9cb6a3448e7c8f3d03ce31ed9f5ac0ce0e4d2085
img02964.jpg,183601,a3ed2781ccf99bbe58ffe32fde0369b05f74dfde9a52d19a9bf122f2c5400f50
img02965.jpg,112153,2a9bddec2d35e997498e8b420632ab09e6438534a1d63cd42500bc28a4694180
img02966.jpg,218191,3aae9db7aed9053b277eec6f5b9f1a551216324aa847045ed806d859ac854486
img02967.jpg,190227,4ee784f5918bb8f457e0d6cdde3a07f06dee97ea1564ad935a5685998d606a15
img02968.jpg,173804,717708782fee630d73f377b58bc7266d0a3766cad524daf86f1563bc0d5ed4fe
img02969.jpg,165156,2a875250b7da29dbe2f11b70d4a211897d8840d6941ac4b02c51934f446c30f0
img02970.jpg,196939,3ae5e74019c9b7a26068744a9bf0a602b2bdc36b5f1285ec7da39268088fea43
img02971.jpg,198750,3b6593cf4a6c3187dc71696a88b61d94590e6239ad54752086fc42d956c6bc80
img02972.jpg,142315,88d9c0246f746d9d97fc6e7fd31c2b186b555e5eeee6bdbe70d9abf0e1bc5b64
img02973.jpg,154015,79ae626214879b9c92abae7ffb301498273a5593641a5273ea3431f078575b60
img02974.jpg,220125,8a07e821e68f72f89531926cf3143e119835ca7b457f58f5a456d3faa6fc2b3c
img02975.jpg,124115,11b70a3d0fce04dc36ad7785035b81bef5bd2fa0d6ea95173ddaa39c76c7a24f
img02976.jpg,166562,015fc5bb9c8c6364c047b442d5438f0d0c695745809563affb40d8ff091a4f17
img02977.jpg,188688,1cf1fa4a8bbcd3e996259df373bac3d61a2823e0847841e4a6a2e78dc16750e9
img02978.jpg,118978,dfe4c33bd1b6fa8ff0755e5dbc3a52a009a6cade22b9625d138811857e2d512c
img02979.jpg,109990,703685dc545a1ef3adc27dfb6e6beb9955e3a5ee0f2b8361b7e945fe713f0209
img02980.jpg,158223,e8fdda19f31d2935f43dbf9f60a5c7dc3503140d08d525761bc6d9f330a33c58
img02981.jpg,162467,8a29c5356d5501747cb5e9bb8da145efb673d5bd4aa73e83d90ea953f18f11f7
img02982.jpg,201452,d33cd86e7acdc59725d1bfd8a80aa95ac9e7a65690d61e31a57b95dcaca2d533
img02983.jpg,119044,848b2e80a219059c36237436fded02b584fea6e085def92e4878f15b091ea31b
img02984.jpg,124466,e08529e9b607a04ab66f90006e68cc8fb5aa5444535077bdc8af43fa0be71ee6
img02985.jpg,165901,56154ffe4bb284d961e402610e06ff62c6ad0ccde36ac136e3663ca50587c765
img02986.jpg,84930,c766d8f9166c71c040203bbd240206d7b6f47bffeb31610591635299a4046c16
img02987.jpg,149985,97826d266b6c9b5e47a9a52b9b4cb8f58457b115896d986bf43491a17c559e9e
img02988.jpg,141961,98387be3085a226541c6152d8891fc021ba75d7bea663ef592880b5fd73485da
img02989.jpg,173058,15c0e93da669c69fb502c1dafff4dd952757a9d2fe9de8cced536751c634eefa
img02990.jpg,160047,594d9f79e3288ed9e2662dbd2756ec0f794842086ebfcd3730446358e43e18d1
img02991.jpg,288872,9174174c7b6978ab832537ce06ec062d74d6a38f4f278ec8ad4f7f299e627e9e
img02992.jpg,103710,61848617382e87170b07e0ca99c79792358d580d765efc6d1b8dfeff9f393e7a
img02993.jpg,188445,a044dfff0b013c33d2faa57ec039a090b7334a2675c4dc847b11ece423d83cf4
img02994.jpg,118532,5e4cd67ef2b85f055f5ba0e42ea66736daceb765b18414fd50020b9fa316f97b
img02995.jpg,209136,c78b9a0b46b1515f998d478d79a71b34081c5def95d07e43eb8beca57ac88f40
img02996.jpg,185217,5134c9be685b5b9f138cb642dafc6f07e8cef2d8eda363e97c0f2f1f404a1068
img02997.jpg,192232,2cbb15583da0470f1515de12b8b8ed40065ad56fe0183fb7de91637570e0258c
img02998.jpg,183379,1158d3dff7351dfc98088581f44306b62db703e932edb122a41675872057ceba
img02999.jpg,154780,858d76abe19638adafec397a08a12b83d4d102b79ca87768f07430ac07d4d6a7
img03000.jpg,177665,5ce2cf064ad9255011bbd834bbd697d04578956a00bf23e7781d61f8bfd01fa8
img03001.jpg,113027,943fb889a3e6ec19b381b4e51d8f69ea314e00c0503cb2656a817fa3e83efc7b
img03002.jpg,186133,72e51473a5d9f59107550d7b1ce1d681dee8498ed666500e71f9a0b0b94d32ec
img03003.jpg,208858,8f54a6be4da4af2a0781c91c4497872aa49d98676531091a45ec98894df34441
img03004.jpg,210917,e46eb223ff0d58bce46449f90bd0d897368ddecb82030872acd04f7b97c4725d
img03005.jpg,176713,79ece9f8cf7a7be64b3d549f5dbd7d3d0dc73e736370ab1adc4b5373d24ff317
img03006.jpg,122103,ac80b52c5b4559ad83b8422104023e066a8f4ca9323f7914080f9c93fb671cc9
img03007.jpg,195479,674c9566a74fa2446bf97bc7a7530dc440554fe1420bf97fe57dde690ba884d6
img03008.jpg,227340,961b60971821826dca03921b37319bbd8ceca6788cbca891589bbf1c47fe4e20
img03009.jpg,166793,48ae91ada9999c026ecb3ab9c231522b4cbe56d44e29cceae7bc6655b2e3c155
img03010.jpg,197581,bd390cae8ebf9483d8261a6ea4040b230dd808facc72a2629458d2190297ccbd
img03011.jpg,197302,316e107603a6d6bdd93e237315d0fefb199dfc8ec64231444ad35c6ea91c6341
img03012.jpg,245883,3e637fc84786b637aca31aa538afd5d2d6a93277bc4bb4e082773b40d06e1d3a
img03013.jpg,166177,0c4ef6404f18668dfc11cbab868790ebb5dceb98ccbda06b6d55af5c229e2f16
img03014.jpg,215374,e1bfa857d5f072e06918dac708e493a7a2bccb8102786009b12258032e9787ae
img03015.jpg,325781,7c1e6e7d037d1835478e8d547001a8c4333b2e14eeef3640819c085c7f967b0b
img03016.jpg,221453,b56bdd09d6687e788b749e9eb53cab8ab32a06945b54d8655a29f666361f9f17
img03017.jpg,244510,78e6c4407375087f457a869775fd11a494e55795bc3e7ca651c8adc9738cc702
img03018.jpg,162874,01156ceb134dadfc1e375523d6e09ace8f73e2ddaf4e485364cef6306908219a
img03019.jpg,251407,c969e645a09d39f7433cf064cf781dc4babb4719d5610a59bc9123410cf94fc7
img03020.jpg,124618,d6578414a85b517bc47951d756ed7f398375bf441dc9e8ae62fba243c83c4793
img03021.jpg,172210,1043545c683841178c26597b959f3a11c4dddecd05a2cc0a18e104ff5aa0e4fb
img03022.jpg,181554,e001314aed717ec1705f93f7d93824735a6760288ae9e1b692a0ed701ba905f2
img03023.jpg,247349,7b432ec1fe656e554147f89fde182b90f525a7ab341fc79917af8cc16e2e3632
img03024.jpg,172649,e0fbe36fbe9bbaece2ecfbbfc2a9190babc0fab04867ceebb840192db960c88c
img03025.jpg,186938,06b36a8f8615dd8eb4b45b4f5052864a9a632c7c761fbf91af988d6a70be92da
img03026.jpg,146681,91d5765299235e0dcdd2dba910ef59b20e239f45df2b167d0b5dad619853d273
img03027.jpg,133437,c488e640ba03665ea8dd5944736a4161ab7f69542be974d9b1b4822a6a82961a
img03028.jpg,201388,d9547388f0a500751172b8fe351286340a5d828f70a7dda24e17e48b7e19648b
img03029.jpg,162287,38d23361bf88b7b2d39067e7f508c88b0574bc53ab0f27a2338aceda4c26e956
img03030.jpg,118336,87de060e9efc591c1c16c1491b9087f9ba95f1c415fc542eb0dfa5c7b5bc8de8
img03031.jpg,129237,365a2f3d1cdabe5e1aa2dac6f164dfb91be4aa21325c237193be0b92e08a1a03
img03032.jpg,213050,10ff7ef09de4e0dd69a0a18791621cb917e22ab5c317d9a92a9813d0e333153d
img03033.jpg,210123,ba295d0c134b44bc0f3d6073ab386f2d1b2eaa10106fe0a2d7500624f8ad7fa8
img03034.jpg,162217,39258e93dfe31be39f7e0f6042da9fcff2115d6e5320814b44cbb29271b31bb9
img03035.jpg,163753,e4c8d0bf339a31af05a8e719880cb1776a39eb63f80b104160e68e585a27c331
img03036.jpg,188981,8b5c51c51bee18d75218f62a92ed1a27c504b103ed130bd5271226c2d6824eb9
img03037.jpg,198561,336b3c78e1bf6c88f7e6904aa846e218e173020d3e8ee93ad2334d23f0e3ee76
img03038.jpg,234040,66f769fed2a377876d1f8ace4adf263949576c7b125c86b73aeb2c68bc023220
img03039.jpg,161569,4bc14b95f3f337f0dd3539dbfcad97a1a6750e49109f25f15555cc1891638c01
img03040.jpg,279730,0fcbbaa6ad4b04cb95ac24c2b5e2cff29a4aeba165456ca589a281daff78db41
img03041.jpg,156368,c67e5fbb80e6e4d76215e0e57313c4869ac32323e16dfb7fc6a0abc51ff7c9d8
img03042.jpg,168609,3d629dc00c35302906aef54536507ff4be26eae78540b1bb06cf399359595dbf
img03043.jpg,136306,094a0e76d229b397f4d2784298d291ad6853c85a358029f63224f8f8380b6946
img03044.jpg,172209,d962bc880a21a3edd359f6e89262b6975e0082fd127b545a3ce6904c487fe12c
img03045.jpg,168748,5e98f2d0e3ef50262f989b490d66cca1228eba4f543e0775e91167d187dbbbf7
img03046.jpg,140042,33890dd62f56c2ef9a207eb48d1c7cec249db4f4feae292670ebca7a2588fadd
img03047.jpg,98741,5455ba86f9b1371a28659957d46f5bd1c9de92bfa7b6be29026d286641d54f0b
img03048.jpg,146195,01b11730f44ec6fb5c5004b3b70cb0d2c62baffad80d326712032248dd08c5f8
img03049.jpg,163181,12c597dafad0d508b94125a748f512e8eac7412c8e1c4055c45cf07d31f15227
img03050.jpg,167700,8ab6f89b38b04e9a9f66ec60cd7a80ea549cf2e344692463528442634fd9b9eb
img03051.jpg,257383,eb5750e9ea1c2164845030521f0674e70ef9463649bae334bf16dbb3f5dc3638
img03052.jpg,154354,29e8fee7dc1e3af27544f0d184298169076fa840aa90d9ad02d3e712b4acc112
img03053.jpg,199141,ebec7502898590986e0565f77f61da5fe1eb5d4c3261da808b75dfd0bb4faa4f
img03054.jpg,122430,b45e4113a4486409381f41b1173e2d5fc0bf9520b61977d5fdb064b7f980a427
img03055.jpg,165224,95db3120510ac058d7102d73b7265cca16b9bb13b1170f8d85d995c69b80a437
img03056.jpg,116420,e26197e25f01bfaf1e0ef27a6c30ab4f4e8264fa9b81bd619e32cfc9882c08ed
img03057.jpg,116156,5e8f797b298aa3ea656ba70d4abb84a81b9741aa78dc658f83bea912fa604046
img03058.jpg,178397,01c014af600f05a8e7ba34727ea9f8c23436746573855b7d11f88297a686e84f
img03059.jpg,185126,e37e7b89e228e83db95fbdfb125f36aef31fcf8bbca4dff01aa8ad8eb2a023f3
img03060.jpg,131544,7a84ec7d2b5669f08adc8fdb99e398dda6b73dfd40e96dc3b06269df197f4459
img03061.jpg,155718,974506e0b49cb07ada4edd7a2dd0775974276ca4fbcedadee049f9fdbf8de673
img03062.jpg,213712,6b5a4d86397bcf5afe29d02092fbb29b6a2931754402bd1ecdac3af4561e794b
img03063.jpg,129957,8b0556bc8c772d692e9a95850273d6cfdef5e166b35f9f72fd0eab8e0d477e22
img03064.jpg,163342,3d35329dba96ab41f724888514a7d65ba6bd009ada8f4843a0ad5c93348e9ea5
img03065.jpg,126163,ab827f8de41903b1ea6764bd83891e937e6fdc88849609089ab68f4c31f73698
img03066.jpg,109824,053dbefd04c6a59106dd52b30fa82cf2272ccf823170539c1a14965d9f210341
img03067.jpg,148981,f7fc8fa7034bf5b350977cfedce02d85c9a0f2b6400500d02c1505702086de0a
img03068.jpg,196555,65ea94362206ccaaa1d75286d9b80564b681ba28535c470ea8c0c9643775890e
img03069.jpg,226560,ff0fae7941938c0807b3d9bada7901b3cb1c57a28d3b6ffe453df8fba367a49b
img03070.jpg,147638,9849f99c363966405c99102295f6e796d57c272cf7f11901daecd9bdb11acf96
img03071.jpg,201538,e99ed6a2d857a0ea523dd8152ec9906463eba66428a00111f820bcafa0bf6276
img03072.jpg,222724,bce087844d1554cace13de730762dbd2893c9678958843be164ef149258f39a9
img03073.jpg,145215,6832ea33ba3209fbab3bd79c12417d04d69f12edc1f8742592b50204d52a0606
img03074.jpg,78388,054386895dd583a844795ee9f5155aa0f1a62936de208c267837160ea844379b
img03075.jpg,233901,35bd7fb14ae23033b78fdb361dede6837152dda065b6277d8b1e4871fafabfc2
img03076.jpg,156702,69883bdf706cc4043f8e984776f6da160a0782914c6fe30e5ee66c13c02bfdfe
img03077.jpg,179142,52733aabb3f2493a32dc7929532d95ba61ec3792f2830cd8b8799d7a847095e8
img03078.jpg,180196,d02727b151c5d5f77a0df130bbccf6f4914e5e4d646b059c9da9ac29c1b05286
img03079.jpg,222944,2b7d7c1ba18d87e722d2f0c236945038cf680c8809f4556aec437d90c6d74df2
img03080.jpg,107314,7c7dbef98ca5bbf3e4c856bba76f055712f213e46548167d2b1428c206477309
img03081.jpg,190840,f6a27b10cf49ed135297bc0960d17a98db2556532a51645eb4fb06a658d90425
img03082.jpg,197054,962a7bd61b16cb978f5f8895b8b6fd3c7670dcc81a0c3a9fa32e069372e573b4
img03083.jpg,197149,74797ba261f222156d014123daf1321885671b8310ab8978870590b268400bda
img03084.jpg,239480,a7877194c787fd0e062ec682331db2cc43f567c35706e1b1e2407a171bdee304
img03085.jpg,216128,bf99291a2d904d3f1ac9166daf6659a7aa3ac4c813eacad3afe5e3210496692e
img03086.jpg,230245,0e9214db976e221adb4bfad4df070cdb11543837f5e270536006db6441f55367
img03087.jpg,147994,b5a7dc56e6a508fa7ac9806263d01286001f73162849e8b35012e6231173a68e
img03088.jpg,120420,eaa6b7d8e3e7e0ae73064799ae1b98bbd45152bf5722e149f94616b98d1cf201
img03089.jpg,137606,0089d4772a619b6e339e4f12642c1f7622451bd1f453c33f6a075f9affcf9449
img03090.jpg,206577,dc3f3514b591b7c7b60a19c262c00e0e2439bc289f241446749e30b2ade9bd4a
img03091.jpg,142366,85abc2b9073af3741bc82cda90756566700f67bdada3cf539b490d76f7d4e7ae
img03092.jpg,179993,fa9d8478805b88fd4b999423ca1b152aa6ec409786800b07f3e2071412a8b298
img03093.jpg,266027,cb11c96caf85e38c81e7ae7f0c2bd6ab0a07ff216a3ece0ac0f214c608723cde
img03094.jpg,251510,decd3b9bb4c2c1e82afb00cc121d389649b1fa01d04f88e251fdf88a1ded88ab
img03095.jpg,244561,61ab1fa1efdb0896d2a24b8bd71fed5e268b37279496b8d9f38aaf16718163a2
img03096.jpg,160597,dc2c3af6b2e5b8909a64880f5492dc9382cb0a528dc948eb9a352136ba3af65d
img03097.jpg,143678,34c215b79769f40b9aef24134e074f3daa37576fc9bcf6f1f4f8c0d26112c7d4
img03098.jpg,147423,a61ee2ed30e51c498b457e965c91145bed1cdd5a27056d3da6c92c465683836f
img03099.jpg,302629,8b42ecdb3373149f99e32b764182622826efaab8d882bc5d42b2e61dab6355ea
img03100.jpg,194838,4800ae39687f943be28ce35e7c2aea46b59fd47c093aff8c62bc2163aee5f4cb
img03101.jpg,119148,6822ead21abb416b34306cf0f9c20d185f9fa5a9c41497740158fd74088406d1
img03102.jpg,189117,d62fa9c98252fa44b94f2ed85561d9393e286f007eadb35a3b7b28cbf406f400
img03103.jpg,98364,1dd63ed4dbe1aa833ee0feec2343ce7c1c2a33b2c960946befff10ac5d80c60a
img03104.jpg,192398,461f78571bac322284b04ab11f706f98a914c7ee5e788cd10492759572503264
img03105.jpg,168210,df8f038288892996e45a1421c4b4dab2ebdec9601ed28661ffc12cf4796083aa
img03106.jpg,199176,bd82a1421bf4b4c730198b0a3bdfbdfcb44dc041da5af62b76e0c1602e222ac4
img03107.jpg,186449,4ed72d44aeca2538abcc5e24f56971ddded760df52fda715ea78433f9e5907f3
img03108.jpg,156449,ffd46e7b2083d4f05eae848ebe748179ec35a83d5225388ccd98448577e0579b
img03109.jpg,166362,3a473f5797aa6c34bb65e098b6a2eebb55c326ddff0a020f4bf558d46eb91b72
img03110.jpg,172849,669aa455124808abd5521e97a402bcaeb55d1c01e87e3a90b076e6b3b613cdfa
img03111.jpg,116909,0fb74bc7c38a5cab57feda59a035d2ac7c5a0de845d59ce12f67692c4b14dbc1
img03112.jpg,100032,fb379dc0ce9a0e8f4a5492d61a36d7c9f8816606302d4b5c6df2896aa030c8a3
img03113.jpg,227365,f3f627a0dab95016773fe11ac984b99f2d498c1b979cd128d9ac138e84c139fe
img03114.jpg,159788,5f3aa4fad3e6f3135205fe050b2c67760070b7a1868db0fa4191755d75e99b8d
img03115.jpg,156436,dc470e0bdf496f29827dbb41e4f2dc238917469e01ae140d0db744c2eb752a43
img03116.jpg,215974,eee45fdb6bb57f5714ba90160e789c857fec9b917088dd0029b3ba324e99f140
img03117.jpg,212716,5498ec72bef1496854c4e7da7ecad1b30969c587144ad6de2c2b7e9d6cf30361
img03118.jpg,154194,295e0178851cb1043326e5d7b2d912b634f3bc6b7a3a28850876d77f8531ee4d
img03119.jpg,176003,ddba9480aa5cb68d4cd49ab62e5acf7cd43ee0cc4b05e949d9c4138bbdb6557a
img03120.jpg,90371,3960a2e48a6b62ed3631be19670b0a3c4f20fd483bbf6f754d96e55c0a347e7b
img03121.jpg,120967,f26bf62af307dfd9e415154ca261ad93242cfa6d586117e496c36c8e27e058f4
img03122.jpg,199366,25ab1c85e3eafb16e5260017dca906470495c48ea48e84b1060d6ee470ba752b
img03123.jpg,151636,cd537ceaac3fe8087d135a2143d1a4722715d6f4795b5eb1b7ea170acba3856c
img03124.jpg,142679,b282e1bf9bd9a47cdba76a175117b2e6fc3c6bceb66fe24384f4875725f90548
img03125.jpg,186769,fe59d0d5199512377011f9a0a97fabbaf601f245db7226906c64f12a09f8a5d7
img03126.jpg,163679,5b62e5ee7073b794ba35216478ced826061e008ed1d106074f6cab8dd8cf7e43
img03127.jpg,189156,2c0ff5d95f272b06d37c23287ff00468d739723dd970f8f9758ab4c3723401a0
img03128.jpg,139391,0bf7aa4e8615a92d2aef0ee794c5257b6ab415d8d3ec7d16cdd28778612ea6f8
img03129.jpg,101985,11953d7e1d034facb78879807e422e0be6df1ff7e092da89480dd96a325876bb
img03130.jpg,144480,cb0b36ab16f83aea94ed51343cb50983bc92464775d6462d1b1af27b588fba4e
img03131.jpg,233707,bda7fc8e48c1d1b973ea0d112f15058aca2c1395fc7b8ef541eaf8850d8d724d
img03132.jpg,173013,be4cb404f96131096065803616464e577e064bac90b51620c1bac2e2808a3f9c
img03133.jpg,124359,5774371dcc156c64411fccf24103c75abe73055d081aa4bffc74c50e53d8c6ea
img03134.jpg,166011,a1ab607e11331db05d485078c88f90c1d6ce9011cc08d96992c15a2e1ecb7291
img03135.jpg,143370,7c7bcfa3515afd24d204b05f78a16aeac9b2499ca0bd4c1f7e78d844283a9ac6
img03136.jpg,235362,3ffc464d2aa60911dccbf9b3e844f6a793579da58fd7f229be6832b20534e39e
img03137.jpg,99753,715195c0e0c4478579a4076673a4543cd4b6b48473890ba15869598798aa6c5f
img03138.jpg,218366,794a3dcba1b5c0ecb38c06e5d034ce210fb94425fb08082a449a13527598325d
img03139.jpg,101563,312cbb13165f65c674ecd001cfc8f3038829112c7b2ac4e1e8b2dfaa1b471fbe
img03140.jpg,182230,6292d90e2fda7b27def9c2c6991aea436a77bd06ed45948edd99385f582e72f7
img03141.jpg,156682,6fc704fda7fce305721461cfe6939b22c757d893a3912d8e3ede664ca14086de
img03142.jpg,159654,aea7eb78cadc0b017f11dabcbda620630a42931f06f229f55fc3efdaea9dd14a
img03143.jpg,96451,08041c7090eb14d0355dcd530541fa05aef3a97ad229b9f4e999b469e6a7c7a9
img03144.jpg,267493,bd52da670d0a85971724cafccc23c786291ba37781c0533bfc094d4af8932637
img03145.jpg,272879,99728deb9ec93d6f3ddc2eb877702fcf7a2ff9c3874b4ed62708d9c618b0f8d2
img03146.jpg,202136,1df4d6c2c6961c8f414469d604a363df82d6c2b8d129ce0618a56c35aeab53f6
img03147.jpg,223134,aff4346c718b32976323693f2906c11aff560dcf8da8e5b5453e0cf7225fdcc9
img03148.jpg,219460,8b8f07865804449f54b53132c4d7ea27a534847ee99b7bf6904a9da622f03abc
img03149.jpg,235860,cbeaf47084f84a7d690de3c82ce8b378260334132cfd5e28c0c0db2d80ba0a8e
img03150.jpg,96947,1d49dbcdf8c763760eda91eea8ca5899c8c42ff84bb07f474b0e18e19f21e1a4
img03151.jpg,132381,162fe7cfcf76b7d855eb332190988528265bb60539f4259493feb399e89fc077
img03152.jpg,185177,9c04c05d3ab6d7b067744f900c9cb0d7388e9b3f8fc179b57ae2452f077bc156
img03153.jpg,138083,b16c9b457bfee8d0f25009f23c1ef70e86d4ad2beb1784733759e1a90dba56b4
img03154.jpg,132255,0ad85605bb098ec3e2f2d191bbb83dd2f18db02200fc4ea6337b2eca88343599
img03155.jpg,190651,c897d9f27ef1136a4e0a83dd9bf3c17c3fd398f4de6aaf14e2e50c2037843e6e
img03156.jpg,191422,3e76266c0bb5d1b72113b4000e3d739827d90a6488965715117f0284ad266a06
img03157.jpg,174164,2194a09c38fcfb06ba5f889d2864012e2dfd38a2dc2ad2e36d8dcc3452a5243c
img03158.jpg,168660,f122df7ce52b8c90aa361b2cdcdb36162d20b775a4cedb88ea6715b784e234cd
img03159.jpg,164086,4a838866fc07092d8fc1caa7e38265b63eb826ee72044de0e6a661332751ffa7
img03160.jpg,206876,b732728b51cdc48837ab446248bdf9efbb4d42f3a1b81dc29e3d935a12624a6c
img03161.jpg,174175,7b2dfb3e9758c3d9a00be3741adfe34e4d1cbeb8ab2b49cacf4178e0a318d345
img03162.jpg,273031,008b3546ea73b117503e10e0d6c8a2627ea126b656060242eb4784d07b4374a2
img03163.jpg,206845,d7cf06b65fc12f627d4aa827c64d51ee7874a01d1ad326fbc974ee6750065248
img03164.jpg,119305,c44acec9aec705409c1cfa18b2c7bf5e777e624256e4f50eb4e1ec5e7bbf6d92
img03165.jpg,142635,56dedcfd3f505e9ab5d2e3d8ac3240ffa4bf9a6440522759cc3118b7455a76bb
img03166.jpg,193075,5015fb8c8f18bfaaa9bbed63950865b9d30b5e6d55e8de4dc08d52aac70588e0
img03167.jpg,162350,f5483df5ae6829e2e27ccc3b2b4ffe3232c6ea8ebfa0442310d2a9eb4f86728f
img03168.jpg,180188,611057c4072390802b29e95ece111b417b59fc3349ebf526076e37a63a9c5bd1
img03169.jpg,155818,345f88cec860df5fd48322b597a503a6d30e8c1f97d7a18c8da3ad47959fec29
img03170.jpg,201670,8bb7194d09a71beb999596f4fd719ca57fbd24a0045fd26209a264d5cac459ba
img03171.jpg,277105,8bd1e41483b4688a0cc2a97d0a06eb41ac0909b44a400adbbe9dce1bd1eca2a3
img03172.jpg,163758,0f7478d53b282807f47f6afb2c7ef5f1b311fdb00f763daaa93db5179ad0509f
img03173.jpg,203417,ac084f61824b783600237b83ac6f9ff081b8f5d965921dc3f21c0142beb08591
img03174.jpg,150205,3a420ff0aaa3e14d18cf96de92ca3b809a71c5232aee18d5249e0bcb4de2f8a9
img03175.jpg,191090,651af75088321e5e05a46d345bd410564330a81f16b3c2ccc6952431df273544
img03176.jpg,157714,cd8ab235fbb21e462b61937a7216cbdf93f22cf83d1e1040ca4034c4e9bfc6f7
img03177.jpg,64618,aedb1ac052788897d671696e336b8fd37c0e952222cd93dc8d0b1f37676991b7
img03178.jpg,240311,618a2221a4aaa5dc357f2046bad5b194eb28f4f2257133131c9ef2c2216a6c3e
img03179.jpg,158387,cb4aa80e1f4e93e7b188d48b82f76c739aac9561143d4dc1e64180ed70f33d3a
img03180.jpg,91435,47ef1f4c9cf431083e6f674d2e1d2822ab2296d2970cff8b95f80fbe8501a01c
img03181.jpg,259508,d0072e71d387beab8625cf969a8b1face3ed75aad75228143d79af9f88175e4b
img03182.jpg,220689,68860ae66a110e1a836985edd0b9d84dd0bac5e87578133cc37bc7687f0eecc2
img03183.jpg,181888,821eae5d22cadeaa882a765d21792cc82d595a36e97ac712eff0a123fc7f64e2
img03184.jpg,208216,4672d36266828c6e670f2ccdb618b61efd992a2a731330bf3670244d346b872d
img03185.jpg,229797,2ac02fc510e7218e52846a824c18e60922ef8b4946939d9075bdb2ca4bbddab9
img03186.jpg,151752,dbcab1d626448674c1e7d6444f6a6e03fe2ddc0710582143f61841b34f2d8bb9
img03187.jpg,224977,56d9700a967e7dd6d370e3894ac3f581cff0e113a9261bfc1e787890134ca49a
img03188.jpg,196313,6d36803b61d2a54ec86210670991c726cc7d1d90f05d9c0e5f9c3d2b4020515a
img03189.jpg,258311,5a5392e0ddd75f6b4e2a04d52eca1ae8adce0abe268980ecb9ce0770df5417f0
img03190.jpg,197061,d68b1d1e36efa45c737658d1556014dee5c0639f302c6e84d5b9bab3a2b4365f
img03191.jpg,193303,e363509a01a2ecc9608e820d33c57ba0c5012652a0a7253f8d599b0425d147ed
img03192.jpg,265237,2254ea6b68a73fdd25256ff8af5a2bdff487a84453f8411afc1f84ac2a5dbf8e
img03193.jpg,155943,d1380287f3ba57938b9f3de11989563d3514bbddf550f61196e4f1da2c53caa5
img03194.jpg,167488,c1e3528e1dbaa5802f140e871672102578d2a0ac52817554c0ad232c9f7901a0
img03195.jpg,199171,a11f6088f19a1a976ca58ae3bc9ab998dd1901cb2c0b995ebab649533a401111
img03196.jpg,188458,05e58d64d52cb8017e6d1536a8e6f492fd216ec3fb2a9b49f1cf0ac17788f2a5
img03197.jpg,158541,62140cff8a2c71c7494841720d3119e09b29d21a3b7847b2451b3fe5e3118179
img03198.jpg,219324,d053f6f862a0a6ef44e819268f2ebbae471b6f26a19efdb5c711cd3b36e07654
img03199.jpg,140860,ed20d9fbbf545088798e3d93179d195ce1ad5da772e9a11f1d525c2251e274d2
img03200.jpg,145575,1309a067e8cb98767c76260033b8a9aeac5361f06124a862ec7a6b6df65dde5f
img03201.jpg,198931,907dd387055f8d15948bc73d392866d2573fab15286a973b9718b587ceb60022
img03202.jpg,122438,52c9161c538b6de9252668786157d98b4579e73c3a481163819952003e075bb0
img03203.jpg,239051,33ddc6fdecdee8b03c8fb6b107a7014390d00a2011b88f53e16e38b5421440c3
img03204.jpg,107613,7de7cabc95dd91d7e15de733ba3a75d4bdd94195d360471f5b0cc1792819f84c
img03205.jpg,133161,1c7fa0c8d4978fdfc57f13fa555c13e13f840b4403b47601a52807815985f528
img03206.jpg,146237,a3245fcd7b8d3528b45a5baa5e0c2f34ef0efed278a15e0717b5bc137f7e5cfc
img03207.jpg,152502,94fdd9e34e74937de10c52723a06ec4cc8295e363927ead1aac7522aef5d2622
img03208.jpg,138411,22641f595e1d8118420894458d32372600b84bca605df0b5651a8365bda3fc13
img03209.jpg,180716,1c9e5f566b191fb76d91f752dd7d582b5b3172a848eb5e5fd9373c6a8592e539
img03210.jpg,204813,7a4a22b9787051ee310ebc05654dc3b3ef9f853afde8cd8d9def6441c9d15c3f
img03211.jpg,99727,409c37f79f25eeefcbe3266d5b77cc670d74a0e4c6401035e22cff2742ba3e0e
img03212.jpg,139301,f9f7cab7e3dae41c3c3ef3061f3fb1e7a7277cdf57ebd4243c5755ee4765a76c
img03213.jpg,215811,17b002bb7817fa3a02fba87b321683d23e1da2f231bb4df8cf752c3877aec307
img03214.jpg,260797,50c30a8421facc2335827c6a355b88d2bde13df7309a26ace8a2ed85d1be31d2
img03215.jpg,151054,5737fe9c6f18f2e30231c5af5c72e145e2d84c3da449c3490b862b3c5a1b914a
img03216.jpg,293250,bc5bc102093d0409ee9d18bd147ff1177aacadbc4a799b0cd1437167e84a2d9e
img03217.jpg,200550,9ae1a014cf5de0a81869f63203708d26f1cf462f85b8877bd53373ec16099b45
img03218.jpg,231756,322b24d17d583adae14c60571bf056a610bb15fe75cfdb87d134b1274575d2db
img03219.jpg,191249,29a21f6ddf0f975a57f684d03bfe66562b1b05a2e457af93f21206dfaadd9750
img03220.jpg,121586,9948a52d68627c4f52bf5b826e3c701ff625cda16da6579811db18f7ec5b4d18
img03221.jpg,150782,cb90ec7eedaa0c3e2840b51b2f1c6f2be5d8ac4f62811100e6a41d720328a263
img03222.jpg,249363,ca3e5341a1af7ff49af6b6a5c563704e2de73672ff77e0fc388984c5f06e0e0a
img03223.jpg,178551,161a7e5906a8cb74c69fb42333f6a004a6e693bda21b7120b35392fd53403491
img03224.jpg,97858,51f86591a7f6c2c42b804525ff17907c1e221215874161a8e86320fccc5771f6
img03225.jpg,178091,a0633eabbc4d9503695ca4469e9525a63bb5ef4f5c05d1fc51a1311cc6700835
img03226.jpg,133522,29ef5e79a5651d364581c9ce2d18da1c7338edca49fa13b25d19258316e1c719
img03227.jpg,130689,9ebf09edadde76b5f049431d580795e145744cf4f72188f3767cfece8fafa7e1
img03228.jpg,192613,8f76ddab71c5e43d01b014cabe92945c5a9d0874261f9f4c589baef8be05a696
img03229.jpg,163943,dcc99a48e98ad0de5ff2b7829f4b791882ba1a21e783886bb16e06b108b154a1
img03230.jpg,117198,c8e64ab6699e49447d61d42b90971820fc51f89d40b2122c78919bd6913f0012
img03231.jpg,199383,16b346b0a10d70c5c3d358e089d1b3b647ed477b443a95332c7c8194651f3d60
img03232.jpg,230965,7206ccbe9372d1e2afd92f41c0435dc639388aff379befe2d7105224637adb76
img03233.jpg,116605,7da6a48d940c7c6f11f47737fa30cb35b68df96f4f19874be0c1717cab9658dd
img03234.jpg,166034,a12af62f3b553544d120acb4d0beab4ebc212b2938eca04ab31a7a18fc0ab9c0
img03235.jpg,111449,0d152f92a852e55c7211222fdb246c55d268fe26f9d2d124706aa7c944519df0
img03236.jpg,144616,b7b28993311d45ec0c0674bfe6cc5a384988c47fc77f7f32e842bc583da48c8a
img03237.jpg,93577,13ca9ef20a2304df48de119cccd278623f7b3d5ee2ac4ab7253aca6464e9cbd3
img03238.jpg,139420,7fb9f189388f085e70fe8814265a865c79e098223d7b25f2b4b3decf5c4c7f85
img03239.jpg,163825,2bc6ff3fb329d1a24be806b02ed608bdebe3d48f74344e941100737086591975
img03240.jpg,187761,f616b03292b462cbcdc5f9c0de8769e456e5ace582cfe187e3e9c3fac252d385
img03241.jpg,149430,3d0a625050f180fbe361de8746899cbdce3ffa2dc1c52f8bdaa07e024fda551b
img03242.jpg,175570,8d615a0e24f3f7626064b3b24123d89b71c53e0935f0ad8f067640b164841e14
img03243.jpg,126577,0bfa9bd78d4dc2ddbeb280c15449370afd26d2e6546319115a8afa9ca8619272
img03244.jpg,173043,f428b78275102efb3497f6aea5aa2af42eaeeab8b8dbb857da430f8b8f54e6fe
img03245.jpg,259730,f1522fea83739439ee84c6a5667c86c43467981cbe701e712d6bbb16736ea877
img03246.jpg,155958,86227048805ac1de826f0a9b399ba4d46ea8a7d8e4f8c17155178b4e022cd459
img03247.jpg,195081,f44e90b0ef23ffe67435cd903182062bcf403c44354ab5827b0d43e2870d51a1
img03248.jpg,138086,7945238126eaca4d3f458c626c52c7d2d201e5e0ba9aa72dcb003c9bb76a003d
img03249.jpg,167928,3b3c13eed16b67555ec1b9128cc5c350669f88353de851ed3185470fe4a26c59
img03250.jpg,195600,c8f7d1310f57024fba534da159a9c7e9c018f7233b15f36396391e65566ff50e
img03251.jpg,129602,65d63fad3a4fe656700a6787b1f8fa0c225f68865b621f19a2f29aecea9d7f9d
img03252.jpg,174526,b594bf18b091c38b2c65a504f65e826ca2067fdbb4a994ffa986bf21e22d8ee5
img03253.jpg,337107,ae4f8e95bf4eb0c005e85d4a8ce4c2c1935749a5326f2aae8bbee471a9ff939a
img03254.jpg,137514,83bd7dfb83812c05822b992f0a7d93ffeb76dcc44677ceb6086db03bf9d686d9
img03255.jpg,235506,d0b709af6de29e425385e1852f260dbd30162518686f98422f050f2b86a07eb0
img03256.jpg,113480,95329413fe121cdd1600870d7a1d2cd11f1ca5575d495488e5fff54c07ba2cbc
img03257.jpg,127660,fe3a08c993159ec87d53fb1d2fb80af053e3c64c85fd34460f4411ca54c45978
img03258.jpg,176435,759cc63f34895f03a0413700062def7b87d47ef46d65bb96b7e978de45a109a7
img03259.jpg,185144,12bfa8bc13969e954ba58f1e3e5849885928a4770315b03c7afebfe0d17c5c15
img03260.jpg,227526,25381a1603fbea7b1c8e01f220ebe30bba3367fbdcef09cdf38186934368bd60
img03261.jpg,158344,c3f542a53f2404a27b15b855790b45de121595107ab09f4a6afe292780b22e90
img03262.jpg,166142,a8fcc22a687f138c02172b68b980e0aeea88546a08f0ef5e2dc4ea4157aaa332
img03263.jpg,198098,3a5c9f24ae8384a53aaa90b678be36fa909e983ab8112243827f151001f01ae9
img03264.jpg,200123,8a4704a70158138c528dd25c346050ef0902ec82f8e57d3cb6e4af2c414a1b4f
img03265.jpg,114884,30604859bdea22b3d37ee51e1488f5051e807d5b4d2d0e0e854b448d2782898b
img03266.jpg,177503,b011eb8952a371ee9996ed75f5033d294a7a8d21228c10a725e1c9ee96bdc80a
img03267.jpg,186609,d96d7ee666dcbbf336246b49dc91f4a149c9ca09852fc3b0ba9191eabfca1f04
img03268.jpg,220416,6a2278639efe0ae2eb45d2089a63331942da60777857f04bafe414b583bbca24
img03269.jpg,138142,24f3124bb73de8ca2a1ba0dce29cba593e466fd89ec0bcfb8a67c53f42bb15a5
img03270.jpg,134871,d04e8aa39d83b5345c21cb7ccece03723fc9e51eb827c4b8226697fafe2534a9
img03271.jpg,214705,67b15001835bb51989a8acd6024fb8c28a3aeddf3bda269e693b4a7fe8d59a00
img03272.jpg,156930,a6db1bea0581f165d8a913655e02600ebfaa62e67342877bb00414f1fae7443f
img03273.jpg,147146,ac151d0d0a2e12881e5ddbc35c87991016dc7e661a71a531c05b70578bb154b4
img03274.jpg,185439,47461f0014072d2148f35d7eb31067a8c0e38cabd47630f954655bca0b65a9b6
img03275.jpg,87825,875c8fc485b285a34039e18e87bdf24d45c4eefb45fb81ec4c21aa6aed9f4ad7
img03276.jpg,191239,099c74359af33386be5d01c2155eaa237f8cc4f098ff8dd24a889d8df2283c16
img03277.jpg,139600,c351315aa2fbb04d8c8a422dab21ee4a25d34d583bcd7668f1348d0c9d95ea03
img03278.jpg,214138,36b7a4b792737972bbf805c4dc64ea5a4473548e09440ab24d5f801beab34fd1
img03279.jpg,179859,37e4b7d900bfc27e6536fbe5d847ee4b14ecb9a2620a2089745e99921e44e880
img03280.jpg,192626,17ecd65c3206f0ddcb2783596e9f56bbb41c568a6592cb3395aa8e54298af6d0
img03281.jpg,152625,350803a2a52b46394e0bc4c2d99a49508d2bb044e5db7e030b768f3833c5ae46
img03282.jpg,160576,0525d2cfb8e75a9df9ce70586838a105ec9d5c50e8f2fc944d14d0e4f22f5692
img03283.jpg,240034,e95b45eda7fde43baee4fc2ba4429d0def802be88ef15ffa465cd2be9cb8cc9d
img03284.jpg,130303,aa49b9c15fb20d385b6f6c822f045e1af83ad580731121c83dde0fbe91d3e173
img03285.jpg,140677,595a938ac7dd06d48baea1b45a15cca8fd233829f90aa45c6c07ab18f1bce591
img03286.jpg,168561,11719e9208d0fbbee343779889dd76bca7e50ac50786f05e61f5a66515c2cb49
img03287.jpg,250000,b68ee8b15d6c9ffd38741920d7c925562fdb105306f17894d50408755eff6d60
img03288.jpg,131456,0ae7e445455af225fc4a3b2329c4f0793174eca4de09c8e6e46ae8af625cb678
img03289.jpg,165903,211a3ace9a2727cf824bb27547314ab05b55b050abde6507a1a09930ef622866
img03290.jpg,173438,92435003c3caeae64d5f3175819005a3b8b95139fb27e9da8ab0b858864c9a13
img03291.jpg,268218,a822ab1847d26214439be691baf706f531b05fcd238de98fcfcc370216cb9dea
img03292.jpg,140424,ba76cf19404bd89145dd36b0110abd504f3c85b82fd93c6ba0db5211b3deddff
img03293.jpg,165498,bedee45e8094e0e262f529690e12d7827ae2271e9469f14f00cf334e71339cc8
img03294.jpg,164312,441892df93ad8e87faee9243d4161b56f5151bd4d98f422c59de9db269bf9d6f
img03295.jpg,122048,383b52d4de76af713a6be52e1a64c7d06a1ba806a4413983267216057da72173
img03296.jpg,187465,953da60c0d4be3e94aad121def1fa95610632afe6f088118409a4f63e0ec8931
img03297.jpg,260444,8ff0328a5b24c909a591b0c45e7acdbea90ec67a700989346602fb819fe23e8d
img03298.jpg,187672,91642adb19df271211bc04b0535369b3b2d1b61865dbb4838eb7093085f27a78
img03299.jpg,280369,ae6f58e0b7943e15a7037acb7919d41ab83121e883e00cf6382f1584d23d34f2
img03300.jpg,215142,ce18b1c14def208e101f006c6ba2e48ea79c801e67ff9b3921167d0849064c71
img03301.jpg,168181,2838454df80a5f6578e0e11ecc94b03a35df96b008fafac8e46fedd36798ad37
img03302.jpg,202841,04c5b2ac990945b54c3269539144c5f9ebcf2fce036f8c4b386b9425f2e433bb
img03303.jpg,203940,a46de88fe3e4d66518b4534061040860c9dd714505ebf3df779a71cdd5da9429
img03304.jpg,129674,2e8820bb209080a982141fd96b44c2c3f6c24598189aed7e81c527b15fc8c798
img03305.jpg,70618,fb3fd4bbc4de6c81fb0c6c3b026759b0ab96bd8428f9cb3325d2a8d753c7c0e6
img03306.jpg,178819,44a88069a9fb6c25f1681976718e9bf9ea260e366a6ad17c8ab7f6974d0a27fc
img03307.jpg,100422,6a198bd8a7bc27c1318090cdb87453c42ea3b7add4cd976c0562fe7f86e90252
img03308.jpg,131136,86b697d2935ba41d516f145b5a11147a490fff50407eeaa86fee171a72449a0f
img03309.jpg,248897,0cd884da17b155b3b0b84b53b73e927849b3743a0cc918ef034d5a6ca9db47d2
img03310.jpg,232647,9be965b92e15da8e999bb177ed18c0af87a7800025ef7617d79ee471ca10a3e8
img03311.jpg,97548,7648fa576b2db97d1df63a5fbd56ce95d2e3dcaa9b17b47c8a388165d34f4679
img03312.jpg,184639,c3425cec296e6f013b2468397f4fd1aabc1e453e77ebf0f5a2c3b7545e60ee9a
img03313.jpg,194978,9c3bf30fed39ff8ba4fdb2fcc98d896eab18479c47c7c9fd695e286ce89983fe
img03314.jpg,200616,4efe735a3339b53c261f397d9df53f317a6f56e056b2a096d7fb82ad1b94f584
img03315.jpg,191458,9da7be01fca18e867277010e69e33008a038381ea8911adefab50ca646d632f7
img03316.jpg,168360,c6befbe986202634cdf43c1323cfba377f87e66246335eba3723378bb8332c6b
img03317.jpg,120027,afb4a0fe66750ba278de188a7b65e1be1d0a3753a73568676d187f9e576f1f29
img03318.jpg,184766,c7a3b4d8ce77035e9f3c6a821adbee3be3cd2b98af435cf609ddb3096cc7f9c8
img03319.jpg,168024,637375a2b3203bf63e9b26a1d550e836f2792e04bfb7ccdd6734a2a3bc07db8e
img03320.jpg,165822,dd9a08d38926189268b438e1110384ec8402e5f608c8c861cb5e6036b3e0687d
img03321.jpg,207697,f5e4a4ecdd557049a716f2efb2346847a6ad890f6c007f8f40deadd4b9d367e0
img03322.jpg,206972,c71ed852cd1ffdfb1d31707ad581a75a29f8c1134f202681cb246f7028714f25
img03323.jpg,146246,91b50961975bd6707f77eb7073f1aa611b374040567ca5ad1c2f183e32129ca7
img03324.jpg,190169,81b74e1ef35b60fd1a7e45b245b28626240ffa82e0a55f0357cde5cd3d90248b
img03325.jpg,202770,fd77dc2ea206c0027c26beb768233563d0d3599c9cc50d7329515b0ab53fb17f
img03326.jpg,173661,013ad340d130cf97f5980a60f2065bb5e81e7d86b2f2c1cc74224e3f1a0d8b04
img03327.jpg,177814,2d2e1c8cf7bf803a8ca747e3d1c8af800e3c9a5c54b3791e8e0ef89cbd05043e
img03328.jpg,243738,97c6acedf8a7917c1703b3d580c7cc102299c0c45777660574e3e4c113f7af47
img03329.jpg,173710,9435665404fb02fbf89d434710e81b5612c5b3d616db9958a823efcf839faec3
img03330.jpg,149008,ba3a57eb8bc39a51d6b6417e9aafe1589346a17c6b3188ad753295d99f257a8f
img03331.jpg,166430,8767669c57d1432b8b34661baba088fb6bc6934eb1f80215d4fdd478cbd1fd37
img03332.jpg,165019,ed678cb9f32bffe42c5f1691d20c308284a07d55590445dda1b54cf484db3300
img03333.jpg,114328,f8e2758a7e97cc9ec4891bca420a44f283356cf4849f129ba0e827952262076d
img03334.jpg,197446,3b3eb103e2d3ca59dac5d1b5be9367d591f8b17dd571b866c053efe58b60c75d
img03335.jpg,267798,88e6d4146a78ffbfb24f8f35bec27733ee088c27b8eeb6ca1fb81af2b2c6de4e
img03336.jpg,302577,133a94b1af8b71c84add505a2ff36e6d294ff88630627f8ccf262d48a4f31bc1
img03337.jpg,205627,dcf9ec8ef0fb06ad56c237311d9d2fccc8b0c92536ff416dd0ecd69a3ca911d2
img03338.jpg,163304,38a804d42892ef73ed5c05fadfbfee61105dcd2b4418824276d05ebd332adaa8
img03339.jpg,173540,52988c20e50319aefc17bbed463b90c430351f9c503a7cf94debcb4600cf4be8
img03340.jpg,218172,62aa1e25c92af3df9e81e7c3f2417098e4c50707a3acfbef62ca64769fb30007
img03341.jpg,314666,f400433f73fc715e50495dd8573fcb5ba8c9cd6ecdbf3cad804ef0d408a1d5c0
img03342.jpg,254608,3b7ff75f6a6a791352cf01f9f4ec2dedf80ad3ef33e6e6e17ca8ab9ac3c68d4b
img03343.jpg,133649,de23440425984ac89fdab56d203fb4e840e7a9de636fdd4d508aecaeef8ea463
img03344.jpg,135514,69bc754a6ab839961422d0193f1b412417dd2bcd7b26513f7312051deec36a09
img03345.jpg,165094,c45aada4896be5498d3c33b1470ae507a2221d9eaa5dc2d4e9b0e7da74646628
img03346.jpg,151621,b0d3b18105914a1f1f05a194b28c5612ffa0a2a3683ccfbd825543b3ac9ac66c
img03347.jpg,178241,4e303ea967cdc5cf48d61fe315b26498b710615403986c4449eb51505978b3e8
img03348.jpg,177270,d11a69eb14e459d7b8710396f588056df827a429383e34b98aeef8752c874bf5
img03349.jpg,107617,95e4001074ed480cbaee9993454206efc5b1cf591b817f925e683fb7e35bac41
img03350.jpg,141641,c02e722fdc72806cf491ebdd473bb04cf2a224336fbfd53b9aa36faadc6d1007
img03351.jpg,115941,f2cf2064e8dbcd681a80485fddff53e7060cedf569106ce5e33cff5715684d4d
img03352.jpg,233681,d9cee2b0e8251e8da25f42c5ec61b5e3ed37d5bdd9a7564182f0f5c7fe05b0dc
img03353.jpg,158074,9a0d59d3dfcf6812beb4f859dd81f7973236ff28d525d4b67427ffe28dd4b2b6
img03354.jpg,208609,de3bd7a032260821cea94ab422e59de1eac47fce5fdc5c2dcfb9c47c136261d0
img03355.jpg,112460,dbd00912b8e1c647f1d7ce3b76084f90027cbad15910cd2ad2c452ac8869cba3
img03356.jpg,114765,c12a9dae08bbbf986326120dfa55d1e591adb894d9ed9d81c5bbb8f2cbc450d9
img03357.jpg,158863,1aa73dff88de8afe6baae629b9d4299d6be27e7ff95ba2b9af7ed2223bc7b36a
img03358.jpg,155973,e8d9fe4fb17819cb59e72e3a77fe4ec5bd9c87b861f339637c87e2632ffa5247
img03359.jpg,204102,93ebd367cfd8e26b7cec985ad7888aad5d8623524e5b08811f12e99e3d15a202
img03360.jpg,158415,48997dba1f28b23e806a9717a300e5a4f0d13e1ea3a827803ff847054d8d4000
img03361.jpg,110645,b80509a15b67a1e29c4df697a752ef80bca0e30167673a834c9487e3f524f01d
img03362.jpg,227266,53dd48a8fcf56db7d8115e10fe7f45c40d94827153ceadf175d414bed632c570
img03363.jpg,211486,d1ff950b423a040d40bcff63c00a337dddcde3092b2e04322ab626f0170bebff
img03364.jpg,150126,19b56cf9ea4f22875cf4956cf44a1a1c315638655af3f846063d8a61c9adeecd
img03365.jpg,143369,80aae2f320f63d84574e5730f83fc0f69401f54587ffbb99dd65a16cf54a826d
img03366.jpg,210543,6f638092d4fcaf269339ca1269ed1bca9fe6209ba0983b651891454c87aa099f
img03367.jpg,120107,a44d6c9a8dfa5613fec9de4c9e5bdf623a6a09bddf515d7a35ef3167d97581e6
img03368.jpg,192441,79cf4146e48a32fa9c4e029000ac844b0b95d982be1757be246ef7ac27a6632c
img03369.jpg,169732,ea0ae620ac6208b25b1827eaf6baa3956efe5d49f88c4cd9fddfc27ca222aeec
img03370.jpg,112921,10daf5397f09dff8f349aceb354d7a94de67096a37462708ca388738e317a8e8
img03371.jpg,165006,4cd7088580e5136d60f7c0182640a28124be789fd5c0d4eab689e8dd0ad411fe
img03372.jpg,189516,0812bd6435ae3184bdeb484eb928769d8ea0a36739642e3dc568d2344090fc04
img03373.jpg,125522,b7fd19ff949f4a19a80ffb4064339a57a0aabc1fffd6d051565706cf4f3e0b85
img03374.jpg,134849,6292a70fc6ceee7e6eb7f9d7a432ae4ba5f2f967fd70fe4c4432f05a838e6d27
img03375.jpg,198061,b5c4dc551b94247d77a5f755f82b71cade3ef24b4016db86c6a61666dd99b808
img03376.jpg,148113,3d5a0dd1e287faba7a1e9ae2f56ce0a3059052bf984286d991c06fb9b93918b7
img03377.jpg,113978,8f87c145fe52f989fef4ae41982905a77907c375575d4fdc51667ec28a4a0bb1
img03378.jpg,192154,c839b9c51425e714da70eff9109824048089a7c32d2200d8bc610d65df86eac2
img03379.jpg,215060,ef874724d7e2e7c74649c3446b54a73b412f7aac7bfdcf37d89dabb9ba73dbdb
img03380.jpg,205126,725873bdabb6bd3cf84d282db2c46117406c1a3ae7bd5d5877af0d41cac1b492
img03381.jpg,82749,32d46dcf683a8b04c13194bd9bc225712f8e40cad13fbdbe9a3070b84e677260
img03382.jpg,156203,d05f711f57a52af56d2fcb8af76eb180184aa9d780117a6674a1634f0d6a098e
img03383.jpg,76399,0de3d0faf614ea072f368f92abeeaf135aff29c4413aba34ea95bb1ee0854fe7
img03384.jpg,169906,20af908a77930f52bb0d940f25c3358230acdfb4d7804cf124acd2d5718c0104
img03385.jpg,217323,11d4a95a58d419f98d6e42111f4134dcad9a37d1ffa5fb378a89ac0eb43720cd
img03386.jpg,194096,c73b5f30f7369c261d57b5124d05ae6d3c6f195ae6f53d1dd40d3844050331b1
img03387.jpg,180254,6991f16216e88e9db5b709383f746a02f992f1eb75479c4cb1ca0bb8e5adb45c
img03388.jpg,135974,761744a1389510eca54e6ce6b348d819b34f1b81e57ce991125e16df612d50f6
img03389.jpg,157479,6643f51e360c01ec2052dfb4d136c73af3119c58eae89fc88a630b65bd7dba08
img03390.jpg,135751,8c4e11b14de1b6ae2f94f1d9b4e268f80545ea7cab543a1953c16d93f7e87299
img03391.jpg,168291,c67b4bf05e05df901cfc24f5cd9c17167172320d9c4f38cc4d607868124dd82c
img03392.jpg,126491,43e057c942953be1c190c5d1f89fd24d3221d641032ea6a74fe3ff5e7fbea7e8
img03393.jpg,125853,fd3de784a46b648d6b023c37937834095a6e05c758f4b61cac0fbae82320573b
img03394.jpg,160156,583cfb78cc671c45ac275e60c6e2c47e535322b1f40a3e4fb13d542f4f38f2b4
img03395.jpg,124431,92af29f4e0e005782852d39c427ebb14695625094b0018282a5662f357a3d704
img03396.jpg,173147,a3f56ba5915ce491134d6dd8bc4fd4018f95f020a49acfbeaf1975b81e78c51d
img03397.jpg,211632,c1fee3717c1d9c56e12e1f2cfd61228d10b397c2c6f35b5c15c3d1beb01afc1d
img03398.jpg,162081,06d00235a4f8be090a9f6a19bd5b7bf98b6a29b302e08e11b0a4aedc4d354e0f
img03399.jpg,194094,8cfea004d5e5255f9320d1f12fd0b6f9d82933f92e467e1020282a778b910709
img03400.jpg,108603,6be5ad16b56badd7a63a87191c80def5b97a8d9881d15e42e75bb8d83b95c215
img03401.jpg,145809,adbf8f2a4b161c07a35f26b80b839f1bd7cb468f63afe7b035c039ec33a3ec16
img03402.jpg,168491,840dd7c835398ba621cc09db2ccb3cdcb780103de41b629c7710486370fbcc67
img03403.jpg,170219,c30c49e1440ff3e54fcb8ef64728953627f932990f30d25cb11d86b1a846bf41
img03404.jpg,191351,d26c5fdcb6782d3a64305de40f656be397912bebb4aa239a3b264988aecee930
img03405.jpg,122322,701b8cab617722b52c0c01e741c156c2a1849aa8144f2e20af050bc26a9f24dc
img03406.jpg,195942,b6a9fe200621dcd66113db483d3ce875a107a3e3fbac35c01d6704fd6c8ae62e
img03407.jpg,125766,b096758c79b68105d009c438a7beeb5199903ddf546a2a5defdf3548b258b061
img03408.jpg,125599,d12d353ff27eced71b3d1cb16434a0d1d8aa765e74c398b92f39eeb97f7888f6
img03409.jpg,167912,666fd855f2707615a3b73823d10f84096f1aa57c5e5df304d73e25e3249222fd
img03410.jpg,172890,61527d9debec18c671311c9d5d19439a7ad69716b2d765a86556f5cd162463d6
img03411.jpg,181980,45c06c519b0b9106f8d744413ec840c343ef84199931cf914849ada27cad6eaa
img03412.jpg,177964,acbcc255a71f1de95d8a571a5ba7d7c473768eb2ed83ed027d6dc5ce77f8c01a
img03413.jpg,179616,410b57b6e5d2eaf97f123ee7aba4af17519041b528be39a4fef3b0453cfcd1e4
img03414.jpg,225601,e3800a2d07f7a00c0b69d6ccb82938067e3f44df59e72c9ca99aad5cd97dc278
img03415.jpg,184310,c9eadbd247bb87ecdab4786e542a68a1ca01214464b0936eb284cff77838c5eb
img03416.jpg,232628,6223b784f731393cb1623d0fe31164d1145cad23ead5334d4ee344822cc7558b
img03417.jpg,215770,e63d830605d5eaa821c21683388c151c88f9ee77b7f805cfd545f5d3e7e04966
img03418.jpg,230684,cf5405f267c495951ce9e64b66902f6f0484336e52b73a5147abab97fc745ebb
img03419.jpg,116353,8539a1749f2bf3fc123d098b740fbbd0ca0856aa7f66c249dd1e2fcac13ca078
img03420.jpg,195881,707abab47d105b97370905a1249c8f239abc716043934ae3aa3b45301dc54f97
img03421.jpg,210254,2a791876e92f6430f9b73d06345c2f0e699d6212b2197c7e0c9f377e77fd7180
img03422.jpg,168884,22b1bea5bedee2827c4bfba6a7e4b3256db80c89ca95874933cb6a5b1895fd04
img03423.jpg,92671,2b2de5c7847f6030225e35d7f4d8fed2d74c00abadbdc2014a503df1a75b089a
img03424.jpg,68690,8617302f18769af31d47e27a8e2c94c0522c108b52ac3a9cd0c93c08dd82a844
img03425.jpg,211399,8937150cbb2b6bc3217c6d88e7c9b734b90f78a3d62a6aaa6894235930bd6c2b
img03426.jpg,178457,b97f6abcff917a8f36263ecaad3961afb2095bc0daebf190d0f5bfa4ecc6e3f7
img03427.jpg,97313,eb0e4cdd6352078a4def28039801c878ca46297ca9ebc0f5d512e8ab8d18972d
img03428.jpg,132817,fa8c03b04bb51e05d6129c38d07112ad71ae6c6981905ceef8502365fbff1e1f
img03429.jpg,152401,86c8368887f23ee415f38bcc9c50a394011b89bb832e217eb68d4714b967490a
img03430.jpg,197456,19671bf2649ec39c026f6ea16d2e1912c34b25a0a27053ee91055e7aa8e1e938
img03431.jpg,135766,01ada1ee0dc4a40769dfadfbf637b57d8990d0c0e1a5fd6567f607327712f86a
img03432.jpg,172012,1a76532ce8a2a6ae54f3a119951687d05fce560c406ff2daa95ddb0cbe7699c6
img03433.jpg,213670,35c93a27f6cc7cb7a39e34f1b4525410a71267da5fc3bb898ead5686f4e879e4
img03434.jpg,185872,493832553fc0ae870c6e1fe5c2cccb0c65ccc9658690a3bf6dcf2c93e8e231a4
img03435.jpg,165943,a9c844796e177bc8702c38f9669fb0b135a4ee9476ed432562e87da14af9d5f4
img03436.jpg,173126,8dbf3a6f6bd308cc0df857f00d8c14e9fd2f1ef8421f2e311e49eb364fa5bbf5
img03437.jpg,219152,7512603e2b0d94598e95d38d59cb1f2151b24e6acb9d44979fae23fe9be5f66d
img03438.jpg,230056,57aede473ce4b3e04e278f6f98b51c113dc5fd39a06eb4f4377c4c9eb6b933a8
img03439.jpg,198446,f9ff23226395f55fcdb70768c07f8d7103a1caafd42666eb88fc4361a7dbe939
img03440.jpg,107827,84a8f82867f3516da8405c84a99482aafda5d2fb9bf7b17f9c7863a1d0bda9b2
img03441.jpg,180768,f9f70b10b06ddf92fa71d2708f478baa3311f7aff29ae0ec3673336fcc4caf1f
img03442.jpg,191300,f7038677c6ff404467ecafdc1a2e35ba3dcb88f75c0b6f606d3b184b92a811c6
img03443.jpg,134083,3c7710b5faa5aa7803373d5a8be5ba9ee568512bda02da530e326d2a2700cf6c
img03444.jpg,207294,a9f643856eeacb2f393e90406f167e1573f58599f185e2ccab579668a1eae2aa
img03445.jpg,158732,f07f622617ae0b66d716dba571c54b097b79ee7cb3b98172a39a60d82e6121b4
img03446.jpg,169843,79bb81e0e5aed2deddbe3e953801663f03452c7e14b532116dd111efb1f24d33
img03447.jpg,246696,1bc9b0fb4e23232ed3d0c4c8889a53969f4cf965a3185bd16e2c8608fd3b9d91
img03448.jpg,120331,7696c1fd9efb29009d033a6c213968d90943ed7e7effb9a66fac7f8af310e84a
img03449.jpg,231614,a9946377247bccf25b6bdec17b94782652284fbd3d4b96a9ceddabd87e2b26b7
img03450.jpg,161536,fb73e5af32b8550e7a3db8c72d2591b38fdde670d8a90ea8f00e584cd3b49b16
img03451.jpg,244040,20c2ca5d7f12acccbb082a19b24e64290c51de4f56f5aaf5f14ce393bf5f7ba1
img03452.jpg,173079,55a4777be3e5b35c1c8bd46b65c589ef3bdf422dec0d2bb7ac422e6fe3b05868
img03453.jpg,268530,e42bc234a6b6078aee42b59990dd771bbe48bd0646cef5cd4e7abb6ecb26cb6c
img03454.jpg,338072,3a2a5c7c8c593d7241e133395201824bc1e70eb247aa7920c0e4e389af447227
img03455.jpg,82525,bb03898deba69ec393e5185d8318e0db3cc5778f174c7cc23e64a90b55be2b2f
img03456.jpg,143907,fefa7fc0491f3cf9fe4fdea76483e70e3a5a71d5f49d0503cb25379d3f632c80
img03457.jpg,110417,1f9d3b3b56dd04f0f8afadd88e201edcdd0b1d3243677117ef9b10f016bcec30
img03458.jpg,64887,cee5f5c6991a0e1949e49b81bd83f10e1511735c6a06dbc615340e6e3c205c98
img03459.jpg,165190,bcd0e4f6b630b674285a8db511bd4ece84df402dc517daaac03c9c4d368b1add
img03460.jpg,220146,e02f1693e8cd0e6967a64d41ee0b8a024f789c396a342f605efedad14a5894f7
img03461.jpg,171803,bc59ec0295669852a56c79fcb17a936f165dd226d0c7bcc83d243767aa160bec
img03462.jpg,139262,15c2f50d318467a57f7a3acf5e6c170441d6ff6fe33d6d4be8fa8ec6df63b8fe
img03463.jpg,165271,e7efaa506b50cc8c65c74cd2f39281674245054e7a8ef677f2265fa3e3fdeade
img03464.jpg,148063,fc6b5f78c1d6cad1039572194d07bf15c8b58d0b34090a9dcedd124576fedfbd
img03465.jpg,201859,49b317c3413ca348a264e945d0166c13c95f3bf4ffef6a4e707f7dc737393a61
img03466.jpg,172117,48afb587ab0178570667b4e5ad21d4af217b68465ced29f28a82be6e7a6aca81
img03467.jpg,104786,56daf27b833b5123bc9582cd5d33089a6a96f0b77dc6077b28f9024d1656b882
img03468.jpg,283279,6a08778757de56c595c45f867ef34a96766ac3415a3aec88c78c2cd669d3b8f5
img03469.jpg,212733,6338d53981b39829e69f7b516000ab02504214ee70bdb82147a5c1a2c1e02082
img03470.jpg,120468,ca0387f6312a64ab2281b53452af10ddb6614665196359575aa2a399c0bda6fa
img03471.jpg,145699,09658012489c21f7be56a969062b54d65c00b4decc9b3fae6cb64924ef398b03
img03472.jpg,198870,d47d31c93270b694e47d7f17a6c5683583d9f2559afb3d48ab94a2c255aa03d0
img03473.jpg,215140,b34ab2fca3bfd46f5298d3ae57f3d7ce6fac5e684af805b6cd6f089446359fd1
img03474.jpg,182749,3b0ac8fd2221c998b6088a07d6ef55373964683fbb5d7151235636b97d8211d2
img03475.jpg,190487,35f39cd9bb65d51d820bc3b68301a6f81f040c9d77280a04b6491270b4c91cb1
img03476.jpg,116554,fa8de7de619c69e86020232ff780a896a8642fa15cc120452cc36daf9ebd7cd8
img03477.jpg,188615,bf0837a00fc6694a8f7db50a3b94cc3e974fc2f86fbbab0a91cfa5136606c0a0
img03478.jpg,197170,90302ef3b866a011a57f2b29f84d568093511d465507b9c5a6c851cdf45597b4
img03479.jpg,145652,5c481701530e7dff78ff98cc146ea89b6d3b738aef457e27ca17209dafbf8a0f
img03480.jpg,146365,7dd7509b10a34d7d6598fbcd999f47cce23846524f4486c4b7fb3b2584768d6f
img03481.jpg,158603,138f3bbe9e134497c4d416c8ca476664aca1c6a460d0a8212a65708fee38d26d
img03482.jpg,173582,ce30156ebd3c4058119ebc4c8cb87848bf24ac88dc3fb332f3e8ba853712f6ab
img03483.jpg,204588,b0a1f37d4de3ad6514de7a8e52832abc3c86ef2f98dd39fab04bb73e52a8a300
img03484.jpg,91802,6efc28fecfbd79b74f0a12c5fa529e3ec4d2d2ea0f62c7cc12c2f2e4ca311400
img03485.jpg,188616,3dd42118a2e715073529fb93fbcf23870473fc2cc341b3fd50e40618c18c4858
img03486.jpg,186794,65039715a141428710fb35a5b03b933e0fa878b4c8d8c64a4ef9c913540294eb
img03487.jpg,137923,0a0562e06e2eb5862a123ee23402277d6a7eb47d923277d4f3185321375a910b
img03488.jpg,272495,375d422b5ad3fd45f2c417b098e854facec99d801b6941a65a8e2de95af8fb62
img03489.jpg,210822,42a20e7703a3f9815dda8c284c5cfdbc04532dd8d4bdc400069a900c7a5bdced
img03490.jpg,198670,332bac727cefd78da3cae7dd81f8e405a8fa9db3e4e589b9d96c48b6c496bcdc
img03491.jpg,254447,d86f2ffa145fcbbfcd449d8d6879d9c076c9121eece87ab3dcf5aee99fd80895
img03492.jpg,218944,71bd6c82e8e7456b712e050a54e67e102ad22d9cf75321f6b96bd79e237abfd5
img03493.jpg,207540,3856166e2e8c877b1c14c929ed912d0eb5d951f58e9911abba5d1a4d6d03e500
img03494.jpg,154200,0a23c43c851821a5e08bd6c88c155baee50d4cdb806fe3a64ed5692ca4acf8d4
img03495.jpg,153840,56d42f67fd35972deb8c56486e012fe13973978100206d24cc2abc6cbb5429ee
img03496.jpg,173535,4643a96f1ff6b353a558c44d3a75864abddd72bf3ee7b9c430ac2e574557b54f
img03497.jpg,164562,89683a8e53a3df10f99caf6a4e5dd595d1e3004533e084c0d90064c869c87167
img03498.jpg,117680,d7f94a41985819b857dc4e730a58d58ebf05f8eeda0adec57ee459e5047c7e3a
img03499.jpg,170941,1515ffee56a37e3cdf2f1caaa85c17931f13be00954871a2e3616520e7bff5d0
img03500.jpg,154219,43550b05a8b4e2d34aadb3e2f443ca19f8bd47df5a628e6684c49a1842eb5e02
