old,new,origin
img00001.jpg,img00001.jpg,sheharm
img00004.jpg,img00002.jpg,sheharm
img00006.jpg,img00003.jpg,sheharm
img00007.jpg,img00004.jpg,sheharm
img00009.jpg,img00005.jpg,sheharm
img00011.jpg,img00006.jpg,sheharm
img00012.jpg,img00007.jpg,sheharm
img00013.jpg,img00008.jpg,sheharm
img00017.jpg,img00009.jpg,sheharm
img00018.png,img00010.png,sheharm
img00019.jpg,img00011.jpg,sheharm
img00021.png,img00012.png,sheharm
img00022.jpg,img00013.jpg,sheharm
img00023.jpg,img00014.jpg,sheharm
img00026.jpg,img00015.jpg,sheharm
img00027.jpg,img00016.jpg,sheharm
img00028.png,img00017.png,sheharm
img00029.png,img00018.png,sheharm
img00031.jpg,img00019.jpg,sheharm
img00032.png,img00020.png,sheharm
img00033.jpg,img00021.jpg,sheharm
img00035.jpg,img00022.jpg,sheharm
img00039.jpg,img00023.jpg,sheharm
img00042.jpg,img00024.jpg,sheharm
img00043.png,img00025.png,sheharm
img00045.jpg,img00026.jpg,sheharm
img00046.jpg,img00027.jpg,sheharm
img00047.png,img00028.png,sheharm
img00048.jpg,img00029.jpg,sheharm
img00049.png,img00030.png,sheharm
img00050.jpg,img00031.jpg,sheharm
img00051.jpg,img00032.jpg,sheharm
img00054.jpg,img00033.jpg,sheharm
img00055.jpg,img00034.jpg,sheharm
img00056.png,img00035.png,sheharm
img00058.png,img00036.png,sheharm
img00059.jpg,img00037.jpg,sheharm
img00060.jpg,img00038.jpg,sheharm
img00061.jpg,img00039.jpg,sheharm
img00063.jpg,img00040.jpg,sheharm
img00064.jpg,img00041.jpg,sheharm
img00068.jpg,img00042.jpg,sheharm
img00069.png,img00043.png,sheharm
img00070.png,img00044.png,sheharm
img00071.png,img00045.png,sheharm
img00072.jpg,img00046.jpg,sheharm
img00074.jpg,img00047.jpg,sheharm
img00075.jpg,img00048.jpg,sheharm
img00076.png,img00049.png,sheharm
img00077.jpg,img00050.jpg,sheharm
img00081.png,img00051.png,sheharm
img00082.png,img00052.png,sheharm
img00083.jpg,img00053.jpg,sheharm
img00085.jpg,img00054.jpg,sheharm
img00087.jpg,img00055.jpg,sheharm
img00088.jpg,img00056.jpg,sheharm
img00089.png,img00057.png,sheharm
img00090.png,img00058.png,sheharm
img00091.png,img00059.png,sheharm
img00096.jpg,img00060.jpg,sheharm
img00097.jpg,img00061.jpg,sheharm
img00098.jpg,img00062.jpg,sheharm
img00099.jpg,img00063.jpg,sheharm
img00100.jpg,img00064.jpg,sheharm
img00102.jpg,img00065.jpg,sheharm
img00104.jpg,img00066.jpg,sheharm
img00105.jpg,img00067.jpg,sheharm
img00106.jpg,img00068.jpg,sheharm
img00107.png,img00069.png,sheharm
img00109.jpg,img00070.jpg,sheharm
img00111.png,img00071.png,sheharm
img00112.jpg,img00072.jpg,sheharm
img00113.jpg,img00073.jpg,sheharm
img00115.jpg,img00074.jpg,sheharm
img00116.jpg,img00075.jpg,sheharm
img00117.png,img00076.png,sheharm
img00118.jpg,img00077.jpg,sheharm
img00121.jpg,img00078.jpg,sheharm
img00122.jpg,img00079.jpg,sheharm
img00124.jpg,img00080.jpg,sheharm
img00125.jpg,img00081.jpg,sheharm
img00128.jpg,img00082.jpg,sheharm
img00130.jpg,img00083.jpg,sheharm
img00131.jpg,img00084.jpg,sheharm
img00133.jpg,img00085.jpg,sheharm
img00134.png,img00086.png,sheharm
img00135.jpg,img00087.jpg,sheharm
img00136.png,img00088.png,sheharm
img00139.jpg,img00089.jpg,sheharm
img00140.jpg,img00090.jpg,sheharm
img00141.jpg,img00091.jpg,sheharm
img00142.jpg,img00092.jpg,sheharm
img00143.jpg,img00093.jpg,sheharm
img00145.jpg,img00094.jpg,sheharm
img00146.png,img00095.png,sheharm
img00147.png,img00096.png,sheharm
img00148.jpg,img00097.jpg,sheharm
img00150.jpg,img00098.jpg,sheharm
img00152.png,img00099.png,sheharm
img00153.jpg,img00100.jpg,sheharm
img00154.jpg,img00101.jpg,sheharm
img00157.png,img00102.png,sheharm
img00159.jpg,img00103.jpg,sheharm
img00160.jpg,img00104.jpg,sheharm
img00161.jpg,img00105.jpg,sheharm
img00167.jpg,img00106.jpg,sheharm
img00170.jpg,img00107.jpg,sheharm
img00173.png,img00108.png,sheharm
img00174.jpg,img00109.jpg,sheharm
img00176.png,img00110.png,sheharm
img00177.jpg,img00111.jpg,sheharm
img00179.jpg,img00112.jpg,sheharm
img00180.jpg,img00113.jpg,sheharm
img00181.jpg,img00114.jpg,sheharm
img00182.jpg,img00115.jpg,sheharm
img00183.jpg,img00116.jpg,sheharm
img00184.jpg,img00117.jpg,sheharm
img00186.png,img00118.png,sheharm
img00189.jpg,img00119.jpg,sheharm
img00190.jpg,img00120.jpg,sheharm
img00192.jpg,img00121.jpg,sheharm
img00195.jpg,img00122.jpg,sheharm
img00197.jpg,img00123.jpg,sheharm
img00198.jpg,img00124.jpg,sheharm
img00200.jpg,img00125.jpg,sheharm
img00201.jpg,img00126.jpg,sheharm
img00202.jpg,img00127.jpg,sheharm
img00203.png,img00128.png,sheharm
img00205.jpg,img00129.jpg,sheharm
img00208.jpg,img00130.jpg,sheharm
img00211.jpg,img00131.jpg,sheharm
img00213.png,img00132.png,sheharm
img00214.jpg,img00133.jpg,sheharm
img00215.jpg,img00134.jpg,sheharm
img00216.jpg,img00135.jpg,sheharm
img00217.jpg,img00136.jpg,sheharm
img00218.jpg,img00137.jpg,sheharm
img00219.jpg,img00138.jpg,sheharm
img00223.jpg,img00139.jpg,sheharm
img00224.jpg,img00140.jpg,sheharm
img00225.jpg,img00141.jpg,sheharm
img00226.png,img00142.png,sheharm
img00227.jpg,img00143.jpg,sheharm
img00228.jpg,img00144.jpg,sheharm
img00229.jpg,img00145.jpg,sheharm
img00230.jpg,img00146.jpg,sheharm
img00231.jpg,img00147.jpg,sheharm
img00233.jpg,img00148.jpg,sheharm
img00234.jpg,img00149.jpg,sheharm
img00236.jpg,img00150.jpg,sheharm
img00237.jpg,img00151.jpg,sheharm
img00238.jpg,img00152.jpg,sheharm
img00239.jpg,img00153.jpg,sheharm
img00244.jpg,img00154.jpg,sheharm
img00247.jpg,img00155.jpg,sheharm
img00248.jpg,img00156.jpg,sheharm
img00249.jpg,img00157.jpg,sheharm
img00250.png,img00158.png,sheharm
img00251.jpg,img00159.jpg,sheharm
img00252.jpg,img00160.jpg,sheharm
img00254.jpg,img00161.jpg,sheharm
img00255.jpg,img00162.jpg,sheharm
img00257.jpg,img00163.jpg,sheharm
img00258.jpg,img00164.jpg,sheharm
img00259.jpg,img00165.jpg,sheharm
img00260.png,img00166.png,sheharm
img00262.jpg,img00167.jpg,sheharm
img00263.jpg,img00168.jpg,sheharm
img00264.jpg,img00169.jpg,sheharm
img00266.png,img00170.png,sheharm
img00267.jpg,img00171.jpg,sheharm
img00268.png,img00172.png,sheharm
img00270.jpg,img00173.jpg,sheharm
img00271.png,img00174.png,sheharm
img00272.jpg,img00175.jpg,sheharm
img00274.jpg,img00176.jpg,sheharm
img00275.jpg,img00177.jpg,sheharm
img00279.jpg,img00178.jpg,sheharm
img00280.jpg,img00179.jpg,sheharm
img00282.png,img00180.png,sheharm
img00283.jpg,img00181.jpg,sheharm
img00284.jpg,img00182.jpg,sheharm
img00287.jpg,img00183.jpg,sheharm
img00288.jpg,img00184.jpg,sheharm
img00291.jpg,img00185.jpg,sheharm
img00292.png,img00186.png,sheharm
img00293.jpg,img00187.jpg,sheharm
img00296.png,img00188.png,sheharm
img00297.jpg,img00189.jpg,sheharm
img00298.jpg,img00190.jpg,sheharm
img00299.png,img00191.png,sheharm
img00300.jpg,img00192.jpg,sheharm
img00303.png,img00193.png,sheharm
img00306.jpg,img00194.jpg,sheharm
img00308.jpg,img00195.jpg,sheharm
img00309.png,img00196.png,sheharm
img00310.jpg,img00197.jpg,sheharm
img00314.jpg,img00198.jpg,sheharm
img00315.jpg,img00199.jpg,sheharm
img00316.jpg,img00200.jpg,sheharm
img00317.jpg,img00201.jpg,sheharm
img00320.jpg,img00202.jpg,sheharm
img00322.jpg,img00203.jpg,sheharm
img00323.jpg,img00204.jpg,sheharm
img00325.jpg,img00205.jpg,sheharm
img00328.jpg,img00206.jpg,sheharm
img00332.png,img00207.png,sheharm
img00336.jpg,img00208.jpg,sheharm
img00337.jpg,img00209.jpg,sheharm
img00339.jpg,img00210.jpg,sheharm
img00340.jpg,img00211.jpg,sheharm
img00342.jpg,img00212.jpg,sheharm
img00344.png,img00213.png,sheharm
img00345.jpg,img00214.jpg,sheharm
img00347.jpg,img00215.jpg,sheharm
img00348.jpg,img00216.jpg,sheharm
img00349.jpg,img00217.jpg,sheharm
img00351.jpg,img00218.jpg,sheharm
img00355.jpg,img00219.jpg,sheharm
img00356.png,img00220.png,sheharm
img00357.jpg,img00221.jpg,sheharm
img00360.png,img00222.png,sheharm
img00361.png,img00223.png,sheharm
img00362.jpg,img00224.jpg,sheharm
img00365.jpg,img00225.jpg,sheharm
img00366.jpg,img00226.jpg,sheharm
img00368.jpg,img00227.jpg,sheharm
img00369.jpg,img00228.jpg,sheharm
img00371.jpg,img00229.jpg,sheharm
img00373.jpg,img00230.jpg,sheharm
img00375.jpg,img00231.jpg,sheharm
img00376.jpg,img00232.jpg,sheharm
img00379.jpg,img00233.jpg,sheharm
img00382.jpg,img00234.jpg,sheharm
img00384.jpg,img00235.jpg,sheharm
img00385.png,img00236.png,sheharm
img00388.jpg,img00237.jpg,sheharm
img00389.jpg,img00238.jpg,sheharm
img00390.jpg,img00239.jpg,sheharm
img00391.jpg,img00240.jpg,sheharm
img00392.jpg,img00241.jpg,sheharm
img00393.jpg,img00242.jpg,sheharm
img00396.jpg,img00243.jpg,sheharm
img00397.jpg,img00244.jpg,sheharm
img00399.png,img00245.png,sheharm
img00403.png,img00246.png,sheharm
img00406.jpg,img00247.jpg,sheharm
img00408.jpg,img00248.jpg,sheharm
img00410.png,img00249.png,sheharm
img00411.jpg,img00250.jpg,sheharm
img00412.jpg,img00251.jpg,sheharm
img00413.jpg,img00252.jpg,sheharm
img00414.png,img00253.png,sheharm
img00415.jpg,img00254.jpg,sheharm
img00417.jpg,img00255.jpg,sheharm
img00418.png,img00256.png,sheharm
img00420.jpg,img00257.jpg,sheharm
img00421.png,img00258.png,sheharm
img00422.jpg,img00259.jpg,sheharm
img00424.jpg,img00260.jpg,sheharm
img00425.png,img00261.png,sheharm
img00426.jpg,img00262.jpg,sheharm
img00427.jpg,img00263.jpg,sheharm
img00429.png,img00264.png,sheharm
img00430.jpg,img00265.jpg,sheharm
img00432.jpg,img00266.jpg,sheharm
img00436.jpg,img00267.jpg,sheharm
img00437.jpg,img00268.jpg,sheharm
img00438.jpg,img00269.jpg,sheharm
img00442.jpg,img00270.jpg,sheharm
img00444.png,img00271.png,sheharm
img00445.jpg,img00272.jpg,sheharm
img00446.jpg,img00273.jpg,sheharm
img00447.jpg,img00274.jpg,sheharm
img00448.jpg,img00275.jpg,sheharm
img00449.jpg,img00276.jpg,sheharm
img00451.jpg,img00277.jpg,sheharm
img00453.png,img00278.png,sheharm
img00454.jpg,img00279.jpg,sheharm
img00455.jpg,img00280.jpg,sheharm
img00456.png,img00281.png,sheharm
img00457.png,img00282.png,sheharm
img00458.png,img00283.png,sheharm
img00459.jpg,img00284.jpg,sheharm
img00461.jpg,img00285.jpg,sheharm
img00463.jpg,img00286.jpg,sheharm
img00464.png,img00287.png,sheharm
img00466.png,img00288.png,sheharm
img00467.png,img00289.png,sheharm
img00469.jpg,img00290.jpg,sheharm
img00471.jpg,img00291.jpg,sheharm
img00472.jpg,img00292.jpg,sheharm
img00473.jpg,img00293.jpg,sheharm
img00474.jpg,img00294.jpg,sheharm
img00475.jpg,img00295.jpg,sheharm
img00477.jpg,img00296.jpg,sheharm
img00478.jpg,img00297.jpg,sheharm
img00480.jpg,img00298.jpg,sheharm
img00484.jpg,img00299.jpg,sheharm
img00485.jpg,img00300.jpg,sheharm
img00487.jpg,img00301.jpg,sheharm
img00488.jpg,img00302.jpg,sheharm
img00489.jpg,img00303.jpg,sheharm
img00490.png,img00304.png,sheharm
img00491.png,img00305.png,sheharm
img00492.jpg,img00306.jpg,sheharm
img00493.png,img00307.png,sheharm
img00494.jpg,img00308.jpg,sheharm
img00496.png,img00309.png,sheharm
img00497.png,img00310.png,sheharm
img00499.jpg,img00311.jpg,sheharm
img00500.jpg,img00312.jpg,sheharm
img00502.png,img00313.png,sheharm
img00504.jpg,img00314.jpg,sheharm
img00506.png,img00315.png,sheharm
img00507.png,img00316.png,sheharm
img00508.jpg,img00317.jpg,sheharm
img00509.png,img00318.png,sheharm
img00510.jpg,img00319.jpg,sheharm
img00511.png,img00320.png,sheharm
img00513.png,img00321.png,sheharm
img00514.png,img00322.png,sheharm
img00515.jpg,img00323.jpg,sheharm
img00516.jpg,img00324.jpg,sheharm
img00517.png,img00325.png,sheharm
img00518.png,img00326.png,sheharm
img00519.png,img00327.png,sheharm
img00520.jpg,img00328.jpg,sheharm
img00521.jpg,img00329.jpg,sheharm
img00523.jpg,img00330.jpg,sheharm
img00524.jpg,img00331.jpg,sheharm
img00525.jpg,img00332.jpg,sheharm
img00526.png,img00333.png,sheharm
img00527.jpg,img00334.jpg,sheharm
img00528.jpg,img00335.jpg,sheharm
img00529.png,img00336.png,sheharm
img00530.jpg,img00337.jpg,sheharm
img00531.png,img00338.png,sheharm
img00535.jpg,img00339.jpg,sheharm
img00537.jpg,img00340.jpg,sheharm
img00539.png,img00341.png,sheharm
img00540.jpg,img00342.jpg,sheharm
img00542.jpg,img00343.jpg,sheharm
img00544.png,img00344.png,sheharm
img00545.jpg,img00345.jpg,sheharm
img00546.png,img00346.png,sheharm
img00551.jpg,img00347.jpg,sheharm
img00552.jpg,img00348.jpg,sheharm
img00553.png,img00349.png,sheharm
img00555.jpg,img00350.jpg,sheharm
img00556.jpg,img00351.jpg,sheharm
img00558.jpg,img00352.jpg,sheharm
img00559.jpg,img00353.jpg,sheharm
img00561.png,img00354.png,sheharm
img00562.png,img00355.png,sheharm
img00563.jpg,img00356.jpg,sheharm
img00564.jpg,img00357.jpg,sheharm
img00565.jpg,img00358.jpg,sheharm
img00566.png,img00359.png,sheharm
img00568.jpg,img00360.jpg,sheharm
img00569.jpg,img00361.jpg,sheharm
img00570.jpg,img00362.jpg,sheharm
img00571.png,img00363.png,sheharm
img00572.jpg,img00364.jpg,sheharm
img00573.jpg,img00365.jpg,sheharm
img00574.png,img00366.png,sheharm
img00576.jpg,img00367.jpg,sheharm
img00577.jpg,img00368.jpg,sheharm
img00580.png,img00369.png,sheharm
img00581.png,img00370.png,sheharm
img00582.jpg,img00371.jpg,sheharm
img00585.jpg,img00372.jpg,sheharm
img00587.jpg,img00373.jpg,sheharm
img00588.png,img00374.png,sheharm
img00592.jpg,img00375.jpg,sheharm
img00594.png,img00376.png,sheharm
img00595.png,img00377.png,sheharm
img00596.jpg,img00378.jpg,sheharm
img00597.png,img00379.png,sheharm
img00598.png,img00380.png,sheharm
img00599.jpg,img00381.jpg,sheharm
img00601.jpg,img00382.jpg,sheharm
img00602.png,img00383.png,sheharm
img00604.jpg,img00384.jpg,sheharm
img00608.jpg,img00385.jpg,sheharm
img00609.jpg,img00386.jpg,sheharm
img00611.jpg,img00387.jpg,sheharm
img00612.jpg,img00388.jpg,sheharm
img00615.jpg,img00389.jpg,sheharm
img00616.jpg,img00390.jpg,sheharm
img00623.jpg,img00391.jpg,sheharm
img00629.jpg,img00392.jpg,sheharm
img00632.jpg,img00393.jpg,sheharm
img00633.jpg,img00394.jpg,sheharm
img00634.jpg,img00395.jpg,sheharm
img00635.jpg,img00396.jpg,sheharm
img00637.jpg,img00397.jpg,sheharm
img00638.png,img00398.png,sheharm
img00639.png,img00399.png,sheharm
img00640.jpg,img00400.jpg,sheharm
img00643.jpg,img00401.jpg,sheharm
img00646.jpg,img00402.jpg,sheharm
img00647.png,img00403.png,sheharm
img00648.jpg,img00404.jpg,sheharm
img00649.jpg,img00405.jpg,sheharm
img00651.png,img00406.png,sheharm
img00652.png,img00407.png,sheharm
img00653.png,img00408.png,sheharm
img00654.jpg,img00409.jpg,sheharm
img00661.png,img00410.png,sheharm
img00662.png,img00411.png,sheharm
img00663.png,img00412.png,sheharm
img00665.jpg,img00413.jpg,sheharm
img00668.jpg,img00414.jpg,sheharm
img00669.jpg,img00415.jpg,sheharm
img00670.jpg,img00416.jpg,sheharm
img00671.jpg,img00417.jpg,sheharm
img00673.png,img00418.png,sheharm
img00676.jpg,img00419.jpg,sheharm
img00678.jpg,img00420.jpg,sheharm
img00679.jpg,img00421.jpg,sheharm
img00680.jpg,img00422.jpg,sheharm
img00683.png,img00423.png,sheharm
img00684.png,img00424.png,sheharm
img00685.jpg,img00425.jpg,sheharm
img00686.jpg,img00426.jpg,sheharm
img00687.jpg,img00427.jpg,sheharm
img00690.jpg,img00428.jpg,sheharm
img00692.png,img00429.png,sheharm
img00694.jpg,img00430.jpg,sheharm
img00699.png,img00431.png,sheharm
img00701.png,img00432.png,sheharm
img00702.jpg,img00433.jpg,sheharm
img00703.jpg,img00434.jpg,sheharm
img00705.jpg,img00435.jpg,sheharm
img00707.jpg,img00436.jpg,sheharm
img00710.jpg,img00437.jpg,sheharm
img00715.jpg,img00438.jpg,sheharm
img00718.jpg,img00439.jpg,sheharm
img00720.jpg,img00440.jpg,sheharm
img00728.jpg,img00441.jpg,sheharm
img00729.png,img00442.png,sheharm
img00730.png,img00443.png,sheharm
img00731.png,img00444.png,sheharm
img00736.jpg,img00445.jpg,sheharm
img00738.png,img00446.png,sheharm
img00739.png,img00447.png,sheharm
img00740.jpg,img00448.jpg,sheharm
img00741.png,img00449.png,sheharm
img00742.png,img00450.png,sheharm
img00743.png,img00451.png,sheharm
img00744.png,img00452.png,sheharm
img00746.png,img00453.png,sheharm
img00747.png,img00454.png,sheharm
img00753.jpg,img00455.jpg,sheharm
img00754.png,img00456.png,sheharm
img00756.jpg,img00457.jpg,sheharm
img00757.jpg,img00458.jpg,sheharm
img00760.jpg,img00459.jpg,sheharm
img00761.png,img00460.png,sheharm
img00763.png,img00461.png,sheharm
img00765.jpg,img00462.jpg,sheharm
img00767.jpg,img00463.jpg,sheharm
img00768.jpg,img00464.jpg,sheharm
img00769.jpg,img00465.jpg,sheharm
img00770.jpg,img00466.jpg,sheharm
img00773.png,img00467.png,sheharm
img00776.png,img00468.png,sheharm
img00777.png,img00469.png,sheharm
img00778.jpg,img00470.jpg,sheharm
img00780.jpg,img00471.jpg,sheharm
img00781.jpg,img00472.jpg,sheharm
img00782.jpg,img00473.jpg,sheharm
img00783.png,img00474.png,sheharm
img00786.jpg,img00475.jpg,sheharm
img00787.jpg,img00476.jpg,sheharm
img00790.jpg,img00477.jpg,sheharm
img00792.jpg,img00478.jpg,sheharm
img00793.jpg,img00479.jpg,sheharm
img00796.jpg,img00480.jpg,sheharm
img00797.jpg,img00481.jpg,sheharm
img00798.jpg,img00482.jpg,sheharm
img00799.jpg,img00483.jpg,sheharm
img00800.jpg,img00484.jpg,sheharm
img00801.jpg,img00485.jpg,sheharm
img00802.png,img00486.png,sheharm
img00807.jpg,img00487.jpg,sheharm
img00809.jpg,img00488.jpg,sheharm
img00810.png,img00489.png,sheharm
img00812.png,img00490.png,sheharm
img00813.jpg,img00491.jpg,sheharm
img00814.jpg,img00492.jpg,sheharm
img00815.jpg,img00493.jpg,sheharm
img00816.jpg,img00494.jpg,sheharm
img00817.jpg,img00495.jpg,sheharm
img00819.jpg,img00496.jpg,sheharm
img00821.jpg,img00497.jpg,sheharm
img00822.png,img00498.png,sheharm
img00823.jpg,img00499.jpg,sheharm
img00827.jpg,img00500.jpg,sheharm
img00828.jpg,img00501.jpg,sheharm
img00829.jpg,img00502.jpg,sheharm
img00831.jpg,img00503.jpg,sheharm
img00832.jpg,img00504.jpg,sheharm
img00833.jpg,img00505.jpg,sheharm
img00834.jpg,img00506.jpg,sheharm
img00835.png,img00507.png,sheharm
img00838.jpg,img00508.jpg,sheharm
img00840.jpg,img00509.jpg,sheharm
img00841.jpg,img00510.jpg,sheharm
img00842.jpg,img00511.jpg,sheharm
img00843.jpg,img00512.jpg,sheharm
img00844.jpg,img00513.jpg,sheharm
img00845.jpg,img00514.jpg,sheharm
img00846.jpg,img00515.jpg,sheharm
img00847.jpg,img00516.jpg,sheharm
img00849.jpg,img00517.jpg,sheharm
img00850.png,img00518.png,sheharm
img00852.jpg,img00519.jpg,sheharm
img00853.jpg,img00520.jpg,sheharm
img00855.jpg,img00521.jpg,sheharm
img00856.jpg,img00522.jpg,sheharm
img00857.jpg,img00523.jpg,sheharm
img00859.jpg,img00524.jpg,sheharm
img00861.png,img00525.png,sheharm
img00863.jpg,img00526.jpg,sheharm
img00864.jpg,img00527.jpg,sheharm
img00866.jpg,img00528.jpg,sheharm
img00867.jpg,img00529.jpg,sheharm
img00868.jpg,img00530.jpg,sheharm
img00869.jpg,img00531.jpg,sheharm
img00870.jpg,img00532.jpg,sheharm
img00873.jpg,img00533.jpg,sheharm
img00874.jpg,img00534.jpg,sheharm
img00875.jpg,img00535.jpg,sheharm
img00876.jpg,img00536.jpg,sheharm
img00877.jpg,img00537.jpg,sheharm
img00878.jpg,img00538.jpg,sheharm
img00879.jpg,img00539.jpg,sheharm
img00881.png,img00540.png,sheharm
img00882.jpg,img00541.jpg,sheharm
img00884.jpg,img00542.jpg,sheharm
img00885.png,img00543.png,sheharm
img00886.jpg,img00544.jpg,sheharm
img00888.jpg,img00545.jpg,sheharm
img00889.jpg,img00546.jpg,sheharm
img00890.jpg,img00547.jpg,sheharm
img00891.jpg,img00548.jpg,sheharm
img00893.jpg,img00549.jpg,sheharm
img00894.jpg,img00550.jpg,sheharm
img00895.jpg,img00551.jpg,sheharm
img00898.png,img00552.png,sheharm
img00899.jpg,img00553.jpg,sheharm
img00901.jpg,img00554.jpg,sheharm
img00903.jpg,img00555.jpg,sheharm
img00904.jpg,img00556.jpg,sheharm
img00905.jpg,img00557.jpg,sheharm
img00906.jpg,img00558.jpg,sheharm
img00907.jpg,img00559.jpg,sheharm
img00909.jpg,img00560.jpg,sheharm
img00911.jpg,img00561.jpg,sheharm
img00912.jpg,img00562.jpg,sheharm
img00913.jpg,img00563.jpg,sheharm
img00915.jpg,img00564.jpg,sheharm
img00917.jpg,img00565.jpg,sheharm
img00918.jpg,img00566.jpg,sheharm
img00919.jpg,img00567.jpg,sheharm
img00920.jpg,img00568.jpg,sheharm
img00921.jpg,img00569.jpg,sheharm
img00922.jpg,img00570.jpg,sheharm
img00923.jpg,img00571.jpg,sheharm
img00924.jpg,img00572.jpg,sheharm
img00925.jpg,img00573.jpg,sheharm
img00926.jpg,img00574.jpg,sheharm
img00928.png,img00575.png,sheharm
img00929.jpg,img00576.jpg,sheharm
img00930.jpg,img00577.jpg,sheharm
img00932.jpg,img00578.jpg,sheharm
img00933.jpg,img00579.jpg,sheharm
img00934.jpg,img00580.jpg,sheharm
img00936.jpg,img00581.jpg,sheharm
img00939.jpg,img00582.jpg,sheharm
img00940.png,img00583.png,sheharm
img00941.png,img00584.png,sheharm
img00943.jpg,img00585.jpg,sheharm
img00945.png,img00586.png,sheharm
img00946.jpg,img00587.jpg,sheharm
img00947.jpg,img00588.jpg,sheharm
img00948.jpg,img00589.jpg,sheharm
img00949.jpg,img00590.jpg,sheharm
img00950.jpg,img00591.jpg,sheharm
img00952.jpg,img00592.jpg,sheharm
img00953.png,img00593.png,sheharm
img00954.jpg,img00594.jpg,sheharm
img00955.jpg,img00595.jpg,sheharm
img00956.png,img00596.png,sheharm
img00957.jpg,img00597.jpg,sheharm
img00958.jpg,img00598.jpg,sheharm
img00959.jpg,img00599.jpg,sheharm
img00961.jpg,img00600.jpg,sheharm
img00962.jpg,img00601.jpg,sheharm
img00963.jpg,img00602.jpg,sheharm
img00966.jpg,img00603.jpg,sheharm
img00967.jpg,img00604.jpg,sheharm
img00968.jpg,img00605.jpg,sheharm
img00969.jpg,img00606.jpg,sheharm
img00970.jpg,img00607.jpg,sheharm
img00971.png,img00608.png,sheharm
img00972.jpg,img00609.jpg,sheharm
img00973.jpg,img00610.jpg,sheharm
img00974.jpg,img00611.jpg,sheharm
img00975.jpg,img00612.jpg,sheharm
img00976.png,img00613.png,sheharm
img00978.jpg,img00614.jpg,sheharm
img00979.png,img00615.png,sheharm
img00980.png,img00616.png,sheharm
img00981.jpg,img00617.jpg,sheharm
img00982.jpg,img00618.jpg,sheharm
img00984.jpg,img00619.jpg,sheharm
img00986.jpg,img00620.jpg,sheharm
img00987.jpg,img00621.jpg,sheharm
img00988.jpg,img00622.jpg,sheharm
img00992.jpg,img00623.jpg,sheharm
img00993.jpg,img00624.jpg,sheharm
img00994.png,img00625.png,sheharm
img00997.jpg,img00626.jpg,sheharm
img00998.png,img00627.png,sheharm
img00999.jpg,img00628.jpg,sheharm
img01001.jpg,img00629.jpg,sheharm
img01002.png,img00630.png,sheharm
img01003.jpg,img00631.jpg,sheharm
img01004.png,img00632.png,sheharm
img01007.jpg,img00633.jpg,sheharm
img01008.jpg,img00634.jpg,sheharm
img01009.jpg,img00635.jpg,sheharm
img01011.jpg,img00636.jpg,sheharm
img01013.jpg,img00637.jpg,sheharm
img01014.jpg,img00638.jpg,sheharm
img01015.jpg,img00639.jpg,sheharm
img01016.jpg,img00640.jpg,sheharm
img01017.jpg,img00641.jpg,sheharm
img01019.jpg,img00642.jpg,sheharm
img01021.jpg,img00643.jpg,sheharm
img01024.jpg,img00644.jpg,sheharm
img01027.jpg,img00645.jpg,sheharm
img01029.jpg,img00646.jpg,sheharm
img01030.jpg,img00647.jpg,sheharm
img01032.jpg,img00648.jpg,sheharm
img01033.jpg,img00649.jpg,sheharm
img01035.jpg,img00650.jpg,sheharm
img01037.jpg,img00651.jpg,sheharm
img01038.png,img00652.png,sheharm
img01039.jpg,img00653.jpg,sheharm
img01040.jpg,img00654.jpg,sheharm
img01046.jpg,img00655.jpg,sheharm
img01047.jpg,img00656.jpg,sheharm
img01048.jpg,img00657.jpg,sheharm
img01049.jpg,img00658.jpg,sheharm
img01050.jpg,img00659.jpg,sheharm
img01051.jpg,img00660.jpg,sheharm
img01052.png,img00661.png,sheharm
img01053.jpg,img00662.jpg,sheharm
img01056.jpg,img00663.jpg,sheharm
img01057.jpg,img00664.jpg,sheharm
img01059.jpg,img00665.jpg,sheharm
img01060.jpg,img00666.jpg,sheharm
img01062.jpg,img00667.jpg,sheharm
img01064.png,img00668.png,sheharm
img01065.jpg,img00669.jpg,sheharm
img01066.jpg,img00670.jpg,sheharm
img01068.jpg,img00671.jpg,sheharm
img01069.jpg,img00672.jpg,sheharm
img01075.jpg,img00673.jpg,sheharm
img01076.jpg,img00674.jpg,sheharm
img01077.jpg,img00675.jpg,sheharm
img01079.jpg,img00676.jpg,sheharm
img01080.jpg,img00677.jpg,sheharm
img01081.jpg,img00678.jpg,sheharm
img01082.jpg,img00679.jpg,sheharm
img01084.jpg,img00680.jpg,sheharm
img01085.jpg,img00681.jpg,sheharm
img01088.jpg,img00682.jpg,sheharm
img01089.jpg,img00683.jpg,sheharm
img01090.jpg,img00684.jpg,sheharm
img01091.jpg,img00685.jpg,sheharm
img01093.png,img00686.png,sheharm
img01097.jpg,img00687.jpg,sheharm
img01100.jpg,img00688.jpg,sheharm
img01101.jpg,img00689.jpg,sheharm
img01102.jpg,img00690.jpg,sheharm
img01103.jpg,img00691.jpg,sheharm
img01104.jpg,img00692.jpg,sheharm
img01105.jpg,img00693.jpg,sheharm
img01106.jpg,img00694.jpg,sheharm
img01107.jpg,img00695.jpg,sheharm
img01108.jpg,img00696.jpg,sheharm
img01109.jpg,img00697.jpg,sheharm
img01111.jpg,img00698.jpg,sheharm
img01112.png,img00699.png,sheharm
img01117.jpg,img00700.jpg,sheharm
img01120.png,img00701.png,sheharm
img01121.jpg,img00702.jpg,sheharm
img01123.jpg,img00703.jpg,sheharm
img01124.jpg,img00704.jpg,sheharm
img01126.jpg,img00705.jpg,sheharm
img01128.jpg,img00706.jpg,sheharm
img01130.jpg,img00707.jpg,sheharm
img01131.jpg,img00708.jpg,sheharm
img01133.jpg,img00709.jpg,sheharm
img01135.jpg,img00710.jpg,sheharm
img01137.jpg,img00711.jpg,sheharm
img01138.jpg,img00712.jpg,sheharm
img01139.jpg,img00713.jpg,sheharm
img01141.jpg,img00714.jpg,sheharm
img01142.jpg,img00715.jpg,sheharm
img01143.jpg,img00716.jpg,sheharm
img01144.jpg,img00717.jpg,sheharm
img01145.jpg,img00718.jpg,sheharm
img01146.jpg,img00719.jpg,sheharm
img01147.jpg,img00720.jpg,sheharm
img01149.jpg,img00721.jpg,sheharm
img01151.jpg,img00722.jpg,sheharm
img01153.jpg,img00723.jpg,sheharm
img01154.jpg,img00724.jpg,sheharm
img01155.jpg,img00725.jpg,sheharm
img01156.jpg,img00726.jpg,sheharm
img01157.jpg,img00727.jpg,sheharm
img01159.jpg,img00728.jpg,sheharm
img01160.jpg,img00729.jpg,sheharm
img01162.png,img00730.png,sheharm
img01163.jpg,img00731.jpg,sheharm
img01164.jpg,img00732.jpg,sheharm
img01165.png,img00733.png,sheharm
img01166.jpg,img00734.jpg,sheharm
img01168.png,img00735.png,sheharm
img01169.jpg,img00736.jpg,sheharm
img01170.jpg,img00737.jpg,sheharm
img01171.jpg,img00738.jpg,sheharm
img01172.jpg,img00739.jpg,sheharm
img01173.png,img00740.png,sheharm
img01174.jpg,img00741.jpg,sheharm
img01175.png,img00742.png,sheharm
img01176.jpg,img00743.jpg,sheharm
img01177.jpg,img00744.jpg,sheharm
img01178.jpg,img00745.jpg,sheharm
img01182.jpg,img00746.jpg,sheharm
img01184.jpg,img00747.jpg,sheharm
img01186.jpg,img00748.jpg,sheharm
img01187.jpg,img00749.jpg,sheharm
img01189.jpg,img00750.jpg,sheharm
img01191.jpg,img00751.jpg,sheharm
img01193.jpg,img00752.jpg,sheharm
img01194.jpg,img00753.jpg,sheharm
img01196.jpg,img00754.jpg,sheharm
img01200.jpg,img00755.jpg,sheharm
img01201.jpg,img00756.jpg,sheharm
img01203.png,img00757.png,sheharm
img01205.jpg,img00758.jpg,sheharm
img01209.jpg,img00759.jpg,sheharm
img01213.png,img00760.png,sheharm
img01215.jpg,img00761.jpg,sheharm
img01216.jpg,img00762.jpg,sheharm
img01220.jpg,img00763.jpg,sheharm
img01222.jpg,img00764.jpg,sheharm
img01223.jpg,img00765.jpg,sheharm
img01225.jpg,img00766.jpg,sheharm
img01228.jpg,img00767.jpg,sheharm
img01229.jpg,img00768.jpg,sheharm
img01235.jpg,img00769.jpg,sheharm
img01236.jpg,img00770.jpg,sheharm
img01238.jpg,img00771.jpg,sheharm
img01241.jpg,img00772.jpg,sheharm
img01243.jpg,img00773.jpg,sheharm
img01244.jpg,img00774.jpg,sheharm
img01245.jpg,img00775.jpg,sheharm
img01247.jpg,img00776.jpg,sheharm
img01248.jpg,img00777.jpg,sheharm
img01251.jpg,img00778.jpg,sheharm
img01252.jpg,img00779.jpg,sheharm
img01258.jpg,img00780.jpg,sheharm
img01259.jpg,img00781.jpg,sheharm
img01260.jpg,img00782.jpg,sheharm
img01261.jpg,img00783.jpg,sheharm
img01262.jpg,img00784.jpg,sheharm
img01263.jpg,img00785.jpg,sheharm
img01265.jpg,img00786.jpg,sheharm
img01266.jpg,img00787.jpg,sheharm
img01269.jpg,img00788.jpg,sheharm
img01275.jpg,img00789.jpg,sheharm
img01277.png,img00790.png,sheharm
img01278.jpg,img00791.jpg,sheharm
img01279.jpg,img00792.jpg,sheharm
img01280.jpg,img00793.jpg,sheharm
img01282.jpg,img00794.jpg,sheharm
img01283.png,img00795.png,sheharm
img01284.jpg,img00796.jpg,sheharm
img01285.jpg,img00797.jpg,sheharm
img01286.jpg,img00798.jpg,sheharm
img01288.jpg,img00799.jpg,sheharm
img01289.jpg,img00800.jpg,sheharm
img01292.jpg,img00801.jpg,sheharm
img01293.jpg,img00802.jpg,sheharm
img01295.jpg,img00803.jpg,sheharm
img01296.png,img00804.png,sheharm
img01297.png,img00805.png,sheharm
img01299.jpg,img00806.jpg,sheharm
img01300.jpg,img00807.jpg,sheharm
img01301.png,img00808.png,sheharm
img01302.jpg,img00809.jpg,sheharm
img01304.png,img00810.png,sheharm
img01305.png,img00811.png,sheharm
img01307.jpg,img00812.jpg,sheharm
img01308.png,img00813.png,sheharm
img01309.png,img00814.png,sheharm
img01310.png,img00815.png,sheharm
img01313.jpg,img00816.jpg,sheharm
img01317.png,img00817.png,sheharm
img01318.png,img00818.png,sheharm
img01319.jpg,img00819.jpg,sheharm
img01323.jpg,img00820.jpg,sheharm
img01325.jpg,img00821.jpg,sheharm
img01326.jpg,img00822.jpg,sheharm
img01331.jpg,img00823.jpg,sheharm
img01333.jpg,img00824.jpg,sheharm
img01334.jpg,img00825.jpg,sheharm
img01335.jpg,img00826.jpg,sheharm
img01336.png,img00827.png,sheharm
img01337.jpg,img00828.jpg,sheharm
img01338.jpg,img00829.jpg,sheharm
img01339.jpg,img00830.jpg,sheharm
img01341.jpg,img00831.jpg,sheharm
img01343.jpg,img00832.jpg,sheharm
img01344.jpg,img00833.jpg,sheharm
img01346.jpg,img00834.jpg,sheharm
img01347.jpg,img00835.jpg,sheharm
img01348.jpg,img00836.jpg,sheharm
img01349.jpg,img00837.jpg,sheharm
img01350.jpg,img00838.jpg,sheharm
img01352.jpg,img00839.jpg,sheharm
img01355.jpg,img00840.jpg,sheharm
img01358.jpg,img00841.jpg,sheharm
img01359.jpg,img00842.jpg,sheharm
img01360.jpg,img00843.jpg,sheharm
img01361.png,img00844.png,sheharm
img01364.jpg,img00845.jpg,sheharm
img01366.jpg,img00846.jpg,sheharm
img01369.jpg,img00847.jpg,sheharm
img01370.jpg,img00848.jpg,sheharm
img01372.jpg,img00849.jpg,sheharm
img01375.jpg,img00850.jpg,sheharm
img01376.jpg,img00851.jpg,sheharm
img01377.jpg,img00852.jpg,sheharm
img01378.jpg,img00853.jpg,sheharm
img01379.jpg,img00854.jpg,sheharm
img01381.jpg,img00855.jpg,sheharm
img01382.jpg,img00856.jpg,sheharm
img01384.jpg,img00857.jpg,sheharm
img01386.jpg,img00858.jpg,sheharm
img01387.jpg,img00859.jpg,sheharm
img01389.jpg,img00860.jpg,sheharm
img01392.jpg,img00861.jpg,sheharm
img01393.jpg,img00862.jpg,sheharm
img01394.jpg,img00863.jpg,sheharm
img01395.jpg,img00864.jpg,sheharm
img01396.jpg,img00865.jpg,sheharm
img01397.png,img00866.png,sheharm
img01398.jpg,img00867.jpg,sheharm
img01400.jpg,img00868.jpg,sheharm
img01401.png,img00869.png,sheharm
img01405.jpg,img00870.jpg,sheharm
img01406.png,img00871.png,sheharm
img01407.jpg,img00872.jpg,sheharm
img01410.jpg,img00873.jpg,sheharm
img01411.jpg,img00874.jpg,sheharm
img01413.jpg,img00875.jpg,sheharm
img01414.jpg,img00876.jpg,sheharm
img01419.jpg,img00877.jpg,sheharm
img01420.jpg,img00878.jpg,sheharm
img01423.jpg,img00879.jpg,sheharm
img01424.jpg,img00880.jpg,sheharm
img01425.jpg,img00881.jpg,sheharm
img01426.png,img00882.png,sheharm
img01427.jpg,img00883.jpg,sheharm
img01428.jpg,img00884.jpg,sheharm
img01431.jpg,img00885.jpg,sheharm
img01433.png,img00886.png,sheharm
img01439.jpg,img00887.jpg,sheharm
img01440.jpg,img00888.jpg,sheharm
img01441.jpg,img00889.jpg,sheharm
img01443.jpg,img00890.jpg,sheharm
img01445.png,img00891.png,sheharm
img01446.jpg,img00892.jpg,sheharm
img01447.jpg,img00893.jpg,sheharm
img01448.jpg,img00894.jpg,sheharm
img01449.jpg,img00895.jpg,sheharm
img01450.jpg,img00896.jpg,sheharm
img01451.jpg,img00897.jpg,sheharm
img01453.png,img00898.png,sheharm
img01454.jpg,img00899.jpg,sheharm
img01455.jpg,img00900.jpg,sheharm
img01462.jpg,img00901.jpg,sheharm
img01464.jpg,img00902.jpg,sheharm
img01465.jpg,img00903.jpg,sheharm
img01466.png,img00904.png,sheharm
img01467.jpg,img00905.jpg,sheharm
img01468.png,img00906.png,sheharm
img01469.jpg,img00907.jpg,sheharm
img01470.png,img00908.png,sheharm
img01471.jpg,img00909.jpg,sheharm
img01472.jpg,img00910.jpg,sheharm
img01473.jpg,img00911.jpg,sheharm
img01478.jpg,img00912.jpg,sheharm
img01479.png,img00913.png,sheharm
img01482.jpg,img00914.jpg,sheharm
img01483.jpg,img00915.jpg,sheharm
img01484.jpg,img00916.jpg,sheharm
img01485.png,img00917.png,sheharm
img01486.jpg,img00918.jpg,sheharm
img01488.jpg,img00919.jpg,sheharm
img01490.jpg,img00920.jpg,sheharm
img01492.jpg,img00921.jpg,sheharm
img01493.jpg,img00922.jpg,sheharm
img01494.png,img00923.png,sheharm
img01496.jpg,img00924.jpg,sheharm
img01497.jpg,img00925.jpg,sheharm
img01498.jpg,img00926.jpg,sheharm
img01499.jpg,img00927.jpg,sheharm
img01500.jpg,img00928.jpg,sheharm
img01501.jpg,img00929.jpg,sheharm
img01502.png,img00930.png,sheharm
img01503.jpg,img00931.jpg,sheharm
img01505.jpg,img00932.jpg,sheharm
img01508.jpg,img00933.jpg,sheharm
img01509.jpg,img00934.jpg,sheharm
img01511.jpg,img00935.jpg,sheharm
img01512.jpg,img00936.jpg,sheharm
img01513.jpg,img00937.jpg,sheharm
img01514.png,img00938.png,sheharm
img01515.jpg,img00939.jpg,sheharm
img01517.jpg,img00940.jpg,sheharm
img01518.jpg,img00941.jpg,sheharm
img01519.png,img00942.png,sheharm
img01520.jpg,img00943.jpg,sheharm
img01523.jpg,img00944.jpg,sheharm
img01525.jpg,img00945.jpg,sheharm
img01526.jpg,img00946.jpg,sheharm
img01527.jpg,img00947.jpg,sheharm
img01529.jpg,img00948.jpg,sheharm
img01530.jpg,img00949.jpg,sheharm
img01531.jpg,img00950.jpg,sheharm
img01532.jpg,img00951.jpg,sheharm
img01533.jpg,img00952.jpg,sheharm
img01535.png,img00953.png,sheharm
img01537.jpg,img00954.jpg,sheharm
img01538.jpg,img00955.jpg,sheharm
img01539.jpg,img00956.jpg,sheharm
img01541.png,img00957.png,sheharm
img01542.jpg,img00958.jpg,sheharm
img01548.jpg,img00959.jpg,sheharm
img01551.jpg,img00960.jpg,sheharm
img01555.jpg,img00961.jpg,sheharm
img01558.jpg,img00962.jpg,sheharm
img01562.jpg,img00963.jpg,sheharm
img01563.jpg,img00964.jpg,sheharm
img01564.jpg,img00965.jpg,sheharm
img01567.jpg,img00966.jpg,sheharm
img01570.png,img00967.png,sheharm
img01572.jpg,img00968.jpg,sheharm
img01573.jpg,img00969.jpg,sheharm
img01579.jpg,img00970.jpg,sheharm
img01581.png,img00971.png,sheharm
img01582.jpg,img00972.jpg,sheharm
img01583.png,img00973.png,sheharm
img01584.png,img00974.png,sheharm
img01585.png,img00975.png,sheharm
img01587.jpg,img00976.jpg,sheharm
img01588.jpg,img00977.jpg,sheharm
img01589.jpg,img00978.jpg,sheharm
img01592.png,img00979.png,sheharm
img01593.jpg,img00980.jpg,sheharm
img01595.jpg,img00981.jpg,sheharm
img01596.jpg,img00982.jpg,sheharm
img01599.png,img00983.png,sheharm
img01602.jpg,img00984.jpg,sheharm
img01603.jpg,img00985.jpg,sheharm
img01605.jpg,img00986.jpg,sheharm
img01606.jpg,img00987.jpg,sheharm
img01607.jpg,img00988.jpg,sheharm
img01608.jpg,img00989.jpg,sheharm
img01609.jpg,img00990.jpg,sheharm
img01615.jpg,img00991.jpg,sheharm
img01617.png,img00992.png,sheharm
img01618.jpg,img00993.jpg,sheharm
img01620.jpg,img00994.jpg,sheharm
img01621.png,img00995.png,sheharm
img01624.jpg,img00996.jpg,sheharm
img01627.jpg,img00997.jpg,sheharm
img01629.png,img00998.png,sheharm
img01633.jpg,img00999.jpg,sheharm
img01634.png,img01000.png,sheharm
img01636.jpg,img01001.jpg,sheharm
img01638.jpg,img01002.jpg,sheharm
img01641.png,img01003.png,sheharm
img01642.jpg,img01004.jpg,sheharm
img01643.jpg,img01005.jpg,sheharm
img01644.jpg,img01006.jpg,sheharm
img01648.jpg,img01007.jpg,sheharm
img01650.jpg,img01008.jpg,sheharm
img01652.jpg,img01009.jpg,sheharm
img01654.jpg,img01010.jpg,sheharm
img01655.jpg,img01011.jpg,sheharm
img01656.jpg,img01012.jpg,sheharm
img01658.jpg,img01013.jpg,sheharm
img01659.jpg,img01014.jpg,sheharm
img01660.jpg,img01015.jpg,sheharm
img01661.jpg,img01016.jpg,sheharm
img01662.jpg,img01017.jpg,sheharm
img01664.jpg,img01018.jpg,sheharm
img01665.jpg,img01019.jpg,sheharm
img01666.jpg,img01020.jpg,sheharm
img01667.jpg,img01021.jpg,sheharm
img01668.png,img01022.png,sheharm
img01669.jpg,img01023.jpg,sheharm
img01671.jpg,img01024.jpg,sheharm
img01677.jpg,img01025.jpg,sheharm
img01678.jpg,img01026.jpg,sheharm
img01679.png,img01027.png,sheharm
img01680.jpg,img01028.jpg,sheharm
img01682.jpg,img01029.jpg,sheharm
img01684.jpg,img01030.jpg,sheharm
img01685.jpg,img01031.jpg,sheharm
img01686.jpg,img01032.jpg,sheharm
img01687.jpg,img01033.jpg,sheharm
img01689.jpg,img01034.jpg,sheharm
img01690.jpg,img01035.jpg,sheharm
img01691.jpg,img01036.jpg,sheharm
img01694.jpg,img01037.jpg,sheharm
img01695.jpg,img01038.jpg,sheharm
img01696.jpg,img01039.jpg,sheharm
img01697.jpg,img01040.jpg,sheharm
img01700.jpg,img01041.jpg,sheharm
img01704.jpg,img01042.jpg,sheharm
img01705.jpg,img01043.jpg,sheharm
img01708.jpg,img01044.jpg,sheharm
img01710.jpg,img01045.jpg,sheharm
img01712.jpg,img01046.jpg,sheharm
img01714.jpg,img01047.jpg,sheharm
img01717.jpg,img01048.jpg,sheharm
img01718.jpg,img01049.jpg,sheharm
img01720.jpg,img01050.jpg,sheharm
img01722.png,img01051.png,sheharm
img01723.jpg,img01052.jpg,sheharm
img01724.jpg,img01053.jpg,sheharm
img01726.jpg,img01054.jpg,sheharm
img01728.jpg,img01055.jpg,sheharm
img01729.jpg,img01056.jpg,sheharm
img01731.jpg,img01057.jpg,sheharm
img01732.jpg,img01058.jpg,sheharm
img01733.jpg,img01059.jpg,sheharm
img01734.jpg,img01060.jpg,sheharm
img01735.png,img01061.png,sheharm
img01738.jpg,img01062.jpg,sheharm
img01739.jpg,img01063.jpg,sheharm
img01743.jpg,img01064.jpg,sheharm
img01744.jpg,img01065.jpg,sheharm
img01748.jpg,img01066.jpg,sheharm
img01749.jpg,img01067.jpg,sheharm
img01750.jpg,img01068.jpg,sheharm
img01756.jpg,img01069.jpg,sheharm
img01757.jpg,img01070.jpg,sheharm
img01764.jpg,img01071.jpg,sheharm
img01765.jpg,img01072.jpg,sheharm
img01767.jpg,img01073.jpg,sheharm
img01768.jpg,img01074.jpg,sheharm
img01770.jpg,img01075.jpg,sheharm
img01771.jpg,img01076.jpg,sheharm
img01773.jpg,img01077.jpg,sheharm
img01774.jpg,img01078.jpg,sheharm
img01777.png,img01079.png,sheharm
img01779.jpg,img01080.jpg,sheharm
img01782.jpg,img01081.jpg,sheharm
img01783.jpg,img01082.jpg,sheharm
img01789.jpg,img01083.jpg,sheharm
img01790.png,img01084.png,sheharm
img01791.png,img01085.png,sheharm
img01794.png,img01086.png,sheharm
img01797.jpg,img01087.jpg,sheharm
img01798.jpg,img01088.jpg,sheharm
img01799.jpg,img01089.jpg,sheharm
img01800.jpg,img01090.jpg,sheharm
img01804.jpg,img01091.jpg,sheharm
img01805.jpg,img01092.jpg,sheharm
img01809.jpg,img01093.jpg,sheharm
img01810.png,img01094.png,sheharm
img01811.png,img01095.png,sheharm
img01812.jpg,img01096.jpg,sheharm
img01813.jpg,img01097.jpg,sheharm
img01815.jpg,img01098.jpg,sheharm
img01818.jpg,img01099.jpg,sheharm
img01819.jpg,img01100.jpg,sheharm
img01821.jpg,img01101.jpg,sheharm
img01822.jpg,img01102.jpg,sheharm
img01824.jpg,img01103.jpg,sheharm
img01825.png,img01104.png,sheharm
img01828.png,img01105.png,sheharm
img01829.jpg,img01106.jpg,sheharm
img01833.png,img01107.png,sheharm
img01835.png,img01108.png,sheharm
img01836.png,img01109.png,sheharm
img01837.png,img01110.png,sheharm
img01838.jpg,img01111.jpg,sheharm
img01839.jpg,img01112.jpg,sheharm
img01841.jpg,img01113.jpg,sheharm
img01842.jpg,img01114.jpg,sheharm
img01843.png,img01115.png,sheharm
img01844.png,img01116.png,sheharm
img01847.jpg,img01117.jpg,sheharm
img01848.jpg,img01118.jpg,sheharm
img01849.jpg,img01119.jpg,sheharm
img01851.jpg,img01120.jpg,sheharm
img01852.jpg,img01121.jpg,sheharm
img01855.jpg,img01122.jpg,sheharm
img01856.jpg,img01123.jpg,sheharm
img01859.jpg,img01124.jpg,sheharm
img01861.png,img01125.png,sheharm
img01865.jpg,img01126.jpg,sheharm
img01866.png,img01127.png,sheharm
img01868.jpg,img01128.jpg,sheharm
img01869.png,img01129.png,sheharm
img01870.png,img01130.png,sheharm
img01874.jpg,img01131.jpg,sheharm
img01875.png,img01132.png,sheharm
img01876.png,img01133.png,sheharm
img01877.png,img01134.png,sheharm
img01879.png,img01135.png,sheharm
img01882.jpg,img01136.jpg,sheharm
img01883.jpg,img01137.jpg,sheharm
img01885.png,img01138.png,sheharm
img01886.png,img01139.png,sheharm
img01888.jpg,img01140.jpg,sheharm
img01890.png,img01141.png,sheharm
img01891.png,img01142.png,sheharm
img01895.jpg,img01143.jpg,sheharm
img01897.jpg,img01144.jpg,sheharm
img01898.jpg,img01145.jpg,sheharm
img01901.png,img01146.png,sheharm
img01902.jpg,img01147.jpg,sheharm
img01905.jpg,img01148.jpg,sheharm
img01908.png,img01149.png,sheharm
img01909.jpg,img01150.jpg,sheharm
img01910.jpg,img01151.jpg,sheharm
img01911.jpg,img01152.jpg,sheharm
img01913.jpg,img01153.jpg,sheharm
img01915.jpg,img01154.jpg,sheharm
img01917.jpg,img01155.jpg,sheharm
img01919.jpg,img01156.jpg,sheharm
img01920.png,img01157.png,sheharm
img01922.jpg,img01158.jpg,sheharm
img01923.jpg,img01159.jpg,sheharm
img01924.jpg,img01160.jpg,sheharm
img01925.jpg,img01161.jpg,sheharm
img01927.jpg,img01162.jpg,sheharm
img01928.jpg,img01163.jpg,sheharm
img01929.png,img01164.png,sheharm
img01931.png,img01165.png,sheharm
img01934.jpg,img01166.jpg,sheharm
img01937.jpg,img01167.jpg,sheharm
img01939.jpg,img01168.jpg,sheharm
img01940.png,img01169.png,sheharm
img01944.jpg,img01170.jpg,sheharm
img01945.jpg,img01171.jpg,sheharm
img01947.jpg,img01172.jpg,sheharm
img01948.jpg,img01173.jpg,sheharm
img01953.jpg,img01174.jpg,sheharm
img01955.jpg,img01175.jpg,sheharm
img01956.jpg,img01176.jpg,sheharm
img01961.jpg,img01177.jpg,sheharm
img01962.png,img01178.png,sheharm
img01966.png,img01179.png,sheharm
img01968.png,img01180.png,sheharm
img01969.jpg,img01181.jpg,sheharm
img01972.png,img01182.png,sheharm
img01974.jpg,img01183.jpg,sheharm
img01975.jpg,img01184.jpg,sheharm
img01976.jpg,img01185.jpg,sheharm
img01977.jpg,img01186.jpg,sheharm
img01979.jpg,img01187.jpg,sheharm
img01980.png,img01188.png,sheharm
img01981.png,img01189.png,sheharm
img01983.jpg,img01190.jpg,sheharm
img01985.jpg,img01191.jpg,sheharm
img01986.jpg,img01192.jpg,sheharm
img01988.jpg,img01193.jpg,sheharm
img01989.png,img01194.png,sheharm
img01991.jpg,img01195.jpg,sheharm
img01995.png,img01196.png,sheharm
img01997.jpg,img01197.jpg,sheharm
img01999.png,img01198.png,sheharm
img02001.jpg,img01199.jpg,sheharm
img02002.jpg,img01200.jpg,sheharm
img02003.png,img01201.png,sheharm
img02004.jpg,img01202.jpg,sheharm
img02006.jpg,img01203.jpg,sheharm
img02007.jpg,img01204.jpg,sheharm
img02008.jpg,img01205.jpg,sheharm
img02011.jpg,img01206.jpg,sheharm
img02012.jpg,img01207.jpg,sheharm
img02013.jpg,img01208.jpg,sheharm
img02014.png,img01209.png,sheharm
img02016.jpg,img01210.jpg,sheharm
img02017.png,img01211.png,sheharm
img02019.jpg,img01212.jpg,sheharm
img02022.jpg,img01213.jpg,sheharm
img02023.png,img01214.png,sheharm
img02025.png,img01215.png,sheharm
img02026.jpg,img01216.jpg,sheharm
img02029.jpg,img01217.jpg,sheharm
img02031.jpg,img01218.jpg,sheharm
img02033.jpg,img01219.jpg,sheharm
img02035.jpg,img01220.jpg,sheharm
img02037.png,img01221.png,sheharm
img02039.jpg,img01222.jpg,sheharm
img02040.png,img01223.png,sheharm
img02041.png,img01224.png,sheharm
img02042.png,img01225.png,sheharm
img02044.jpg,img01226.jpg,sheharm
img02046.jpg,img01227.jpg,sheharm
img02047.png,img01228.png,sheharm
img02048.jpg,img01229.jpg,sheharm
img02049.png,img01230.png,sheharm
img02052.jpg,img01231.jpg,sheharm
img02053.png,img01232.png,sheharm
img02055.png,img01233.png,sheharm
img02056.jpg,img01234.jpg,sheharm
img02057.jpg,img01235.jpg,sheharm
img02058.jpg,img01236.jpg,sheharm
img02059.jpg,img01237.jpg,sheharm
img02060.jpg,img01238.jpg,sheharm
img02061.jpg,img01239.jpg,sheharm
img02062.jpg,img01240.jpg,sheharm
img02064.jpg,img01241.jpg,sheharm
img02066.jpg,img01242.jpg,sheharm
img02068.jpg,img01243.jpg,sheharm
img02069.jpg,img01244.jpg,sheharm
img02071.png,img01245.png,sheharm
img02072.jpg,img01246.jpg,sheharm
img02073.png,img01247.png,sheharm
img02076.jpg,img01248.jpg,sheharm
img02078.jpg,img01249.jpg,sheharm
img02079.jpg,img01250.jpg,sheharm
img02080.jpg,img01251.jpg,sheharm
img02081.jpg,img01252.jpg,sheharm
img02082.jpg,img01253.jpg,sheharm
img02083.jpg,img01254.jpg,sheharm
img02085.jpg,img01255.jpg,sheharm
img02086.jpg,img01256.jpg,sheharm
img02087.jpg,img01257.jpg,sheharm
img02088.png,img01258.png,sheharm
img02090.png,img01259.png,sheharm
img02091.jpg,img01260.jpg,sheharm
img02092.jpg,img01261.jpg,sheharm
img02093.jpg,img01262.jpg,sheharm
img02096.jpg,img01263.jpg,sheharm
img02097.jpg,img01264.jpg,sheharm
img02098.jpg,img01265.jpg,sheharm
img02100.jpg,img01266.jpg,sheharm
img02102.png,img01267.png,sheharm
img02104.png,img01268.png,sheharm
img02106.jpg,img01269.jpg,sheharm
img02108.png,img01270.png,sheharm
img02109.jpg,img01271.jpg,sheharm
img02111.jpg,img01272.jpg,sheharm
img02113.png,img01273.png,sheharm
img02114.jpg,img01274.jpg,sheharm
img02115.jpg,img01275.jpg,sheharm
img02116.jpg,img01276.jpg,sheharm
img02117.jpg,img01277.jpg,sheharm
img02118.jpg,img01278.jpg,sheharm
img02120.jpg,img01279.jpg,sheharm
img02121.jpg,img01280.jpg,sheharm
img02123.jpg,img01281.jpg,sheharm
img02125.jpg,img01282.jpg,sheharm
img02127.jpg,img01283.jpg,sheharm
img02128.png,img01284.png,sheharm
img02129.png,img01285.png,sheharm
img02131.jpg,img01286.jpg,sheharm
img02132.jpg,img01287.jpg,sheharm
img02134.jpg,img01288.jpg,sheharm
img02135.jpg,img01289.jpg,sheharm
img02138.jpg,img01290.jpg,sheharm
img02140.png,img01291.png,sheharm
img02142.jpg,img01292.jpg,sheharm
img02143.jpg,img01293.jpg,sheharm
img02144.png,img01294.png,sheharm
img02146.jpg,img01295.jpg,sheharm
img02148.jpg,img01296.jpg,sheharm
img02149.png,img01297.png,sheharm
img02150.jpg,img01298.jpg,sheharm
img02151.jpg,img01299.jpg,sheharm
img02152.png,img01300.png,sheharm
img02153.jpg,img01301.jpg,sheharm
img02154.png,img01302.png,sheharm
img02155.jpg,img01303.jpg,sheharm
img02156.png,img01304.png,sheharm
img02158.jpg,img01305.jpg,sheharm
img02161.jpg,img01306.jpg,sheharm
img02162.jpg,img01307.jpg,sheharm
img02165.jpg,img01308.jpg,sheharm
img02166.jpg,img01309.jpg,sheharm
img02167.jpg,img01310.jpg,sheharm
img02171.jpg,img01311.jpg,sheharm
img02173.png,img01312.png,sheharm
img02174.jpg,img01313.jpg,sheharm
img02177.jpg,img01314.jpg,sheharm
img02178.png,img01315.png,sheharm
img02179.jpg,img01316.jpg,sheharm
img02181.jpg,img01317.jpg,sheharm
img02182.jpg,img01318.jpg,sheharm
img02183.jpg,img01319.jpg,sheharm
img02184.jpg,img01320.jpg,sheharm
img02185.jpg,img01321.jpg,sheharm
img02187.jpg,img01322.jpg,sheharm
img02193.jpg,img01323.jpg,sheharm
img02197.jpg,img01324.jpg,sheharm
img02199.jpg,img01325.jpg,sheharm
img02203.jpg,img01326.jpg,sheharm
img02204.jpg,img01327.jpg,sheharm
img02205.jpg,img01328.jpg,sheharm
img02206.jpg,img01329.jpg,sheharm
img02209.jpg,img01330.jpg,sheharm
img02214.png,img01331.png,sheharm
img02215.jpg,img01332.jpg,sheharm
img02216.png,img01333.png,sheharm
img02220.jpg,img01334.jpg,sheharm
img02221.jpg,img01335.jpg,sheharm
img02223.jpg,img01336.jpg,sheharm
img02224.png,img01337.png,sheharm
img02227.jpg,img01338.jpg,sheharm
img02228.png,img01339.png,sheharm
img02229.jpg,img01340.jpg,sheharm
img02232.jpg,img01341.jpg,sheharm
img02233.png,img01342.png,sheharm
img02236.jpg,img01343.jpg,sheharm
img02237.jpg,img01344.jpg,sheharm
img02238.jpg,img01345.jpg,sheharm
img02240.png,img01346.png,sheharm
img02244.jpg,img01347.jpg,sheharm
img02246.jpg,img01348.jpg,sheharm
img02248.jpg,img01349.jpg,sheharm
img02249.jpg,img01350.jpg,sheharm
img02250.png,img01351.png,sheharm
img02251.jpg,img01352.jpg,sheharm
img02252.jpg,img01353.jpg,sheharm
img02253.jpg,img01354.jpg,sheharm
img02254.jpg,img01355.jpg,sheharm
img02255.jpg,img01356.jpg,sheharm
img02256.jpg,img01357.jpg,sheharm
img02259.jpg,img01358.jpg,sheharm
img02261.jpg,img01359.jpg,sheharm
img02263.jpg,img01360.jpg,sheharm
img02265.jpg,img01361.jpg,sheharm
img02266.jpg,img01362.jpg,sheharm
img02268.jpg,img01363.jpg,sheharm
img02269.jpg,img01364.jpg,sheharm
img02271.png,img01365.png,sheharm
img02274.jpg,img01366.jpg,sheharm
img02276.jpg,img01367.jpg,sheharm
img02277.jpg,img01368.jpg,sheharm
img02278.jpg,img01369.jpg,sheharm
img02279.jpg,img01370.jpg,sheharm
img02280.jpg,img01371.jpg,sheharm
img02281.jpg,img01372.jpg,sheharm
img02282.jpg,img01373.jpg,sheharm
img02283.jpg,img01374.jpg,sheharm
img02284.jpg,img01375.jpg,sheharm
img02285.jpg,img01376.jpg,sheharm
img02287.jpg,img01377.jpg,sheharm
img02290.jpg,img01378.jpg,sheharm
img02292.jpg,img01379.jpg,sheharm
img02293.jpg,img01380.jpg,sheharm
img02294.jpg,img01381.jpg,sheharm
img02296.jpg,img01382.jpg,sheharm
img02298.jpg,img01383.jpg,sheharm
img02300.jpg,img01384.jpg,sheharm
img02301.jpg,img01385.jpg,sheharm
img02302.jpg,img01386.jpg,sheharm
img02303.jpg,img01387.jpg,sheharm
img02307.jpg,img01388.jpg,sheharm
img02309.jpg,img01389.jpg,sheharm
img02310.jpg,img01390.jpg,sheharm
img02311.jpg,img01391.jpg,sheharm
img02313.jpg,img01392.jpg,sheharm
img02314.jpg,img01393.jpg,sheharm
img02315.jpg,img01394.jpg,sheharm
img02316.jpg,img01395.jpg,sheharm
img02319.jpg,img01396.jpg,sheharm
img02322.jpg,img01397.jpg,sheharm
img02328.jpg,img01398.jpg,sheharm
img02329.jpg,img01399.jpg,sheharm
img02331.jpg,img01400.jpg,sheharm
img02333.jpg,img01401.jpg,sheharm
img02334.jpg,img01402.jpg,sheharm
img02335.jpg,img01403.jpg,sheharm
img02337.jpg,img01404.jpg,sheharm
img02338.jpg,img01405.jpg,sheharm
img02341.jpg,img01406.jpg,sheharm
img02344.jpg,img01407.jpg,sheharm
img02349.jpg,img01408.jpg,sheharm
img02351.jpg,img01409.jpg,sheharm
img02353.jpg,img01410.jpg,sheharm
img02355.jpg,img01411.jpg,sheharm
img02357.jpg,img01412.jpg,sheharm
img02358.jpg,img01413.jpg,sheharm
img02359.jpg,img01414.jpg,sheharm
img02363.jpg,img01415.jpg,sheharm
img02366.jpg,img01416.jpg,sheharm
img02368.jpg,img01417.jpg,sheharm
img02369.jpg,img01418.jpg,sheharm
img02370.jpg,img01419.jpg,sheharm
img02371.jpg,img01420.jpg,sheharm
img02373.jpg,img01421.jpg,sheharm
img02375.jpg,img01422.jpg,sheharm
img02376.jpg,img01423.jpg,sheharm
img02377.jpg,img01424.jpg,sheharm
img02379.jpg,img01425.jpg,sheharm
img02380.jpg,img01426.jpg,sheharm
img02381.jpg,img01427.jpg,sheharm
img02382.jpg,img01428.jpg,sheharm
img02385.jpg,img01429.jpg,sheharm
img02386.jpg,img01430.jpg,sheharm
img02387.jpg,img01431.jpg,sheharm
img02388.jpg,img01432.jpg,sheharm
img02390.jpg,img01433.jpg,sheharm
img02392.jpg,img01434.jpg,sheharm
img02393.jpg,img01435.jpg,sheharm
img02396.jpg,img01436.jpg,sheharm
img02397.jpg,img01437.jpg,sheharm
img02398.jpg,img01438.jpg,sheharm
img02400.jpg,img01439.jpg,sheharm
img02404.jpg,img01440.jpg,sheharm
img02405.jpg,img01441.jpg,sheharm
img02408.jpg,img01442.jpg,sheharm
img02409.jpg,img01443.jpg,sheharm
img02410.jpg,img01444.jpg,sheharm
img02411.jpg,img01445.jpg,sheharm
img02413.jpg,img01446.jpg,sheharm
img02414.jpg,img01447.jpg,sheharm
img02417.jpg,img01448.jpg,sheharm
img02418.jpg,img01449.jpg,sheharm
img02422.jpg,img01450.jpg,sheharm
img02423.jpg,img01451.jpg,sheharm
img02424.jpg,img01452.jpg,sheharm
img02427.jpg,img01453.jpg,sheharm
img02429.jpg,img01454.jpg,sheharm
img02430.jpg,img01455.jpg,sheharm
img02431.jpg,img01456.jpg,sheharm
img02432.jpg,img01457.jpg,sheharm
img02436.jpg,img01458.jpg,sheharm
img02437.jpg,img01459.jpg,sheharm
img02440.jpg,img01460.jpg,sheharm
img02444.jpg,img01461.jpg,sheharm
img02446.jpg,img01462.jpg,sheharm
img02447.jpg,img01463.jpg,sheharm
img02450.jpg,img01464.jpg,sheharm
img02451.png,img01465.png,sheharm
img02456.jpg,img01466.jpg,sheharm
img02457.jpg,img01467.jpg,sheharm
img02460.png,img01468.png,sheharm
img02462.png,img01469.png,sheharm
img02463.png,img01470.png,sheharm
img02464.jpg,img01471.jpg,sheharm
img02466.png,img01472.png,sheharm
img02467.jpg,img01473.jpg,sheharm
img02468.png,img01474.png,sheharm
img02469.jpg,img01475.jpg,sheharm
img02470.jpg,img01476.jpg,sheharm
img02471.jpg,img01477.jpg,sheharm
img02473.jpg,img01478.jpg,sheharm
img02475.png,img01479.png,sheharm
img02476.jpg,img01480.jpg,sheharm
img02477.png,img01481.png,sheharm
img02478.png,img01482.png,sheharm
img02480.jpg,img01483.jpg,sheharm
img02481.jpg,img01484.jpg,sheharm
img02482.png,img01485.png,sheharm
img02483.jpg,img01486.jpg,sheharm
img02484.png,img01487.png,sheharm
img02487.jpg,img01488.jpg,sheharm
img02492.jpg,img01489.jpg,sheharm
img02493.jpg,img01490.jpg,sheharm
img02495.jpg,img01491.jpg,sheharm
img02496.jpg,img01492.jpg,sheharm
img02497.jpg,img01493.jpg,sheharm
img02498.jpg,img01494.jpg,sheharm
img02499.jpg,img01495.jpg,sheharm
img02500.jpg,img01496.jpg,sheharm
img02502.jpg,img01497.jpg,sheharm
img02503.png,img01498.png,sheharm
img02504.jpg,img01499.jpg,sheharm
img02506.jpg,img01500.jpg,sheharm
img02507.png,img01501.png,sheharm
img02508.png,img01502.png,sheharm
img02509.jpg,img01503.jpg,sheharm
img02510.jpg,img01504.jpg,sheharm
img02511.jpg,img01505.jpg,sheharm
img02512.jpg,img01506.jpg,sheharm
img02513.jpg,img01507.jpg,sheharm
img02514.png,img01508.png,sheharm
img02515.jpg,img01509.jpg,sheharm
img02516.png,img01510.png,sheharm
img02517.png,img01511.png,sheharm
img02518.jpg,img01512.jpg,sheharm
img02519.jpg,img01513.jpg,sheharm
img02522.jpg,img01514.jpg,sheharm
img02523.jpg,img01515.jpg,sheharm
img02525.png,img01516.png,sheharm
img02526.jpg,img01517.jpg,sheharm
img02527.png,img01518.png,sheharm
img02529.jpg,img01519.jpg,sheharm
img02531.jpg,img01520.jpg,sheharm
img02532.jpg,img01521.jpg,sheharm
img02533.png,img01522.png,sheharm
img02534.jpg,img01523.jpg,sheharm
img02535.png,img01524.png,sheharm
img02536.jpg,img01525.jpg,sheharm
img02539.jpg,img01526.jpg,sheharm
img02540.jpg,img01527.jpg,sheharm
img02543.jpg,img01528.jpg,sheharm
img02544.jpg,img01529.jpg,sheharm
img02545.jpg,img01530.jpg,sheharm
img02546.jpg,img01531.jpg,sheharm
img02547.png,img01532.png,sheharm
img02548.jpg,img01533.jpg,sheharm
img02549.jpg,img01534.jpg,sheharm
img02552.jpg,img01535.jpg,sheharm
img02554.png,img01536.png,sheharm
img02557.jpg,img01537.jpg,sheharm
img02558.jpg,img01538.jpg,sheharm
img02559.jpg,img01539.jpg,sheharm
img02560.png,img01540.png,sheharm
img02561.jpg,img01541.jpg,sheharm
img02562.png,img01542.png,sheharm
img02563.jpg,img01543.jpg,sheharm
img02564.jpg,img01544.jpg,sheharm
img02565.jpg,img01545.jpg,sheharm
img02566.jpg,img01546.jpg,sheharm
img02567.jpg,img01547.jpg,sheharm
img02568.jpg,img01548.jpg,sheharm
img02569.jpg,img01549.jpg,sheharm
img02570.png,img01550.png,sheharm
img02571.jpg,img01551.jpg,sheharm
img02573.jpg,img01552.jpg,sheharm
img02575.png,img01553.png,sheharm
img02577.jpg,img01554.jpg,sheharm
img02583.jpg,img01555.jpg,sheharm
img02585.png,img01556.png,sheharm
img02586.jpg,img01557.jpg,sheharm
img02587.png,img01558.png,sheharm
img02588.jpg,img01559.jpg,sheharm
img02589.png,img01560.png,sheharm
img02590.png,img01561.png,sheharm
img02591.jpg,img01562.jpg,sheharm
img02592.jpg,img01563.jpg,sheharm
img02593.jpg,img01564.jpg,sheharm
img02594.png,img01565.png,sheharm
img02595.jpg,img01566.jpg,sheharm
img02596.png,img01567.png,sheharm
img02597.png,img01568.png,sheharm
img02599.png,img01569.png,sheharm
img02600.png,img01570.png,sheharm
img02602.png,img01571.png,sheharm
img02604.jpg,img01572.jpg,sheharm
img02606.jpg,img01573.jpg,sheharm
img02608.jpg,img01574.jpg,sheharm
img02609.jpg,img01575.jpg,sheharm
img02610.jpg,img01576.jpg,sheharm
img02613.jpg,img01577.jpg,sheharm
img02614.jpg,img01578.jpg,sheharm
img02615.jpg,img01579.jpg,sheharm
img02617.jpg,img01580.jpg,sheharm
img02618.jpg,img01581.jpg,sheharm
img02621.jpg,img01582.jpg,sheharm
img02622.jpg,img01583.jpg,sheharm
img02624.png,img01584.png,sheharm
img02625.jpg,img01585.jpg,sheharm
img02626.jpg,img01586.jpg,sheharm
img02627.jpg,img01587.jpg,sheharm
img02629.jpg,img01588.jpg,sheharm
img02631.jpg,img01589.jpg,sheharm
img02632.jpg,img01590.jpg,sheharm
img02633.jpg,img01591.jpg,sheharm
img02634.jpg,img01592.jpg,sheharm
img02635.jpg,img01593.jpg,sheharm
img02638.png,img01594.png,sheharm
img02639.jpg,img01595.jpg,sheharm
img02641.jpg,img01596.jpg,sheharm
img02644.jpg,img01597.jpg,sheharm
img02645.jpg,img01598.jpg,sheharm
img02646.jpg,img01599.jpg,sheharm
img02648.jpg,img01600.jpg,sheharm
img02650.jpg,img01601.jpg,sheharm
img02651.jpg,img01602.jpg,sheharm
img02652.jpg,img01603.jpg,sheharm
img02654.jpg,img01604.jpg,sheharm
img02656.jpg,img01605.jpg,sheharm
img02657.jpg,img01606.jpg,sheharm
img02658.png,img01607.png,sheharm
img02660.png,img01608.png,sheharm
img02661.jpg,img01609.jpg,sheharm
img02664.jpg,img01610.jpg,sheharm
img02665.jpg,img01611.jpg,sheharm
img02666.png,img01612.png,sheharm
img02668.png,img01613.png,sheharm
img02669.jpg,img01614.jpg,sheharm
img02670.png,img01615.png,sheharm
img02671.jpg,img01616.jpg,sheharm
img02673.jpg,img01617.jpg,sheharm
img02675.jpg,img01618.jpg,sheharm
img02676.png,img01619.png,sheharm
img02677.jpg,img01620.jpg,sheharm
img02678.jpg,img01621.jpg,sheharm
img02679.jpg,img01622.jpg,sheharm
img02681.jpg,img01623.jpg,sheharm
img02686.png,img01624.png,sheharm
img02687.jpg,img01625.jpg,sheharm
img02689.jpg,img01626.jpg,sheharm
img02690.jpg,img01627.jpg,sheharm
img02691.png,img01628.png,sheharm
img02692.jpg,img01629.jpg,sheharm
img02694.jpg,img01630.jpg,sheharm
img02695.jpg,img01631.jpg,sheharm
img02696.png,img01632.png,sheharm
img02697.jpg,img01633.jpg,sheharm
img02698.jpg,img01634.jpg,sheharm
img02699.jpg,img01635.jpg,sheharm
img02700.png,img01636.png,sheharm
img02703.jpg,img01637.jpg,sheharm
img02705.jpg,img01638.jpg,sheharm
img02707.jpg,img01639.jpg,sheharm
img02708.jpg,img01640.jpg,sheharm
img02709.jpg,img01641.jpg,sheharm
img02710.jpg,img01642.jpg,sheharm
img02711.jpg,img01643.jpg,sheharm
img02715.jpg,img01644.jpg,sheharm
img02716.png,img01645.png,sheharm
img02719.png,img01646.png,sheharm
img02721.jpg,img01647.jpg,sheharm
img02722.jpg,img01648.jpg,sheharm
img02724.jpg,img01649.jpg,sheharm
img02725.jpg,img01650.jpg,sheharm
img02726.jpg,img01651.jpg,sheharm
img02727.jpg,img01652.jpg,sheharm
img02731.jpg,img01653.jpg,sheharm
img02733.jpg,img01654.jpg,sheharm
img02734.jpg,img01655.jpg,sheharm
img02736.jpg,img01656.jpg,sheharm
img02737.jpg,img01657.jpg,sheharm
img02740.png,img01658.png,sheharm
img02743.png,img01659.png,sheharm
img02744.png,img01660.png,sheharm
img02745.jpg,img01661.jpg,sheharm
img02746.jpg,img01662.jpg,sheharm
img02747.jpg,img01663.jpg,sheharm
img02749.jpg,img01664.jpg,sheharm
img02750.jpg,img01665.jpg,sheharm
img02751.jpg,img01666.jpg,sheharm
img02753.jpg,img01667.jpg,sheharm
img02757.png,img01668.png,sheharm
img02758.jpg,img01669.jpg,sheharm
img02762.jpg,img01670.jpg,sheharm
img02763.png,img01671.png,sheharm
img02765.jpg,img01672.jpg,sheharm
img02766.jpg,img01673.jpg,sheharm
img02770.jpg,img01674.jpg,sheharm
img02773.jpg,img01675.jpg,sheharm
img02774.jpg,img01676.jpg,sheharm
img02775.jpg,img01677.jpg,sheharm
img02776.png,img01678.png,sheharm
img02778.jpg,img01679.jpg,sheharm
img02779.jpg,img01680.jpg,sheharm
img02780.png,img01681.png,sheharm
img02781.jpg,img01682.jpg,sheharm
img02785.jpg,img01683.jpg,sheharm
img02786.png,img01684.png,sheharm
img02788.jpg,img01685.jpg,sheharm
img02789.jpg,img01686.jpg,sheharm
img02790.jpg,img01687.jpg,sheharm
img02791.jpg,img01688.jpg,sheharm
img02792.jpg,img01689.jpg,sheharm
img02794.jpg,img01690.jpg,sheharm
img02795.jpg,img01691.jpg,sheharm
img02796.png,img01692.png,sheharm
img02797.jpg,img01693.jpg,sheharm
img02800.jpg,img01694.jpg,sheharm
img02803.jpg,img01695.jpg,sheharm
img02812.jpg,img01696.jpg,sheharm
img02817.jpg,img01697.jpg,sheharm
img02818.jpg,img01698.jpg,sheharm
img02819.jpg,img01699.jpg,sheharm
img02820.jpg,img01700.jpg,sheharm
img02822.jpg,img01701.jpg,sheharm
img02823.jpg,img01702.jpg,sheharm
img02824.jpg,img01703.jpg,sheharm
img02825.jpg,img01704.jpg,sheharm
img02831.png,img01705.png,sheharm
img02832.jpg,img01706.jpg,sheharm
img02833.jpg,img01707.jpg,sheharm
img02835.jpg,img01708.jpg,sheharm
img02836.jpg,img01709.jpg,sheharm
img02839.jpg,img01710.jpg,sheharm
img02840.jpg,img01711.jpg,sheharm
img02841.jpg,img01712.jpg,sheharm
img02842.jpg,img01713.jpg,sheharm
img02843.jpg,img01714.jpg,sheharm
img02844.jpg,img01715.jpg,sheharm
img02846.jpg,img01716.jpg,sheharm
img02847.jpg,img01717.jpg,sheharm
img02848.jpg,img01718.jpg,sheharm
img02849.jpg,img01719.jpg,sheharm
img02850.jpg,img01720.jpg,sheharm
img02851.png,img01721.png,sheharm
img02852.jpg,img01722.jpg,sheharm
img02853.jpg,img01723.jpg,sheharm
img02854.jpg,img01724.jpg,sheharm
img02856.jpg,img01725.jpg,sheharm
img02858.jpg,img01726.jpg,sheharm
img02859.png,img01727.png,sheharm
img02860.png,img01728.png,sheharm
img02861.jpg,img01729.jpg,sheharm
img02862.jpg,img01730.jpg,sheharm
img02863.jpg,img01731.jpg,sheharm
img02864.png,img01732.png,sheharm
img02865.jpg,img01733.jpg,sheharm
img02867.jpg,img01734.jpg,sheharm
img02870.jpg,img01735.jpg,sheharm
img02871.png,img01736.png,sheharm
img02873.jpg,img01737.jpg,sheharm
img02876.jpg,img01738.jpg,sheharm
img02880.jpg,img01739.jpg,sheharm
img02881.jpg,img01740.jpg,sheharm
img02882.jpg,img01741.jpg,sheharm
img02884.jpg,img01742.jpg,sheharm
img02887.jpg,img01743.jpg,sheharm
img02888.png,img01744.png,sheharm
img02890.png,img01745.png,sheharm
img02891.png,img01746.png,sheharm
img02892.jpg,img01747.jpg,sheharm
img02893.png,img01748.png,sheharm
img02895.jpg,img01749.jpg,sheharm
img02897.jpg,img01750.jpg,sheharm
img02898.jpg,img01751.jpg,sheharm
img02899.jpg,img01752.jpg,sheharm
img02904.jpg,img01753.jpg,sheharm
img02907.jpg,img01754.jpg,sheharm
img02908.png,img01755.png,sheharm
img02910.png,img01756.png,sheharm
img02912.jpg,img01757.jpg,sheharm
img02913.png,img01758.png,sheharm
img02914.png,img01759.png,sheharm
img02917.jpg,img01760.jpg,sheharm
img02918.jpg,img01761.jpg,sheharm
img02920.jpg,img01762.jpg,sheharm
img02921.jpg,img01763.jpg,sheharm
img02922.jpg,img01764.jpg,sheharm
img02926.jpg,img01765.jpg,sheharm
img02927.jpg,img01766.jpg,sheharm
img02928.jpg,img01767.jpg,sheharm
img02929.jpg,img01768.jpg,sheharm
img02930.jpg,img01769.jpg,sheharm
img02931.jpg,img01770.jpg,sheharm
img02933.jpg,img01771.jpg,sheharm
img02934.jpg,img01772.jpg,sheharm
img02936.jpg,img01773.jpg,sheharm
img02937.jpg,img01774.jpg,sheharm
img02938.jpg,img01775.jpg,sheharm
img02939.jpg,img01776.jpg,sheharm
img02940.png,img01777.png,sheharm
img02941.jpg,img01778.jpg,sheharm
img02943.jpg,img01779.jpg,sheharm
img02944.jpg,img01780.jpg,sheharm
img02945.jpg,img01781.jpg,sheharm
img02946.jpg,img01782.jpg,sheharm
img02947.jpg,img01783.jpg,sheharm
img02948.jpg,img01784.jpg,sheharm
img02949.png,img01785.png,sheharm
img02952.jpg,img01786.jpg,sheharm
img02955.jpg,img01787.jpg,sheharm
img02959.jpg,img01788.jpg,sheharm
img02960.png,img01789.png,sheharm
img02961.jpg,img01790.jpg,sheharm
img02964.jpg,img01791.jpg,sheharm
img02968.jpg,img01792.jpg,sheharm
img02969.jpg,img01793.jpg,sheharm
img02970.jpg,img01794.jpg,sheharm
img02971.png,img01795.png,sheharm
img02973.png,img01796.png,sheharm
img02975.png,img01797.png,sheharm
img02976.png,img01798.png,sheharm
img02977.png,img01799.png,sheharm
img02978.jpg,img01800.jpg,sheharm
img02979.png,img01801.png,sheharm
img02981.jpg,img01802.jpg,sheharm
img02984.png,img01803.png,sheharm
img02986.png,img01804.png,sheharm
img02987.png,img01805.png,sheharm
img02989.jpg,img01806.jpg,sheharm
img02990.png,img01807.png,sheharm
img02991.jpg,img01808.jpg,sheharm
img02992.jpg,img01809.jpg,sheharm
img02996.png,img01810.png,sheharm
img02998.jpg,img01811.jpg,sheharm
img02999.jpg,img01812.jpg,sheharm
img03000.jpg,img01813.jpg,sheharm
img03002.jpg,img01814.jpg,sheharm
img03005.jpg,img01815.jpg,sheharm
img03006.png,img01816.png,sheharm
img03007.jpg,img01817.jpg,sheharm
img03008.png,img01818.png,sheharm
img03010.jpg,img01819.jpg,sheharm
img03011.jpg,img01820.jpg,sheharm
img03012.jpg,img01821.jpg,sheharm
img03015.jpg,img01822.jpg,sheharm
img03016.jpg,img01823.jpg,sheharm
img03018.jpg,img01824.jpg,sheharm
img03019.jpg,img01825.jpg,sheharm
img03020.jpg,img01826.jpg,sheharm
img03021.jpg,img01827.jpg,sheharm
img03022.jpg,img01828.jpg,sheharm
img03023.jpg,img01829.jpg,sheharm
img03025.jpg,img01830.jpg,sheharm
img03028.jpg,img01831.jpg,sheharm
img03030.jpg,img01832.jpg,sheharm
img03033.jpg,img01833.jpg,sheharm
img03034.jpg,img01834.jpg,sheharm
img03036.jpg,img01835.jpg,sheharm
img03038.jpg,img01836.jpg,sheharm
img03039.jpg,img01837.jpg,sheharm
img03040.jpg,img01838.jpg,sheharm
img03041.jpg,img01839.jpg,sheharm
img03042.jpg,img01840.jpg,sheharm
img03044.jpg,img01841.jpg,sheharm
img03046.jpg,img01842.jpg,sheharm
img03047.jpg,img01843.jpg,sheharm
img03048.jpg,img01844.jpg,sheharm
img03049.jpg,img01845.jpg,sheharm
img03051.jpg,img01846.jpg,sheharm
img03052.jpg,img01847.jpg,sheharm
img03054.jpg,img01848.jpg,sheharm
img03055.jpg,img01849.jpg,sheharm
img03057.jpg,img01850.jpg,sheharm
img03058.jpg,img01851.jpg,sheharm
img03059.jpg,img01852.jpg,sheharm
img03060.jpg,img01853.jpg,sheharm
img03061.jpg,img01854.jpg,sheharm
img03062.jpg,img01855.jpg,sheharm
img03063.jpg,img01856.jpg,sheharm
img03064.jpg,img01857.jpg,sheharm
img03066.jpg,img01858.jpg,sheharm
img03067.jpg,img01859.jpg,sheharm
img03068.jpg,img01860.jpg,sheharm
img03069.jpg,img01861.jpg,sheharm
img03070.jpg,img01862.jpg,sheharm
img03074.jpg,img01863.jpg,sheharm
img03076.jpg,img01864.jpg,sheharm
img03077.jpg,img01865.jpg,sheharm
img03078.jpg,img01866.jpg,sheharm
img03079.jpg,img01867.jpg,sheharm
img03083.jpg,img01868.jpg,sheharm
img03084.jpg,img01869.jpg,sheharm
img03086.jpg,img01870.jpg,sheharm
img03087.jpg,img01871.jpg,sheharm
img03089.jpg,img01872.jpg,sheharm
img03090.jpg,img01873.jpg,sheharm
img03092.jpg,img01874.jpg,sheharm
img03094.jpg,img01875.jpg,sheharm
img03096.jpg,img01876.jpg,sheharm
img03097.jpg,img01877.jpg,sheharm
img03099.jpg,img01878.jpg,sheharm
img03100.jpg,img01879.jpg,sheharm
img03101.jpg,img01880.jpg,sheharm
img03104.jpg,img01881.jpg,sheharm
img03105.jpg,img01882.jpg,sheharm
img03107.jpg,img01883.jpg,sheharm
img03108.jpg,img01884.jpg,sheharm
img03109.jpg,img01885.jpg,sheharm
img03110.jpg,img01886.jpg,sheharm
img03111.jpg,img01887.jpg,sheharm
img03112.jpg,img01888.jpg,sheharm
img03113.jpg,img01889.jpg,sheharm
img03114.jpg,img01890.jpg,sheharm
img03115.jpg,img01891.jpg,sheharm
img03116.jpg,img01892.jpg,sheharm
img03118.jpg,img01893.jpg,sheharm
img03119.jpg,img01894.jpg,sheharm
img03120.jpg,img01895.jpg,sheharm
img03123.jpg,img01896.jpg,sheharm
img03124.jpg,img01897.jpg,sheharm
img03125.jpg,img01898.jpg,sheharm
img03127.jpg,img01899.jpg,sheharm
img03128.jpg,img01900.jpg,sheharm
img03129.jpg,img01901.jpg,sheharm
img03130.jpg,img01902.jpg,sheharm
img03131.jpg,img01903.jpg,sheharm
img03132.jpg,img01904.jpg,sheharm
img03133.jpg,img01905.jpg,sheharm
img03134.jpg,img01906.jpg,sheharm
img03135.jpg,img01907.jpg,sheharm
img03136.jpg,img01908.jpg,sheharm
img03137.jpg,img01909.jpg,sheharm
img03138.jpg,img01910.jpg,sheharm
img03139.jpg,img01911.jpg,sheharm
img03140.jpg,img01912.jpg,sheharm
img03141.jpg,img01913.jpg,sheharm
img03142.jpg,img01914.jpg,sheharm
img03143.jpg,img01915.jpg,sheharm
img03144.jpg,img01916.jpg,sheharm
img03145.jpg,img01917.jpg,sheharm
img03146.jpg,img01918.jpg,sheharm
img03147.jpg,img01919.jpg,sheharm
img03148.jpg,img01920.jpg,sheharm
img03149.jpg,img01921.jpg,sheharm
img03150.jpg,img01922.jpg,sheharm
img03151.jpg,img01923.jpg,sheharm
img03154.jpg,img01924.jpg,sheharm
img03155.jpg,img01925.jpg,sheharm
img03156.jpg,img01926.jpg,sheharm
img03158.jpg,img01927.jpg,sheharm
img03159.jpg,img01928.jpg,sheharm
img03160.jpg,img01929.jpg,sheharm
img03161.jpg,img01930.jpg,sheharm
img03162.jpg,img01931.jpg,sheharm
img03163.jpg,img01932.jpg,sheharm
img03164.jpg,img01933.jpg,sheharm
img03166.jpg,img01934.jpg,sheharm
img03167.jpg,img01935.jpg,sheharm
img03169.jpg,img01936.jpg,sheharm
img03170.jpg,img01937.jpg,sheharm
img03171.jpg,img01938.jpg,sheharm
img03173.jpg,img01939.jpg,sheharm
img03175.jpg,img01940.jpg,sheharm
img03176.jpg,img01941.jpg,sheharm
img03177.jpg,img01942.jpg,sheharm
img03178.jpg,img01943.jpg,sheharm
img03179.jpg,img01944.jpg,sheharm
img03180.jpg,img01945.jpg,sheharm
img03182.jpg,img01946.jpg,sheharm
img03185.jpg,img01947.jpg,sheharm
img03187.jpg,img01948.jpg,sheharm
img03188.jpg,img01949.jpg,sheharm
img03191.jpg,img01950.jpg,sheharm
img03192.jpg,img01951.jpg,sheharm
img03195.jpg,img01952.jpg,sheharm
img03197.jpg,img01953.jpg,sheharm
img03200.jpg,img01954.jpg,sheharm
img03201.jpg,img01955.jpg,sheharm
img03204.jpg,img01956.jpg,sheharm
img03205.jpg,img01957.jpg,sheharm
img03206.jpg,img01958.jpg,sheharm
img03207.jpg,img01959.jpg,sheharm
img03208.jpg,img01960.jpg,sheharm
img03209.jpg,img01961.jpg,sheharm
img03211.jpg,img01962.jpg,sheharm
img03212.jpg,img01963.jpg,sheharm
img03213.jpg,img01964.jpg,sheharm
img03214.jpg,img01965.jpg,sheharm
img03217.jpg,img01966.jpg,sheharm
img03221.jpg,img01967.jpg,sheharm
img03223.jpg,img01968.jpg,sheharm
img03224.jpg,img01969.jpg,sheharm
img03226.jpg,img01970.jpg,sheharm
img03227.jpg,img01971.jpg,sheharm
img03229.jpg,img01972.jpg,sheharm
img03230.jpg,img01973.jpg,sheharm
img03231.jpg,img01974.jpg,sheharm
img03232.jpg,img01975.jpg,sheharm
img03233.jpg,img01976.jpg,sheharm
img03234.jpg,img01977.jpg,sheharm
img03235.jpg,img01978.jpg,sheharm
img03236.jpg,img01979.jpg,sheharm
img03237.jpg,img01980.jpg,sheharm
img03238.jpg,img01981.jpg,sheharm
img03239.jpg,img01982.jpg,sheharm
img03240.jpg,img01983.jpg,sheharm
img03241.jpg,img01984.jpg,sheharm
img03242.jpg,img01985.jpg,sheharm
img03243.jpg,img01986.jpg,sheharm
img03244.jpg,img01987.jpg,sheharm
img03245.jpg,img01988.jpg,sheharm
img03246.jpg,img01989.jpg,sheharm
img03249.jpg,img01990.jpg,sheharm
img03250.jpg,img01991.jpg,sheharm
img03251.jpg,img01992.jpg,sheharm
img03252.jpg,img01993.jpg,sheharm
img03253.jpg,img01994.jpg,sheharm
img03254.jpg,img01995.jpg,sheharm
img03256.jpg,img01996.jpg,sheharm
img03257.jpg,img01997.jpg,sheharm
img03260.jpg,img01998.jpg,sheharm
img03262.jpg,img01999.jpg,sheharm
img03263.jpg,img02000.jpg,sheharm
img03264.jpg,img02001.jpg,sheharm
img03265.jpg,img02002.jpg,sheharm
img03266.jpg,img02003.jpg,sheharm
img03267.jpg,img02004.jpg,sheharm
img03268.jpg,img02005.jpg,sheharm
img03269.jpg,img02006.jpg,sheharm
img03270.jpg,img02007.jpg,sheharm
img03271.jpg,img02008.jpg,sheharm
img03272.jpg,img02009.jpg,sheharm
img03273.jpg,img02010.jpg,sheharm
img03276.jpg,img02011.jpg,sheharm
img03277.jpg,img02012.jpg,sheharm
img03278.jpg,img02013.jpg,sheharm
img03279.jpg,img02014.jpg,sheharm
img03280.jpg,img02015.jpg,sheharm
img03281.jpg,img02016.jpg,sheharm
img03282.jpg,img02017.jpg,sheharm
img03283.jpg,img02018.jpg,sheharm
img03285.jpg,img02019.jpg,sheharm
img03286.jpg,img02020.jpg,sheharm
img03291.jpg,img02021.jpg,sheharm
img03292.jpg,img02022.jpg,sheharm
img03294.jpg,img02023.jpg,sheharm
img03295.jpg,img02024.jpg,sheharm
img03296.jpg,img02025.jpg,sheharm
img03297.jpg,img02026.jpg,sheharm
img03299.jpg,img02027.jpg,sheharm
img03303.jpg,img02028.jpg,sheharm
img03307.jpg,img02029.jpg,sheharm
img03308.jpg,img02030.jpg,sheharm
img03309.jpg,img02031.jpg,sheharm
img03310.jpg,img02032.jpg,sheharm
img03311.jpg,img02033.jpg,sheharm
img03312.jpg,img02034.jpg,sheharm
img03313.jpg,img02035.jpg,sheharm
img03314.jpg,img02036.jpg,sheharm
img03315.jpg,img02037.jpg,sheharm
img03316.jpg,img02038.jpg,sheharm
img03318.jpg,img02039.jpg,sheharm
img03320.jpg,img02040.jpg,sheharm
img03323.jpg,img02041.jpg,sheharm
img03325.jpg,img02042.jpg,sheharm
img03326.jpg,img02043.jpg,sheharm
img03328.jpg,img02044.jpg,sheharm
img03329.jpg,img02045.jpg,sheharm
img03330.jpg,img02046.jpg,sheharm
img03333.jpg,img02047.jpg,sheharm
img03334.jpg,img02048.jpg,sheharm
img03335.jpg,img02049.jpg,sheharm
img03336.jpg,img02050.jpg,sheharm
img03337.jpg,img02051.jpg,sheharm
img03338.jpg,img02052.jpg,sheharm
img03339.jpg,img02053.jpg,sheharm
img03340.jpg,img02054.jpg,sheharm
img03341.jpg,img02055.jpg,sheharm
img03342.jpg,img02056.jpg,sheharm
img03343.jpg,img02057.jpg,sheharm
img03344.jpg,img02058.jpg,sheharm
img03345.jpg,img02059.jpg,sheharm
img03348.jpg,img02060.jpg,sheharm
img03351.jpg,img02061.jpg,sheharm
img03354.jpg,img02062.jpg,sheharm
img03355.jpg,img02063.jpg,sheharm
img03358.jpg,img02064.jpg,sheharm
img03360.jpg,img02065.jpg,sheharm
img03361.jpg,img02066.jpg,sheharm
img03364.jpg,img02067.jpg,sheharm
img03366.jpg,img02068.jpg,sheharm
img03369.jpg,img02069.jpg,sheharm
img03370.jpg,img02070.jpg,sheharm
img03371.jpg,img02071.jpg,sheharm
img03372.jpg,img02072.jpg,sheharm
img03373.jpg,img02073.jpg,sheharm
img03376.jpg,img02074.jpg,sheharm
img03379.jpg,img02075.jpg,sheharm
img03382.jpg,img02076.jpg,sheharm
img03383.jpg,img02077.jpg,sheharm
img03385.jpg,img02078.jpg,sheharm
img03386.jpg,img02079.jpg,sheharm
img03387.jpg,img02080.jpg,sheharm
img03388.jpg,img02081.jpg,sheharm
img03389.jpg,img02082.jpg,sheharm
img03390.jpg,img02083.jpg,sheharm
img03391.jpg,img02084.jpg,sheharm
img03392.jpg,img02085.jpg,sheharm
img03393.jpg,img02086.jpg,sheharm
img03394.jpg,img02087.jpg,sheharm
img03395.jpg,img02088.jpg,sheharm
img03396.jpg,img02089.jpg,sheharm
img03397.jpg,img02090.jpg,sheharm
img03399.jpg,img02091.jpg,sheharm
img03400.jpg,img02092.jpg,sheharm
img03402.jpg,img02093.jpg,sheharm
img03403.jpg,img02094.jpg,sheharm
img03404.jpg,img02095.jpg,sheharm
img03406.jpg,img02096.jpg,sheharm
img03407.jpg,img02097.jpg,sheharm
img03408.jpg,img02098.jpg,sheharm
img03409.jpg,img02099.jpg,sheharm
img03412.jpg,img02100.jpg,sheharm
img03413.jpg,img02101.jpg,sheharm
img03415.jpg,img02102.jpg,sheharm
img03417.jpg,img02103.jpg,sheharm
img03418.jpg,img02104.jpg,sheharm
img03419.jpg,img02105.jpg,sheharm
img03421.jpg,img02106.jpg,sheharm
img03424.jpg,img02107.jpg,sheharm
img03425.jpg,img02108.jpg,sheharm
img03426.jpg,img02109.jpg,sheharm
img03428.jpg,img02110.jpg,sheharm
img03429.jpg,img02111.jpg,sheharm
img03430.jpg,img02112.jpg,sheharm
img03431.jpg,img02113.jpg,sheharm
img03435.jpg,img02114.jpg,sheharm
img03436.jpg,img02115.jpg,sheharm
img03437.jpg,img02116.jpg,sheharm
img03438.jpg,img02117.jpg,sheharm
img03439.jpg,img02118.jpg,sheharm
img03440.jpg,img02119.jpg,sheharm
img03442.jpg,img02120.jpg,sheharm
img03443.jpg,img02121.jpg,sheharm
img03444.jpg,img02122.jpg,sheharm
img03445.jpg,img02123.jpg,sheharm
img03447.jpg,img02124.jpg,sheharm
img03448.jpg,img02125.jpg,sheharm
img03449.jpg,img02126.jpg,sheharm
img03450.jpg,img02127.jpg,sheharm
img03451.jpg,img02128.jpg,sheharm
img03452.jpg,img02129.jpg,sheharm
img03453.jpg,img02130.jpg,sheharm
img03454.jpg,img02131.jpg,sheharm
img03455.jpg,img02132.jpg,sheharm
img03456.jpg,img02133.jpg,sheharm
img03457.jpg,img02134.jpg,sheharm
img03458.jpg,img02135.jpg,sheharm
img03460.jpg,img02136.jpg,sheharm
img03464.jpg,img02137.jpg,sheharm
img03465.jpg,img02138.jpg,sheharm
img03467.jpg,img02139.jpg,sheharm
img03468.jpg,img02140.jpg,sheharm
img03470.jpg,img02141.jpg,sheharm
img03472.jpg,img02142.jpg,sheharm
img03473.jpg,img02143.jpg,sheharm
img03474.jpg,img02144.jpg,sheharm
img03476.jpg,img02145.jpg,sheharm
img03477.jpg,img02146.jpg,sheharm
img03478.jpg,img02147.jpg,sheharm
img03479.jpg,img02148.jpg,sheharm
img03480.jpg,img02149.jpg,sheharm
img03481.jpg,img02150.jpg,sheharm
img03482.jpg,img02151.jpg,sheharm
img03483.jpg,img02152.jpg,sheharm
img03484.jpg,img02153.jpg,sheharm
img03485.jpg,img02154.jpg,sheharm
img03489.jpg,img02155.jpg,sheharm
img03490.jpg,img02156.jpg,sheharm
img03491.jpg,img02157.jpg,sheharm
img03492.jpg,img02158.jpg,sheharm
img03494.jpg,img02159.jpg,sheharm
img03495.jpg,img02160.jpg,sheharm
img03496.jpg,img02161.jpg,sheharm
img03498.jpg,img02162.jpg,sheharm
img03501.jpg,img02163.jpg,sheharm
img03503.jpg,img02164.jpg,sheharm
img03504.jpg,img02165.jpg,sheharm
img03505.jpg,img02166.jpg,sheharm
img03506.jpg,img02167.jpg,sheharm
img03507.jpg,img02168.jpg,sheharm
img03509.jpg,img02169.jpg,sheharm
img03510.jpg,img02170.jpg,sheharm
img03511.jpg,img02171.jpg,sheharm
img03512.jpg,img02172.jpg,sheharm
img03515.jpg,img02173.jpg,sheharm
img03516.jpg,img02174.jpg,sheharm
img03517.jpg,img02175.jpg,sheharm
img03520.jpg,img02176.jpg,sheharm
img03522.jpg,img02177.jpg,sheharm
img03524.jpg,img02178.jpg,sheharm
img03525.jpg,img02179.jpg,sheharm
img03527.jpg,img02180.jpg,sheharm
img03528.jpg,img02181.jpg,sheharm
img03529.jpg,img02182.jpg,sheharm
img03531.jpg,img02183.jpg,sheharm
img03533.jpg,img02184.jpg,sheharm
img03534.jpg,img02185.jpg,sheharm
img03537.jpg,img02186.jpg,sheharm
img03538.jpg,img02187.jpg,sheharm
img03539.jpg,img02188.jpg,sheharm
img03540.jpg,img02189.jpg,sheharm
img03541.jpg,img02190.jpg,sheharm
img03543.jpg,img02191.jpg,sheharm
img03544.jpg,img02192.jpg,sheharm
img03545.jpg,img02193.jpg,sheharm
img03546.jpg,img02194.jpg,sheharm
img03547.jpg,img02195.jpg,sheharm
img03552.jpg,img02196.jpg,sheharm
img03553.jpg,img02197.jpg,sheharm
img03554.jpg,img02198.jpg,sheharm
img03555.jpg,img02199.jpg,sheharm
img03556.jpg,img02200.jpg,sheharm
img03557.jpg,img02201.jpg,sheharm
img03558.jpg,img02202.jpg,sheharm
img03559.jpg,img02203.jpg,sheharm
img03560.jpg,img02204.jpg,sheharm
img03562.jpg,img02205.jpg,sheharm
img03564.jpg,img02206.jpg,sheharm
img03565.jpg,img02207.jpg,sheharm
img03566.jpg,img02208.jpg,sheharm
img03568.jpg,img02209.jpg,sheharm
img03571.jpg,img02210.jpg,sheharm
img03572.jpg,img02211.jpg,sheharm
img03573.jpg,img02212.jpg,sheharm
img03574.jpg,img02213.jpg,sheharm
img03575.jpg,img02214.jpg,sheharm
img03576.jpg,img02215.jpg,sheharm
img03579.jpg,img02216.jpg,sheharm
img03580.jpg,img02217.jpg,sheharm
img03581.jpg,img02218.jpg,sheharm
img03583.jpg,img02219.jpg,sheharm
img03584.jpg,img02220.jpg,sheharm
img03585.jpg,img02221.jpg,sheharm
img03586.jpg,img02222.jpg,sheharm
img03587.jpg,img02223.jpg,sheharm
img03589.jpg,img02224.jpg,sheharm
img03590.jpg,img02225.jpg,sheharm
img03591.jpg,img02226.jpg,sheharm
img03594.jpg,img02227.jpg,sheharm
img03597.jpg,img02228.jpg,sheharm
img03598.jpg,img02229.jpg,sheharm
img03599.jpg,img02230.jpg,sheharm
img03601.jpg,img02231.jpg,sheharm
img03602.jpg,img02232.jpg,sheharm
img03603.jpg,img02233.jpg,sheharm
img03604.jpg,img02234.jpg,sheharm
img03606.jpg,img02235.jpg,sheharm
img03608.jpg,img02236.jpg,sheharm
img03609.jpg,img02237.jpg,sheharm
img03610.jpg,img02238.jpg,sheharm
img03611.jpg,img02239.jpg,sheharm
img03612.jpg,img02240.jpg,sheharm
img03614.jpg,img02241.jpg,sheharm
img03615.jpg,img02242.jpg,sheharm
img03616.jpg,img02243.jpg,sheharm
img03617.jpg,img02244.jpg,sheharm
img03618.jpg,img02245.jpg,sheharm
img03620.jpg,img02246.jpg,sheharm
img03621.jpg,img02247.jpg,sheharm
img03622.jpg,img02248.jpg,sheharm
img03624.jpg,img02249.jpg,sheharm
img03626.jpg,img02250.jpg,sheharm
img03627.jpg,img02251.jpg,sheharm
img03628.jpg,img02252.jpg,sheharm
img03629.jpg,img02253.jpg,sheharm
img03631.jpg,img02254.jpg,sheharm
img03632.jpg,img02255.jpg,sheharm
img03633.jpg,img02256.jpg,sheharm
img03636.jpg,img02257.jpg,sheharm
img03637.jpg,img02258.jpg,sheharm
img03638.jpg,img02259.jpg,sheharm
img03639.jpg,img02260.jpg,sheharm
img03640.jpg,img02261.jpg,sheharm
img03642.jpg,img02262.jpg,sheharm
img03643.jpg,img02263.jpg,sheharm
img03644.jpg,img02264.jpg,sheharm
img03645.jpg,img02265.jpg,sheharm
img03646.jpg,img02266.jpg,sheharm
img03647.jpg,img02267.jpg,sheharm
img03648.jpg,img02268.jpg,sheharm
img03649.jpg,img02269.jpg,sheharm
img03650.jpg,img02270.jpg,sheharm
img03652.jpg,img02271.jpg,sheharm
img03654.jpg,img02272.jpg,sheharm
img03655.jpg,img02273.jpg,sheharm
img03656.jpg,img02274.jpg,sheharm
img03658.jpg,img02275.jpg,sheharm
img03660.jpg,img02276.jpg,sheharm
img03661.jpg,img02277.jpg,sheharm
img03664.jpg,img02278.jpg,sheharm
img03665.jpg,img02279.jpg,sheharm
img03666.jpg,img02280.jpg,sheharm
img03668.jpg,img02281.jpg,sheharm
img03670.jpg,img02282.jpg,sheharm
img03671.jpg,img02283.jpg,sheharm
img03672.jpg,img02284.jpg,sheharm
img03673.jpg,img02285.jpg,sheharm
img03674.jpg,img02286.jpg,sheharm
img03675.jpg,img02287.jpg,sheharm
img03676.jpg,img02288.jpg,sheharm
img03677.jpg,img02289.jpg,sheharm
img03678.jpg,img02290.jpg,sheharm
img03680.jpg,img02291.jpg,sheharm
img03682.jpg,img02292.jpg,sheharm
img03686.jpg,img02293.jpg,sheharm
img03688.jpg,img02294.jpg,sheharm
img03689.jpg,img02295.jpg,sheharm
img03691.jpg,img02296.jpg,sheharm
img03692.jpg,img02297.jpg,sheharm
img03693.jpg,img02298.jpg,sheharm
img03695.jpg,img02299.jpg,sheharm
img03696.jpg,img02300.jpg,sheharm
img03698.jpg,img02301.jpg,sheharm
img03700.jpg,img02302.jpg,sheharm
img03701.jpg,img02303.jpg,sheharm
img03702.jpg,img02304.jpg,sheharm
img03703.jpg,img02305.jpg,sheharm
img03704.jpg,img02306.jpg,sheharm
img03705.jpg,img02307.jpg,sheharm
img03706.jpg,img02308.jpg,sheharm
img03707.jpg,img02309.jpg,sheharm
img03708.jpg,img02310.jpg,sheharm
img03709.jpg,img02311.jpg,sheharm
img03711.jpg,img02312.jpg,sheharm
img03712.jpg,img02313.jpg,sheharm
img03713.jpg,img02314.jpg,sheharm
img03714.jpg,img02315.jpg,sheharm
img03715.jpg,img02316.jpg,sheharm
img03716.jpg,img02317.jpg,sheharm
img03717.jpg,img02318.jpg,sheharm
img03719.jpg,img02319.jpg,sheharm
img03720.jpg,img02320.jpg,sheharm
img03721.jpg,img02321.jpg,sheharm
img03723.jpg,img02322.jpg,sheharm
img03724.jpg,img02323.jpg,sheharm
img03725.jpg,img02324.jpg,sheharm
img03726.jpg,img02325.jpg,sheharm
img03727.jpg,img02326.jpg,sheharm
img03728.jpg,img02327.jpg,sheharm
img03730.jpg,img02328.jpg,sheharm
img03732.jpg,img02329.jpg,sheharm
img03733.jpg,img02330.jpg,sheharm
img03734.jpg,img02331.jpg,sheharm
img03736.jpg,img02332.jpg,sheharm
img03737.jpg,img02333.jpg,sheharm
img03740.jpg,img02334.jpg,sheharm
img03742.jpg,img02335.jpg,sheharm
img03743.jpg,img02336.jpg,sheharm
img03744.jpg,img02337.jpg,sheharm
img03746.jpg,img02338.jpg,sheharm
img03748.jpg,img02339.jpg,sheharm
img03749.jpg,img02340.jpg,sheharm
img03751.jpg,img02341.jpg,sheharm
img03753.jpg,img02342.jpg,sheharm
img03754.jpg,img02343.jpg,sheharm
img03755.jpg,img02344.jpg,sheharm
img03757.jpg,img02345.jpg,sheharm
img03762.jpg,img02346.jpg,sheharm
img03764.jpg,img02347.jpg,sheharm
img03765.jpg,img02348.jpg,sheharm
img03766.jpg,img02349.jpg,sheharm
img03767.jpg,img02350.jpg,sheharm
img03770.jpg,img02351.jpg,sheharm
img03771.jpg,img02352.jpg,sheharm
img03773.jpg,img02353.jpg,sheharm
img03774.jpg,img02354.jpg,sheharm
img03777.jpg,img02355.jpg,sheharm
img03778.jpg,img02356.jpg,sheharm
img03781.jpg,img02357.jpg,sheharm
img03783.jpg,img02358.jpg,sheharm
img03784.jpg,img02359.jpg,sheharm
img03785.jpg,img02360.jpg,sheharm
img03786.jpg,img02361.jpg,sheharm
img03787.jpg,img02362.jpg,sheharm
img03788.jpg,img02363.jpg,sheharm
img03789.jpg,img02364.jpg,sheharm
img03790.jpg,img02365.jpg,sheharm
img03791.jpg,img02366.jpg,sheharm
img03794.jpg,img02367.jpg,sheharm
img03795.jpg,img02368.jpg,sheharm
img03796.jpg,img02369.jpg,sheharm
img03798.jpg,img02370.jpg,sheharm
img03799.jpg,img02371.jpg,sheharm
img03800.jpg,img02372.jpg,sheharm
img03802.jpg,img02373.jpg,sheharm
img03803.jpg,img02374.jpg,sheharm
img03805.jpg,img02375.jpg,sheharm
img03806.jpg,img02376.jpg,sheharm
img03807.jpg,img02377.jpg,sheharm
img03808.jpg,img02378.jpg,sheharm
img03809.jpg,img02379.jpg,sheharm
img03813.jpg,img02380.jpg,sheharm
img03814.jpg,img02381.jpg,sheharm
img03815.jpg,img02382.jpg,sheharm
img03816.jpg,img02383.jpg,sheharm
img03817.jpg,img02384.jpg,sheharm
img03819.jpg,img02385.jpg,sheharm
img03820.jpg,img02386.jpg,sheharm
img03821.jpg,img02387.jpg,sheharm
img03822.jpg,img02388.jpg,sheharm
img03823.jpg,img02389.jpg,sheharm
img03824.jpg,img02390.jpg,sheharm
img03826.jpg,img02391.jpg,sheharm
img03829.jpg,img02392.jpg,sheharm
img03831.jpg,img02393.jpg,sheharm
img03832.jpg,img02394.jpg,sheharm
img03834.jpg,img02395.jpg,sheharm
img03835.jpg,img02396.jpg,sheharm
img03841.jpg,img02397.jpg,sheharm
img03842.jpg,img02398.jpg,sheharm
img03843.jpg,img02399.jpg,sheharm
img03844.jpg,img02400.jpg,sheharm
img03845.jpg,img02401.jpg,sheharm
img03846.jpg,img02402.jpg,sheharm
img03847.jpg,img02403.jpg,sheharm
img03848.jpg,img02404.jpg,sheharm
img03849.jpg,img02405.jpg,sheharm
img03850.jpg,img02406.jpg,sheharm
img03853.jpg,img02407.jpg,sheharm
img03854.jpg,img02408.jpg,sheharm
img03857.jpg,img02409.jpg,sheharm
img03858.jpg,img02410.jpg,sheharm
img03859.jpg,img02411.jpg,sheharm
img03860.jpg,img02412.jpg,sheharm
img03861.jpg,img02413.jpg,sheharm
img03863.jpg,img02414.jpg,sheharm
img03865.jpg,img02415.jpg,sheharm
img03866.jpg,img02416.jpg,sheharm
img03868.jpg,img02417.jpg,sheharm
img03869.jpg,img02418.jpg,sheharm
img03870.jpg,img02419.jpg,sheharm
img03872.jpg,img02420.jpg,sheharm
img03873.jpg,img02421.jpg,sheharm
img03874.jpg,img02422.jpg,sheharm
img03877.jpg,img02423.jpg,sheharm
img03880.jpg,img02424.jpg,sheharm
img03882.jpg,img02425.jpg,sheharm
img03883.jpg,img02426.jpg,sheharm
img03885.jpg,img02427.jpg,sheharm
img03887.jpg,img02428.jpg,sheharm
img03888.jpg,img02429.jpg,sheharm
img03889.jpg,img02430.jpg,sheharm
img03891.jpg,img02431.jpg,sheharm
img03892.jpg,img02432.jpg,sheharm
img03893.jpg,img02433.jpg,sheharm
img03894.jpg,img02434.jpg,sheharm
img03895.jpg,img02435.jpg,sheharm
img03897.jpg,img02436.jpg,sheharm
img03898.jpg,img02437.jpg,sheharm
img03899.jpg,img02438.jpg,sheharm
img03900.jpg,img02439.jpg,sheharm
img03902.jpg,img02440.jpg,sheharm
img03903.jpg,img02441.jpg,sheharm
img03905.jpg,img02442.jpg,sheharm
img03907.jpg,img02443.jpg,sheharm
img03908.jpg,img02444.jpg,sheharm
img03910.jpg,img02445.jpg,sheharm
img03912.jpg,img02446.jpg,sheharm
img03915.jpg,img02447.jpg,sheharm
img03916.jpg,img02448.jpg,sheharm
img03917.jpg,img02449.jpg,sheharm
img03918.jpg,img02450.jpg,sheharm
img03921.jpg,img02451.jpg,sheharm
img03922.jpg,img02452.jpg,sheharm
img03923.jpg,img02453.jpg,sheharm
img03929.jpg,img02454.jpg,sheharm
img03930.jpg,img02455.jpg,sheharm
img03932.jpg,img02456.jpg,sheharm
img03933.jpg,img02457.jpg,sheharm
img03934.jpg,img02458.jpg,sheharm
img03937.jpg,img02459.jpg,sheharm
img03938.jpg,img02460.jpg,sheharm
img03940.jpg,img02461.jpg,sheharm
img03942.jpg,img02462.jpg,sheharm
img03945.jpg,img02463.jpg,sheharm
img03947.jpg,img02464.jpg,sheharm
img03949.jpg,img02465.jpg,sheharm
img03950.jpg,img02466.jpg,sheharm
img03951.jpg,img02467.jpg,sheharm
img03953.jpg,img02468.jpg,sheharm
img03954.jpg,img02469.jpg,sheharm
img03955.jpg,img02470.jpg,sheharm
img03956.jpg,img02471.jpg,sheharm
img03958.jpg,img02472.jpg,sheharm
img03959.jpg,img02473.jpg,sheharm
img03960.jpg,img02474.jpg,sheharm
img03961.jpg,img02475.jpg,sheharm
img03962.jpg,img02476.jpg,sheharm
img03965.jpg,img02477.jpg,sheharm
img03966.jpg,img02478.jpg,sheharm
img03968.jpg,img02479.jpg,sheharm
img03969.jpg,img02480.jpg,sheharm
img03971.jpg,img02481.jpg,sheharm
img03972.jpg,img02482.jpg,sheharm
img03973.jpg,img02483.jpg,sheharm
img03974.jpg,img02484.jpg,sheharm
img03975.jpg,img02485.jpg,sheharm
img03977.jpg,img02486.jpg,sheharm
img03978.jpg,img02487.jpg,sheharm
img03980.jpg,img02488.jpg,sheharm
img03981.jpg,img02489.jpg,sheharm
img03983.jpg,img02490.jpg,sheharm
img03986.jpg,img02491.jpg,sheharm
img03987.jpg,img02492.jpg,sheharm
img03990.jpg,img02493.jpg,sheharm
img03992.jpg,img02494.jpg,sheharm
img03994.jpg,img02495.jpg,sheharm
img03995.jpg,img02496.jpg,sheharm
img03996.jpg,img02497.jpg,sheharm
img03997.jpg,img02498.jpg,sheharm
img03999.jpg,img02499.jpg,sheharm
img04000.jpg,img02500.jpg,sheharm
6202.jpg,img02501.jpg,mami
6591.jpg,img02502.jpg,mami
5423.jpg,img02503.jpg,mami
5549.jpg,img02504.jpg,mami
5057.jpg,img02505.jpg,mami
6834.jpg,img02506.jpg,mami
9368.jpg,img02507.jpg,mami
10806.jpg,img02508.jpg,mami
193.jpg,img02509.jpg,mami
11010.jpg,img02510.jpg,mami
2985.jpg,img02511.jpg,mami
4872.jpg,img02512.jpg,mami
9729.jpg,img02513.jpg,mami
8314.jpg,img02514.jpg,mami
3111.jpg,img02515.jpg,mami
8096.jpg,img02516.jpg,mami
7275.jpg,img02517.jpg,mami
9840.jpg,img02518.jpg,mami
10600.jpg,img02519.jpg,mami
3336.jpg,img02520.jpg,mami
5140.jpg,img02521.jpg,mami
7452.jpg,img02522.jpg,mami
3005.jpg,img02523.jpg,mami
9174.jpg,img02524.jpg,mami
10237.jpg,img02525.jpg,mami
6577.jpg,img02526.jpg,mami
4897.jpg,img02527.jpg,mami
11720.jpg,img02528.jpg,mami
2476.jpg,img02529.jpg,mami
8666.jpg,img02530.jpg,mami
471.jpg,img02531.jpg,mami
10771.jpg,img02532.jpg,mami
7667.jpg,img02533.jpg,mami
5870.jpg,img02534.jpg,mami
2363.jpg,img02535.jpg,mami
1444.jpg,img02536.jpg,mami
450.jpg,img02537.jpg,mami
6732.jpg,img02538.jpg,mami
1046.jpg,img02539.jpg,mami
8447.jpg,img02540.jpg,mami
5167.jpg,img02541.jpg,mami
2898.jpg,img02542.jpg,mami
6665.jpg,img02543.jpg,mami
9.jpg,img02544.jpg,mami
8379.jpg,img02545.jpg,mami
6650.jpg,img02546.jpg,mami
5617.jpg,img02547.jpg,mami
9134.jpg,img02548.jpg,mami
14215.jpg,img02549.jpg,mami
864.jpg,img02550.jpg,mami
8421.jpg,img02551.jpg,mami
3588.jpg,img02552.jpg,mami
13279.jpg,img02553.jpg,mami
8464.jpg,img02554.jpg,mami
3973.jpg,img02555.jpg,mami
236.jpg,img02556.jpg,mami
11297.jpg,img02557.jpg,mami
7020.jpg,img02558.jpg,mami
11056.jpg,img02559.jpg,mami
11241.jpg,img02560.jpg,mami
7684.jpg,img02561.jpg,mami
11411.jpg,img02562.jpg,mami
3056.jpg,img02563.jpg,mami
6982.jpg,img02564.jpg,mami
5326.jpg,img02565.jpg,mami
7862.jpg,img02566.jpg,mami
1969.jpg,img02567.jpg,mami
7490.jpg,img02568.jpg,mami
11016.jpg,img02569.jpg,mami
1367.jpg,img02570.jpg,mami
1985.jpg,img02571.jpg,mami
7948.jpg,img02572.jpg,mami
6760.jpg,img02573.jpg,mami
8084.jpg,img02574.jpg,mami
3864.jpg,img02575.jpg,mami
10127.jpg,img02576.jpg,mami
3880.jpg,img02577.jpg,mami
10835.jpg,img02578.jpg,mami
375.jpg,img02579.jpg,mami
5986.jpg,img02580.jpg,mami
8294.jpg,img02581.jpg,mami
581.jpg,img02582.jpg,mami
6472.jpg,img02583.jpg,mami
9311.jpg,img02584.jpg,mami
8462.jpg,img02585.jpg,mami
5684.jpg,img02586.jpg,mami
4642.jpg,img02587.jpg,mami
4611.jpg,img02588.jpg,mami
8581.jpg,img02589.jpg,mami
246.jpg,img02590.jpg,mami
5691.jpg,img02591.jpg,mami
5829.jpg,img02592.jpg,mami
13306.jpg,img02593.jpg,mami
4406.jpg,img02594.jpg,mami
6407.jpg,img02595.jpg,mami
5991.jpg,img02596.jpg,mami
1042.jpg,img02597.jpg,mami
7502.jpg,img02598.jpg,mami
9441.jpg,img02599.jpg,mami
1970.jpg,img02600.jpg,mami
11345.jpg,img02601.jpg,mami
4065.jpg,img02602.jpg,mami
3118.jpg,img02603.jpg,mami
7861.jpg,img02604.jpg,mami
4536.jpg,img02605.jpg,mami
13285.jpg,img02606.jpg,mami
2057.jpg,img02607.jpg,mami
10816.jpg,img02608.jpg,mami
5607.jpg,img02609.jpg,mami
774.jpg,img02610.jpg,mami
11307.jpg,img02611.jpg,mami
872.jpg,img02612.jpg,mami
5881.jpg,img02613.jpg,mami
2933.jpg,img02614.jpg,mami
6004.jpg,img02615.jpg,mami
6626.jpg,img02616.jpg,mami
9128.jpg,img02617.jpg,mami
4159.jpg,img02618.jpg,mami
6373.jpg,img02619.jpg,mami
8446.jpg,img02620.jpg,mami
480.jpg,img02621.jpg,mami
4697.jpg,img02622.jpg,mami
4417.jpg,img02623.jpg,mami
719.jpg,img02624.jpg,mami
638.jpg,img02625.jpg,mami
10933.jpg,img02626.jpg,mami
9365.jpg,img02627.jpg,mami
7246.jpg,img02628.jpg,mami
8640.jpg,img02629.jpg,mami
3570.jpg,img02630.jpg,mami
9784.jpg,img02631.jpg,mami
11523.jpg,img02632.jpg,mami
5322.jpg,img02633.jpg,mami
9748.jpg,img02634.jpg,mami
1183.jpg,img02635.jpg,mami
10988.jpg,img02636.jpg,mami
1509.jpg,img02637.jpg,mami
6997.jpg,img02638.jpg,mami
474.jpg,img02639.jpg,mami
7555.jpg,img02640.jpg,mami
5993.jpg,img02641.jpg,mami
10964.jpg,img02642.jpg,mami
10920.jpg,img02643.jpg,mami
13036.jpg,img02644.jpg,mami
11712.jpg,img02645.jpg,mami
8361.jpg,img02646.jpg,mami
10575.jpg,img02647.jpg,mami
4430.jpg,img02648.jpg,mami
1750.jpg,img02649.jpg,mami
7489.jpg,img02650.jpg,mami
47.jpg,img02651.jpg,mami
10752.jpg,img02652.jpg,mami
4483.jpg,img02653.jpg,mami
7001.jpg,img02654.jpg,mami
23.jpg,img02655.jpg,mami
7890.jpg,img02656.jpg,mami
7529.jpg,img02657.jpg,mami
9479.jpg,img02658.jpg,mami
2578.jpg,img02659.jpg,mami
8062.jpg,img02660.jpg,mami
6716.jpg,img02661.jpg,mami
1283.jpg,img02662.jpg,mami
13432.jpg,img02663.jpg,mami
6173.jpg,img02664.jpg,mami
3627.jpg,img02665.jpg,mami
475.jpg,img02666.jpg,mami
5062.jpg,img02667.jpg,mami
7400.jpg,img02668.jpg,mami
13141.jpg,img02669.jpg,mami
4955.jpg,img02670.jpg,mami
1595.jpg,img02671.jpg,mami
3157.jpg,img02672.jpg,mami
4845.jpg,img02673.jpg,mami
3567.jpg,img02674.jpg,mami
3268.jpg,img02675.jpg,mami
8516.jpg,img02676.jpg,mami
3267.jpg,img02677.jpg,mami
8499.jpg,img02678.jpg,mami
10745.jpg,img02679.jpg,mami
10573.jpg,img02680.jpg,mami
4875.jpg,img02681.jpg,mami
13144.jpg,img02682.jpg,mami
1904.jpg,img02683.jpg,mami
5002.jpg,img02684.jpg,mami
13498.jpg,img02685.jpg,mami
7431.jpg,img02686.jpg,mami
987.jpg,img02687.jpg,mami
1229.jpg,img02688.jpg,mami
8396.jpg,img02689.jpg,mami
11433.jpg,img02690.jpg,mami
2765.jpg,img02691.jpg,mami
7639.jpg,img02692.jpg,mami
5155.jpg,img02693.jpg,mami
10470.jpg,img02694.jpg,mami
5709.jpg,img02695.jpg,mami
5699.jpg,img02696.jpg,mami
7829.jpg,img02697.jpg,mami
3278.jpg,img02698.jpg,mami
5917.jpg,img02699.jpg,mami
9408.jpg,img02700.jpg,mami
10690.jpg,img02701.jpg,mami
1847.jpg,img02702.jpg,mami
4362.jpg,img02703.jpg,mami
1114.jpg,img02704.jpg,mami
5706.jpg,img02705.jpg,mami
207.jpg,img02706.jpg,mami
4371.jpg,img02707.jpg,mami
13492.jpg,img02708.jpg,mami
6457.jpg,img02709.jpg,mami
7128.jpg,img02710.jpg,mami
896.jpg,img02711.jpg,mami
1385.jpg,img02712.jpg,mami
8020.jpg,img02713.jpg,mami
5547.jpg,img02714.jpg,mami
1448.jpg,img02715.jpg,mami
2549.jpg,img02716.jpg,mami
2970.jpg,img02717.jpg,mami
959.jpg,img02718.jpg,mami
13132.jpg,img02719.jpg,mami
4827.jpg,img02720.jpg,mami
3215.jpg,img02721.jpg,mami
9927.jpg,img02722.jpg,mami
3996.jpg,img02723.jpg,mami
5407.jpg,img02724.jpg,mami
7727.jpg,img02725.jpg,mami
8098.jpg,img02726.jpg,mami
63.jpg,img02727.jpg,mami
1235.jpg,img02728.jpg,mami
10698.jpg,img02729.jpg,mami
7595.jpg,img02730.jpg,mami
4136.jpg,img02731.jpg,mami
5190.jpg,img02732.jpg,mami
7254.jpg,img02733.jpg,mami
5633.jpg,img02734.jpg,mami
4077.jpg,img02735.jpg,mami
4983.jpg,img02736.jpg,mami
422.jpg,img02737.jpg,mami
9117.jpg,img02738.jpg,mami
9131.jpg,img02739.jpg,mami
11270.jpg,img02740.jpg,mami
1927.jpg,img02741.jpg,mami
6288.jpg,img02742.jpg,mami
4207.jpg,img02743.jpg,mami
4873.jpg,img02744.jpg,mami
4222.jpg,img02745.jpg,mami
7834.jpg,img02746.jpg,mami
5523.jpg,img02747.jpg,mami
4612.jpg,img02748.jpg,mami
11207.jpg,img02749.jpg,mami
389.jpg,img02750.jpg,mami
2815.jpg,img02751.jpg,mami
6688.jpg,img02752.jpg,mami
9336.jpg,img02753.jpg,mami
963.jpg,img02754.jpg,mami
11479.jpg,img02755.jpg,mami
6050.jpg,img02756.jpg,mami
8526.jpg,img02757.jpg,mami
1500.jpg,img02758.jpg,mami
4135.jpg,img02759.jpg,mami
3019.jpg,img02760.jpg,mami
4384.jpg,img02761.jpg,mami
1634.jpg,img02762.jpg,mami
5876.jpg,img02763.jpg,mami
10315.jpg,img02764.jpg,mami
7795.jpg,img02765.jpg,mami
10504.jpg,img02766.jpg,mami
5589.jpg,img02767.jpg,mami
4379.jpg,img02768.jpg,mami
7642.jpg,img02769.jpg,mami
3233.jpg,img02770.jpg,mami
2865.jpg,img02771.jpg,mami
4858.jpg,img02772.jpg,mami
10034.jpg,img02773.jpg,mami
2858.jpg,img02774.jpg,mami
1032.jpg,img02775.jpg,mami
1579.jpg,img02776.jpg,mami
13078.jpg,img02777.jpg,mami
5303.jpg,img02778.jpg,mami
10913.jpg,img02779.jpg,mami
6698.jpg,img02780.jpg,mami
11357.jpg,img02781.jpg,mami
5850.jpg,img02782.jpg,mami
4405.jpg,img02783.jpg,mami
5903.jpg,img02784.jpg,mami
4946.jpg,img02785.jpg,mami
5998.jpg,img02786.jpg,mami
10081.jpg,img02787.jpg,mami
4620.jpg,img02788.jpg,mami
6128.jpg,img02789.jpg,mami
5852.jpg,img02790.jpg,mami
9490.jpg,img02791.jpg,mami
6056.jpg,img02792.jpg,mami
6164.jpg,img02793.jpg,mami
1167.jpg,img02794.jpg,mami
8395.jpg,img02795.jpg,mami
8445.jpg,img02796.jpg,mami
3619.jpg,img02797.jpg,mami
592.jpg,img02798.jpg,mami
10100.jpg,img02799.jpg,mami
9603.jpg,img02800.jpg,mami
11163.jpg,img02801.jpg,mami
1322.jpg,img02802.jpg,mami
802.jpg,img02803.jpg,mami
9639.jpg,img02804.jpg,mami
9099.jpg,img02805.jpg,mami
13363.jpg,img02806.jpg,mami
4840.jpg,img02807.jpg,mami
5817.jpg,img02808.jpg,mami
11382.jpg,img02809.jpg,mami
4823.jpg,img02810.jpg,mami
11644.jpg,img02811.jpg,mami
5390.jpg,img02812.jpg,mami
6436.jpg,img02813.jpg,mami
603.jpg,img02814.jpg,mami
4992.jpg,img02815.jpg,mami
6826.jpg,img02816.jpg,mami
10834.jpg,img02817.jpg,mami
11531.jpg,img02818.jpg,mami
622.jpg,img02819.jpg,mami
13111.jpg,img02820.jpg,mami
4419.jpg,img02821.jpg,mami
4422.jpg,img02822.jpg,mami
362.jpg,img02823.jpg,mami
2543.jpg,img02824.jpg,mami
10998.jpg,img02825.jpg,mami
42.jpg,img02826.jpg,mami
4440.jpg,img02827.jpg,mami
9829.jpg,img02828.jpg,mami
9714.jpg,img02829.jpg,mami
3713.jpg,img02830.jpg,mami
11356.jpg,img02831.jpg,mami
11296.jpg,img02832.jpg,mami
5500.jpg,img02833.jpg,mami
481.jpg,img02834.jpg,mami
2853.jpg,img02835.jpg,mami
2839.jpg,img02836.jpg,mami
10923.jpg,img02837.jpg,mami
7972.jpg,img02838.jpg,mami
3898.jpg,img02839.jpg,mami
5656.jpg,img02840.jpg,mami
7556.jpg,img02841.jpg,mami
5833.jpg,img02842.jpg,mami
143.jpg,img02843.jpg,mami
8280.jpg,img02844.jpg,mami
4861.jpg,img02845.jpg,mami
10545.jpg,img02846.jpg,mami
7984.jpg,img02847.jpg,mami
10981.jpg,img02848.jpg,mami
8936.jpg,img02849.jpg,mami
1905.jpg,img02850.jpg,mami
2844.jpg,img02851.jpg,mami
6520.jpg,img02852.jpg,mami
7005.jpg,img02853.jpg,mami
11316.jpg,img02854.jpg,mami
766.jpg,img02855.jpg,mami
2729.jpg,img02856.jpg,mami
9672.jpg,img02857.jpg,mami
1390.jpg,img02858.jpg,mami
5514.jpg,img02859.jpg,mami
1382.jpg,img02860.jpg,mami
13423.jpg,img02861.jpg,mami
10899.jpg,img02862.jpg,mami
3960.jpg,img02863.jpg,mami
13462.jpg,img02864.jpg,mami
8382.jpg,img02865.jpg,mami
4443.jpg,img02866.jpg,mami
8913.jpg,img02867.jpg,mami
9699.jpg,img02868.jpg,mami
5014.jpg,img02869.jpg,mami
3046.jpg,img02870.jpg,mami
9411.jpg,img02871.jpg,mami
7092.jpg,img02872.jpg,mami
10298.jpg,img02873.jpg,mami
5731.jpg,img02874.jpg,mami
11147.jpg,img02875.jpg,mami
4784.jpg,img02876.jpg,mami
3837.jpg,img02877.jpg,mami
7847.jpg,img02878.jpg,mami
9859.jpg,img02879.jpg,mami
2370.jpg,img02880.jpg,mami
2328.jpg,img02881.jpg,mami
2793.jpg,img02882.jpg,mami
4236.jpg,img02883.jpg,mami
6593.jpg,img02884.jpg,mami
983.jpg,img02885.jpg,mami
7314.jpg,img02886.jpg,mami
45.jpg,img02887.jpg,mami
4299.jpg,img02888.jpg,mami
3499.jpg,img02889.jpg,mami
8109.jpg,img02890.jpg,mami
4487.jpg,img02891.jpg,mami
8431.jpg,img02892.jpg,mami
13096.jpg,img02893.jpg,mami
2997.jpg,img02894.jpg,mami
531.jpg,img02895.jpg,mami
2651.jpg,img02896.jpg,mami
2508.jpg,img02897.jpg,mami
8254.jpg,img02898.jpg,mami
2269.jpg,img02899.jpg,mami
2361.jpg,img02900.jpg,mami
192.jpg,img02901.jpg,mami
9557.jpg,img02902.jpg,mami
5369.jpg,img02903.jpg,mami
7553.jpg,img02904.jpg,mami
2934.jpg,img02905.jpg,mami
685.jpg,img02906.jpg,mami
4213.jpg,img02907.jpg,mami
8513.jpg,img02908.jpg,mami
3399.jpg,img02909.jpg,mami
2419.jpg,img02910.jpg,mami
10955.jpg,img02911.jpg,mami
8408.jpg,img02912.jpg,mami
3461.jpg,img02913.jpg,mami
2068.jpg,img02914.jpg,mami
2737.jpg,img02915.jpg,mami
6111.jpg,img02916.jpg,mami
9541.jpg,img02917.jpg,mami
629.jpg,img02918.jpg,mami
280.jpg,img02919.jpg,mami
7216.jpg,img02920.jpg,mami
10529.jpg,img02921.jpg,mami
3933.jpg,img02922.jpg,mami
5375.jpg,img02923.jpg,mami
10371.jpg,img02924.jpg,mami
9848.jpg,img02925.jpg,mami
27.jpg,img02926.jpg,mami
5735.jpg,img02927.jpg,mami
7744.jpg,img02928.jpg,mami
9551.jpg,img02929.jpg,mami
9524.jpg,img02930.jpg,mami
10565.jpg,img02931.jpg,mami
10261.jpg,img02932.jpg,mami
7535.jpg,img02933.jpg,mami
10619.jpg,img02934.jpg,mami
8700.jpg,img02935.jpg,mami
10499.jpg,img02936.jpg,mami
3572.jpg,img02937.jpg,mami
7771.jpg,img02938.jpg,mami
3277.jpg,img02939.jpg,mami
3856.jpg,img02940.jpg,mami
9237.jpg,img02941.jpg,mami
5069.jpg,img02942.jpg,mami
8814.jpg,img02943.jpg,mami
10655.jpg,img02944.jpg,mami
10482.jpg,img02945.jpg,mami
10544.jpg,img02946.jpg,mami
8692.jpg,img02947.jpg,mami
376.jpg,img02948.jpg,mami
3969.jpg,img02949.jpg,mami
1948.jpg,img02950.jpg,mami
14220.jpg,img02951.jpg,mami
9894.jpg,img02952.jpg,mami
9285.jpg,img02953.jpg,mami
9218.jpg,img02954.jpg,mami
9584.jpg,img02955.jpg,mami
67.jpg,img02956.jpg,mami
2373.jpg,img02957.jpg,mami
10451.jpg,img02958.jpg,mami
11190.jpg,img02959.jpg,mami
6694.jpg,img02960.jpg,mami
4123.jpg,img02961.jpg,mami
8026.jpg,img02962.jpg,mami
1336.jpg,img02963.jpg,mami
11260.jpg,img02964.jpg,mami
11710.jpg,img02965.jpg,mami
3489.jpg,img02966.jpg,mami
9756.jpg,img02967.jpg,mami
3617.jpg,img02968.jpg,mami
15.jpg,img02969.jpg,mami
6729.jpg,img02970.jpg,mami
2382.jpg,img02971.jpg,mami
6863.jpg,img02972.jpg,mami
2719.jpg,img02973.jpg,mami
3978.jpg,img02974.jpg,mami
9518.jpg,img02975.jpg,mami
6438.jpg,img02976.jpg,mami
5040.jpg,img02977.jpg,mami
4557.jpg,img02978.jpg,mami
7087.jpg,img02979.jpg,mami
9874.jpg,img02980.jpg,mami
6970.jpg,img02981.jpg,mami
9433.jpg,img02982.jpg,mami
1637.jpg,img02983.jpg,mami
13435.jpg,img02984.jpg,mami
1454.jpg,img02985.jpg,mami
7309.jpg,img02986.jpg,mami
1451.jpg,img02987.jpg,mami
1053.jpg,img02988.jpg,mami
6661.jpg,img02989.jpg,mami
2180.jpg,img02990.jpg,mami
13504.jpg,img02991.jpg,mami
4340.jpg,img02992.jpg,mami
1705.jpg,img02993.jpg,mami
2033.jpg,img02994.jpg,mami
10361.jpg,img02995.jpg,mami
5367.jpg,img02996.jpg,mami
1498.jpg,img02997.jpg,mami
2333.jpg,img02998.jpg,mami
8069.jpg,img02999.jpg,mami
2053.jpg,img03000.jpg,mami
5281.jpg,img03001.jpg,mami
5837.jpg,img03002.jpg,mami
11533.jpg,img03003.jpg,mami
6002.jpg,img03004.jpg,mami
8787.jpg,img03005.jpg,mami
6011.jpg,img03006.jpg,mami
613.jpg,img03007.jpg,mami
1491.jpg,img03008.jpg,mami
8352.jpg,img03009.jpg,mami
8894.jpg,img03010.jpg,mami
3150.jpg,img03011.jpg,mami
4163.jpg,img03012.jpg,mami
5042.jpg,img03013.jpg,mami
7632.jpg,img03014.jpg,mami
9156.jpg,img03015.jpg,mami
10521.jpg,img03016.jpg,mami
1342.jpg,img03017.jpg,mami
3676.jpg,img03018.jpg,mami
5717.jpg,img03019.jpg,mami
4218.jpg,img03020.jpg,mami
7042.jpg,img03021.jpg,mami
4205.jpg,img03022.jpg,mami
10735.jpg,img03023.jpg,mami
440.jpg,img03024.jpg,mami
1665.jpg,img03025.jpg,mami
6993.jpg,img03026.jpg,mami
5673.jpg,img03027.jpg,mami
1038.jpg,img03028.jpg,mami
1683.jpg,img03029.jpg,mami
11718.jpg,img03030.jpg,mami
4249.jpg,img03031.jpg,mami
3259.jpg,img03032.jpg,mami
2509.jpg,img03033.jpg,mami
6550.jpg,img03034.jpg,mami
3939.jpg,img03035.jpg,mami
4409.jpg,img03036.jpg,mami
10903.jpg,img03037.jpg,mami
9264.jpg,img03038.jpg,mami
7149.jpg,img03039.jpg,mami
6906.jpg,img03040.jpg,mami
4789.jpg,img03041.jpg,mami
8570.jpg,img03042.jpg,mami
6680.jpg,img03043.jpg,mami
4229.jpg,img03044.jpg,mami
4210.jpg,img03045.jpg,mami
8450.jpg,img03046.jpg,mami
2642.jpg,img03047.jpg,mami
1044.jpg,img03048.jpg,mami
10951.jpg,img03049.jpg,mami
3736.jpg,img03050.jpg,mami
7892.jpg,img03051.jpg,mami
4685.jpg,img03052.jpg,mami
2807.jpg,img03053.jpg,mami
1085.jpg,img03054.jpg,mami
2154.jpg,img03055.jpg,mami
1353.jpg,img03056.jpg,mami
4267.jpg,img03057.jpg,mami
11642.jpg,img03058.jpg,mami
13231.jpg,img03059.jpg,mami
9687.jpg,img03060.jpg,mami
4100.jpg,img03061.jpg,mami
522.jpg,img03062.jpg,mami
11691.jpg,img03063.jpg,mami
5103.jpg,img03064.jpg,mami
5383.jpg,img03065.jpg,mami
2678.jpg,img03066.jpg,mami
6174.jpg,img03067.jpg,mami
11549.jpg,img03068.jpg,mami
8012.jpg,img03069.jpg,mami
9980.jpg,img03070.jpg,mami
2094.jpg,img03071.jpg,mami
3610.jpg,img03072.jpg,mami
5020.jpg,img03073.jpg,mami
413.jpg,img03074.jpg,mami
4292.jpg,img03075.jpg,mami
13057.jpg,img03076.jpg,mami
8013.jpg,img03077.jpg,mami
13387.jpg,img03078.jpg,mami
11157.jpg,img03079.jpg,mami
13156.jpg,img03080.jpg,mami
6638.jpg,img03081.jpg,mami
4186.jpg,img03082.jpg,mami
7527.jpg,img03083.jpg,mami
6113.jpg,img03084.jpg,mami
9136.jpg,img03085.jpg,mami
4486.jpg,img03086.jpg,mami
10845.jpg,img03087.jpg,mami
1257.jpg,img03088.jpg,mami
4312.jpg,img03089.jpg,mami
10362.jpg,img03090.jpg,mami
7105.jpg,img03091.jpg,mami
10224.jpg,img03092.jpg,mami
1251.jpg,img03093.jpg,mami
13384.jpg,img03094.jpg,mami
10207.jpg,img03095.jpg,mami
7851.jpg,img03096.jpg,mami
6630.jpg,img03097.jpg,mami
6658.jpg,img03098.jpg,mami
7036.jpg,img03099.jpg,mami
3403.jpg,img03100.jpg,mami
3843.jpg,img03101.jpg,mami
2491.jpg,img03102.jpg,mami
5236.jpg,img03103.jpg,mami
11279.jpg,img03104.jpg,mami
10677.jpg,img03105.jpg,mami
58.jpg,img03106.jpg,mami
9841.jpg,img03107.jpg,mami
502.jpg,img03108.jpg,mami
13297.jpg,img03109.jpg,mami
6110.jpg,img03110.jpg,mami
112.jpg,img03111.jpg,mami
1742.jpg,img03112.jpg,mami
10949.jpg,img03113.jpg,mami
10089.jpg,img03114.jpg,mami
7424.jpg,img03115.jpg,mami
7173.jpg,img03116.jpg,mami
11178.jpg,img03117.jpg,mami
3839.jpg,img03118.jpg,mami
3503.jpg,img03119.jpg,mami
1480.jpg,img03120.jpg,mami
8659.jpg,img03121.jpg,mami
11625.jpg,img03122.jpg,mami
2116.jpg,img03123.jpg,mami
6611.jpg,img03124.jpg,mami
3101.jpg,img03125.jpg,mami
1831.jpg,img03126.jpg,mami
7016.jpg,img03127.jpg,mami
9760.jpg,img03128.jpg,mami
11075.jpg,img03129.jpg,mami
5295.jpg,img03130.jpg,mami
621.jpg,img03131.jpg,mami
5489.jpg,img03132.jpg,mami
9728.jpg,img03133.jpg,mami
14175.jpg,img03134.jpg,mami
4640.jpg,img03135.jpg,mami
5019.jpg,img03136.jpg,mami
466.jpg,img03137.jpg,mami
9539.jpg,img03138.jpg,mami
8193.jpg,img03139.jpg,mami
4773.jpg,img03140.jpg,mami
10674.jpg,img03141.jpg,mami
7655.jpg,img03142.jpg,mami
4146.jpg,img03143.jpg,mami
3952.jpg,img03144.jpg,mami
329.jpg,img03145.jpg,mami
5053.jpg,img03146.jpg,mami
3370.jpg,img03147.jpg,mami
8972.jpg,img03148.jpg,mami
7682.jpg,img03149.jpg,mami
1788.jpg,img03150.jpg,mami
11401.jpg,img03151.jpg,mami
9246.jpg,img03152.jpg,mami
10035.jpg,img03153.jpg,mami
13327.jpg,img03154.jpg,mami
9804.jpg,img03155.jpg,mami
6292.jpg,img03156.jpg,mami
11202.jpg,img03157.jpg,mami
119.jpg,img03158.jpg,mami
7600.jpg,img03159.jpg,mami
9533.jpg,img03160.jpg,mami
6120.jpg,img03161.jpg,mami
3549.jpg,img03162.jpg,mami
10715.jpg,img03163.jpg,mami
6932.jpg,img03164.jpg,mami
9494.jpg,img03165.jpg,mami
9160.jpg,img03166.jpg,mami
1387.jpg,img03167.jpg,mami
11495.jpg,img03168.jpg,mami
7308.jpg,img03169.jpg,mami
8822.jpg,img03170.jpg,mami
4433.jpg,img03171.jpg,mami
4522.jpg,img03172.jpg,mami
6087.jpg,img03173.jpg,mami
14085.jpg,img03174.jpg,mami
1259.jpg,img03175.jpg,mami
3004.jpg,img03176.jpg,mami
10645.jpg,img03177.jpg,mami
2696.jpg,img03178.jpg,mami
11092.jpg,img03179.jpg,mami
7791.jpg,img03180.jpg,mami
6793.jpg,img03181.jpg,mami
8603.jpg,img03182.jpg,mami
6806.jpg,img03183.jpg,mami
429.jpg,img03184.jpg,mami
10287.jpg,img03185.jpg,mami
5116.jpg,img03186.jpg,mami
2679.jpg,img03187.jpg,mami
10121.jpg,img03188.jpg,mami
738.jpg,img03189.jpg,mami
7010.jpg,img03190.jpg,mami
11578.jpg,img03191.jpg,mami
4320.jpg,img03192.jpg,mami
9787.jpg,img03193.jpg,mami
11114.jpg,img03194.jpg,mami
1899.jpg,img03195.jpg,mami
10221.jpg,img03196.jpg,mami
5199.jpg,img03197.jpg,mami
6660.jpg,img03198.jpg,mami
4741.jpg,img03199.jpg,mami
7175.jpg,img03200.jpg,mami
6295.jpg,img03201.jpg,mami
7250.jpg,img03202.jpg,mami
5741.jpg,img03203.jpg,mami
10602.jpg,img03204.jpg,mami
6898.jpg,img03205.jpg,mami
5946.jpg,img03206.jpg,mami
3997.jpg,img03207.jpg,mami
2064.jpg,img03208.jpg,mami
3985.jpg,img03209.jpg,mami
4343.jpg,img03210.jpg,mami
7937.jpg,img03211.jpg,mami
3655.jpg,img03212.jpg,mami
4491.jpg,img03213.jpg,mami
6500.jpg,img03214.jpg,mami
8884.jpg,img03215.jpg,mami
5638.jpg,img03216.jpg,mami
9924.jpg,img03217.jpg,mami
11123.jpg,img03218.jpg,mami
3355.jpg,img03219.jpg,mami
3458.jpg,img03220.jpg,mami
9670.jpg,img03221.jpg,mami
10776.jpg,img03222.jpg,mami
8459.jpg,img03223.jpg,mami
4244.jpg,img03224.jpg,mami
5641.jpg,img03225.jpg,mami
7237.jpg,img03226.jpg,mami
9232.jpg,img03227.jpg,mami
2350.jpg,img03228.jpg,mami
7643.jpg,img03229.jpg,mami
1014.jpg,img03230.jpg,mami
7634.jpg,img03231.jpg,mami
13039.jpg,img03232.jpg,mami
4382.jpg,img03233.jpg,mami
3134.jpg,img03234.jpg,mami
3143.jpg,img03235.jpg,mami
6689.jpg,img03236.jpg,mami
6632.jpg,img03237.jpg,mami
13309.jpg,img03238.jpg,mami
10984.jpg,img03239.jpg,mami
4071.jpg,img03240.jpg,mami
25.jpg,img03241.jpg,mami
7021.jpg,img03242.jpg,mami
13294.jpg,img03243.jpg,mami
3714.jpg,img03244.jpg,mami
6432.jpg,img03245.jpg,mami
9399.jpg,img03246.jpg,mami
6001.jpg,img03247.jpg,mami
6533.jpg,img03248.jpg,mami
3787.jpg,img03249.jpg,mami
11631.jpg,img03250.jpg,mami
11414.jpg,img03251.jpg,mami
4197.jpg,img03252.jpg,mami
4950.jpg,img03253.jpg,mami
4105.jpg,img03254.jpg,mami
4471.jpg,img03255.jpg,mami
7811.jpg,img03256.jpg,mami
11322.jpg,img03257.jpg,mami
11488.jpg,img03258.jpg,mami
2753.jpg,img03259.jpg,mami
6340.jpg,img03260.jpg,mami
735.jpg,img03261.jpg,mami
9689.jpg,img03262.jpg,mami
6887.jpg,img03263.jpg,mami
10085.jpg,img03264.jpg,mami
7869.jpg,img03265.jpg,mami
2365.jpg,img03266.jpg,mami
10700.jpg,img03267.jpg,mami
10568.jpg,img03268.jpg,mami
13195.jpg,img03269.jpg,mami
5324.jpg,img03270.jpg,mami
7669.jpg,img03271.jpg,mami
5403.jpg,img03272.jpg,mami
9920.jpg,img03273.jpg,mami
10728.jpg,img03274.jpg,mami
180.jpg,img03275.jpg,mami
9646.jpg,img03276.jpg,mami
7579.jpg,img03277.jpg,mami
2596.jpg,img03278.jpg,mami
166.jpg,img03279.jpg,mami
1309.jpg,img03280.jpg,mami
3894.jpg,img03281.jpg,mami
11656.jpg,img03282.jpg,mami
11219.jpg,img03283.jpg,mami
3717.jpg,img03284.jpg,mami
10460.jpg,img03285.jpg,mami
6024.jpg,img03286.jpg,mami
9488.jpg,img03287.jpg,mami
8328.jpg,img03288.jpg,mami
5256.jpg,img03289.jpg,mami
11545.jpg,img03290.jpg,mami
3925.jpg,img03291.jpg,mami
2693.jpg,img03292.jpg,mami
4344.jpg,img03293.jpg,mami
14005.jpg,img03294.jpg,mami
441.jpg,img03295.jpg,mami
3113.jpg,img03296.jpg,mami
7608.jpg,img03297.jpg,mami
4581.jpg,img03298.jpg,mami
13288.jpg,img03299.jpg,mami
1894.jpg,img03300.jpg,mami
6678.jpg,img03301.jpg,mami
9502.jpg,img03302.jpg,mami
1602.jpg,img03303.jpg,mami
8460.jpg,img03304.jpg,mami
7397.jpg,img03305.jpg,mami
1791.jpg,img03306.jpg,mami
8916.jpg,img03307.jpg,mami
7930.jpg,img03308.jpg,mami
8108.jpg,img03309.jpg,mami
1615.jpg,img03310.jpg,mami
326.jpg,img03311.jpg,mami
6305.jpg,img03312.jpg,mami
4796.jpg,img03313.jpg,mami
8816.jpg,img03314.jpg,mami
2261.jpg,img03315.jpg,mami
6059.jpg,img03316.jpg,mami
5284.jpg,img03317.jpg,mami
1756.jpg,img03318.jpg,mami
2282.jpg,img03319.jpg,mami
9992.jpg,img03320.jpg,mami
1549.jpg,img03321.jpg,mami
9553.jpg,img03322.jpg,mami
8496.jpg,img03323.jpg,mami
3879.jpg,img03324.jpg,mami
10336.jpg,img03325.jpg,mami
6811.jpg,img03326.jpg,mami
5536.jpg,img03327.jpg,mami
3090.jpg,img03328.jpg,mami
11143.jpg,img03329.jpg,mami
9296.jpg,img03330.jpg,mami
11550.jpg,img03331.jpg,mami
3795.jpg,img03332.jpg,mami
820.jpg,img03333.jpg,mami
4949.jpg,img03334.jpg,mami
11074.jpg,img03335.jpg,mami
1112.jpg,img03336.jpg,mami
1161.jpg,img03337.jpg,mami
8008.jpg,img03338.jpg,mami
3968.jpg,img03339.jpg,mami
6700.jpg,img03340.jpg,mami
2862.jpg,img03341.jpg,mami
1113.jpg,img03342.jpg,mami
9334.jpg,img03343.jpg,mami
358.jpg,img03344.jpg,mami
5839.jpg,img03345.jpg,mami
5845.jpg,img03346.jpg,mami
3729.jpg,img03347.jpg,mami
8365.jpg,img03348.jpg,mami
5445.jpg,img03349.jpg,mami
1248.jpg,img03350.jpg,mami
1567.jpg,img03351.jpg,mami
7580.jpg,img03352.jpg,mami
8397.jpg,img03353.jpg,mami
10854.jpg,img03354.jpg,mami
13438.jpg,img03355.jpg,mami
3434.jpg,img03356.jpg,mami
5610.jpg,img03357.jpg,mami
232.jpg,img03358.jpg,mami
7440.jpg,img03359.jpg,mami
543.jpg,img03360.jpg,mami
1687.jpg,img03361.jpg,mami
7544.jpg,img03362.jpg,mami
10807.jpg,img03363.jpg,mami
11441.jpg,img03364.jpg,mami
11621.jpg,img03365.jpg,mami
8799.jpg,img03366.jpg,mami
4967.jpg,img03367.jpg,mami
40.jpg,img03368.jpg,mami
11378.jpg,img03369.jpg,mami
2283.jpg,img03370.jpg,mami
10968.jpg,img03371.jpg,mami
6145.jpg,img03372.jpg,mami
13348.jpg,img03373.jpg,mami
7935.jpg,img03374.jpg,mami
3697.jpg,img03375.jpg,mami
529.jpg,img03376.jpg,mami
9691.jpg,img03377.jpg,mami
384.jpg,img03378.jpg,mami
9147.jpg,img03379.jpg,mami
4369.jpg,img03380.jpg,mami
8602.jpg,img03381.jpg,mami
92.jpg,img03382.jpg,mami
3926.jpg,img03383.jpg,mami
2925.jpg,img03384.jpg,mami
6606.jpg,img03385.jpg,mami
2536.jpg,img03386.jpg,mami
7083.jpg,img03387.jpg,mami
2336.jpg,img03388.jpg,mami
11576.jpg,img03389.jpg,mami
4566.jpg,img03390.jpg,mami
3571.jpg,img03391.jpg,mami
7413.jpg,img03392.jpg,mami
5267.jpg,img03393.jpg,mami
10500.jpg,img03394.jpg,mami
2058.jpg,img03395.jpg,mami
9755.jpg,img03396.jpg,mami
8009.jpg,img03397.jpg,mami
8514.jpg,img03398.jpg,mami
10523.jpg,img03399.jpg,mami
13138.jpg,img03400.jpg,mami
6118.jpg,img03401.jpg,mami
9732.jpg,img03402.jpg,mami
798.jpg,img03403.jpg,mami
8022.jpg,img03404.jpg,mami
485.jpg,img03405.jpg,mami
1246.jpg,img03406.jpg,mami
8394.jpg,img03407.jpg,mami
2504.jpg,img03408.jpg,mami
254.jpg,img03409.jpg,mami
9854.jpg,img03410.jpg,mami
6304.jpg,img03411.jpg,mami
5162.jpg,img03412.jpg,mami
2606.jpg,img03413.jpg,mami
5671.jpg,img03414.jpg,mami
9254.jpg,img03415.jpg,mami
2595.jpg,img03416.jpg,mami
741.jpg,img03417.jpg,mami
1386.jpg,img03418.jpg,mami
3515.jpg,img03419.jpg,mami
4101.jpg,img03420.jpg,mami
10296.jpg,img03421.jpg,mami
6710.jpg,img03422.jpg,mami
218.jpg,img03423.jpg,mami
2904.jpg,img03424.jpg,mami
4562.jpg,img03425.jpg,mami
10242.jpg,img03426.jpg,mami
10072.jpg,img03427.jpg,mami
3483.jpg,img03428.jpg,mami
8939.jpg,img03429.jpg,mami
2794.jpg,img03430.jpg,mami
9926.jpg,img03431.jpg,mami
4763.jpg,img03432.jpg,mami
6231.jpg,img03433.jpg,mami
13489.jpg,img03434.jpg,mami
9303.jpg,img03435.jpg,mami
1654.jpg,img03436.jpg,mami
5101.jpg,img03437.jpg,mami
1922.jpg,img03438.jpg,mami
2421.jpg,img03439.jpg,mami
8260.jpg,img03440.jpg,mami
4667.jpg,img03441.jpg,mami
9812.jpg,img03442.jpg,mami
9344.jpg,img03443.jpg,mami
10339.jpg,img03444.jpg,mami
4809.jpg,img03445.jpg,mami
1887.jpg,img03446.jpg,mami
541.jpg,img03447.jpg,mami
699.jpg,img03448.jpg,mami
11113.jpg,img03449.jpg,mami
7380.jpg,img03450.jpg,mami
2300.jpg,img03451.jpg,mami
1989.jpg,img03452.jpg,mami
10942.jpg,img03453.jpg,mami
10457.jpg,img03454.jpg,mami
4147.jpg,img03455.jpg,mami
3544.jpg,img03456.jpg,mami
7959.jpg,img03457.jpg,mami
4969.jpg,img03458.jpg,mami
6516.jpg,img03459.jpg,mami
2843.jpg,img03460.jpg,mami
8775.jpg,img03461.jpg,mami
8690.jpg,img03462.jpg,mami
1210.jpg,img03463.jpg,mami
606.jpg,img03464.jpg,mami
6612.jpg,img03465.jpg,mami
3495.jpg,img03466.jpg,mami
10087.jpg,img03467.jpg,mami
11518.jpg,img03468.jpg,mami
11166.jpg,img03469.jpg,mami
1116.jpg,img03470.jpg,mami
9853.jpg,img03471.jpg,mami
3678.jpg,img03472.jpg,mami
4885.jpg,img03473.jpg,mami
2253.jpg,img03474.jpg,mami
1254.jpg,img03475.jpg,mami
10243.jpg,img03476.jpg,mami
11496.jpg,img03477.jpg,mami
6683.jpg,img03478.jpg,mami
4594.jpg,img03479.jpg,mami
5939.jpg,img03480.jpg,mami
6386.jpg,img03481.jpg,mami
7327.jpg,img03482.jpg,mami
1422.jpg,img03483.jpg,mami
2986.jpg,img03484.jpg,mami
8242.jpg,img03485.jpg,mami
11169.jpg,img03486.jpg,mami
11562.jpg,img03487.jpg,mami
1094.jpg,img03488.jpg,mami
6171.jpg,img03489.jpg,mami
1781.jpg,img03490.jpg,mami
7688.jpg,img03491.jpg,mami
14070.jpg,img03492.jpg,mami
5479.jpg,img03493.jpg,mami
6526.jpg,img03494.jpg,mami
6141.jpg,img03495.jpg,mami
3920.jpg,img03496.jpg,mami
2291.jpg,img03497.jpg,mami
7372.jpg,img03498.jpg,mami
5861.jpg,img03499.jpg,mami
5546.jpg,img03500.jpg,mami
